Channel Name,SRP Filename,SNP Filename,Position,Satellite,Status
CHERIFLA TV,1_0_1_1_1000_2000_CB70000_0_0_0.png,cheriflatv.png,34.5W,(54) 34.5W KU-band Intelsat 35e,Found
JOLIBA FM,1_0_1_14_1_0_CB70000_0_0_0.png,jolibafm.png,34.5W,(54) 34.5W KU-band Intelsat 35e,Found
NIETA TV,1_0_16_4_1_0_CB70000_0_0_0.png,nietatv.png,34.5W,(54) 34.5W KU-band Intelsat 35e,Found
ORTM 1,1_0_16_1_1_0_CB70000_0_0_0.png,ortm1.png,34.5W,(54) 34.5W KU-band Intelsat 35e,Found
SEGOU TV,1_0_16_8_1_0_CB70000_0_0_0.png,segoutv.png,34.5W,(54) 34.5W KU-band Intelsat 35e,Found
Service 11-11,1_0_16_7_1_0_CB70000_0_0_0.png,service1111.png,34.5W,(54) 34.5W KU-band Intelsat 35e,Found
Service 11-12 (SD),1_0_16_A_1_0_CB70000_0_0_0.png,service1112sd.png,34.5W,(54) 34.5W KU-band Intelsat 35e,Found
Service 11-13 (SD),1_0_16_B_1_0_CB70000_0_0_0.png,service1113sd.png,34.5W,(54) 34.5W KU-band Intelsat 35e,Found
Service 11-15 (SD),1_0_16_D_1_0_CB70000_0_0_0.png,service1115sd.png,34.5W,(54) 34.5W KU-band Intelsat 35e,Found
Service 11-17,1_0_16_9_1_0_CB70000_0_0_0.png,service1117.png,34.5W,(54) 34.5W KU-band Intelsat 35e,Found
Service 11-19 (SD),1_0_16_C_1_0_CB70000_0_0_0.png,service1119sd.png,34.5W,(54) 34.5W KU-band Intelsat 35e,Found
TM1,1_0_16_5_1_0_CB70000_0_0_0.png,tm1.png,34.5W,(54) 34.5W KU-band Intelsat 35e,Found
,1_0_0_4_26_36_CE40000_0_0_0.png,.png,30.0W,(55) 30.0W KU-band SpainSat / Hispasat 30W-5/30W-6,Found
,1_0_0_4_27_36_CE40000_0_0_0.png,.png,30.0W,(55) 30.0W KU-band SpainSat / Hispasat 30W-5/30W-6,Found
,1_0_0_4_2F_36_CE40000_0_0_0.png,.png,30.0W,(55) 30.0W KU-band SpainSat / Hispasat 30W-5/30W-6,Found
,1_0_0_5_26_36_CE40000_0_0_0.png,.png,30.0W,(55) 30.0W KU-band SpainSat / Hispasat 30W-5/30W-6,Found
,1_0_0_5_27_36_CE40000_0_0_0.png,.png,30.0W,(55) 30.0W KU-band SpainSat / Hispasat 30W-5/30W-6,Found
,1_0_0_5_2F_36_CE40000_0_0_0.png,.png,30.0W,(55) 30.0W KU-band SpainSat / Hispasat 30W-5/30W-6,Found
10939H SID 0x191,1_0_1_191_2_0_CE40000_0_0_0.png,10939hsid0x191.png,30.0W,(55) 30.0W KU-band SpainSat / Hispasat 30W-5/30W-6,Found
11,1_0_1_179B_2F_36_CE40000_0_0_0.png,11.png,30.0W,(55) 30.0W KU-band SpainSat / Hispasat 30W-5/30W-6,Found
11502V SID 0x709,1_0_1_709_EA7C_0_CE40000_0_0_0.png,11502vsid0x709.png,30.0W,(55) 30.0W KU-band SpainSat / Hispasat 30W-5/30W-6,Found
11502V SID 0xfffe,1_0_1_FFFE_EA7C_0_CE40000_0_0_0.png,11502vsid0xfffe.png,30.0W,(55) 30.0W KU-band SpainSat / Hispasat 30W-5/30W-6,Found
12360H SID 0x14f,1_0_1_14F_26_36_CE40000_0_0_0.png,12360hsid0x14f.png,30.0W,(55) 30.0W KU-band SpainSat / Hispasat 30W-5/30W-6,Found
12360H SID 0x370,1_0_1_370_26_36_CE40000_0_0_0.png,12360hsid0x370.png,30.0W,(55) 30.0W KU-band SpainSat / Hispasat 30W-5/30W-6,Found
12360H SID 0x371,1_0_1_371_26_36_CE40000_0_0_0.png,12360hsid0x371.png,30.0W,(55) 30.0W KU-band SpainSat / Hispasat 30W-5/30W-6,Found
12399H SID 0x13af,1_0_1_13AF_27_36_CE40000_0_0_0.png,12399hsid0x13af.png,30.0W,(55) 30.0W KU-band SpainSat / Hispasat 30W-5/30W-6,Found
12399H SID 0x1d0,1_0_1_1D0_27_36_CE40000_0_0_0.png,12399hsid0x1d0.png,30.0W,(55) 30.0W KU-band SpainSat / Hispasat 30W-5/30W-6,Found
12437H SID 0x33a,1_0_1_33A_2F_36_CE40000_0_0_0.png,12437hsid0x33a.png,30.0W,(55) 30.0W KU-band SpainSat / Hispasat 30W-5/30W-6,Found
12437H SID 0x33b,1_0_1_33B_2F_36_CE40000_0_0_0.png,12437hsid0x33b.png,30.0W,(55) 30.0W KU-band SpainSat / Hispasat 30W-5/30W-6,Found
24 Kitchen HD,1_0_1_192_27_36_CE40000_0_0_0.png,24kitchenhd.png,30.0W,(55) 30.0W KU-band SpainSat / Hispasat 30W-5/30W-6,Found
24 Kitchen HD,1_0_1_13AD_27_36_CE40000_0_0_0.png,24kitchenhd.png,30.0W,(55) 30.0W KU-band SpainSat / Hispasat 30W-5/30W-6,Found
AMC Break,1_0_1_1263_2F_36_CE40000_0_0_0.png,amcbreak.png,30.0W,(55) 30.0W KU-band SpainSat / Hispasat 30W-5/30W-6,Found
AMC Break,1_0_1_138C_30_36_CE40000_0_0_0.png,amcbreak.png,30.0W,(55) 30.0W KU-band SpainSat / Hispasat 30W-5/30W-6,Found
AMC Break,1_0_1_9DE_2F_36_CE40000_0_0_0.png,amcbreak.png,30.0W,(55) 30.0W KU-band SpainSat / Hispasat 30W-5/30W-6,Found
AMC Break,1_0_1_EB_30_36_CE40000_0_0_0.png,amcbreak.png,30.0W,(55) 30.0W KU-band SpainSat / Hispasat 30W-5/30W-6,Found
AMC Crime,1_0_1_1795_26_36_CE40000_0_0_0.png,amccrime.png,30.0W,(55) 30.0W KU-band SpainSat / Hispasat 30W-5/30W-6,Found
AMC Crime,1_0_1_EE8_26_36_CE40000_0_0_0.png,amccrime.png,30.0W,(55) 30.0W KU-band SpainSat / Hispasat 30W-5/30W-6,Found
AMC HD,1_0_1_512_2F_36_CE40000_0_0_0.png,amchd.png,30.0W,(55) 30.0W KU-band SpainSat / Hispasat 30W-5/30W-6,Found
AMC HD,1_0_1_179F_2F_36_CE40000_0_0_0.png,amchd.png,30.0W,(55) 30.0W KU-band SpainSat / Hispasat 30W-5/30W-6,Found
ANTENA 1,1_0_2_1_1_1_CE40000_0_0_0.png,antena1.png,30.0W,(55) 30.0W KU-band SpainSat / Hispasat 30W-5/30W-6,Found
ANTENA 2,1_0_2_2_1_1_CE40000_0_0_0.png,antena2.png,30.0W,(55) 30.0W KU-band SpainSat / Hispasat 30W-5/30W-6,Found
ARAGON TV SD,1_0_1_27B0_3E9_22D4_CE40000_0_0_0.png,aragontvsd.png,30.0W,(55) 30.0W KU-band SpainSat / Hispasat 30W-5/30W-6,Found
AXN HD,1_0_1_1260_2F_36_CE40000_0_0_0.png,axnhd.png,30.0W,(55) 30.0W KU-band SpainSat / Hispasat 30W-5/30W-6,Found
AXN HD,1_0_1_17C7_2F_36_CE40000_0_0_0.png,axnhd.png,30.0W,(55) 30.0W KU-band SpainSat / Hispasat 30W-5/30W-6,Found
AXN Movies HD,1_0_1_191_27_36_CE40000_0_0_0.png,axnmovieshd.png,30.0W,(55) 30.0W KU-band SpainSat / Hispasat 30W-5/30W-6,Found
AXN Movies HD,1_0_1_13A6_27_36_CE40000_0_0_0.png,axnmovieshd.png,30.0W,(55) 30.0W KU-band SpainSat / Hispasat 30W-5/30W-6,Found
AXN White HD,1_0_1_196_27_36_CE40000_0_0_0.png,axnwhitehd.png,30.0W,(55) 30.0W KU-band SpainSat / Hispasat 30W-5/30W-6,Found
AXN White HD,1_0_1_13A9_27_36_CE40000_0_0_0.png,axnwhitehd.png,30.0W,(55) 30.0W KU-band SpainSat / Hispasat 30W-5/30W-6,Found
Abertis PID 2025,1_0_1_BD1_EA74_1_CE40000_0_0_0.png,abertispid2025.png,30.0W,(55) 30.0W KU-band SpainSat / Hispasat 30W-5/30W-6,Found
Abertis PID 802,1_0_1_70A_EA7E_1_CE40000_0_0_0.png,abertispid802.png,30.0W,(55) 30.0W KU-band SpainSat / Hispasat 30W-5/30W-6,Found
Afro Music,1_0_1_17A8_2F_36_CE40000_0_0_0.png,afromusic.png,30.0W,(55) 30.0W KU-band SpainSat / Hispasat 30W-5/30W-6,Found
Agencia EFE,1_0_1_CC_0_FF00_CE40000_0_0_0.png,agenciaefe.png,30.0W,(55) 30.0W KU-band SpainSat / Hispasat 30W-5/30W-6,Found
BTV 1 HD,1_0_1_EDE_26_36_CE40000_0_0_0.png,btv1hd.png,30.0W,(55) 30.0W KU-band SpainSat / Hispasat 30W-5/30W-6,Found
BTV HD,1_0_1_17C3_26_36_CE40000_0_0_0.png,btvhd.png,30.0W,(55) 30.0W KU-band SpainSat / Hispasat 30W-5/30W-6,Found
Baby TV,1_0_1_1264_2F_36_CE40000_0_0_0.png,babytv.png,30.0W,(55) 30.0W KU-band SpainSat / Hispasat 30W-5/30W-6,Found
Baby TV,1_0_1_17BD_30_36_CE40000_0_0_0.png,babytv.png,30.0W,(55) 30.0W KU-band SpainSat / Hispasat 30W-5/30W-6,Found
Baby TV,1_0_1_9DF_2F_36_CE40000_0_0_0.png,babytv.png,30.0W,(55) 30.0W KU-band SpainSat / Hispasat 30W-5/30W-6,Found
Baby TV,1_0_1_12F0_30_36_CE40000_0_0_0.png,babytv.png,30.0W,(55) 30.0W KU-band SpainSat / Hispasat 30W-5/30W-6,Found
Biggs,1_0_1_1265_2F_36_CE40000_0_0_0.png,biggs.png,30.0W,(55) 30.0W KU-band SpainSat / Hispasat 30W-5/30W-6,Found
Biggs,1_0_1_1391_30_36_CE40000_0_0_0.png,biggs.png,30.0W,(55) 30.0W KU-band SpainSat / Hispasat 30W-5/30W-6,Found
Biggs,1_0_1_9E0_2F_36_CE40000_0_0_0.png,biggs.png,30.0W,(55) 30.0W KU-band SpainSat / Hispasat 30W-5/30W-6,Found
Biggs,1_0_1_F0_30_36_CE40000_0_0_0.png,biggs.png,30.0W,(55) 30.0W KU-band SpainSat / Hispasat 30W-5/30W-6,Found
Bloomberg,1_0_1_14B_26_36_CE40000_0_0_0.png,bloomberg.png,30.0W,(55) 30.0W KU-band SpainSat / Hispasat 30W-5/30W-6,Found
Bloomberg,1_0_1_1791_26_36_CE40000_0_0_0.png,bloomberg.png,30.0W,(55) 30.0W KU-band SpainSat / Hispasat 30W-5/30W-6,Found
CNBC,1_0_1_14C_26_36_CE40000_0_0_0.png,cnbc.png,30.0W,(55) 30.0W KU-band SpainSat / Hispasat 30W-5/30W-6,Found
CNBC Europe,1_0_1_1792_26_36_CE40000_0_0_0.png,cnbceurope.png,30.0W,(55) 30.0W KU-band SpainSat / Hispasat 30W-5/30W-6,Found
CNN,1_0_1_1393_30_36_CE40000_0_0_0.png,cnn.png,30.0W,(55) 30.0W KU-band SpainSat / Hispasat 30W-5/30W-6,Found
CNN,1_0_1_F2_30_36_CE40000_0_0_0.png,cnn.png,30.0W,(55) 30.0W KU-band SpainSat / Hispasat 30W-5/30W-6,Found
COPE,1_0_2_25_65_0_CE40000_0_0_0.png,cope.png,30.0W,(55) 30.0W KU-band SpainSat / Hispasat 30W-5/30W-6,Found
CUBAVISION INTERNACIONAL,1_0_1_834_6_6_CE40000_0_0_0.png,cubavisioninternacional.png,30.0W,(55) 30.0W KU-band SpainSat / Hispasat 30W-5/30W-6,Found
Cadena 100,1_0_2_A_65_0_CE40000_0_0_0.png,cadena100.png,30.0W,(55) 30.0W KU-band SpainSat / Hispasat 30W-5/30W-6,Found
Canal 11 HD,1_0_1_53A_2F_36_CE40000_0_0_0.png,canal11hd.png,30.0W,(55) 30.0W KU-band SpainSat / Hispasat 30W-5/30W-6,Found
Canal NOS,1_0_1_F42_27_36_CE40000_0_0_0.png,canalnos.png,30.0W,(55) 30.0W KU-band SpainSat / Hispasat 30W-5/30W-6,Found
Canal NOS,1_0_1_5D62_27_36_CE40000_0_0_0.png,canalnos.png,30.0W,(55) 30.0W KU-band SpainSat / Hispasat 30W-5/30W-6,Found
Canal NOS,1_0_1_8472_27_36_CE40000_0_0_0.png,canalnos.png,30.0W,(55) 30.0W KU-band SpainSat / Hispasat 30W-5/30W-6,Found
Canal NOS,1_0_1_12EC_30_36_CE40000_0_0_0.png,canalnos.png,30.0W,(55) 30.0W KU-band SpainSat / Hispasat 30W-5/30W-6,Found
Canal NOS,1_0_1_12ED_30_36_CE40000_0_0_0.png,canalnos.png,30.0W,(55) 30.0W KU-band SpainSat / Hispasat 30W-5/30W-6,Found
Canal Panda,1_0_1_376_26_36_CE40000_0_0_0.png,canalpanda.png,30.0W,(55) 30.0W KU-band SpainSat / Hispasat 30W-5/30W-6,Found
Canal Panda,1_0_1_1784_26_36_CE40000_0_0_0.png,canalpanda.png,30.0W,(55) 30.0W KU-band SpainSat / Hispasat 30W-5/30W-6,Found
Canal Q,1_0_1_143_26_36_CE40000_0_0_0.png,canalq.png,30.0W,(55) 30.0W KU-band SpainSat / Hispasat 30W-5/30W-6,Found
Canal Q,1_0_1_1789_26_36_CE40000_0_0_0.png,canalq.png,30.0W,(55) 30.0W KU-band SpainSat / Hispasat 30W-5/30W-6,Found
Canal de Teste,1_0_1_1268_2F_36_CE40000_0_0_0.png,canaldeteste.png,30.0W,(55) 30.0W KU-band SpainSat / Hispasat 30W-5/30W-6,Found
Canal de Teste,1_0_1_12EF_30_36_CE40000_0_0_0.png,canaldeteste.png,30.0W,(55) 30.0W KU-band SpainSat / Hispasat 30W-5/30W-6,Found
Cartoon Network,1_0_1_142_26_36_CE40000_0_0_0.png,cartoonnetwork.png,30.0W,(55) 30.0W KU-band SpainSat / Hispasat 30W-5/30W-6,Found
Cartoon Network,1_0_1_1788_26_36_CE40000_0_0_0.png,cartoonnetwork.png,30.0W,(55) 30.0W KU-band SpainSat / Hispasat 30W-5/30W-6,Found
Casa e Cozinha,1_0_1_649_27_36_CE40000_0_0_0.png,casaecozinha.png,30.0W,(55) 30.0W KU-band SpainSat / Hispasat 30W-5/30W-6,Found
Casa e Cozinha,1_0_1_17B8_27_36_CE40000_0_0_0.png,casaecozinha.png,30.0W,(55) 30.0W KU-band SpainSat / Hispasat 30W-5/30W-6,Found
DAZN 1,1_0_1_209_27_36_CE40000_0_0_0.png,dazn1.png,30.0W,(55) 30.0W KU-band SpainSat / Hispasat 30W-5/30W-6,Found
DAZN 2,1_0_1_F3D_27_36_CE40000_0_0_0.png,dazn2.png,30.0W,(55) 30.0W KU-band SpainSat / Hispasat 30W-5/30W-6,Found
DAZN 2 HD,1_0_1_17B9_27_36_CE40000_0_0_0.png,dazn2hd.png,30.0W,(55) 30.0W KU-band SpainSat / Hispasat 30W-5/30W-6,Found
DAZN 3,1_0_1_F3E_27_36_CE40000_0_0_0.png,dazn3.png,30.0W,(55) 30.0W KU-band SpainSat / Hispasat 30W-5/30W-6,Found
DAZN 3,1_0_1_17BA_27_36_CE40000_0_0_0.png,dazn3.png,30.0W,(55) 30.0W KU-band SpainSat / Hispasat 30W-5/30W-6,Found
DAZN 4,1_0_1_20B_27_36_CE40000_0_0_0.png,dazn4.png,30.0W,(55) 30.0W KU-band SpainSat / Hispasat 30W-5/30W-6,Found
DAZN 4,1_0_1_13B0_27_36_CE40000_0_0_0.png,dazn4.png,30.0W,(55) 30.0W KU-band SpainSat / Hispasat 30W-5/30W-6,Found
DAZN 5,1_0_1_20C_27_36_CE40000_0_0_0.png,dazn5.png,30.0W,(55) 30.0W KU-band SpainSat / Hispasat 30W-5/30W-6,Found
DAZN 5,1_0_1_13B1_27_36_CE40000_0_0_0.png,dazn5.png,30.0W,(55) 30.0W KU-band SpainSat / Hispasat 30W-5/30W-6,Found
Discovery Channel HD,1_0_1_17A0_2F_36_CE40000_0_0_0.png,discoverychannelhd.png,30.0W,(55) 30.0W KU-band SpainSat / Hispasat 30W-5/30W-6,Found
Discovery HD,1_0_1_332_2F_36_CE40000_0_0_0.png,discoveryhd.png,30.0W,(55) 30.0W KU-band SpainSat / Hispasat 30W-5/30W-6,Found
Disney Channel,1_0_1_336_2F_36_CE40000_0_0_0.png,disneychannel.png,30.0W,(55) 30.0W KU-band SpainSat / Hispasat 30W-5/30W-6,Found
Disney Channel,1_0_1_179C_2F_36_CE40000_0_0_0.png,disneychannel.png,30.0W,(55) 30.0W KU-band SpainSat / Hispasat 30W-5/30W-6,Found
Disney Junior,1_0_1_1267_2F_36_CE40000_0_0_0.png,disneyjunior.png,30.0W,(55) 30.0W KU-band SpainSat / Hispasat 30W-5/30W-6,Found
Disney Junior,1_0_1_FA_30_36_CE40000_0_0_0.png,disneyjunior.png,30.0W,(55) 30.0W KU-band SpainSat / Hispasat 30W-5/30W-6,Found
E! Entertainment,1_0_1_146_26_36_CE40000_0_0_0.png,eentertainment.png,30.0W,(55) 30.0W KU-band SpainSat / Hispasat 30W-5/30W-6,Found
E! Entertainment,1_0_1_178C_26_36_CE40000_0_0_0.png,eentertainment.png,30.0W,(55) 30.0W KU-band SpainSat / Hispasat 30W-5/30W-6,Found
EFE Radio,1_0_1_CD_0_FF00_CE40000_0_0_0.png,eferadio.png,30.0W,(55) 30.0W KU-band SpainSat / Hispasat 30W-5/30W-6,Found
Euronews,1_0_1_1396_30_36_CE40000_0_0_0.png,euronews.png,30.0W,(55) 30.0W KU-band SpainSat / Hispasat 30W-5/30W-6,Found
Euronews,1_0_1_F5_30_36_CE40000_0_0_0.png,euronews.png,30.0W,(55) 30.0W KU-band SpainSat / Hispasat 30W-5/30W-6,Found
Eurosport 1 HD,1_0_1_199_27_36_CE40000_0_0_0.png,eurosport1hd.png,30.0W,(55) 30.0W KU-band SpainSat / Hispasat 30W-5/30W-6,Found
Eurosport 1 HD,1_0_1_13AA_27_36_CE40000_0_0_0.png,eurosport1hd.png,30.0W,(55) 30.0W KU-band SpainSat / Hispasat 30W-5/30W-6,Found
Eurosport 2,1_0_1_141_26_36_CE40000_0_0_0.png,eurosport2.png,30.0W,(55) 30.0W KU-band SpainSat / Hispasat 30W-5/30W-6,Found
Eurosport 2,1_0_1_1787_26_36_CE40000_0_0_0.png,eurosport2.png,30.0W,(55) 30.0W KU-band SpainSat / Hispasat 30W-5/30W-6,Found
FTV,1_0_1_147_26_36_CE40000_0_0_0.png,ftv.png,30.0W,(55) 30.0W KU-band SpainSat / Hispasat 30W-5/30W-6,Found
Fashion TV,1_0_1_178D_26_36_CE40000_0_0_0.png,fashiontv.png,30.0W,(55) 30.0W KU-band SpainSat / Hispasat 30W-5/30W-6,Found
Feeds 2,1_0_19_BB8_6_6_CE40000_0_0_0.png,feeds2.png,30.0W,(55) 30.0W KU-band SpainSat / Hispasat 30W-5/30W-6,Found
Feeds 3,1_0_1_C1C_6_6_CE40000_0_0_0.png,feeds3.png,30.0W,(55) 30.0W KU-band SpainSat / Hispasat 30W-5/30W-6,Found
France 24,1_0_1_1397_30_36_CE40000_0_0_0.png,france24.png,30.0W,(55) 30.0W KU-band SpainSat / Hispasat 30W-5/30W-6,Found
France 24,1_0_1_9D4_26_36_CE40000_0_0_0.png,france24.png,30.0W,(55) 30.0W KU-band SpainSat / Hispasat 30W-5/30W-6,Found
France 24 (I),1_0_1_EE0_26_36_CE40000_0_0_0.png,france24i.png,30.0W,(55) 30.0W KU-band SpainSat / Hispasat 30W-5/30W-6,Found
France 24 (I),1_0_1_F6_30_36_CE40000_0_0_0.png,france24i.png,30.0W,(55) 30.0W KU-band SpainSat / Hispasat 30W-5/30W-6,Found
Fuel TV,1_0_1_329_2F_36_CE40000_0_0_0.png,fueltv.png,30.0W,(55) 30.0W KU-band SpainSat / Hispasat 30W-5/30W-6,Found
GOD Channel,1_0_1_8FC_6_6_CE40000_0_0_0.png,godchannel.png,30.0W,(55) 30.0W KU-band SpainSat / Hispasat 30W-5/30W-6,Found
Globo News,1_0_1_17A7_2F_36_CE40000_0_0_0.png,globonews.png,30.0W,(55) 30.0W KU-band SpainSat / Hispasat 30W-5/30W-6,Found
HIT FM,1_0_2_1A_65_0_CE40000_0_0_0.png,hitfm.png,30.0W,(55) 30.0W KU-band SpainSat / Hispasat 30W-5/30W-6,Found
HOT,1_0_1_139A_30_36_CE40000_0_0_0.png,hot.png,30.0W,(55) 30.0W KU-band SpainSat / Hispasat 30W-5/30W-6,Found
HOT,1_0_1_9D5_26_36_CE40000_0_0_0.png,hot.png,30.0W,(55) 30.0W KU-band SpainSat / Hispasat 30W-5/30W-6,Found
Hollywood,1_0_1_139_26_36_CE40000_0_0_0.png,hollywood.png,30.0W,(55) 30.0W KU-band SpainSat / Hispasat 30W-5/30W-6,Found
Hot,1_0_1_EE1_26_36_CE40000_0_0_0.png,hot.png,30.0W,(55) 30.0W KU-band SpainSat / Hispasat 30W-5/30W-6,Found
Hot,1_0_1_F9_30_36_CE40000_0_0_0.png,hot.png,30.0W,(55) 30.0W KU-band SpainSat / Hispasat 30W-5/30W-6,Found
ID Investigation Discovery,1_0_1_13B3_27_36_CE40000_0_0_0.png,idinvestigationdiscovery.png,30.0W,(55) 30.0W KU-band SpainSat / Hispasat 30W-5/30W-6,Found
ID Investigation Discovery,1_0_1_1CB_27_36_CE40000_0_0_0.png,idinvestigationdiscovery.png,30.0W,(55) 30.0W KU-band SpainSat / Hispasat 30W-5/30W-6,Found
INTERECONOMIA,1_0_2_26_65_0_CE40000_0_0_0.png,intereconomia.png,30.0W,(55) 30.0W KU-band SpainSat / Hispasat 30W-5/30W-6,Found
Kiss FM,1_0_2_19_65_0_CE40000_0_0_0.png,kissfm.png,30.0W,(55) 30.0W KU-band SpainSat / Hispasat 30W-5/30W-6,Found
Kuriakos TV,1_0_1_17B4_30_36_CE40000_0_0_0.png,kuriakostv.png,30.0W,(55) 30.0W KU-band SpainSat / Hispasat 30W-5/30W-6,Found
Kuriakos TV,1_0_1_9DD_2F_36_CE40000_0_0_0.png,kuriakostv.png,30.0W,(55) 30.0W KU-band SpainSat / Hispasat 30W-5/30W-6,Found
MCM POP,1_0_1_178E_26_36_CE40000_0_0_0.png,mcmpop.png,30.0W,(55) 30.0W KU-band SpainSat / Hispasat 30W-5/30W-6,Found
MCM Pop,1_0_1_148_26_36_CE40000_0_0_0.png,mcmpop.png,30.0W,(55) 30.0W KU-band SpainSat / Hispasat 30W-5/30W-6,Found
MCM TOP,1_0_1_17B7_30_36_CE40000_0_0_0.png,mcmtop.png,30.0W,(55) 30.0W KU-band SpainSat / Hispasat 30W-5/30W-6,Found
MCM TOP,1_0_1_9D6_26_36_CE40000_0_0_0.png,mcmtop.png,30.0W,(55) 30.0W KU-band SpainSat / Hispasat 30W-5/30W-6,Found
MTV 00s,1_0_1_138E_30_36_CE40000_0_0_0.png,mtv00s.png,30.0W,(55) 30.0W KU-band SpainSat / Hispasat 30W-5/30W-6,Found
MTV 00s,1_0_1_ED_30_36_CE40000_0_0_0.png,mtv00s.png,30.0W,(55) 30.0W KU-band SpainSat / Hispasat 30W-5/30W-6,Found
Marginal,1_0_2_529_30_36_CE40000_0_0_0.png,marginal.png,30.0W,(55) 30.0W KU-band SpainSat / Hispasat 30W-5/30W-6,Found
Marginal,1_0_2_126A_2F_36_CE40000_0_0_0.png,marginal.png,30.0W,(55) 30.0W KU-band SpainSat / Hispasat 30W-5/30W-6,Found
Melodia FM,1_0_2_3_65_0_CE40000_0_0_0.png,melodiafm.png,30.0W,(55) 30.0W KU-band SpainSat / Hispasat 30W-5/30W-6,Found
Mezzo,1_0_1_138F_30_36_CE40000_0_0_0.png,mezzo.png,30.0W,(55) 30.0W KU-band SpainSat / Hispasat 30W-5/30W-6,Found
Mezzo,1_0_1_9D7_26_36_CE40000_0_0_0.png,mezzo.png,30.0W,(55) 30.0W KU-band SpainSat / Hispasat 30W-5/30W-6,Found
Mezzo,1_0_1_EE3_26_36_CE40000_0_0_0.png,mezzo.png,30.0W,(55) 30.0W KU-band SpainSat / Hispasat 30W-5/30W-6,Found
Mezzo,1_0_1_EE_30_36_CE40000_0_0_0.png,mezzo.png,30.0W,(55) 30.0W KU-band SpainSat / Hispasat 30W-5/30W-6,Found
Motorvision,1_0_1_51A_2F_36_CE40000_0_0_0.png,motorvision.png,30.0W,(55) 30.0W KU-band SpainSat / Hispasat 30W-5/30W-6,Found
NAIZ irratia,1_0_2_3E9_6_6_CE40000_0_0_0.png,naizirratia.png,30.0W,(55) 30.0W KU-band SpainSat / Hispasat 30W-5/30W-6,Found
NBA TV HD,1_0_1_1796_27_36_CE40000_0_0_0.png,nbatvhd.png,30.0W,(55) 30.0W KU-band SpainSat / Hispasat 30W-5/30W-6,Found
NHK World Japan,1_0_1_17A9_2F_36_CE40000_0_0_0.png,nhkworldjapan.png,30.0W,(55) 30.0W KU-band SpainSat / Hispasat 30W-5/30W-6,Found
NOS Studios HD,1_0_1_1261_2F_36_CE40000_0_0_0.png,nosstudioshd.png,30.0W,(55) 30.0W KU-band SpainSat / Hispasat 30W-5/30W-6,Found
NOS Studios HD,1_0_1_6081_2F_36_CE40000_0_0_0.png,nosstudioshd.png,30.0W,(55) 30.0W KU-band SpainSat / Hispasat 30W-5/30W-6,Found
NOS Studios HD,1_0_1_12F1_30_36_CE40000_0_0_0.png,nosstudioshd.png,30.0W,(55) 30.0W KU-band SpainSat / Hispasat 30W-5/30W-6,Found
NOS Studios HD,1_0_1_12F2_30_36_CE40000_0_0_0.png,nosstudioshd.png,30.0W,(55) 30.0W KU-band SpainSat / Hispasat 30W-5/30W-6,Found
National Geographic HD,1_0_1_125E_2F_36_CE40000_0_0_0.png,nationalgeographichd.png,30.0W,(55) 30.0W KU-band SpainSat / Hispasat 30W-5/30W-6,Found
National Geographic HD,1_0_1_17C5_2F_36_CE40000_0_0_0.png,nationalgeographichd.png,30.0W,(55) 30.0W KU-band SpainSat / Hispasat 30W-5/30W-6,Found
National Geographic WILD,1_0_1_1CF_27_36_CE40000_0_0_0.png,nationalgeographicwild.png,30.0W,(55) 30.0W KU-band SpainSat / Hispasat 30W-5/30W-6,Found
National Geographic Wild,1_0_1_1799_27_36_CE40000_0_0_0.png,nationalgeographicwild.png,30.0W,(55) 30.0W KU-band SpainSat / Hispasat 30W-5/30W-6,Found
News Now,1_0_1_17A5_2F_36_CE40000_0_0_0.png,newsnow.png,30.0W,(55) 30.0W KU-band SpainSat / Hispasat 30W-5/30W-6,Found
NewsNOW,1_0_1_51D_2F_36_CE40000_0_0_0.png,newsnow.png,30.0W,(55) 30.0W KU-band SpainSat / Hispasat 30W-5/30W-6,Found
Nick Jr.,1_0_1_330_2F_36_CE40000_0_0_0.png,nickjr.png,30.0W,(55) 30.0W KU-band SpainSat / Hispasat 30W-5/30W-6,Found
Nick Jr.,1_0_1_17CA_2F_36_CE40000_0_0_0.png,nickjr.png,30.0W,(55) 30.0W KU-band SpainSat / Hispasat 30W-5/30W-6,Found
Nickelodeon,1_0_1_328_2F_36_CE40000_0_0_0.png,nickelodeon.png,30.0W,(55) 30.0W KU-band SpainSat / Hispasat 30W-5/30W-6,Found
Nickelodeon,1_0_1_17A1_2F_36_CE40000_0_0_0.png,nickelodeon.png,30.0W,(55) 30.0W KU-band SpainSat / Hispasat 30W-5/30W-6,Found
Odisseia,1_0_1_13E_26_36_CE40000_0_0_0.png,odisseia.png,30.0W,(55) 30.0W KU-band SpainSat / Hispasat 30W-5/30W-6,Found
Odisseia,1_0_1_1786_26_36_CE40000_0_0_0.png,odisseia.png,30.0W,(55) 30.0W KU-band SpainSat / Hispasat 30W-5/30W-6,Found
Onda Cero,1_0_2_1_65_0_CE40000_0_0_0.png,ondacero.png,30.0W,(55) 30.0W KU-band SpainSat / Hispasat 30W-5/30W-6,Found
OneToro TV,1_0_1_9D8_26_36_CE40000_0_0_0.png,onetorotv.png,30.0W,(55) 30.0W KU-band SpainSat / Hispasat 30W-5/30W-6,Found
OneToro TV,1_0_1_EE4_26_36_CE40000_0_0_0.png,onetorotv.png,30.0W,(55) 30.0W KU-band SpainSat / Hispasat 30W-5/30W-6,Found
OneToro TV,1_0_1_12F5_30_36_CE40000_0_0_0.png,onetorotv.png,30.0W,(55) 30.0W KU-band SpainSat / Hispasat 30W-5/30W-6,Found
Onetoro TV,1_0_1_17C9_30_36_CE40000_0_0_0.png,onetorotv.png,30.0W,(55) 30.0W KU-band SpainSat / Hispasat 30W-5/30W-6,Found
Panda Kids,1_0_1_17BF_30_36_CE40000_0_0_0.png,pandakids.png,30.0W,(55) 30.0W KU-band SpainSat / Hispasat 30W-5/30W-6,Found
Panda Kids,1_0_1_9D9_26_36_CE40000_0_0_0.png,pandakids.png,30.0W,(55) 30.0W KU-band SpainSat / Hispasat 30W-5/30W-6,Found
Panda Kids,1_0_1_EE5_26_36_CE40000_0_0_0.png,pandakids.png,30.0W,(55) 30.0W KU-band SpainSat / Hispasat 30W-5/30W-6,Found
Panda Kids,1_0_1_12F7_30_36_CE40000_0_0_0.png,pandakids.png,30.0W,(55) 30.0W KU-band SpainSat / Hispasat 30W-5/30W-6,Found
Parlamento,1_0_1_3E8_6_6_CE40000_0_0_0.png,parlamento.png,30.0W,(55) 30.0W KU-band SpainSat / Hispasat 30W-5/30W-6,Found
Playboy TV,1_0_1_125D_2F_36_CE40000_0_0_0.png,playboytv.png,30.0W,(55) 30.0W KU-band SpainSat / Hispasat 30W-5/30W-6,Found
Playboy TV,1_0_1_17C4_2F_36_CE40000_0_0_0.png,playboytv.png,30.0W,(55) 30.0W KU-band SpainSat / Hispasat 30W-5/30W-6,Found
Promo TSA,1_0_19_7_6_6_CE40000_0_0_0.png,promotsa.png,30.0W,(55) 30.0W KU-band SpainSat / Hispasat 30W-5/30W-6,Found
RDP AFRICA,1_0_2_4_1_1_CE40000_0_0_0.png,rdpafrica.png,30.0W,(55) 30.0W KU-band SpainSat / Hispasat 30W-5/30W-6,Found
RTPi 3,1_0_16_AF0_6_6_CE40000_0_0_0.png,rtpi3.png,30.0W,(55) 30.0W KU-band SpainSat / Hispasat 30W-5/30W-6,Found
Radar,1_0_2_526_30_36_CE40000_0_0_0.png,radar.png,30.0W,(55) 30.0W KU-band SpainSat / Hispasat 30W-5/30W-6,Found
Radar,1_0_2_126C_2F_36_CE40000_0_0_0.png,radar.png,30.0W,(55) 30.0W KU-band SpainSat / Hispasat 30W-5/30W-6,Found
SBN International,1_0_1_960_6_6_CE40000_0_0_0.png,sbninternational.png,30.0W,(55) 30.0W KU-band SpainSat / Hispasat 30W-5/30W-6,Found
SIC Caras,1_0_1_145_26_36_CE40000_0_0_0.png,siccaras.png,30.0W,(55) 30.0W KU-band SpainSat / Hispasat 30W-5/30W-6,Found
SIC Caras,1_0_1_178B_26_36_CE40000_0_0_0.png,siccaras.png,30.0W,(55) 30.0W KU-band SpainSat / Hispasat 30W-5/30W-6,Found
SIC K,1_0_1_F40_27_36_CE40000_0_0_0.png,sick.png,30.0W,(55) 30.0W KU-band SpainSat / Hispasat 30W-5/30W-6,Found
SIC K,1_0_1_17BC_27_36_CE40000_0_0_0.png,sick.png,30.0W,(55) 30.0W KU-band SpainSat / Hispasat 30W-5/30W-6,Found
SIC Mulher,1_0_1_1388_30_36_CE40000_0_0_0.png,sicmulher.png,30.0W,(55) 30.0W KU-band SpainSat / Hispasat 30W-5/30W-6,Found
SIC Mulher,1_0_1_E7_30_36_CE40000_0_0_0.png,sicmulher.png,30.0W,(55) 30.0W KU-band SpainSat / Hispasat 30W-5/30W-6,Found
SIC Novelas,1_0_1_51E_2F_36_CE40000_0_0_0.png,sicnovelas.png,30.0W,(55) 30.0W KU-band SpainSat / Hispasat 30W-5/30W-6,Found
SIC Novelas,1_0_1_17AA_2F_36_CE40000_0_0_0.png,sicnovelas.png,30.0W,(55) 30.0W KU-band SpainSat / Hispasat 30W-5/30W-6,Found
SIC Radical,1_0_1_144_26_36_CE40000_0_0_0.png,sicradical.png,30.0W,(55) 30.0W KU-band SpainSat / Hispasat 30W-5/30W-6,Found
SIC Radical,1_0_1_178A_26_36_CE40000_0_0_0.png,sicradical.png,30.0W,(55) 30.0W KU-band SpainSat / Hispasat 30W-5/30W-6,Found
SKY News,1_0_1_1394_30_36_CE40000_0_0_0.png,skynews.png,30.0W,(55) 30.0W KU-band SpainSat / Hispasat 30W-5/30W-6,Found
SPORT TV +,1_0_1_138D_30_36_CE40000_0_0_0.png,sporttv.png,30.0W,(55) 30.0W KU-band SpainSat / Hispasat 30W-5/30W-6,Found
SPORT TV +,1_0_1_9D2_27_36_CE40000_0_0_0.png,sporttv.png,30.0W,(55) 30.0W KU-band SpainSat / Hispasat 30W-5/30W-6,Found
SPORT TV 1 HD,1_0_1_17C0_26_36_CE40000_0_0_0.png,sporttv1hd.png,30.0W,(55) 30.0W KU-band SpainSat / Hispasat 30W-5/30W-6,Found
SPORT TV 2 HD,1_0_1_17C1_26_36_CE40000_0_0_0.png,sporttv2hd.png,30.0W,(55) 30.0W KU-band SpainSat / Hispasat 30W-5/30W-6,Found
SPORT TV 3 HD,1_0_1_17C2_26_36_CE40000_0_0_0.png,sporttv3hd.png,30.0W,(55) 30.0W KU-band SpainSat / Hispasat 30W-5/30W-6,Found
SPORT TV 4 HD,1_0_1_1783_26_36_CE40000_0_0_0.png,sporttv4hd.png,30.0W,(55) 30.0W KU-band SpainSat / Hispasat 30W-5/30W-6,Found
SPORT TV+,1_0_1_F48_27_36_CE40000_0_0_0.png,sporttv.png,30.0W,(55) 30.0W KU-band SpainSat / Hispasat 30W-5/30W-6,Found
SPORT TV+,1_0_1_EC_30_36_CE40000_0_0_0.png,sporttv.png,30.0W,(55) 30.0W KU-band SpainSat / Hispasat 30W-5/30W-6,Found
STAR Channel HD,1_0_1_17C6_2F_36_CE40000_0_0_0.png,starchannelhd.png,30.0W,(55) 30.0W KU-band SpainSat / Hispasat 30W-5/30W-6,Found
STAR Comedy,1_0_1_17BE_30_36_CE40000_0_0_0.png,starcomedy.png,30.0W,(55) 30.0W KU-band SpainSat / Hispasat 30W-5/30W-6,Found
STAR Crime HD,1_0_1_13AC_27_36_CE40000_0_0_0.png,starcrimehd.png,30.0W,(55) 30.0W KU-band SpainSat / Hispasat 30W-5/30W-6,Found
STAR Life HD,1_0_1_13AB_27_36_CE40000_0_0_0.png,starlifehd.png,30.0W,(55) 30.0W KU-band SpainSat / Hispasat 30W-5/30W-6,Found
STAR Movies,1_0_1_138A_30_36_CE40000_0_0_0.png,starmovies.png,30.0W,(55) 30.0W KU-band SpainSat / Hispasat 30W-5/30W-6,Found
SYFY,1_0_1_F44_27_36_CE40000_0_0_0.png,syfy.png,30.0W,(55) 30.0W KU-band SpainSat / Hispasat 30W-5/30W-6,Found
SYFY,1_0_1_FC_30_36_CE40000_0_0_0.png,syfy.png,30.0W,(55) 30.0W KU-band SpainSat / Hispasat 30W-5/30W-6,Found
Sky News,1_0_1_F3_30_36_CE40000_0_0_0.png,skynews.png,30.0W,(55) 30.0W KU-band SpainSat / Hispasat 30W-5/30W-6,Found
Sport TV 1 HD,1_0_1_EDA_26_36_CE40000_0_0_0.png,sporttv1hd.png,30.0W,(55) 30.0W KU-band SpainSat / Hispasat 30W-5/30W-6,Found
Sport TV 2 HD,1_0_1_EDC_26_36_CE40000_0_0_0.png,sporttv2hd.png,30.0W,(55) 30.0W KU-band SpainSat / Hispasat 30W-5/30W-6,Found
Sport TV 3 HD,1_0_1_EDD_26_36_CE40000_0_0_0.png,sporttv3hd.png,30.0W,(55) 30.0W KU-band SpainSat / Hispasat 30W-5/30W-6,Found
Sport TV 4 HD,1_0_1_135_26_36_CE40000_0_0_0.png,sporttv4hd.png,30.0W,(55) 30.0W KU-band SpainSat / Hispasat 30W-5/30W-6,Found
Sport TV 5 HD,1_0_1_17B5_26_36_CE40000_0_0_0.png,sporttv5hd.png,30.0W,(55) 30.0W KU-band SpainSat / Hispasat 30W-5/30W-6,Found
Sport TV 5 HD,1_0_1_ED9_26_36_CE40000_0_0_0.png,sporttv5hd.png,30.0W,(55) 30.0W KU-band SpainSat / Hispasat 30W-5/30W-6,Found
Sport TV 6 HD,1_0_1_17B6_26_36_CE40000_0_0_0.png,sporttv6hd.png,30.0W,(55) 30.0W KU-band SpainSat / Hispasat 30W-5/30W-6,Found
Sport TV 6 HD,1_0_1_EDB_26_36_CE40000_0_0_0.png,sporttv6hd.png,30.0W,(55) 30.0W KU-band SpainSat / Hispasat 30W-5/30W-6,Found
Sport TV 7,1_0_1_17CB_26_36_CE40000_0_0_0.png,sporttv7.png,30.0W,(55) 30.0W KU-band SpainSat / Hispasat 30W-5/30W-6,Found
Sport TV 7,1_0_1_EDF_26_36_CE40000_0_0_0.png,sporttv7.png,30.0W,(55) 30.0W KU-band SpainSat / Hispasat 30W-5/30W-6,Found
Sport TV NBA,1_0_1_1CE_27_36_CE40000_0_0_0.png,sporttvnba.png,30.0W,(55) 30.0W KU-band SpainSat / Hispasat 30W-5/30W-6,Found
Sporting TV,1_0_1_F49_27_36_CE40000_0_0_0.png,sportingtv.png,30.0W,(55) 30.0W KU-band SpainSat / Hispasat 30W-5/30W-6,Found
Sporting TV,1_0_1_139C_30_36_CE40000_0_0_0.png,sportingtv.png,30.0W,(55) 30.0W KU-band SpainSat / Hispasat 30W-5/30W-6,Found
Sporting TV,1_0_1_9D3_27_36_CE40000_0_0_0.png,sportingtv.png,30.0W,(55) 30.0W KU-band SpainSat / Hispasat 30W-5/30W-6,Found
Sporting TV,1_0_1_FB_30_36_CE40000_0_0_0.png,sportingtv.png,30.0W,(55) 30.0W KU-band SpainSat / Hispasat 30W-5/30W-6,Found
Star Channel HD,1_0_1_125F_2F_36_CE40000_0_0_0.png,starchannelhd.png,30.0W,(55) 30.0W KU-band SpainSat / Hispasat 30W-5/30W-6,Found
Star Comedy,1_0_1_12EE_30_36_CE40000_0_0_0.png,starcomedy.png,30.0W,(55) 30.0W KU-band SpainSat / Hispasat 30W-5/30W-6,Found
Star Crime HD,1_0_1_193_27_36_CE40000_0_0_0.png,starcrimehd.png,30.0W,(55) 30.0W KU-band SpainSat / Hispasat 30W-5/30W-6,Found
Star Life HD,1_0_1_19A_27_36_CE40000_0_0_0.png,starlifehd.png,30.0W,(55) 30.0W KU-band SpainSat / Hispasat 30W-5/30W-6,Found
Star Movies,1_0_1_E9_30_36_CE40000_0_0_0.png,starmovies.png,30.0W,(55) 30.0W KU-band SpainSat / Hispasat 30W-5/30W-6,Found
SuperFM,1_0_2_52D_30_36_CE40000_0_0_0.png,superfm.png,30.0W,(55) 30.0W KU-band SpainSat / Hispasat 30W-5/30W-6,Found
SuperFM,1_0_2_126F_2F_36_CE40000_0_0_0.png,superfm.png,30.0W,(55) 30.0W KU-band SpainSat / Hispasat 30W-5/30W-6,Found
SyFy,1_0_1_177D_30_36_CE40000_0_0_0.png,syfy.png,30.0W,(55) 30.0W KU-band SpainSat / Hispasat 30W-5/30W-6,Found
SyFy,1_0_1_9CE_27_36_CE40000_0_0_0.png,syfy.png,30.0W,(55) 30.0W KU-band SpainSat / Hispasat 30W-5/30W-6,Found
TLC,1_0_1_F45_27_36_CE40000_0_0_0.png,tlc.png,30.0W,(55) 30.0W KU-band SpainSat / Hispasat 30W-5/30W-6,Found
TLC,1_0_1_1389_30_36_CE40000_0_0_0.png,tlc.png,30.0W,(55) 30.0W KU-band SpainSat / Hispasat 30W-5/30W-6,Found
TLC,1_0_1_9CF_27_36_CE40000_0_0_0.png,tlc.png,30.0W,(55) 30.0W KU-band SpainSat / Hispasat 30W-5/30W-6,Found
TLC,1_0_1_E8_30_36_CE40000_0_0_0.png,tlc.png,30.0W,(55) 30.0W KU-band SpainSat / Hispasat 30W-5/30W-6,Found
TSA-Record TV,1_0_19_9C4_6_6_CE40000_0_0_0.png,tsarecordtv.png,30.0W,(55) 30.0W KU-band SpainSat / Hispasat 30W-5/30W-6,Found
TSF,1_0_2_320_2F_36_CE40000_0_0_0.png,tsf.png,30.0W,(55) 30.0W KU-band SpainSat / Hispasat 30W-5/30W-6,Found
TV Cine Action,1_0_1_179E_2F_36_CE40000_0_0_0.png,tvcineaction.png,30.0W,(55) 30.0W KU-band SpainSat / Hispasat 30W-5/30W-6,Found
TV Cine Edition,1_0_1_1797_27_36_CE40000_0_0_0.png,tvcineedition.png,30.0W,(55) 30.0W KU-band SpainSat / Hispasat 30W-5/30W-6,Found
TV Cine Emotion,1_0_1_1798_27_36_CE40000_0_0_0.png,tvcineemotion.png,30.0W,(55) 30.0W KU-band SpainSat / Hispasat 30W-5/30W-6,Found
TV Cine Top,1_0_1_179D_2F_36_CE40000_0_0_0.png,tvcinetop.png,30.0W,(55) 30.0W KU-band SpainSat / Hispasat 30W-5/30W-6,Found
TV Galicia,1_0_1_14D_26_36_CE40000_0_0_0.png,tvgalicia.png,30.0W,(55) 30.0W KU-band SpainSat / Hispasat 30W-5/30W-6,Found
TV Galicia,1_0_1_1793_26_36_CE40000_0_0_0.png,tvgalicia.png,30.0W,(55) 30.0W KU-band SpainSat / Hispasat 30W-5/30W-6,Found
TV5 Monde,1_0_1_204_30_36_CE40000_0_0_0.png,tv5monde.png,30.0W,(55) 30.0W KU-band SpainSat / Hispasat 30W-5/30W-6,Found
TV5 Monde,1_0_1_F46_27_36_CE40000_0_0_0.png,tv5monde.png,30.0W,(55) 30.0W KU-band SpainSat / Hispasat 30W-5/30W-6,Found
TV5 Monde,1_0_1_139D_30_36_CE40000_0_0_0.png,tv5monde.png,30.0W,(55) 30.0W KU-band SpainSat / Hispasat 30W-5/30W-6,Found
TV5 Monde,1_0_1_9D0_27_36_CE40000_0_0_0.png,tv5monde.png,30.0W,(55) 30.0W KU-band SpainSat / Hispasat 30W-5/30W-6,Found
TVCine ACTION HD,1_0_1_324_2F_36_CE40000_0_0_0.png,tvcineactionhd.png,30.0W,(55) 30.0W KU-band SpainSat / Hispasat 30W-5/30W-6,Found
TVCine EDITION HD,1_0_1_64A_27_36_CE40000_0_0_0.png,tvcineeditionhd.png,30.0W,(55) 30.0W KU-band SpainSat / Hispasat 30W-5/30W-6,Found
TVCine EMOTION HD,1_0_1_642_27_36_CE40000_0_0_0.png,tvcineemotionhd.png,30.0W,(55) 30.0W KU-band SpainSat / Hispasat 30W-5/30W-6,Found
TVCine TOP HD,1_0_1_3B3_2F_36_CE40000_0_0_0.png,tvcinetophd.png,30.0W,(55) 30.0W KU-band SpainSat / Hispasat 30W-5/30W-6,Found
TVE 24H,1_0_1_1392_30_36_CE40000_0_0_0.png,tve24h.png,30.0W,(55) 30.0W KU-band SpainSat / Hispasat 30W-5/30W-6,Found
TVE 24H,1_0_1_9DA_26_36_CE40000_0_0_0.png,tve24h.png,30.0W,(55) 30.0W KU-band SpainSat / Hispasat 30W-5/30W-6,Found
TVE 24h,1_0_1_EE6_26_36_CE40000_0_0_0.png,tve24h.png,30.0W,(55) 30.0W KU-band SpainSat / Hispasat 30W-5/30W-6,Found
TVE 24h,1_0_1_F1_30_36_CE40000_0_0_0.png,tve24h.png,30.0W,(55) 30.0W KU-band SpainSat / Hispasat 30W-5/30W-6,Found
TVE Internacional,1_0_1_EE7_26_36_CE40000_0_0_0.png,tveinternacional.png,30.0W,(55) 30.0W KU-band SpainSat / Hispasat 30W-5/30W-6,Found
TVE Internacional,1_0_1_EF_30_36_CE40000_0_0_0.png,tveinternacional.png,30.0W,(55) 30.0W KU-band SpainSat / Hispasat 30W-5/30W-6,Found
TVEi,1_0_1_1390_30_36_CE40000_0_0_0.png,tvei.png,30.0W,(55) 30.0W KU-band SpainSat / Hispasat 30W-5/30W-6,Found
TVEi,1_0_1_9DB_26_36_CE40000_0_0_0.png,tvei.png,30.0W,(55) 30.0W KU-band SpainSat / Hispasat 30W-5/30W-6,Found
TVI Internacional,1_0_1_7D0_6_6_CE40000_0_0_0.png,tviinternacional.png,30.0W,(55) 30.0W KU-band SpainSat / Hispasat 30W-5/30W-6,Found
TVI Reality,1_0_1_F47_27_36_CE40000_0_0_0.png,tvireality.png,30.0W,(55) 30.0W KU-band SpainSat / Hispasat 30W-5/30W-6,Found
TVI Reality,1_0_1_13B2_30_36_CE40000_0_0_0.png,tvireality.png,30.0W,(55) 30.0W KU-band SpainSat / Hispasat 30W-5/30W-6,Found
TVI Reality,1_0_1_9D1_27_36_CE40000_0_0_0.png,tvireality.png,30.0W,(55) 30.0W KU-band SpainSat / Hispasat 30W-5/30W-6,Found
TVI Reality,1_0_1_E6_30_36_CE40000_0_0_0.png,tvireality.png,30.0W,(55) 30.0W KU-band SpainSat / Hispasat 30W-5/30W-6,Found
Telesur HD,1_0_11_C80_6_6_CE40000_0_0_0.png,telesurhd.png,30.0W,(55) 30.0W KU-band SpainSat / Hispasat 30W-5/30W-6,Found
Trace Toca,1_0_1_327_2F_36_CE40000_0_0_0.png,tracetoca.png,30.0W,(55) 30.0W KU-band SpainSat / Hispasat 30W-5/30W-6,Found
Trace Toca,1_0_1_17A3_2F_36_CE40000_0_0_0.png,tracetoca.png,30.0W,(55) 30.0W KU-band SpainSat / Hispasat 30W-5/30W-6,Found
Trace Urban,1_0_1_179A_27_36_CE40000_0_0_0.png,traceurban.png,30.0W,(55) 30.0W KU-band SpainSat / Hispasat 30W-5/30W-6,Found
Travel Channel,1_0_1_195_27_36_CE40000_0_0_0.png,travelchannel.png,30.0W,(55) 30.0W KU-band SpainSat / Hispasat 30W-5/30W-6,Found
Venus,1_0_1_33D_2F_36_CE40000_0_0_0.png,venus.png,30.0W,(55) 30.0W KU-band SpainSat / Hispasat 30W-5/30W-6,Found
Venus,1_0_1_17AB_2F_36_CE40000_0_0_0.png,venus.png,30.0W,(55) 30.0W KU-band SpainSat / Hispasat 30W-5/30W-6,Found
ZAP Viva HD,1_0_1_F43_27_36_CE40000_0_0_0.png,zapvivahd.png,30.0W,(55) 30.0W KU-band SpainSat / Hispasat 30W-5/30W-6,Found
ZAP Viva HD,1_0_1_12F3_30_36_CE40000_0_0_0.png,zapvivahd.png,30.0W,(55) 30.0W KU-band SpainSat / Hispasat 30W-5/30W-6,Found
RDP Africa,1_0_2_C_65_1_D330000_0_0_0.png,rdpafrica.png,22.1W,(134) 22.0W C-band SES 4,Found
RDP Internacional,1_0_2_D_65_1_D330000_0_0_0.png,rdpinternacional.png,22.1W,(134) 22.0W C-band SES 4,Found
A3,1_0_1_3_1_FFFF_D343182_0_0_0.png,a3.png,22.0W,(57) 22.0W KU-band SES 4,Found
CANAL ALGERIE,1_0_1_2_1_FFFF_D343182_0_0_0.png,canalalgerie.png,22.0W,(57) 22.0W KU-band SES 4,Found
PROGRAMME NATIONAL,1_0_1_4_1_FFFF_D343182_0_0_0.png,programmenational.png,22.0W,(57) 22.0W KU-band SES 4,Found
TV 4,1_0_1_1B_1_FFFF_D343182_0_0_0.png,tv4.png,22.0W,(57) 22.0W KU-band SES 4,Found
TV 5,1_0_1_1A_1_FFFF_D343182_0_0_0.png,tv5.png,22.0W,(57) 22.0W KU-band SES 4,Found
TV 6,1_0_1_1_1_FFFF_D343182_0_0_0.png,tv6.png,22.0W,(57) 22.0W KU-band SES 4,Found
Mega TV,1_0_1_25C_6_1_D5B0000_0_0_0.png,megatv.png,18.1W,(135) 18.0W C-band Intelsat 37e,Found
Metro TV,1_0_1_131_3_1_D5B0000_0_0_0.png,metrotv.png,18.1W,(135) 18.0W C-band Intelsat 37e,Found
STV,1_0_1_25F_6_1_D5B0000_0_0_0.png,stv.png,18.1W,(135) 18.0W C-band Intelsat 37e,Found
TOP TV,1_0_1_25D_6_1_D5B0000_0_0_0.png,toptv.png,18.1W,(135) 18.0W C-band Intelsat 37e,Found
UTV,1_0_1_140_3_1_D5B0000_0_0_0.png,utv.png,18.1W,(135) 18.0W C-band Intelsat 37e,Found
11341V SID 0x01,1_0_1_1_32_0_D7AAC4D_0_0_0.png,11341vsid0x01.png,15.0W,(58) 15.0W KU-band Telstar 12 Vantage,Found
BBC HD,1_0_1_75_9_2_D7A0000_0_0_0.png,bbchd.png,15.0W,(58) 15.0W KU-band Telstar 12 Vantage,Found
BBC WORLD NEWS,1_0_1_6A_9_2_D7A0000_0_0_0.png,bbcworldnews.png,15.0W,(58) 15.0W KU-band Telstar 12 Vantage,Found
BLOOMBERG,1_0_1_68_9_2_D7A0000_0_0_0.png,bloomberg.png,15.0W,(58) 15.0W KU-band Telstar 12 Vantage,Found
CNNi,1_0_1_7B_9_2_D7A0000_0_0_0.png,cnni.png,15.0W,(58) 15.0W KU-band Telstar 12 Vantage,Found
FOX NEWS,1_0_1_67_9_2_D7A0000_0_0_0.png,foxnews.png,15.0W,(58) 15.0W KU-band Telstar 12 Vantage,Found
MTN INFO,1_0_1_64_9_2_D7A0000_0_0_0.png,mtninfo.png,15.0W,(58) 15.0W KU-band Telstar 12 Vantage,Found
PRIME ONE,1_0_1_6E_9_2_D7A0000_0_0_0.png,primeone.png,15.0W,(58) 15.0W KU-band Telstar 12 Vantage,Found
AL Manar,1_0_1_1_1_FFFF_D840000_0_0_0.png,almanar.png,14.0W,(59) 14.0W KU-band Express AM8,Found
Belarus-24 HD,1_0_1_3_6_1_D840000_0_0_0.png,belarus24hd.png,14.0W,(59) 14.0W KU-band Express AM8,Found
RT ARABIC HD,1_0_1_1_66_1_D840000_0_0_0.png,rtarabichd.png,14.0W,(59) 14.0W KU-band Express AM8,Found
RT France,1_0_1_5_66_1_D840000_0_0_0.png,rtfrance.png,14.0W,(59) 14.0W KU-band Express AM8,Found
RT Int,1_0_1_2_66_1_D840000_0_0_0.png,rtint.png,14.0W,(59) 14.0W KU-band Express AM8,Found
RTR-Planeta Europa,1_0_1_1_11_1_D840000_0_0_0.png,rtrplanetaeuropa.png,14.0W,(59) 14.0W KU-band Express AM8,Found
Radio Belarus Inter,1_0_1_4_6_1_D840000_0_0_0.png,radiobelarusinter.png,14.0W,(59) 14.0W KU-band Express AM8,Found
Fashion TV,1_0_1_D6_1FBD_1_DBF0000_0_0_0.png,fashiontv.png,8.1W,(138) 8.0W C-band Eutelsat 8 West B,Found
RNE,1_0_2_DFD_1_22D4_DBF0000_0_0_0.png,rne.png,8.1W,(138) 8.0W C-band Eutelsat 8 West B,Found
Radio CONGO,1_0_16_16A_1F5F_77E_DBF0000_0_0_0.png,radiocongo.png,8.1W,(138) 8.0W C-band Eutelsat 8 West B,Found
TELE CONGO,1_0_1_6C_1_FFFF_DBF8F89_0_0_0.png,telecongo.png,8.1W,(138) 8.0W C-band Eutelsat 8 West B,Found
TELE CONGO,1_0_16_169_1F5F_77E_DBF0000_0_0_0.png,telecongo.png,8.1W,(138) 8.0W C-band Eutelsat 8 West B,Found
1 Baghdad,1_0_19_14D2_320_5000_DC00000_0_0_0.png,1baghdad.png,8.0W,(60) 8.0W KU-band Eutelsat 8 West B,Found
ABC-ALKhalijia TV,1_0_1_1F4_3B6_5000_DC00000_0_0_0.png,abcalkhalijiatv.png,8.0W,(60) 8.0W KU-band Eutelsat 8 West B,Found
AL ARABY TV,1_0_1_1446_320_5000_DC00000_0_0_0.png,alarabytv.png,8.0W,(60) 8.0W KU-band Eutelsat 8 West B,Found
AL ARABY TV HD,1_0_1_ED8_384_5000_DC00000_0_0_0.png,alarabytvhd.png,8.0W,(60) 8.0W KU-band Eutelsat 8 West B,Found
AL BAHRANY TV,1_0_19_12AC_1F4_5000_DC00000_0_0_0.png,albahranytv.png,8.0W,(60) 8.0W KU-band Eutelsat 8 West B,Found
AL KERAZA TV,1_0_1_F0A_384_5000_DC00000_0_0_0.png,alkerazatv.png,8.0W,(60) 8.0W KU-band Eutelsat 8 West B,Found
AL MALAKOOT SATÃTHE KINGDOM SAT,1_0_1_1720_1F4_5000_DC00000_0_0_0.png,almalakootsatthekingdomsat.png,8.0W,(60) 8.0W KU-band Eutelsat 8 West B,Found
AL Masryia SD,1_0_1_1CEF_4A_800_DC00000_0_0_0.png,almasryiasd.png,8.0W,(60) 8.0W KU-band Eutelsat 8 West B,Found
AL SALAM TV,1_0_1_FC4_1D_6E_DC00000_0_0_0.png,alsalamtv.png,8.0W,(60) 8.0W KU-band Eutelsat 8 West B,Found
AL SHASHA ALWAN,1_0_1_19B4_2BC_5000_DC00000_0_0_0.png,alshashaalwan.png,8.0W,(60) 8.0W KU-band Eutelsat 8 West B,Found
AL SHASHA CINEMA,1_0_1_193C_2BC_5000_DC00000_0_0_0.png,alshashacinema.png,8.0W,(60) 8.0W KU-band Eutelsat 8 West B,Found
AL SHASHA DRAMA,1_0_1_1F54_2BC_5000_DC00000_0_0_0.png,alshashadrama.png,8.0W,(60) 8.0W KU-band Eutelsat 8 West B,Found
AL SHASHA FILM,1_0_1_1F7C_2BC_5000_DC00000_0_0_0.png,alshashafilm.png,8.0W,(60) 8.0W KU-band Eutelsat 8 West B,Found
AL SHASHA HEKAYAT,1_0_1_1F5E_2BC_5000_DC00000_0_0_0.png,alshashahekayat.png,8.0W,(60) 8.0W KU-band Eutelsat 8 West B,Found
AL SHASHA MOSLSLAT,1_0_1_1946_2BC_5000_DC00000_0_0_0.png,alshashamoslslat.png,8.0W,(60) 8.0W KU-band Eutelsat 8 West B,Found
AL-AKHBAR,1_0_19_44E_7594_77E_DC00000_0_0_0.png,alakhbar.png,8.0W,(60) 8.0W KU-band Eutelsat 8 West B,Found
AL-GEZIRA TV,1_0_1_258_3B6_5000_DC00000_0_0_0.png,algeziratv.png,8.0W,(60) 8.0W KU-band Eutelsat 8 West B,Found
ALASKANDRIA,1_0_1_1CEB_4A_800_DC00000_0_0_0.png,alaskandria.png,8.0W,(60) 8.0W KU-band Eutelsat 8 West B,Found
ALASSEMA,1_0_1_1CF6_4A_800_DC00000_0_0_0.png,alassema.png,8.0W,(60) 8.0W KU-band Eutelsat 8 West B,Found
ALBASRA 1 TV,1_0_19_1342_1F4_5000_DC00000_0_0_0.png,albasra1tv.png,8.0W,(60) 8.0W KU-band Eutelsat 8 West B,Found
ALDELTA,1_0_1_1CEC_4A_800_DC00000_0_0_0.png,aldelta.png,8.0W,(60) 8.0W KU-band Eutelsat 8 West B,Found
ALEGHATHIAH TV,1_0_16_2F8_3B6_5000_DC00000_0_0_0.png,aleghathiahtv.png,8.0W,(60) 8.0W KU-band Eutelsat 8 West B,Found
ALHAWYAH TV,1_0_1_6_8_FFFF_DC00000_0_0_0.png,alhawyahtv.png,8.0W,(60) 8.0W KU-band Eutelsat 8 West B,Found
ALJAWADAIN,1_0_A_1F40_2BC_5000_DC00000_0_0_0.png,aljawadain.png,8.0W,(60) 8.0W KU-band Eutelsat 8 West B,Found
ALKAHERA,1_0_1_1CE9_4A_800_DC00000_0_0_0.png,alkahera.png,8.0W,(60) 8.0W KU-band Eutelsat 8 West B,Found
ALKANAL,1_0_1_1CEA_4A_800_DC00000_0_0_0.png,alkanal.png,8.0W,(60) 8.0W KU-band Eutelsat 8 West B,Found
ALKARBALAEIA TV,1_0_19_146E_320_5000_DC00000_0_0_0.png,alkarbalaeiatv.png,8.0W,(60) 8.0W KU-band Eutelsat 8 West B,Found
ALLAHDAH TV,1_0_1_15_8_FFFF_DC00000_0_0_0.png,allahdahtv.png,8.0W,(60) 8.0W KU-band Eutelsat 8 West B,Found
ALLIBIYA TV,1_0_19_182E_190_5000_DC00000_0_0_0.png,allibiyatv.png,8.0W,(60) 8.0W KU-band Eutelsat 8 West B,Found
ALMADANIAH TV,1_0_16_46A_3B6_5000_DC00000_0_0_0.png,almadaniahtv.png,8.0W,(60) 8.0W KU-band Eutelsat 8 West B,Found
ALMASIRAH TV,1_0_1_20_8_FFFF_DC00000_0_0_0.png,almasirahtv.png,8.0W,(60) 8.0W KU-band Eutelsat 8 West B,Found
ALSA3EED,1_0_1_1CED_4A_800_DC00000_0_0_0.png,alsa3eed.png,8.0W,(60) 8.0W KU-band Eutelsat 8 West B,Found
ALWAQIE TV HD,1_0_19_173E_1F4_5000_DC00000_0_0_0.png,alwaqietvhd.png,8.0W,(60) 8.0W KU-band Eutelsat 8 West B,Found
ALWESAM TV,1_0_19_488_3B6_5000_DC00000_0_0_0.png,alwesamtv.png,8.0W,(60) 8.0W KU-band Eutelsat 8 West B,Found
ARC,1_0_16_17D4_190_5000_DC00000_0_0_0.png,arc.png,8.0W,(60) 8.0W KU-band Eutelsat 8 West B,Found
Aden,1_0_19_AA1_1_2A_DC00000_0_0_0.png,aden.png,8.0W,(60) 8.0W KU-band Eutelsat 8 West B,Found
Africa TV 1,1_0_1_D_C3B4_77E_DC00000_0_0_0.png,africatv1.png,8.0W,(60) 8.0W KU-band Eutelsat 8 West B,Found
Africa TV 1 Quran,1_0_1_F_C3B4_77E_DC00000_0_0_0.png,africatv1quran.png,8.0W,(60) 8.0W KU-band Eutelsat 8 West B,Found
Ahwas State TV,1_0_16_320_3B6_5000_DC00000_0_0_0.png,ahwasstatetv.png,8.0W,(60) 8.0W KU-band Eutelsat 8 West B,Found
Al Arabiya,1_0_1_3_3B_800_DC00000_0_0_0.png,alarabiya.png,8.0W,(60) 8.0W KU-band Eutelsat 8 West B,Found
Al Arabiya Business,1_0_19_C_3B_800_DC00000_0_0_0.png,alarabiyabusiness.png,8.0W,(60) 8.0W KU-band Eutelsat 8 West B,Found
Al Basra,1_0_2_1CA8_49_800_DC00000_0_0_0.png,albasra.png,8.0W,(60) 8.0W KU-band Eutelsat 8 West B,Found
Al Basra,1_0_19_1C86_49_800_DC00000_0_0_0.png,albasra.png,8.0W,(60) 8.0W KU-band Eutelsat 8 West B,Found
Al Eman,1_0_19_AA0_1_2A_DC00000_0_0_0.png,aleman.png,8.0W,(60) 8.0W KU-band Eutelsat 8 West B,Found
Al Hadath,1_0_1_2_3B_800_DC00000_0_0_0.png,alhadath.png,8.0W,(60) 8.0W KU-band Eutelsat 8 West B,Found
Al Hiwar TV,1_0_19_1450_320_5000_DC00000_0_0_0.png,alhiwartv.png,8.0W,(60) 8.0W KU-band Eutelsat 8 West B,Found
Al Horreya,1_0_1_F_8_FFFF_DC00000_0_0_0.png,alhorreya.png,8.0W,(60) 8.0W KU-band Eutelsat 8 West B,Found
Al Huriya Yamin TV,1_0_1_12B6_1F4_5000_DC00000_0_0_0.png,alhuriyayamintv.png,8.0W,(60) 8.0W KU-band Eutelsat 8 West B,Found
Al Jazeera,1_0_1_191_4EE8_77E_DC00000_0_0_0.png,aljazeera.png,8.0W,(60) 8.0W KU-band Eutelsat 8 West B,Found
Al Jazeera Documentary,1_0_1_194_4EE8_77E_DC00000_0_0_0.png,aljazeeradocumentary.png,8.0W,(60) 8.0W KU-band Eutelsat 8 West B,Found
Al Jazeera Documentary HD,1_0_19_1F8_EAC4_77E_DC00000_0_0_0.png,aljazeeradocumentaryhd.png,8.0W,(60) 8.0W KU-band Eutelsat 8 West B,Found
Al Jazeera English,1_0_1_193_4EE8_77E_DC00000_0_0_0.png,aljazeeraenglish.png,8.0W,(60) 8.0W KU-band Eutelsat 8 West B,Found
Al Jazeera English HD,1_0_19_1F7_EAC4_77E_DC00000_0_0_0.png,aljazeeraenglishhd.png,8.0W,(60) 8.0W KU-band Eutelsat 8 West B,Found
Al Jazeera HD,1_0_19_1F5_EAC4_77E_DC00000_0_0_0.png,aljazeerahd.png,8.0W,(60) 8.0W KU-band Eutelsat 8 West B,Found
Al Jazeera Mubasher,1_0_1_192_4EE8_77E_DC00000_0_0_0.png,aljazeeramubasher.png,8.0W,(60) 8.0W KU-band Eutelsat 8 West B,Found
Al Jazeera Mubasher 2,1_0_1_195_4EE8_77E_DC00000_0_0_0.png,aljazeeramubasher2.png,8.0W,(60) 8.0W KU-band Eutelsat 8 West B,Found
Al Jazeera Mubasher 2 HD,1_0_19_1F9_EAC4_77E_DC00000_0_0_0.png,aljazeeramubasher2hd.png,8.0W,(60) 8.0W KU-band Eutelsat 8 West B,Found
Al Jazeera Mubasher HD,1_0_19_1F6_EAC4_77E_DC00000_0_0_0.png,aljazeeramubasherhd.png,8.0W,(60) 8.0W KU-band Eutelsat 8 West B,Found
Al Karama News,1_0_1_20_C3B4_77E_DC00000_0_0_0.png,alkaramanews.png,8.0W,(60) 8.0W KU-band Eutelsat 8 West B,Found
Al Khaleej 24,1_0_1_E_C3B4_77E_DC00000_0_0_0.png,alkhaleej24.png,8.0W,(60) 8.0W KU-band Eutelsat 8 West B,Found
Al Kout TV,1_0_19_137E_1F4_5000_DC00000_0_0_0.png,alkouttv.png,8.0W,(60) 8.0W KU-band Eutelsat 8 West B,Found
Al Ons TV,1_0_1_28_8_FFFF_DC00000_0_0_0.png,alonstv.png,8.0W,(60) 8.0W KU-band Eutelsat 8 West B,Found
Al Rayyan Al Qadeem HD,1_0_19_1FF_EAC4_77E_DC00000_0_0_0.png,alrayyanalqadeemhd.png,8.0W,(60) 8.0W KU-band Eutelsat 8 West B,Found
Al Rayyan HD,1_0_19_1FE_EAC4_77E_DC00000_0_0_0.png,alrayyanhd.png,8.0W,(60) 8.0W KU-band Eutelsat 8 West B,Found
Al Safwa,1_0_19_A8E_1_2A_DC00000_0_0_0.png,alsafwa.png,8.0W,(60) 8.0W KU-band Eutelsat 8 West B,Found
Al Sahat,1_0_1_4_8_FFFF_DC00000_0_0_0.png,alsahat.png,8.0W,(60) 8.0W KU-band Eutelsat 8 West B,Found
Al Sukariya Classic,1_0_1_1A22_2BC_5000_DC00000_0_0_0.png,alsukariyaclassic.png,8.0W,(60) 8.0W KU-band Eutelsat 8 West B,Found
Al Watania 24,1_0_1_2B_C3B4_77E_DC00000_0_0_0.png,alwatania24.png,8.0W,(60) 8.0W KU-band Eutelsat 8 West B,Found
Al Wousta from Al Dhaid HD,1_0_19_5_208_2BE_DC00000_0_0_0.png,alwoustafromaldhaidhd.png,8.0W,(60) 8.0W KU-band Eutelsat 8 West B,Found
Al Yawm,1_0_19_A8D_1_2A_DC00000_0_0_0.png,alyawm.png,8.0W,(60) 8.0W KU-band Eutelsat 8 West B,Found
Al shirazioun,1_0_19_1356_1F4_5000_DC00000_0_0_0.png,alshirazioun.png,8.0W,(60) 8.0W KU-band Eutelsat 8 West B,Found
Al-Aqila TV,1_0_1_154A_320_5000_DC00000_0_0_0.png,alaqilatv.png,8.0W,(60) 8.0W KU-band Eutelsat 8 West B,Found
Al-Awhad TV,1_0_19_1932_1F4_5000_DC00000_0_0_0.png,alawhadtv.png,8.0W,(60) 8.0W KU-band Eutelsat 8 West B,Found
Al-Bawadi,1_0_19_42E_3B6_5000_DC00000_0_0_0.png,albawadi.png,8.0W,(60) 8.0W KU-band Eutelsat 8 West B,Found
Al-Jawad TV,1_0_19_1338_1F4_5000_DC00000_0_0_0.png,aljawadtv.png,8.0W,(60) 8.0W KU-band Eutelsat 8 West B,Found
Al-Mahdi,1_0_19_1464_320_5000_DC00000_0_0_0.png,almahdi.png,8.0W,(60) 8.0W KU-band Eutelsat 8 West B,Found
Al-Shaaer TV,1_0_19_1694_320_5000_DC00000_0_0_0.png,alshaaertv.png,8.0W,(60) 8.0W KU-band Eutelsat 8 West B,Found
Al-Shahed TV HD,1_0_1_44C_3B6_5000_DC00000_0_0_0.png,alshahedtvhd.png,8.0W,(60) 8.0W KU-band Eutelsat 8 West B,Found
Al-askari TV,1_0_19_134C_1F4_5000_DC00000_0_0_0.png,alaskaritv.png,8.0W,(60) 8.0W KU-band Eutelsat 8 West B,Found
AlQanat 9,1_0_1_668_FFDC_1_DC00000_0_0_0.png,alqanat9.png,8.0W,(60) 8.0W KU-band Eutelsat 8 West B,Found
AlShaoub TV,1_0_19_64A_FFDC_1_DC00000_0_0_0.png,alshaoubtv.png,8.0W,(60) 8.0W KU-band Eutelsat 8 West B,Found
Alanwar TV,1_0_19_1676_320_5000_DC00000_0_0_0.png,alanwartv.png,8.0W,(60) 8.0W KU-band Eutelsat 8 West B,Found
Alawla Iraq TV,1_0_19_1496_320_5000_DC00000_0_0_0.png,alawlairaqtv.png,8.0W,(60) 8.0W KU-band Eutelsat 8 West B,Found
Albaghdadiya,1_0_19_169E_320_5000_DC00000_0_0_0.png,albaghdadiya.png,8.0W,(60) 8.0W KU-band Eutelsat 8 West B,Found
Albalad TV,1_0_19_4A6_3B6_5000_DC00000_0_0_0.png,albaladtv.png,8.0W,(60) 8.0W KU-band Eutelsat 8 West B,Found
Aldawla TV,1_0_19_2DA_3B6_5000_DC00000_0_0_0.png,aldawlatv.png,8.0W,(60) 8.0W KU-band Eutelsat 8 West B,Found
Alerth-Alnbawi,1_0_1_1C8E_49_800_DC00000_0_0_0.png,alerthalnbawi.png,8.0W,(60) 8.0W KU-band Eutelsat 8 West B,Found
Alfa Khalijiyat Radio,1_0_1_A96_1_2A_DC00000_0_0_0.png,alfakhalijiyatradio.png,8.0W,(60) 8.0W KU-band Eutelsat 8 West B,Found
Alfady,1_0_1_E_8_FFFF_DC00000_0_0_0.png,alfady.png,8.0W,(60) 8.0W KU-band Eutelsat 8 West B,Found
Algharbianow TV,1_0_19_2C6_3B6_5000_DC00000_0_0_0.png,algharbianowtv.png,8.0W,(60) 8.0W KU-band Eutelsat 8 West B,Found
Ali Gate TV,1_0_16_178E_190_5000_DC00000_0_0_0.png,aligatetv.png,8.0W,(60) 8.0W KU-band Eutelsat 8 West B,Found
Alkarma ME 1,1_0_1_2_8_FFFF_DC00000_0_0_0.png,alkarmame1.png,8.0W,(60) 8.0W KU-band Eutelsat 8 West B,Found
Alkawther,1_0_A_26C_3B6_5000_DC00000_0_0_0.png,alkawther.png,8.0W,(60) 8.0W KU-band Eutelsat 8 West B,Found
Alking Aflam,1_0_1_1FAE_2BC_5000_DC00000_0_0_0.png,alkingaflam.png,8.0W,(60) 8.0W KU-band Eutelsat 8 West B,Found
Alking Drama TV,1_0_1_19C8_2BC_5000_DC00000_0_0_0.png,alkingdramatv.png,8.0W,(60) 8.0W KU-band Eutelsat 8 West B,Found
Almasirah Mubashar,1_0_1_10_8_FFFF_DC00000_0_0_0.png,almasirahmubashar.png,8.0W,(60) 8.0W KU-band Eutelsat 8 West B,Found
Alnajaf Alashraf tv,1_0_19_12C0_1F4_5000_DC00000_0_0_0.png,alnajafalashraftv.png,8.0W,(60) 8.0W KU-band Eutelsat 8 West B,Found
Alrai TV,1_0_1_1A0E_2BC_5000_DC00000_0_0_0.png,alraitv.png,8.0W,(60) 8.0W KU-band Eutelsat 8 West B,Found
Alwadi TV,1_0_1_28A_3B6_5000_DC00000_0_0_0.png,alwaditv.png,8.0W,(60) 8.0W KU-band Eutelsat 8 West B,Found
Alwadi quran,1_0_A_23A_3B6_5000_DC00000_0_0_0.png,alwadiquran.png,8.0W,(60) 8.0W KU-band Eutelsat 8 West B,Found
Alyaum TV,1_0_19_5C8_FFDC_1_DC00000_0_0_0.png,alyaumtv.png,8.0W,(60) 8.0W KU-band Eutelsat 8 West B,Found
Alzrga,1_0_19_29E_3B6_5000_DC00000_0_0_0.png,alzrga.png,8.0W,(60) 8.0W KU-band Eutelsat 8 West B,Found
Amozhgary TV,1_0_1_15_C3B4_77E_DC00000_0_0_0.png,amozhgarytv.png,8.0W,(60) 8.0W KU-band Eutelsat 8 West B,Found
Anewz,1_0_1_640_FFDC_1_DC00000_0_0_0.png,anewz.png,8.0W,(60) 8.0W KU-band Eutelsat 8 West B,Found
AnwarTV2,1_0_1_11_8_FFFF_DC00000_0_0_0.png,anwartv2.png,8.0W,(60) 8.0W KU-band Eutelsat 8 West B,Found
Ashorooq TV,1_0_1_276_3B6_5000_DC00000_0_0_0.png,ashorooqtv.png,8.0W,(60) 8.0W KU-band Eutelsat 8 West B,Found
Asil TV,1_0_1_127A_1F4_5000_DC00000_0_0_0.png,asiltv.png,8.0W,(60) 8.0W KU-band Eutelsat 8 West B,Found
Awazna1,1_0_16_47E_3B6_5000_DC00000_0_0_0.png,awazna1.png,8.0W,(60) 8.0W KU-band Eutelsat 8 West B,Found
Awdeh,1_0_1_D2A_384_5000_DC00000_0_0_0.png,awdeh.png,8.0W,(60) 8.0W KU-band Eutelsat 8 West B,Found
Awdeh HD,1_0_19_18D8_190_5000_DC00000_0_0_0.png,awdehhd.png,8.0W,(60) 8.0W KU-band Eutelsat 8 West B,Found
BIN OTHAIMEEN,1_0_1_1C89_49_800_DC00000_0_0_0.png,binothaimeen.png,8.0W,(60) 8.0W KU-band Eutelsat 8 West B,Found
BN TV,1_0_1_24E_3B6_5000_DC00000_0_0_0.png,bntv.png,8.0W,(60) 8.0W KU-band Eutelsat 8 West B,Found
BaBy Kids TV,1_0_16_1BB2_2BC_5000_DC00000_0_0_0.png,babykidstv.png,8.0W,(60) 8.0W KU-band Eutelsat 8 West B,Found
Baghdad TV,1_0_16_17E8_190_5000_DC00000_0_0_0.png,baghdadtv.png,8.0W,(60) 8.0W KU-band Eutelsat 8 West B,Found
Bahrain International HD,1_0_19_17CA_190_5000_DC00000_0_0_0.png,bahraininternationalhd.png,8.0W,(60) 8.0W KU-band Eutelsat 8 West B,Found
Bahrain TV HD,1_0_19_17C0_190_5000_DC00000_0_0_0.png,bahraintvhd.png,8.0W,(60) 8.0W KU-band Eutelsat 8 West B,Found
Beirut Aflam,1_0_1_1982_2BC_5000_DC00000_0_0_0.png,beirutaflam.png,8.0W,(60) 8.0W KU-band Eutelsat 8 West B,Found
Beirut Alyoom,1_0_1_198C_2BC_5000_DC00000_0_0_0.png,beirutalyoom.png,8.0W,(60) 8.0W KU-band Eutelsat 8 West B,Found
Beirut Cinema,1_0_1_1996_2BC_5000_DC00000_0_0_0.png,beirutcinema.png,8.0W,(60) 8.0W KU-band Eutelsat 8 West B,Found
Beirut Drama,1_0_1_19AA_2BC_5000_DC00000_0_0_0.png,beirutdrama.png,8.0W,(60) 8.0W KU-band Eutelsat 8 West B,Found
Bel RTL.,1_0_2_192_1BC_1_DC00000_0_0_0.png,belrtl.png,8.0W,(60) 8.0W KU-band Eutelsat 8 West B,Found
CHANNEL8,1_0_19_19DC_2BC_5000_DC00000_0_0_0.png,channel8.png,8.0W,(60) 8.0W KU-band Eutelsat 8 West B,Found
CNBC ARABIYA,1_0_19_1C95_49_800_DC00000_0_0_0.png,cnbcarabiya.png,8.0W,(60) 8.0W KU-band Eutelsat 8 West B,Found
CNN,1_0_16_1C98_49_800_DC00000_0_0_0.png,cnn.png,8.0W,(60) 8.0W KU-band Eutelsat 8 West B,Found
CSAT,1_0_1_1717_1D_6E_DC00000_0_0_0.png,csat.png,8.0W,(60) 8.0W KU-band Eutelsat 8 West B,Found
CTV EGYPT,1_0_1_672_FFDC_1_DC00000_0_0_0.png,ctvegypt.png,8.0W,(60) 8.0W KU-band Eutelsat 8 West B,Found
Cairo Plus Alyoum,1_0_1_1FC2_2BC_5000_DC00000_0_0_0.png,cairoplusalyoum.png,8.0W,(60) 8.0W KU-band Eutelsat 8 West B,Found
Cairo Plus Cinema,1_0_1_19F0_2BC_5000_DC00000_0_0_0.png,cairopluscinema.png,8.0W,(60) 8.0W KU-band Eutelsat 8 West B,Found
Cairo Plus Drama,1_0_1_19FA_2BC_5000_DC00000_0_0_0.png,cairoplusdrama.png,8.0W,(60) 8.0W KU-band Eutelsat 8 West B,Found
Cartoon Network,1_0_16_1C9B_49_800_DC00000_0_0_0.png,cartoonnetwork.png,8.0W,(60) 8.0W KU-band Eutelsat 8 West B,Found
Cinema 1,1_0_19_A8F_1_2A_DC00000_0_0_0.png,cinema1.png,8.0W,(60) 8.0W KU-band Eutelsat 8 West B,Found
Cinema 2,1_0_19_A90_1_2A_DC00000_0_0_0.png,cinema2.png,8.0W,(60) 8.0W KU-band Eutelsat 8 West B,Found
Cookies Kids TV,1_0_1_1B9E_2BC_5000_DC00000_0_0_0.png,cookieskidstv.png,8.0W,(60) 8.0W KU-band Eutelsat 8 West B,Found
DAEWA TV,1_0_1_16_C3B4_77E_DC00000_0_0_0.png,daewatv.png,8.0W,(60) 8.0W KU-band Eutelsat 8 West B,Found
DW Arabia HD,1_0_1_A98_1_2A_DC00000_0_0_0.png,dwarabiahd.png,8.0W,(60) 8.0W KU-band Eutelsat 8 West B,Found
Dabanga TV,1_0_16_17DF_1D_6E_DC00000_0_0_0.png,dabangatv.png,8.0W,(60) 8.0W KU-band Eutelsat 8 West B,Found
Diwan,1_0_19_1CF0_4A_800_DC00000_0_0_0.png,diwan.png,8.0W,(60) 8.0W KU-band Eutelsat 8 West B,Found
Dolly Alyoom,1_0_1_1BA8_2BC_5000_DC00000_0_0_0.png,dollyalyoom.png,8.0W,(60) 8.0W KU-band Eutelsat 8 West B,Found
Dolly Drama,1_0_1_1B8A_2BC_5000_DC00000_0_0_0.png,dollydrama.png,8.0W,(60) 8.0W KU-band Eutelsat 8 West B,Found
Dolly Mosalsalat,1_0_1_1B94_2BC_5000_DC00000_0_0_0.png,dollymosalsalat.png,8.0W,(60) 8.0W KU-band Eutelsat 8 West B,Found
Dolly cinema,1_0_1_1F68_2BC_5000_DC00000_0_0_0.png,dollycinema.png,8.0W,(60) 8.0W KU-band Eutelsat 8 West B,Found
Dolly movies,1_0_1_1FA4_2BC_5000_DC00000_0_0_0.png,dollymovies.png,8.0W,(60) 8.0W KU-band Eutelsat 8 West B,Found
Dream Al Wan,1_0_1_1586_320_5000_DC00000_0_0_0.png,dreamalwan.png,8.0W,(60) 8.0W KU-band Eutelsat 8 West B,Found
Dream Al Youm,1_0_1_148C_320_5000_DC00000_0_0_0.png,dreamalyoum.png,8.0W,(60) 8.0W KU-band Eutelsat 8 West B,Found
Dream Cinema,1_0_1_1478_320_5000_DC00000_0_0_0.png,dreamcinema.png,8.0W,(60) 8.0W KU-band Eutelsat 8 West B,Found
Dream Monawaet,1_0_1_157C_320_5000_DC00000_0_0_0.png,dreammonawaet.png,8.0W,(60) 8.0W KU-band Eutelsat 8 West B,Found
EDUC 1,1_0_1_1CF2_4A_800_DC00000_0_0_0.png,educ1.png,8.0W,(60) 8.0W KU-band Eutelsat 8 West B,Found
ELMEHWAR-HD,1_0_19_1C8C_49_800_DC00000_0_0_0.png,elmehwarhd.png,8.0W,(60) 8.0W KU-band Eutelsat 8 West B,Found
ERISAT,1_0_1_636_FFDC_1_DC00000_0_0_0.png,erisat.png,8.0W,(60) 8.0W KU-band Eutelsat 8 West B,Found
ESAN TV,1_0_16_186A_190_5000_DC00000_0_0_0.png,esantv.png,8.0W,(60) 8.0W KU-band Eutelsat 8 West B,Found
El Omda Aflam,1_0_1_1FCC_2BC_5000_DC00000_0_0_0.png,elomdaaflam.png,8.0W,(60) 8.0W KU-band Eutelsat 8 West B,Found
El Omda Al yom,1_0_1_19A0_2BC_5000_DC00000_0_0_0.png,elomdaalyom.png,8.0W,(60) 8.0W KU-band Eutelsat 8 West B,Found
El Omda Drama,1_0_1_1FD6_2BC_5000_DC00000_0_0_0.png,elomdadrama.png,8.0W,(60) 8.0W KU-band Eutelsat 8 West B,Found
El Sharq TV,1_0_1_596_FFDC_1_DC00000_0_0_0.png,elsharqtv.png,8.0W,(60) 8.0W KU-band Eutelsat 8 West B,Found
Elfadjer drama Dz,1_0_19_F00_384_5000_DC00000_0_0_0.png,elfadjerdramadz.png,8.0W,(60) 8.0W KU-band Eutelsat 8 West B,Found
Elzaeem Cinema,1_0_1_1F9A_2BC_5000_DC00000_0_0_0.png,elzaeemcinema.png,8.0W,(60) 8.0W KU-band Eutelsat 8 West B,Found
Elzaeem Drama,1_0_1_1F86_2BC_5000_DC00000_0_0_0.png,elzaeemdrama.png,8.0W,(60) 8.0W KU-band Eutelsat 8 West B,Found
Eriteria TV,1_0_1_1C8A_49_800_DC00000_0_0_0.png,eriteriatv.png,8.0W,(60) 8.0W KU-band Eutelsat 8 West B,Found
Eutelsat Data 1,1_0_1_AEF_1_2A_DC00000_0_0_0.png,eutelsatdata1.png,8.0W,(60) 8.0W KU-band Eutelsat 8 West B,Found
Falastini.tv,1_0_1_1630_320_5000_DC00000_0_0_0.png,falastinitv.png,8.0W,(60) 8.0W KU-band Eutelsat 8 West B,Found
Fann,1_0_19_A93_1_2A_DC00000_0_0_0.png,fann.png,8.0W,(60) 8.0W KU-band Eutelsat 8 West B,Found
Fox Be Elaraby TV,1_0_1_195A_2BC_5000_DC00000_0_0_0.png,foxbeelarabytv.png,8.0W,(60) 8.0W KU-band Eutelsat 8 West B,Found
Fox Movies,1_0_16_196E_2BC_5000_DC00000_0_0_0.png,foxmovies.png,8.0W,(60) 8.0W KU-band Eutelsat 8 West B,Found
France 24 (in Arabic),1_0_1_1734_1F4_5000_DC00000_0_0_0.png,france24inarabic.png,8.0W,(60) 8.0W KU-band Eutelsat 8 West B,Found
GFN Soccer,1_0_1_8_8_FFFF_DC00000_0_0_0.png,gfnsoccer.png,8.0W,(60) 8.0W KU-band Eutelsat 8 West B,Found
Gali Kurdistan HD,1_0_19_177A_190_5000_DC00000_0_0_0.png,galikurdistanhd.png,8.0W,(60) 8.0W KU-band Eutelsat 8 West B,Found
Gulfsat,1_0_16_F32_384_5000_DC00000_0_0_0.png,gulfsat.png,8.0W,(60) 8.0W KU-band Eutelsat 8 West B,Found
Hala Arabia,1_0_19_1680_320_5000_DC00000_0_0_0.png,halaarabia.png,8.0W,(60) 8.0W KU-band Eutelsat 8 West B,Found
Hamiltan TV,1_0_1_19_C3B4_77E_DC00000_0_0_0.png,hamiltantv.png,8.0W,(60) 8.0W KU-band Eutelsat 8 West B,Found
Hayat FM,1_0_2_2A_C3B4_77E_DC00000_0_0_0.png,hayatfm.png,8.0W,(60) 8.0W KU-band Eutelsat 8 West B,Found
Hebron.Sat TV,1_0_16_49C_3B6_5000_DC00000_0_0_0.png,hebronsattv.png,8.0W,(60) 8.0W KU-band Eutelsat 8 West B,Found
Huda TV,1_0_1_1888_190_5000_DC00000_0_0_0.png,hudatv.png,8.0W,(60) 8.0W KU-band Eutelsat 8 West B,Found
Huna Aliraq,1_0_16_3FC_3B6_5000_DC00000_0_0_0.png,hunaaliraq.png,8.0W,(60) 8.0W KU-band Eutelsat 8 West B,Found
IMAM HUSSEIN TV 2,1_0_1_FAA_1D_6E_DC00000_0_0_0.png,imamhusseintv2.png,8.0W,(60) 8.0W KU-band Eutelsat 8 West B,Found
ISC,1_0_19_1C99_49_800_DC00000_0_0_0.png,isc.png,8.0W,(60) 8.0W KU-band Eutelsat 8 West B,Found
Iraq Future,1_0_1_23_8_FFFF_DC00000_0_0_0.png,iraqfuture.png,8.0W,(60) 8.0W KU-band Eutelsat 8 West B,Found
Iraq first 207 TV,1_0_16_4B0_3B6_5000_DC00000_0_0_0.png,iraqfirst207tv.png,8.0W,(60) 8.0W KU-band Eutelsat 8 West B,Found
Iraqi Drama,1_0_1_FC3_1D_6E_DC00000_0_0_0.png,iraqidrama.png,8.0W,(60) 8.0W KU-band Eutelsat 8 West B,Found
Iraqi interior radio,1_0_1_1C3B_48_1_DC00000_0_0_0.png,iraqiinteriorradio.png,8.0W,(60) 8.0W KU-band Eutelsat 8 West B,Found
Iraqia Ent HD,1_0_1_1C29_48_1_DC00000_0_0_0.png,iraqiaenthd.png,8.0W,(60) 8.0W KU-band Eutelsat 8 West B,Found
Iraqia Kurd,1_0_1_1C26_48_1_DC00000_0_0_0.png,iraqiakurd.png,8.0W,(60) 8.0W KU-band Eutelsat 8 West B,Found
Iraqia News HD,1_0_1_1C21_48_1_DC00000_0_0_0.png,iraqianewshd.png,8.0W,(60) 8.0W KU-band Eutelsat 8 West B,Found
Iraqia Sport HD,1_0_1_1C27_48_1_DC00000_0_0_0.png,iraqiasporthd.png,8.0W,(60) 8.0W KU-band Eutelsat 8 West B,Found
Iraqia Syriac HD,1_0_1_1C34_48_1_DC00000_0_0_0.png,iraqiasyriachd.png,8.0W,(60) 8.0W KU-band Eutelsat 8 West B,Found
Iraqia Turkuman,1_0_1_1C25_48_1_DC00000_0_0_0.png,iraqiaturkuman.png,8.0W,(60) 8.0W KU-band Eutelsat 8 West B,Found
JIN TV HD,1_0_1_2_C3B4_77E_DC00000_0_0_0.png,jintvhd.png,8.0W,(60) 8.0W KU-band Eutelsat 8 West B,Found
KURDMAX,1_0_19_1B60_46_800_DC00000_0_0_0.png,kurdmax.png,8.0W,(60) 8.0W KU-band Eutelsat 8 West B,Found
Kaifa,1_0_1_1C91_49_800_DC00000_0_0_0.png,kaifa.png,8.0W,(60) 8.0W KU-band Eutelsat 8 West B,Found
Kan88,1_0_2_3B_C3B4_77E_DC00000_0_0_0.png,kan88.png,8.0W,(60) 8.0W KU-band Eutelsat 8 West B,Found
Kan_Bet,1_0_2_35_C3B4_77E_DC00000_0_0_0.png,kanbet.png,8.0W,(60) 8.0W KU-band Eutelsat 8 West B,Found
Kan_Makan,1_0_2_37_C3B4_77E_DC00000_0_0_0.png,kanmakan.png,8.0W,(60) 8.0W KU-band Eutelsat 8 West B,Found
Kan_Moreshet,1_0_2_3A_C3B4_77E_DC00000_0_0_0.png,kanmoreshet.png,8.0W,(60) 8.0W KU-band Eutelsat 8 West B,Found
Kan_Reka,1_0_2_38_C3B4_77E_DC00000_0_0_0.png,kanreka.png,8.0W,(60) 8.0W KU-band Eutelsat 8 West B,Found
Kan_Tarbut,1_0_2_34_C3B4_77E_DC00000_0_0_0.png,kantarbut.png,8.0W,(60) 8.0W KU-band Eutelsat 8 West B,Found
Kanon TV Sudan,1_0_16_280_3B6_5000_DC00000_0_0_0.png,kanontvsudan.png,8.0W,(60) 8.0W KU-band Eutelsat 8 West B,Found
Kassala TV,1_0_16_348_3B6_5000_DC00000_0_0_0.png,kassalatv.png,8.0W,(60) 8.0W KU-band Eutelsat 8 West B,Found
Khartoum-TV,1_0_19_316_3B6_5000_DC00000_0_0_0.png,khartoumtv.png,8.0W,(60) 8.0W KU-band Eutelsat 8 West B,Found
Kidsy,1_0_16_12F2_1F4_5000_DC00000_0_0_0.png,kidsy.png,8.0W,(60) 8.0W KU-band Eutelsat 8 West B,Found
Kirkuk TV HD,1_0_19_1784_190_5000_DC00000_0_0_0.png,kirkuktvhd.png,8.0W,(60) 8.0W KU-band Eutelsat 8 West B,Found
Koogi,1_0_1_1A_8_FFFF_DC00000_0_0_0.png,koogi.png,8.0W,(60) 8.0W KU-band Eutelsat 8 West B,Found
Kurdsat HD,1_0_1_1D_C3B4_77E_DC00000_0_0_0.png,kurdsathd.png,8.0W,(60) 8.0W KU-band Eutelsat 8 West B,Found
Kurdsat News,1_0_1_1E_C3B4_77E_DC00000_0_0_0.png,kurdsatnews.png,8.0W,(60) 8.0W KU-band Eutelsat 8 West B,Found
Kuwait Sport Plus,1_0_19_451_7594_77E_DC00000_0_0_0.png,kuwaitsportplus.png,8.0W,(60) 8.0W KU-band Eutelsat 8 West B,Found
Kuwait Sports,1_0_19_450_7594_77E_DC00000_0_0_0.png,kuwaitsports.png,8.0W,(60) 8.0W KU-band Eutelsat 8 West B,Found
Kuwait Super Station,1_0_2_10_7594_77E_DC00000_0_0_0.png,kuwaitsuperstation.png,8.0W,(60) 8.0W KU-band Eutelsat 8 West B,Found
Kuwait TV 1,1_0_19_44D_7594_77E_DC00000_0_0_0.png,kuwaittv1.png,8.0W,(60) 8.0W KU-band Eutelsat 8 West B,Found
Kuwait TV 2,1_0_19_44F_7594_77E_DC00000_0_0_0.png,kuwaittv2.png,8.0W,(60) 8.0W KU-band Eutelsat 8 West B,Found
LIBYA ALMOKHTAR,1_0_19_1C88_49_800_DC00000_0_0_0.png,libyaalmokhtar.png,8.0W,(60) 8.0W KU-band Eutelsat 8 West B,Found
LIBYA IFTA RADIO,1_0_2_1CA7_49_800_DC00000_0_0_0.png,libyaiftaradio.png,8.0W,(60) 8.0W KU-band Eutelsat 8 West B,Found
LIBYA IFTA TV,1_0_16_1C8F_49_800_DC00000_0_0_0.png,libyaiftatv.png,8.0W,(60) 8.0W KU-band Eutelsat 8 West B,Found
Learning passport SD1,1_0_1_1CF4_4A_800_DC00000_0_0_0.png,learningpassportsd1.png,8.0W,(60) 8.0W KU-band Eutelsat 8 West B,Found
Learning passport SD2,1_0_1_1CF5_4A_800_DC00000_0_0_0.png,learningpassportsd2.png,8.0W,(60) 8.0W KU-band Eutelsat 8 West B,Found
Libya Al Maydan Tv,1_0_16_189C_190_5000_DC00000_0_0_0.png,libyaalmaydantv.png,8.0W,(60) 8.0W KU-band Eutelsat 8 West B,Found
Libya Almustaqbal,1_0_19_1C87_49_800_DC00000_0_0_0.png,libyaalmustaqbal.png,8.0W,(60) 8.0W KU-band Eutelsat 8 West B,Found
Libya Government TV,1_0_19_1842_190_5000_DC00000_0_0_0.png,libyagovernmenttv.png,8.0W,(60) 8.0W KU-band Eutelsat 8 West B,Found
Libya WTV HD,1_0_19_1C_8_FFFF_DC00000_0_0_0.png,libyawtvhd.png,8.0W,(60) 8.0W KU-band Eutelsat 8 West B,Found
Logos TV,1_0_1_17_8_FFFF_DC00000_0_0_0.png,logostv.png,8.0W,(60) 8.0W KU-band Eutelsat 8 West B,Found
Loveworld Arabic,1_0_1_1_8_FFFF_DC00000_0_0_0.png,loveworldarabic.png,8.0W,(60) 8.0W KU-band Eutelsat 8 West B,Found
M classic,1_0_1_1B58_2BC_5000_DC00000_0_0_0.png,mclassic.png,8.0W,(60) 8.0W KU-band Eutelsat 8 West B,Found
MAKAN,1_0_1_33_C3B4_77E_DC00000_0_0_0.png,makan.png,8.0W,(60) 8.0W KU-band Eutelsat 8 West B,Found
MANU CHAT,1_0_1_FAD_1D_6E_DC00000_0_0_0.png,manuchat.png,8.0W,(60) 8.0W KU-band Eutelsat 8 West B,Found
MARQUEUR,1_0_1_1_D48_EB_DC00000_0_0_0.png,marqueur.png,8.0W,(60) 8.0W KU-band Eutelsat 8 West B,Found
MASSAYA TV,1_0_1_1388_1F4_5000_DC00000_0_0_0.png,massayatv.png,8.0W,(60) 8.0W KU-band Eutelsat 8 West B,Found
MAXIMUM.,1_0_2_191_1BC_1_DC00000_0_0_0.png,maximum.png,8.0W,(60) 8.0W KU-band Eutelsat 8 West B,Found
MBC 1,1_0_1_4_3B_800_DC00000_0_0_0.png,mbc1.png,8.0W,(60) 8.0W KU-band Eutelsat 8 West B,Found
MBC 2,1_0_1_9_3B_800_DC00000_0_0_0.png,mbc2.png,8.0W,(60) 8.0W KU-band Eutelsat 8 West B,Found
MBC 3,1_0_1_B_3B_800_DC00000_0_0_0.png,mbc3.png,8.0W,(60) 8.0W KU-band Eutelsat 8 West B,Found
MBC 4,1_0_1_5_3B_800_DC00000_0_0_0.png,mbc4.png,8.0W,(60) 8.0W KU-band Eutelsat 8 West B,Found
MBC Action,1_0_1_A_3B_800_DC00000_0_0_0.png,mbcaction.png,8.0W,(60) 8.0W KU-band Eutelsat 8 West B,Found
MBC Bollywood,1_0_1_8_3B_800_DC00000_0_0_0.png,mbcbollywood.png,8.0W,(60) 8.0W KU-band Eutelsat 8 West B,Found
MBC Drama,1_0_1_6_3B_800_DC00000_0_0_0.png,mbcdrama.png,8.0W,(60) 8.0W KU-band Eutelsat 8 West B,Found
MBC Masr HD,1_0_19_14_3B_800_DC00000_0_0_0.png,mbcmasrhd.png,8.0W,(60) 8.0W KU-band Eutelsat 8 West B,Found
MUSAWA,1_0_1_BA4_384_5000_DC00000_0_0_0.png,musawa.png,8.0W,(60) 8.0W KU-band Eutelsat 8 West B,Found
MUSAWA HD,1_0_19_18B0_190_5000_DC00000_0_0_0.png,musawahd.png,8.0W,(60) 8.0W KU-band Eutelsat 8 West B,Found
MUSIC IRAQ,1_0_1_FB6_1D_6E_DC00000_0_0_0.png,musiciraq.png,8.0W,(60) 8.0W KU-band Eutelsat 8 West B,Found
Maan TV,1_0_1_CF8_384_5000_DC00000_0_0_0.png,maantv.png,8.0W,(60) 8.0W KU-band Eutelsat 8 West B,Found
Madrastna 2,1_0_1_1CF1_4A_800_DC00000_0_0_0.png,madrastna2.png,8.0W,(60) 8.0W KU-band Eutelsat 8 West B,Found
Mahdi has appeared TV,1_0_1_5_8_FFFF_DC00000_0_0_0.png,mahdihasappearedtv.png,8.0W,(60) 8.0W KU-band Eutelsat 8 West B,Found
Mansora Ya Baghdad,1_0_1_6_C3B4_77E_DC00000_0_0_0.png,mansorayabaghdad.png,8.0W,(60) 8.0W KU-band Eutelsat 8 West B,Found
Marina TV HD,1_0_19_438_3B6_5000_DC00000_0_0_0.png,marinatvhd.png,8.0W,(60) 8.0W KU-band Eutelsat 8 West B,Found
MarjaeyatTV 2 HD,1_0_19_1482_320_5000_DC00000_0_0_0.png,marjaeyattv2hd.png,8.0W,(60) 8.0W KU-band Eutelsat 8 West B,Found
Med Music,1_0_1_8_C3B4_77E_DC00000_0_0_0.png,medmusic.png,8.0W,(60) 8.0W KU-band Eutelsat 8 West B,Found
Medan TV,1_0_1_2D_C3B4_77E_DC00000_0_0_0.png,medantv.png,8.0W,(60) 8.0W KU-band Eutelsat 8 West B,Found
Mekameleen TV,1_0_1_5AA_FFDC_1_DC00000_0_0_0.png,mekameleentv.png,8.0W,(60) 8.0W KU-band Eutelsat 8 West B,Found
Melody Aflam,1_0_1_1B62_2BC_5000_DC00000_0_0_0.png,melodyaflam.png,8.0W,(60) 8.0W KU-band Eutelsat 8 West B,Found
Melody Drama,1_0_1_1A04_2BC_5000_DC00000_0_0_0.png,melodydrama.png,8.0W,(60) 8.0W KU-band Eutelsat 8 West B,Found
Menelik Satellite Television,1_0_1_3_C3B4_77E_DC00000_0_0_0.png,meneliksatellitetelevision.png,8.0W,(60) 8.0W KU-band Eutelsat 8 West B,Found
Mereja TV,1_0_1_A_C3B4_77E_DC00000_0_0_0.png,merejatv.png,8.0W,(60) 8.0W KU-band Eutelsat 8 West B,Found
Misk Syria,1_0_16_1C92_49_800_DC00000_0_0_0.png,misksyria.png,8.0W,(60) 8.0W KU-band Eutelsat 8 West B,Found
Misr ElBald,1_0_1_12_8_FFFF_DC00000_0_0_0.png,misrelbald.png,8.0W,(60) 8.0W KU-band Eutelsat 8 West B,Found
Moga Cinema,1_0_1_EEC_384_5000_DC00000_0_0_0.png,mogacinema.png,8.0W,(60) 8.0W KU-band Eutelsat 8 West B,Found
Moga Comedy,1_0_1_F1E_384_5000_DC00000_0_0_0.png,mogacomedy.png,8.0W,(60) 8.0W KU-band Eutelsat 8 West B,Found
Moga Drama,1_0_1_EF6_384_5000_DC00000_0_0_0.png,mogadrama.png,8.0W,(60) 8.0W KU-band Eutelsat 8 West B,Found
Moga Today,1_0_1_F28_384_5000_DC00000_0_0_0.png,mogatoday.png,8.0W,(60) 8.0W KU-band Eutelsat 8 West B,Found
Monawaat Radio,1_0_1_A97_1_2A_DC00000_0_0_0.png,monawaatradio.png,8.0W,(60) 8.0W KU-band Eutelsat 8 West B,Found
Music Now,1_0_19_A94_1_2A_DC00000_0_0_0.png,musicnow.png,8.0W,(60) 8.0W KU-band Eutelsat 8 West B,Found
NEW LIBYA,1_0_16_17B6_190_5000_DC00000_0_0_0.png,newlibya.png,8.0W,(60) 8.0W KU-band Eutelsat 8 West B,Found
NRT 2 HD,1_0_1_21_C3B4_77E_DC00000_0_0_0.png,nrt2hd.png,8.0W,(60) 8.0W KU-band Eutelsat 8 West B,Found
NRT HD,1_0_1_14_C3B4_77E_DC00000_0_0_0.png,nrthd.png,8.0W,(60) 8.0W KU-band Eutelsat 8 West B,Found
NRT4,1_0_1_C_C3B4_77E_DC00000_0_0_0.png,nrt4.png,8.0W,(60) 8.0W KU-band Eutelsat 8 West B,Found
Nabd,1_0_16_492_3B6_5000_DC00000_0_0_0.png,nabd.png,8.0W,(60) 8.0W KU-band Eutelsat 8 West B,Found
Nilesat Feed,1_0_19_1B5A_46_800_DC00000_0_0_0.png,nilesatfeed.png,8.0W,(60) 8.0W KU-band Eutelsat 8 West B,Found
Nilesat Promo,1_0_19_1D4D_4B_800_DC00000_0_0_0.png,nilesatpromo.png,8.0W,(60) 8.0W KU-band Eutelsat 8 West B,Found
Nilesat Promo,1_0_19_1B59_46_800_DC00000_0_0_0.png,nilesatpromo.png,8.0W,(60) 8.0W KU-band Eutelsat 8 West B,Found
Nineveh TV,1_0_16_2D0_3B6_5000_DC00000_0_0_0.png,ninevehtv.png,8.0W,(60) 8.0W KU-band Eutelsat 8 West B,Found
North Africa,1_0_1_A_8_FFFF_DC00000_0_0_0.png,northafrica.png,8.0W,(60) 8.0W KU-band Eutelsat 8 West B,Found
Nour Al Sharq,1_0_1_2C_8_FFFF_DC00000_0_0_0.png,nouralsharq.png,8.0W,(60) 8.0W KU-band Eutelsat 8 West B,Found
Nour Koddass,1_0_1_2D_8_FFFF_DC00000_0_0_0.png,nourkoddass.png,8.0W,(60) 8.0W KU-band Eutelsat 8 West B,Found
Nour Mariam,1_0_1_26_8_FFFF_DC00000_0_0_0.png,nourmariam.png,8.0W,(60) 8.0W KU-band Eutelsat 8 West B,Found
Nu TV,1_0_19_5E6_FFDC_1_DC00000_0_0_0.png,nutv.png,8.0W,(60) 8.0W KU-band Eutelsat 8 West B,Found
One Drama,1_0_1_1FE0_2BC_5000_DC00000_0_0_0.png,onedrama.png,8.0W,(60) 8.0W KU-band Eutelsat 8 West B,Found
One Movies,1_0_1_19D2_2BC_5000_DC00000_0_0_0.png,onemovies.png,8.0W,(60) 8.0W KU-band Eutelsat 8 West B,Found
PLAY AFLAM,1_0_1_F3C_384_5000_DC00000_0_0_0.png,playaflam.png,8.0W,(60) 8.0W KU-band Eutelsat 8 West B,Found
PLAY CINEMA,1_0_1_F46_384_5000_DC00000_0_0_0.png,playcinema.png,8.0W,(60) 8.0W KU-band Eutelsat 8 West B,Found
PLAY DRAMA,1_0_1_F50_384_5000_DC00000_0_0_0.png,playdrama.png,8.0W,(60) 8.0W KU-band Eutelsat 8 West B,Found
PLAY HEKAYAT,1_0_1_F5A_384_5000_DC00000_0_0_0.png,playhekayat.png,8.0W,(60) 8.0W KU-band Eutelsat 8 West B,Found
PLAY TODAY,1_0_1_F64_384_5000_DC00000_0_0_0.png,playtoday.png,8.0W,(60) 8.0W KU-band Eutelsat 8 West B,Found
Palestine,1_0_1_D16_384_5000_DC00000_0_0_0.png,palestine.png,8.0W,(60) 8.0W KU-band Eutelsat 8 West B,Found
Palestine,1_0_1_132E_1F4_5000_DC00000_0_0_0.png,palestine.png,8.0W,(60) 8.0W KU-band Eutelsat 8 West B,Found
Palestine EDU,1_0_19_18CE_190_5000_DC00000_0_0_0.png,palestineedu.png,8.0W,(60) 8.0W KU-band Eutelsat 8 West B,Found
Palestine HD,1_0_19_18A6_190_5000_DC00000_0_0_0.png,palestinehd.png,8.0W,(60) 8.0W KU-band Eutelsat 8 West B,Found
Palestine Live,1_0_1_D02_384_5000_DC00000_0_0_0.png,palestinelive.png,8.0W,(60) 8.0W KU-band Eutelsat 8 West B,Found
Palestine Live HD,1_0_19_18BA_190_5000_DC00000_0_0_0.png,palestinelivehd.png,8.0W,(60) 8.0W KU-band Eutelsat 8 West B,Found
Palestine News,1_0_1_BAE_384_5000_DC00000_0_0_0.png,palestinenews.png,8.0W,(60) 8.0W KU-band Eutelsat 8 West B,Found
Palestine News HD,1_0_19_18C4_190_5000_DC00000_0_0_0.png,palestinenewshd.png,8.0W,(60) 8.0W KU-band Eutelsat 8 West B,Found
Palestine Quraan,1_0_A_138B_384_5000_DC00000_0_0_0.png,palestinequraan.png,8.0W,(60) 8.0W KU-band Eutelsat 8 West B,Found
Palestine Sport,1_0_19_D66_384_5000_DC00000_0_0_0.png,palestinesport.png,8.0W,(60) 8.0W KU-band Eutelsat 8 West B,Found
RUDAW,1_0_1_67C_FFDC_1_DC00000_0_0_0.png,rudaw.png,8.0W,(60) 8.0W KU-band Eutelsat 8 West B,Found
Radio AI-Forqan,1_0_1_1C2B_48_1_DC00000_0_0_0.png,radioaiforqan.png,8.0W,(60) 8.0W KU-band Eutelsat 8 West B,Found
Radio AL-Iraqia,1_0_1_1C2A_48_1_DC00000_0_0_0.png,radioaliraqia.png,8.0W,(60) 8.0W KU-band Eutelsat 8 West B,Found
Radio Baghdad,1_0_1_1C2C_48_1_DC00000_0_0_0.png,radiobaghdad.png,8.0W,(60) 8.0W KU-band Eutelsat 8 West B,Found
River Nile TV,1_0_19_21C_3B6_5000_DC00000_0_0_0.png,riverniletv.png,8.0W,(60) 8.0W KU-band Eutelsat 8 West B,Found
Rojava HD,1_0_1_17_C3B4_77E_DC00000_0_0_0.png,rojavahd.png,8.0W,(60) 8.0W KU-band Eutelsat 8 West B,Found
Rosheta,1_0_16_33E_3B6_5000_DC00000_0_0_0.png,rosheta.png,8.0W,(60) 8.0W KU-band Eutelsat 8 West B,Found
SALAM,1_0_19_14AA_320_5000_DC00000_0_0_0.png,salam.png,8.0W,(60) 8.0W KU-band Eutelsat 8 West B,Found
SALVATION TV MENA,1_0_1_3_8_FFFF_DC00000_0_0_0.png,salvationtvmena.png,8.0W,(60) 8.0W KU-band Eutelsat 8 West B,Found
SAT.TV,1_0_19_A9C_1_2A_DC00000_0_0_0.png,sattv.png,8.0W,(60) 8.0W KU-band Eutelsat 8 West B,Found
SHARM,1_0_19_1C8B_49_800_DC00000_0_0_0.png,sharm.png,8.0W,(60) 8.0W KU-band Eutelsat 8 West B,Found
SHOW TV,1_0_19_1B5F_46_800_DC00000_0_0_0.png,showtv.png,8.0W,(60) 8.0W KU-band Eutelsat 8 West B,Found
STERK TV HD,1_0_1_B_C3B4_77E_DC00000_0_0_0.png,sterktvhd.png,8.0W,(60) 8.0W KU-band Eutelsat 8 West B,Found
SUBORO TV,1_0_19_3E8_3B6_5000_DC00000_0_0_0.png,suborotv.png,8.0W,(60) 8.0W KU-band Eutelsat 8 West B,Found
Salahden TV,1_0_19_424_3B6_5000_DC00000_0_0_0.png,salahdentv.png,8.0W,(60) 8.0W KU-band Eutelsat 8 West B,Found
Samarra tv,1_0_19_3F2_3B6_5000_DC00000_0_0_0.png,samarratv.png,8.0W,(60) 8.0W KU-band Eutelsat 8 West B,Found
Saout alaqila,1_0_19_1324_1F4_5000_DC00000_0_0_0.png,saoutalaqila.png,8.0W,(60) 8.0W KU-band Eutelsat 8 West B,Found
Series Channel HD,1_0_19_A92_1_2A_DC00000_0_0_0.png,serieschannelhd.png,8.0W,(60) 8.0W KU-band Eutelsat 8 West B,Found
Shamalia TV,1_0_19_2A8_3B6_5000_DC00000_0_0_0.png,shamaliatv.png,8.0W,(60) 8.0W KU-band Eutelsat 8 West B,Found
Shams TV,1_0_1_5BE_FFDC_1_DC00000_0_0_0.png,shamstv.png,8.0W,(60) 8.0W KU-band Eutelsat 8 West B,Found
Sharjah HD,1_0_19_1_208_2BE_DC00000_0_0_0.png,sharjahhd.png,8.0W,(60) 8.0W KU-band Eutelsat 8 West B,Found
Sharjah Quran TV,1_0_19_8_208_2BE_DC00000_0_0_0.png,sharjahqurantv.png,8.0W,(60) 8.0W KU-band Eutelsat 8 West B,Found
Sharjah Radio,1_0_A_9_208_2BE_DC00000_0_0_0.png,sharjahradio.png,8.0W,(60) 8.0W KU-band Eutelsat 8 West B,Found
Sharjah SD,1_0_1_2_208_2BE_DC00000_0_0_0.png,sharjahsd.png,8.0W,(60) 8.0W KU-band Eutelsat 8 West B,Found
Sharjah Sport HD,1_0_19_6_208_2BE_DC00000_0_0_0.png,sharjahsporthd.png,8.0W,(60) 8.0W KU-band Eutelsat 8 West B,Found
Sharjah Sport SD,1_0_1_7_208_2BE_DC00000_0_0_0.png,sharjahsportsd.png,8.0W,(60) 8.0W KU-band Eutelsat 8 West B,Found
Sharqiya from Kalba HD,1_0_19_3_208_2BE_DC00000_0_0_0.png,sharqiyafromkalbahd.png,8.0W,(60) 8.0W KU-band Eutelsat 8 West B,Found
Sheba,1_0_19_A9F_1_2A_DC00000_0_0_0.png,sheba.png,8.0W,(60) 8.0W KU-band Eutelsat 8 West B,Found
Shopping 3,1_0_1_16_3B_800_DC00000_0_0_0.png,shopping3.png,8.0W,(60) 8.0W KU-band Eutelsat 8 West B,Found
Speda TV HD,1_0_1_1_C3B4_77E_DC00000_0_0_0.png,spedatvhd.png,8.0W,(60) 8.0W KU-band Eutelsat 8 West B,Found
Sudan Basic Edu,1_0_1_1CF3_4A_800_DC00000_0_0_0.png,sudanbasicedu.png,8.0W,(60) 8.0W KU-band Eutelsat 8 West B,Found
Sukariya cinema,1_0_1_1950_2BC_5000_DC00000_0_0_0.png,sukariyacinema.png,8.0W,(60) 8.0W KU-band Eutelsat 8 West B,Found
Sukariya drama,1_0_1_1F90_2BC_5000_DC00000_0_0_0.png,sukariyadrama.png,8.0W,(60) 8.0W KU-band Eutelsat 8 West B,Found
Sukariya hekayat,1_0_1_1928_2BC_5000_DC00000_0_0_0.png,sukariyahekayat.png,8.0W,(60) 8.0W KU-band Eutelsat 8 West B,Found
Sukariya zaman,1_0_1_1964_2BC_5000_DC00000_0_0_0.png,sukariyazaman.png,8.0W,(60) 8.0W KU-band Eutelsat 8 West B,Found
Suroyo TV,1_0_1_2E_C3B4_77E_DC00000_0_0_0.png,suroyotv.png,8.0W,(60) 8.0W KU-band Eutelsat 8 West B,Found
Syria TV,1_0_1_145A_320_5000_DC00000_0_0_0.png,syriatv.png,8.0W,(60) 8.0W KU-band Eutelsat 8 West B,Found
TANASUH EDUCATION TV,1_0_16_1C90_49_800_DC00000_0_0_0.png,tanasuheducationtv.png,8.0W,(60) 8.0W KU-band Eutelsat 8 West B,Found
TANASUH RADIO,1_0_2_1CA6_49_800_DC00000_0_0_0.png,tanasuhradio.png,8.0W,(60) 8.0W KU-band Eutelsat 8 West B,Found
TANASUH TV,1_0_16_1C8D_49_800_DC00000_0_0_0.png,tanasuhtv.png,8.0W,(60) 8.0W KU-band Eutelsat 8 West B,Found
TAYBA TV,1_0_1_1B5B_46_800_DC00000_0_0_0.png,taybatv.png,8.0W,(60) 8.0W KU-band Eutelsat 8 West B,Found
TEBA,1_0_1_1CEE_4A_800_DC00000_0_0_0.png,teba.png,8.0W,(60) 8.0W KU-band Eutelsat 8 West B,Found
TEST,1_0_1_7_3B_800_DC00000_0_0_0.png,test.png,8.0W,(60) 8.0W KU-band Eutelsat 8 West B,Found
TEST,1_0_1_196_4EE8_77E_DC00000_0_0_0.png,test.png,8.0W,(60) 8.0W KU-band Eutelsat 8 West B,Found
TRT World HD,1_0_19_187E_190_5000_DC00000_0_0_0.png,trtworldhd.png,8.0W,(60) 8.0W KU-band Eutelsat 8 West B,Found
TV ISLAAMA,1_0_1_13_C3B4_77E_DC00000_0_0_0.png,tvislaama.png,8.0W,(60) 8.0W KU-band Eutelsat 8 West B,Found
Tarabiyat Radio,1_0_1_A95_1_2A_DC00000_0_0_0.png,tarabiyatradio.png,8.0W,(60) 8.0W KU-band Eutelsat 8 West B,Found
Test,1_0_1_17_3B_800_DC00000_0_0_0.png,test.png,8.0W,(60) 8.0W KU-band Eutelsat 8 West B,Found
Test,1_0_1_1D4E_4B_800_DC00000_0_0_0.png,test.png,8.0W,(60) 8.0W KU-band Eutelsat 8 West B,Found
Test,1_0_1_1D4F_4B_800_DC00000_0_0_0.png,test.png,8.0W,(60) 8.0W KU-band Eutelsat 8 West B,Found
Test,1_0_1_1D50_4B_800_DC00000_0_0_0.png,test.png,8.0W,(60) 8.0W KU-band Eutelsat 8 West B,Found
Test,1_0_1_1D51_4B_800_DC00000_0_0_0.png,test.png,8.0W,(60) 8.0W KU-band Eutelsat 8 West B,Found
Test,1_0_1_1D52_4B_800_DC00000_0_0_0.png,test.png,8.0W,(60) 8.0W KU-band Eutelsat 8 West B,Found
Test,1_0_1_1D53_4B_800_DC00000_0_0_0.png,test.png,8.0W,(60) 8.0W KU-band Eutelsat 8 West B,Found
Test,1_0_1_1D54_4B_800_DC00000_0_0_0.png,test.png,8.0W,(60) 8.0W KU-band Eutelsat 8 West B,Found
Test,1_0_1_1D55_4B_800_DC00000_0_0_0.png,test.png,8.0W,(60) 8.0W KU-band Eutelsat 8 West B,Found
Test,1_0_1_1D56_4B_800_DC00000_0_0_0.png,test.png,8.0W,(60) 8.0W KU-band Eutelsat 8 West B,Found
Test,1_0_1_1B5C_46_800_DC00000_0_0_0.png,test.png,8.0W,(60) 8.0W KU-band Eutelsat 8 West B,Found
Test,1_0_1_1B5D_46_800_DC00000_0_0_0.png,test.png,8.0W,(60) 8.0W KU-band Eutelsat 8 West B,Found
Test,1_0_1_1B5E_46_800_DC00000_0_0_0.png,test.png,8.0W,(60) 8.0W KU-band Eutelsat 8 West B,Found
Test,1_0_1_1B61_46_800_DC00000_0_0_0.png,test.png,8.0W,(60) 8.0W KU-band Eutelsat 8 West B,Found
Test,1_0_1_1B62_46_800_DC00000_0_0_0.png,test.png,8.0W,(60) 8.0W KU-band Eutelsat 8 West B,Found
Test,1_0_1_1B63_46_800_DC00000_0_0_0.png,test.png,8.0W,(60) 8.0W KU-band Eutelsat 8 West B,Found
Test,1_0_1_1B64_46_800_DC00000_0_0_0.png,test.png,8.0W,(60) 8.0W KU-band Eutelsat 8 West B,Found
Test,1_0_1_1B65_46_800_DC00000_0_0_0.png,test.png,8.0W,(60) 8.0W KU-band Eutelsat 8 West B,Found
Test,1_0_1_1B66_46_800_DC00000_0_0_0.png,test.png,8.0W,(60) 8.0W KU-band Eutelsat 8 West B,Found
Test,1_0_1_1C93_49_800_DC00000_0_0_0.png,test.png,8.0W,(60) 8.0W KU-band Eutelsat 8 West B,Found
Test,1_0_1_1C9A_49_800_DC00000_0_0_0.png,test.png,8.0W,(60) 8.0W KU-band Eutelsat 8 West B,Found
Test,1_0_2_1D2E_4A_800_DC00000_0_0_0.png,test.png,8.0W,(60) 8.0W KU-band Eutelsat 8 West B,Found
Test,1_0_2_1D2F_4A_800_DC00000_0_0_0.png,test.png,8.0W,(60) 8.0W KU-band Eutelsat 8 West B,Found
Test,1_0_2_1D30_4A_800_DC00000_0_0_0.png,test.png,8.0W,(60) 8.0W KU-band Eutelsat 8 West B,Found
Test,1_0_2_1D31_4A_800_DC00000_0_0_0.png,test.png,8.0W,(60) 8.0W KU-band Eutelsat 8 West B,Found
Test,1_0_2_1B68_46_800_DC00000_0_0_0.png,test.png,8.0W,(60) 8.0W KU-band Eutelsat 8 West B,Found
Test,1_0_2_1B69_46_800_DC00000_0_0_0.png,test.png,8.0W,(60) 8.0W KU-band Eutelsat 8 West B,Found
Test,1_0_2_1B6A_46_800_DC00000_0_0_0.png,test.png,8.0W,(60) 8.0W KU-band Eutelsat 8 West B,Found
Test,1_0_2_1B6B_46_800_DC00000_0_0_0.png,test.png,8.0W,(60) 8.0W KU-band Eutelsat 8 West B,Found
Test,1_0_2_1B6C_46_800_DC00000_0_0_0.png,test.png,8.0W,(60) 8.0W KU-band Eutelsat 8 West B,Found
Test,1_0_19_1C96_49_800_DC00000_0_0_0.png,test.png,8.0W,(60) 8.0W KU-band Eutelsat 8 West B,Found
Test,1_0_19_1C97_49_800_DC00000_0_0_0.png,test.png,8.0W,(60) 8.0W KU-band Eutelsat 8 West B,Found
Test,1_0_19_1CF7_4A_800_DC00000_0_0_0.png,test.png,8.0W,(60) 8.0W KU-band Eutelsat 8 West B,Found
UTV Iraq,1_0_1_128E_1F4_5000_DC00000_0_0_0.png,utviraq.png,8.0W,(60) 8.0W KU-band Eutelsat 8 West B,Found
Voice of Palestine,1_0_A_1389_384_5000_DC00000_0_0_0.png,voiceofpalestine.png,8.0W,(60) 8.0W KU-band Eutelsat 8 West B,Found
Voice of Palestine HD,1_0_19_18E2_190_5000_DC00000_0_0_0.png,voiceofpalestinehd.png,8.0W,(60) 8.0W KU-band Eutelsat 8 West B,Found
WAAR HD,1_0_19_1284_1F4_5000_DC00000_0_0_0.png,waarhd.png,8.0W,(60) 8.0W KU-band Eutelsat 8 West B,Found
WATAN TV,1_0_1_604_FFDC_1_DC00000_0_0_0.png,watantv.png,8.0W,(60) 8.0W KU-band Eutelsat 8 West B,Found
West Elbalad Drama,1_0_1_19BE_2BC_5000_DC00000_0_0_0.png,westelbaladdrama.png,8.0W,(60) 8.0W KU-band Eutelsat 8 West B,Found
West Elbalad Zaman,1_0_1_1978_2BC_5000_DC00000_0_0_0.png,westelbaladzaman.png,8.0W,(60) 8.0W KU-band Eutelsat 8 West B,Found
YEMENIA TV,1_0_1_456_3B6_5000_DC00000_0_0_0.png,yemeniatv.png,8.0W,(60) 8.0W KU-band Eutelsat 8 West B,Found
Yemen Documentary,1_0_19_A9E_1_2A_DC00000_0_0_0.png,yemendocumentary.png,8.0W,(60) 8.0W KU-band Eutelsat 8 West B,Found
Yemen Education,1_0_1_5B4_FFDC_1_DC00000_0_0_0.png,yemeneducation.png,8.0W,(60) 8.0W KU-band Eutelsat 8 West B,Found
Yemen Radio,1_0_2_32_8_FFFF_DC00000_0_0_0.png,yemenradio.png,8.0W,(60) 8.0W KU-band Eutelsat 8 West B,Found
Zoom TV,1_0_19_410_3B6_5000_DC00000_0_0_0.png,zoomtv.png,8.0W,(60) 8.0W KU-band Eutelsat 8 West B,Found
al kafeel,1_0_2_1F54_1F4_5000_DC00000_0_0_0.png,alkafeel.png,8.0W,(60) 8.0W KU-band Eutelsat 8 West B,Found
al-khaleej alyoum,1_0_16_32A_3B6_5000_DC00000_0_0_0.png,alkhaleejalyoum.png,8.0W,(60) 8.0W KU-band Eutelsat 8 West B,Found
beIN 4K,1_0_19_899_12C_77E_DC00000_0_0_0.png,bein4k.png,8.0W,(60) 8.0W KU-band Eutelsat 8 West B,Found
beIN SPORTS,1_0_19_83A_C8_77E_DC00000_0_0_0.png,beinsports.png,8.0W,(60) 8.0W KU-band Eutelsat 8 West B,Found
beIN SPORTS 1,1_0_19_7D1_64_77E_DC00000_0_0_0.png,beinsports1.png,8.0W,(60) 8.0W KU-band Eutelsat 8 West B,Found
beIN SPORTS 2,1_0_19_7D2_64_77E_DC00000_0_0_0.png,beinsports2.png,8.0W,(60) 8.0W KU-band Eutelsat 8 West B,Found
beIN SPORTS 3,1_0_19_7D3_64_77E_DC00000_0_0_0.png,beinsports3.png,8.0W,(60) 8.0W KU-band Eutelsat 8 West B,Found
beIN SPORTS 4,1_0_19_836_C8_77E_DC00000_0_0_0.png,beinsports4.png,8.0W,(60) 8.0W KU-band Eutelsat 8 West B,Found
beIN SPORTS 5,1_0_19_7D4_64_77E_DC00000_0_0_0.png,beinsports5.png,8.0W,(60) 8.0W KU-band Eutelsat 8 West B,Found
beIN SPORTS 6,1_0_19_835_C8_77E_DC00000_0_0_0.png,beinsports6.png,8.0W,(60) 8.0W KU-band Eutelsat 8 West B,Found
beIN SPORTS 7,1_0_19_839_C8_77E_DC00000_0_0_0.png,beinsports7.png,8.0W,(60) 8.0W KU-band Eutelsat 8 West B,Found
beIN SPORTS 8,1_0_19_837_C8_77E_DC00000_0_0_0.png,beinsports8.png,8.0W,(60) 8.0W KU-band Eutelsat 8 West B,Found
beIN SPORTS MAX 2,1_0_19_7D6_64_77E_DC00000_0_0_0.png,beinsportsmax2.png,8.0W,(60) 8.0W KU-band Eutelsat 8 West B,Found
beIN SPORTS MAX 2,1_0_19_7D7_64_77E_DC00000_0_0_0.png,beinsportsmax2.png,8.0W,(60) 8.0W KU-band Eutelsat 8 West B,Found
beIN SPORTS MAX 3,1_0_19_7D5_64_77E_DC00000_0_0_0.png,beinsportsmax3.png,8.0W,(60) 8.0W KU-band Eutelsat 8 West B,Found
beIN SPORTS MAX 4,1_0_19_89C_12C_77E_DC00000_0_0_0.png,beinsportsmax4.png,8.0W,(60) 8.0W KU-band Eutelsat 8 West B,Found
beIN SPORTS XTRA 3,1_0_19_838_C8_77E_DC00000_0_0_0.png,beinsportsxtra3.png,8.0W,(60) 8.0W KU-band Eutelsat 8 West B,Found
beIN SPORTS XTRA 5,1_0_19_7D8_64_77E_DC00000_0_0_0.png,beinsportsxtra5.png,8.0W,(60) 8.0W KU-band Eutelsat 8 West B,Found
beIN SPORTS XTRA 6,1_0_19_89D_12C_77E_DC00000_0_0_0.png,beinsportsxtra6.png,8.0W,(60) 8.0W KU-band Eutelsat 8 West B,Found
beIN SPORTS XTRA 7,1_0_19_7D9_64_77E_DC00000_0_0_0.png,beinsportsxtra7.png,8.0W,(60) 8.0W KU-band Eutelsat 8 West B,Found
beIN SPORTS XTRA 8,1_0_19_89A_12C_77E_DC00000_0_0_0.png,beinsportsxtra8.png,8.0W,(60) 8.0W KU-band Eutelsat 8 West B,Found
beIN SPORTS XTRA 9,1_0_19_89B_12C_77E_DC00000_0_0_0.png,beinsportsxtra9.png,8.0W,(60) 8.0W KU-band Eutelsat 8 West B,Found
falestinona TV,1_0_16_474_3B6_5000_DC00000_0_0_0.png,falestinonatv.png,8.0W,(60) 8.0W KU-band Eutelsat 8 West B,Found
i24 News Arabic,1_0_1_622_FFDC_1_DC00000_0_0_0.png,i24newsarabic.png,8.0W,(60) 8.0W KU-band Eutelsat 8 West B,Found
iKA TV,1_0_16_41A_3B6_5000_DC00000_0_0_0.png,ikatv.png,8.0W,(60) 8.0W KU-band Eutelsat 8 West B,Found
spare,1_0_19_89E_12C_77E_DC00000_0_0_0.png,spare.png,8.0W,(60) 8.0W KU-band Eutelsat 8 West B,Found
spare,1_0_19_89F_12C_77E_DC00000_0_0_0.png,spare.png,8.0W,(60) 8.0W KU-band Eutelsat 8 West B,Found
spare,1_0_19_8A0_12C_77E_DC00000_0_0_0.png,spare.png,8.0W,(60) 8.0W KU-band Eutelsat 8 West B,Found
,1_0_1_2C1_7_800_DC90000_0_0_0.png,.png,7.1W,(61) 7.1W KU-band Nilesat 201/301 & Eutelsat 7 West A,Found
,1_0_1_2C5_7_800_DC90000_0_0_0.png,.png,7.1W,(61) 7.1W KU-band Nilesat 201/301 & Eutelsat 7 West A,Found
1 IRAQ Drama,1_0_1_13_1_FFFF_DC92A3F_0_0_0.png,1iraqdrama.png,7.1W,(61) 7.1W KU-band Nilesat 201/301 & Eutelsat 7 West A,Found
2M MAROC HD,1_0_1_169_C9_800_DC90000_0_0_0.png,2mmarochd.png,7.1W,(61) 7.1W KU-band Nilesat 201/301 & Eutelsat 7 West A,Found
2M Maroc,1_0_1_51C_D_800_DC90000_0_0_0.png,2mmaroc.png,7.1W,(61) 7.1W KU-band Nilesat 201/301 & Eutelsat 7 West A,Found
5 KIDS,1_0_19_638_10_800_DC90000_0_0_0.png,5kids.png,7.1W,(61) 7.1W KU-band Nilesat 201/301 & Eutelsat 7 West A,Found
A TV,1_0_1_C8C_20_800_DC90000_0_0_0.png,atv.png,7.1W,(61) 7.1W KU-band Nilesat 201/301 & Eutelsat 7 West A,Found
A3 HD,1_0_1_19_1_0_DC92DA0_0_0_0.png,a3hd.png,7.1W,(61) 7.1W KU-band Nilesat 201/301 & Eutelsat 7 West A,Found
AB IRAQ TV,1_0_1_A_1_FFFF_DC92A3F_0_0_0.png,abiraqtv.png,7.1W,(61) 7.1W KU-band Nilesat 201/301 & Eutelsat 7 West A,Found
AD Nat Geo HD,1_0_1_8_32_64_DC90000_0_0_0.png,adnatgeohd.png,7.1W,(61) 7.1W KU-band Nilesat 201/301 & Eutelsat 7 West A,Found
AD Sport 1 HD,1_0_1_5_32_64_DC90000_0_0_0.png,adsport1hd.png,7.1W,(61) 7.1W KU-band Nilesat 201/301 & Eutelsat 7 West A,Found
AD Sport 2 HD,1_0_1_6_32_64_DC90000_0_0_0.png,adsport2hd.png,7.1W,(61) 7.1W KU-band Nilesat 201/301 & Eutelsat 7 West A,Found
ADM R1,1_0_2_13_32_64_DC90000_0_0_0.png,admr1.png,7.1W,(61) 7.1W KU-band Nilesat 201/301 & Eutelsat 7 West A,Found
ADM R2,1_0_2_14_32_64_DC90000_0_0_0.png,admr2.png,7.1W,(61) 7.1W KU-band Nilesat 201/301 & Eutelsat 7 West A,Found
ADM R3,1_0_2_15_32_64_DC90000_0_0_0.png,admr3.png,7.1W,(61) 7.1W KU-band Nilesat 201/301 & Eutelsat 7 West A,Found
ADM R4,1_0_2_16_32_64_DC90000_0_0_0.png,admr4.png,7.1W,(61) 7.1W KU-band Nilesat 201/301 & Eutelsat 7 West A,Found
AFAQ TV,1_0_19_168_C9_800_DC90000_0_0_0.png,afaqtv.png,7.1W,(61) 7.1W KU-band Nilesat 201/301 & Eutelsat 7 West A,Found
AGHAPY TV,1_0_1_4_1_FFFF_DC92A3F_0_0_0.png,aghapytv.png,7.1W,(61) 7.1W KU-band Nilesat 201/301 & Eutelsat 7 West A,Found
AJMAN HD,1_0_19_191_10_6E_DC90000_0_0_0.png,ajmanhd.png,7.1W,(61) 7.1W KU-band Nilesat 201/301 & Eutelsat 7 West A,Found
AL AHAD HD,1_0_19_33_14_6E_DC90000_0_0_0.png,alahadhd.png,7.1W,(61) 7.1W KU-band Nilesat 201/301 & Eutelsat 7 West A,Found
AL AHAD VOICE,1_0_19_34_14_6E_DC90000_0_0_0.png,alahadvoice.png,7.1W,(61) 7.1W KU-band Nilesat 201/301 & Eutelsat 7 West A,Found
AL AMAL,1_0_A_14A_C23_6E_DC90000_0_0_0.png,alamal.png,7.1W,(61) 7.1W KU-band Nilesat 201/301 & Eutelsat 7 West A,Found
AL AYAM HD,1_0_19_2C_14_6E_DC90000_0_0_0.png,alayamhd.png,7.1W,(61) 7.1W KU-band Nilesat 201/301 & Eutelsat 7 West A,Found
AL BACHAEER RADIO,1_0_2_1B6C_17_6E_DC90000_0_0_0.png,albachaeerradio.png,7.1W,(61) 7.1W KU-band Nilesat 201/301 & Eutelsat 7 West A,Found
AL DAFRA HD,1_0_19_19D3_42_800_DC90000_0_0_0.png,aldafrahd.png,7.1W,(61) 7.1W KU-band Nilesat 201/301 & Eutelsat 7 West A,Found
AL ESHRAQ TV,1_0_1_139_C23_6E_DC90000_0_0_0.png,aleshraqtv.png,7.1W,(61) 7.1W KU-band Nilesat 201/301 & Eutelsat 7 West A,Found
AL HADATH HD,1_0_19_19C9_42_800_DC90000_0_0_0.png,alhadathhd.png,7.1W,(61) 7.1W KU-band Nilesat 201/301 & Eutelsat 7 West A,Found
AL HAQEQA AL DAWLIAH,1_0_1_299_8_800_DC90000_0_0_0.png,alhaqeqaaldawliah.png,7.1W,(61) 7.1W KU-band Nilesat 201/301 & Eutelsat 7 West A,Found
AL MAYADEEN TV,1_0_1_1B5B_17_6E_DC90000_0_0_0.png,almayadeentv.png,7.1W,(61) 7.1W KU-band Nilesat 201/301 & Eutelsat 7 West A,Found
AL NADA TV,1_0_1_8A5_16_800_DC90000_0_0_0.png,alnadatv.png,7.1W,(61) 7.1W KU-band Nilesat 201/301 & Eutelsat 7 West A,Found
AL NAHRAIN TV,1_0_1_2BF_7_800_DC90000_0_0_0.png,alnahraintv.png,7.1W,(61) 7.1W KU-band Nilesat 201/301 & Eutelsat 7 West A,Found
AL NOJABA TV,1_0_1_C_14_6E_DC90000_0_0_0.png,alnojabatv.png,7.1W,(61) 7.1W KU-band Nilesat 201/301 & Eutelsat 7 West A,Found
AL Oula HD,1_0_19_1F6_5_800_DC90000_0_0_0.png,aloulahd.png,7.1W,(61) 7.1W KU-band Nilesat 201/301 & Eutelsat 7 West A,Found
AL RAHMA,1_0_1_1F41_12_6E_DC90000_0_0_0.png,alrahma.png,7.1W,(61) 7.1W KU-band Nilesat 201/301 & Eutelsat 7 West A,Found
AL RASHEED RADIO,1_0_A_14_9C7C_77E_DC90000_0_0_0.png,alrasheedradio.png,7.1W,(61) 7.1W KU-band Nilesat 201/301 & Eutelsat 7 West A,Found
AL RASHEED TV HD,1_0_19_4_9C7C_77E_DC90000_0_0_0.png,alrasheedtvhd.png,7.1W,(61) 7.1W KU-band Nilesat 201/301 & Eutelsat 7 West A,Found
AL Resala,1_0_1_83D_15_800_DC90000_0_0_0.png,alresala.png,7.1W,(61) 7.1W KU-band Nilesat 201/301 & Eutelsat 7 West A,Found
AL SABAH,1_0_1_454_B_800_DC90000_0_0_0.png,alsabah.png,7.1W,(61) 7.1W KU-band Nilesat 201/301 & Eutelsat 7 West A,Found
AL SABAH,1_0_1_AFB_1C_800_DC90000_0_0_0.png,alsabah.png,7.1W,(61) 7.1W KU-band Nilesat 201/301 & Eutelsat 7 West A,Found
AL SHARQIYA HD,1_0_19_1_9C7C_77E_DC90000_0_0_0.png,alsharqiyahd.png,7.1W,(61) 7.1W KU-band Nilesat 201/301 & Eutelsat 7 West A,Found
AL SHARQIYA HD,1_0_19_716_12_800_DC90000_0_0_0.png,alsharqiyahd.png,7.1W,(61) 7.1W KU-band Nilesat 201/301 & Eutelsat 7 West A,Found
AL SHARQIYA NEWS HD,1_0_1_21_14_6E_DC90000_0_0_0.png,alsharqiyanewshd.png,7.1W,(61) 7.1W KU-band Nilesat 201/301 & Eutelsat 7 West A,Found
AL SIRAT TV,1_0_1_DF_C21_6E_DC90000_0_0_0.png,alsirattv.png,7.1W,(61) 7.1W KU-band Nilesat 201/301 & Eutelsat 7 West A,Found
AL SUMARIA HD,1_0_19_5_9C7C_77E_DC90000_0_0_0.png,alsumariahd.png,7.1W,(61) 7.1W KU-band Nilesat 201/301 & Eutelsat 7 West A,Found
AL Shams,1_0_1_899_16_800_DC90000_0_0_0.png,alshams.png,7.1W,(61) 7.1W KU-band Nilesat 201/301 & Eutelsat 7 West A,Found
AL THAQALAYN TV,1_0_11_130_C23_6E_DC90000_0_0_0.png,althaqalayntv.png,7.1W,(61) 7.1W KU-band Nilesat 201/301 & Eutelsat 7 West A,Found
AL oula,1_0_1_1F5_5_800_DC90000_0_0_0.png,aloula.png,7.1W,(61) 7.1W KU-band Nilesat 201/301 & Eutelsat 7 West A,Found
AL-AKHBAR,1_0_19_44E_7594_77E_DC90000_0_0_0.png,alakhbar.png,7.1W,(61) 7.1W KU-band Nilesat 201/301 & Eutelsat 7 West A,Found
AL-Aghani,1_0_2_234_5_800_DC90000_0_0_0.png,alaghani.png,7.1W,(61) 7.1W KU-band Nilesat 201/301 & Eutelsat 7 West A,Found
AL-Anbar,1_0_1_8A9_16_800_DC90000_0_0_0.png,alanbar.png,7.1W,(61) 7.1W KU-band Nilesat 201/301 & Eutelsat 7 West A,Found
AL-Bernameg AL-moussekey,1_0_2_233_5_800_DC90000_0_0_0.png,albernamegalmoussekey.png,7.1W,(61) 7.1W KU-band Nilesat 201/301 & Eutelsat 7 West A,Found
AL-Kahera Al-Kobra,1_0_2_232_5_800_DC90000_0_0_0.png,alkaheraalkobra.png,7.1W,(61) 7.1W KU-band Nilesat 201/301 & Eutelsat 7 West A,Found
AL-MUSTAKILA,1_0_1_4B5_A0F0_396_DC90000_0_0_0.png,almustakila.png,7.1W,(61) 7.1W KU-band Nilesat 201/301 & Eutelsat 7 West A,Found
AL-Quran AL_Karem,1_0_2_228_5_800_DC90000_0_0_0.png,alquranalkarem.png,7.1W,(61) 7.1W KU-band Nilesat 201/301 & Eutelsat 7 West A,Found
AL24 News,1_0_1_7F0_11_6E_DC90000_0_0_0.png,al24news.png,7.1W,(61) 7.1W KU-band Nilesat 201/301 & Eutelsat 7 West A,Found
ALFATH TV,1_0_1_642_10_800_DC90000_0_0_0.png,alfathtv.png,7.1W,(61) 7.1W KU-band Nilesat 201/301 & Eutelsat 7 West A,Found
ALHOUDA,1_0_2_E8_C21_6E_DC90000_0_0_0.png,alhouda.png,7.1W,(61) 7.1W KU-band Nilesat 201/301 & Eutelsat 7 West A,Found
ALISTIQAMA TV,1_0_1_338_8_800_DC90000_0_0_0.png,alistiqamatv.png,7.1W,(61) 7.1W KU-band Nilesat 201/301 & Eutelsat 7 West A,Found
ALMAWQEF TV,1_0_1_167_C9_800_DC90000_0_0_0.png,almawqeftv.png,7.1W,(61) 7.1W KU-band Nilesat 201/301 & Eutelsat 7 West A,Found
ALMAYADEEN PLUS,1_0_1_8_1_FFFF_DC92A3F_0_0_0.png,almayadeenplus.png,7.1W,(61) 7.1W KU-band Nilesat 201/301 & Eutelsat 7 West A,Found
ALNAEEM TV,1_0_1_149_C23_6E_DC90000_0_0_0.png,alnaeemtv.png,7.1W,(61) 7.1W KU-band Nilesat 201/301 & Eutelsat 7 West A,Found
ALRAHMAN,1_0_1_29D_8_800_DC90000_0_0_0.png,alrahman.png,7.1W,(61) 7.1W KU-band Nilesat 201/301 & Eutelsat 7 West A,Found
ALSHABAB,1_0_19_1CB_10_6E_DC90000_0_0_0.png,alshabab.png,7.1W,(61) 7.1W KU-band Nilesat 201/301 & Eutelsat 7 West A,Found
ALSahraa HD,1_0_19_C8E_20_800_DC90000_0_0_0.png,alsahraahd.png,7.1W,(61) 7.1W KU-band Nilesat 201/301 & Eutelsat 7 West A,Found
ALWATAN TV,1_0_19_1B72_17_6E_DC90000_0_0_0.png,alwatantv.png,7.1W,(61) 7.1W KU-band Nilesat 201/301 & Eutelsat 7 West A,Found
ALhayah ALaan,1_0_1_C8F_20_800_DC90000_0_0_0.png,alhayahalaan.png,7.1W,(61) 7.1W KU-band Nilesat 201/301 & Eutelsat 7 West A,Found
ALhayat,1_0_1_C84_20_800_DC90000_0_0_0.png,alhayat.png,7.1W,(61) 7.1W KU-band Nilesat 201/301 & Eutelsat 7 West A,Found
ANC,1_0_1_E0_2_800_DC90000_0_0_0.png,anc.png,7.1W,(61) 7.1W KU-band Nilesat 201/301 & Eutelsat 7 West A,Found
ARZKR!,1_0_1_2D1_7_800_DC90000_0_0_0.png,arzkr.png,7.1W,(61) 7.1W KU-band Nilesat 201/301 & Eutelsat 7 West A,Found
AVA TV,1_0_1_3E9_320_800_DC90000_0_0_0.png,avatv.png,7.1W,(61) 7.1W KU-band Nilesat 201/301 & Eutelsat 7 West A,Found
Abu Dhabi TV HD,1_0_1_1_32_64_DC90000_0_0_0.png,abudhabitvhd.png,7.1W,(61) 7.1W KU-band Nilesat 201/301 & Eutelsat 7 West A,Found
Aden Almustakilla,1_0_1_4BA_A0F0_396_DC90000_0_0_0.png,adenalmustakilla.png,7.1W,(61) 7.1W KU-band Nilesat 201/301 & Eutelsat 7 West A,Found
Aden Almustakilla,1_0_19_2C1_9EFC_77E_DC90000_0_0_0.png,adenalmustakilla.png,7.1W,(61) 7.1W KU-band Nilesat 201/301 & Eutelsat 7 West A,Found
Aden TV,1_0_19_51D_D_800_DC90000_0_0_0.png,adentv.png,7.1W,(61) 7.1W KU-band Nilesat 201/301 & Eutelsat 7 West A,Found
Al Ahly HD,1_0_19_6A_1_800_DC90000_0_0_0.png,alahlyhd.png,7.1W,(61) 7.1W KU-band Nilesat 201/301 & Eutelsat 7 West A,Found
Al Ahly SD,1_0_1_71_1_800_DC90000_0_0_0.png,alahlysd.png,7.1W,(61) 7.1W KU-band Nilesat 201/301 & Eutelsat 7 West A,Found
Al Alam Syria,1_0_16_C8D_20_800_DC90000_0_0_0.png,alalamsyria.png,7.1W,(61) 7.1W KU-band Nilesat 201/301 & Eutelsat 7 West A,Found
Al Aoula inter,1_0_1_C8A_20_800_DC90000_0_0_0.png,alaoulainter.png,7.1W,(61) 7.1W KU-band Nilesat 201/301 & Eutelsat 7 West A,Found
Al Arabiya,1_0_1_6B_1_800_DC90000_0_0_0.png,alarabiya.png,7.1W,(61) 7.1W KU-band Nilesat 201/301 & Eutelsat 7 West A,Found
Al Araby 2 HD,1_0_1_2C2_7_800_DC90000_0_0_0.png,alaraby2hd.png,7.1W,(61) 7.1W KU-band Nilesat 201/301 & Eutelsat 7 West A,Found
Al Basira,1_0_1_10_1_FFFF_DC92A3F_0_0_0.png,albasira.png,7.1W,(61) 7.1W KU-band Nilesat 201/301 & Eutelsat 7 West A,Found
Al Ekhbaria HD,1_0_1_A2C_1A_2BE_DC90000_0_0_0.png,alekhbariahd.png,7.1W,(61) 7.1W KU-band Nilesat 201/301 & Eutelsat 7 West A,Found
Al Emarat TV HD,1_0_1_2_32_64_DC90000_0_0_0.png,alemarattvhd.png,7.1W,(61) 7.1W KU-band Nilesat 201/301 & Eutelsat 7 West A,Found
Al Etejah TV,1_0_19_3FA_320_800_DC90000_0_0_0.png,aletejahtv.png,7.1W,(61) 7.1W KU-band Nilesat 201/301 & Eutelsat 7 West A,Found
Al Fath Al3amh,1_0_1_652_10_800_DC90000_0_0_0.png,alfathal3amh.png,7.1W,(61) 7.1W KU-band Nilesat 201/301 & Eutelsat 7 West A,Found
Al Fath Sonnah TV,1_0_1_647_10_800_DC90000_0_0_0.png,alfathsonnahtv.png,7.1W,(61) 7.1W KU-band Nilesat 201/301 & Eutelsat 7 West A,Found
Al Ghad HD,1_0_19_651_10_800_DC90000_0_0_0.png,alghadhd.png,7.1W,(61) 7.1W KU-band Nilesat 201/301 & Eutelsat 7 West A,Found
Al Ghadeer,1_0_1_4_14_6E_DC90000_0_0_0.png,alghadeer.png,7.1W,(61) 7.1W KU-band Nilesat 201/301 & Eutelsat 7 West A,Found
Al Hayat,1_0_1_1B5E_17_6E_DC90000_0_0_0.png,alhayat.png,7.1W,(61) 7.1W KU-band Nilesat 201/301 & Eutelsat 7 West A,Found
Al Kahera Wal Nas,1_0_1_1EA_5_800_DC90000_0_0_0.png,alkaherawalnas.png,7.1W,(61) 7.1W KU-band Nilesat 201/301 & Eutelsat 7 West A,Found
Al Karma Family,1_0_1_1B_1_FFFF_DC92A3F_0_0_0.png,alkarmafamily.png,7.1W,(61) 7.1W KU-band Nilesat 201/301 & Eutelsat 7 West A,Found
Al Mashhad,1_0_19_19DA_42_800_DC90000_0_0_0.png,almashhad.png,7.1W,(61) 7.1W KU-band Nilesat 201/301 & Eutelsat 7 West A,Found
Al Masryia HD,1_0_19_89C_16_800_DC90000_0_0_0.png,almasryiahd.png,7.1W,(61) 7.1W KU-band Nilesat 201/301 & Eutelsat 7 West A,Found
Al Nas,1_0_1_8A4_16_800_DC90000_0_0_0.png,alnas.png,7.1W,(61) 7.1W KU-band Nilesat 201/301 & Eutelsat 7 West A,Found
Al Qahera News,1_0_19_69_1_800_DC90000_0_0_0.png,alqaheranews.png,7.1W,(61) 7.1W KU-band Nilesat 201/301 & Eutelsat 7 West A,Found
Al Qahera News SD,1_0_1_66_1_800_DC90000_0_0_0.png,alqaheranewssd.png,7.1W,(61) 7.1W KU-band Nilesat 201/301 & Eutelsat 7 West A,Found
Al Quds Al Yawm,1_0_1_6_1_FFFF_DC92A3F_0_0_0.png,alqudsalyawm.png,7.1W,(61) 7.1W KU-band Nilesat 201/301 & Eutelsat 7 West A,Found
Al Quran,1_0_19_1C9_10_6E_DC90000_0_0_0.png,alquran.png,7.1W,(61) 7.1W KU-band Nilesat 201/301 & Eutelsat 7 West A,Found
Al Rabiaa TV,1_0_19_31_14_6E_DC90000_0_0_0.png,alrabiaatv.png,7.1W,(61) 7.1W KU-band Nilesat 201/301 & Eutelsat 7 West A,Found
Al Shams Drama,1_0_1_520_D_800_DC90000_0_0_0.png,alshamsdrama.png,7.1W,(61) 7.1W KU-band Nilesat 201/301 & Eutelsat 7 West A,Found
Al TALEAA HD,1_0_19_2CB_9EFC_77E_DC90000_0_0_0.png,altaleaahd.png,7.1W,(61) 7.1W KU-band Nilesat 201/301 & Eutelsat 7 West A,Found
Al Thania,1_0_1_B0A_1C_800_DC90000_0_0_0.png,althania.png,7.1W,(61) 7.1W KU-band Nilesat 201/301 & Eutelsat 7 West A,Found
Al Thaqafiya HD,1_0_19_68_D28C_77E_DC90000_0_0_0.png,althaqafiyahd.png,7.1W,(61) 7.1W KU-band Nilesat 201/301 & Eutelsat 7 West A,Found
Al Wathaeqya,1_0_19_902_17_800_DC90000_0_0_0.png,alwathaeqya.png,7.1W,(61) 7.1W KU-band Nilesat 201/301 & Eutelsat 7 West A,Found
Al joumhouriya,1_0_19_89B_16_800_DC90000_0_0_0.png,aljoumhouriya.png,7.1W,(61) 7.1W KU-band Nilesat 201/301 & Eutelsat 7 West A,Found
Al-Arabiya Alhadath,1_0_1_6C_1_800_DC90000_0_0_0.png,alarabiyaalhadath.png,7.1W,(61) 7.1W KU-band Nilesat 201/301 & Eutelsat 7 West A,Found
Al-Burhan Rukia TV,1_0_1_32E_8_800_DC90000_0_0_0.png,alburhanrukiatv.png,7.1W,(61) 7.1W KU-band Nilesat 201/301 & Eutelsat 7 West A,Found
Al-Ganob,1_0_19_25A_6_800_DC90000_0_0_0.png,alganob.png,7.1W,(61) 7.1W KU-band Nilesat 201/301 & Eutelsat 7 West A,Found
Al-Majd3,1_0_1_8AA_16_800_DC90000_0_0_0.png,almajd3.png,7.1W,(61) 7.1W KU-band Nilesat 201/301 & Eutelsat 7 West A,Found
Al-Nahar Drama,1_0_1_70A_12_800_DC90000_0_0_0.png,alnahardrama.png,7.1W,(61) 7.1W KU-band Nilesat 201/301 & Eutelsat 7 West A,Found
Al-Nahar Life,1_0_1_6E_1_800_DC90000_0_0_0.png,alnaharlife.png,7.1W,(61) 7.1W KU-band Nilesat 201/301 & Eutelsat 7 West A,Found
Al-Nahar One,1_0_1_709_12_800_DC90000_0_0_0.png,alnaharone.png,7.1W,(61) 7.1W KU-band Nilesat 201/301 & Eutelsat 7 West A,Found
AlAraby2,1_0_1_B07_1C_800_DC90000_0_0_0.png,alaraby2.png,7.1W,(61) 7.1W KU-band Nilesat 201/301 & Eutelsat 7 West A,Found
AlHadath Alyoum,1_0_1_458_B_800_DC90000_0_0_0.png,alhadathalyoum.png,7.1W,(61) 7.1W KU-band Nilesat 201/301 & Eutelsat 7 West A,Found
AlHayat 3,1_0_1_C89_20_800_DC90000_0_0_0.png,alhayat3.png,7.1W,(61) 7.1W KU-band Nilesat 201/301 & Eutelsat 7 West A,Found
AlHayat HD,1_0_19_C88_20_800_DC90000_0_0_0.png,alhayathd.png,7.1W,(61) 7.1W KU-band Nilesat 201/301 & Eutelsat 7 West A,Found
AlHayat Sport,1_0_1_C8B_20_800_DC90000_0_0_0.png,alhayatsport.png,7.1W,(61) 7.1W KU-band Nilesat 201/301 & Eutelsat 7 West A,Found
AlKarma Praise,1_0_1_3F9_320_800_DC90000_0_0_0.png,alkarmapraise.png,7.1W,(61) 7.1W KU-band Nilesat 201/301 & Eutelsat 7 West A,Found
AlSaeedah,1_0_1_648_10_800_DC90000_0_0_0.png,alsaeedah.png,7.1W,(61) 7.1W KU-band Nilesat 201/301 & Eutelsat 7 West A,Found
Alatawla Cinema,1_0_1_2_1_FFFF_DC92A3F_0_0_0.png,alatawlacinema.png,7.1W,(61) 7.1W KU-band Nilesat 201/301 & Eutelsat 7 West A,Found
Alatawla Hekayat,1_0_1_F_1_FFFF_DC92A3F_0_0_0.png,alatawlahekayat.png,7.1W,(61) 7.1W KU-band Nilesat 201/301 & Eutelsat 7 West A,Found
Alatwla Drama,1_0_1_C_1_FFFF_DC92A3F_0_0_0.png,alatwladrama.png,7.1W,(61) 7.1W KU-band Nilesat 201/301 & Eutelsat 7 West A,Found
Algerian 4Kids,1_0_1_7FB_11_6E_DC90000_0_0_0.png,algerian4kids.png,7.1W,(61) 7.1W KU-band Nilesat 201/301 & Eutelsat 7 West A,Found
Alhayat Muslsalat,1_0_1_70F_12_800_DC90000_0_0_0.png,alhayatmuslsalat.png,7.1W,(61) 7.1W KU-band Nilesat 201/301 & Eutelsat 7 West A,Found
Alhayat We Alnas,1_0_1_C87_20_800_DC90000_0_0_0.png,alhayatwealnas.png,7.1W,(61) 7.1W KU-band Nilesat 201/301 & Eutelsat 7 West A,Found
Alhuseinya Radio,1_0_2_1AC_10_6E_DC90000_0_0_0.png,alhuseinyaradio.png,7.1W,(61) 7.1W KU-band Nilesat 201/301 & Eutelsat 7 West A,Found
Alhwanem Drama,1_0_1_22_1_FFFF_DC92A3F_0_0_0.png,alhwanemdrama.png,7.1W,(61) 7.1W KU-band Nilesat 201/301 & Eutelsat 7 West A,Found
Aliman TV,1_0_1_1B64_17_6E_DC90000_0_0_0.png,alimantv.png,7.1W,(61) 7.1W KU-band Nilesat 201/301 & Eutelsat 7 West A,Found
Aljanub TV,1_0_19_138_C23_6E_DC90000_0_0_0.png,aljanubtv.png,7.1W,(61) 7.1W KU-band Nilesat 201/301 & Eutelsat 7 West A,Found
Alkalema,1_0_1_29_1_FFFF_DC92A3F_0_0_0.png,alkalema.png,7.1W,(61) 7.1W KU-band Nilesat 201/301 & Eutelsat 7 West A,Found
Alkarma Discipleship,1_0_1_1B5A_17_6E_DC90000_0_0_0.png,alkarmadiscipleship.png,7.1W,(61) 7.1W KU-band Nilesat 201/301 & Eutelsat 7 West A,Found
Alkass four HD,1_0_1_9CB_19_800_DC90000_0_0_0.png,alkassfourhd.png,7.1W,(61) 7.1W KU-band Nilesat 201/301 & Eutelsat 7 West A,Found
Alkass one HD,1_0_1_9C5_19_800_DC90000_0_0_0.png,alkassonehd.png,7.1W,(61) 7.1W KU-band Nilesat 201/301 & Eutelsat 7 West A,Found
Alkass three HD,1_0_1_9C7_19_800_DC90000_0_0_0.png,alkassthreehd.png,7.1W,(61) 7.1W KU-band Nilesat 201/301 & Eutelsat 7 West A,Found
Alkass three HD,1_0_19_963_1F4_77E_DC90000_0_0_0.png,alkassthreehd.png,7.1W,(61) 7.1W KU-band Nilesat 201/301 & Eutelsat 7 West A,Found
Alkass two HD,1_0_1_9C6_19_800_DC90000_0_0_0.png,alkasstwohd.png,7.1W,(61) 7.1W KU-band Nilesat 201/301 & Eutelsat 7 West A,Found
Alkass two HD,1_0_19_962_1F4_77E_DC90000_0_0_0.png,alkasstwohd.png,7.1W,(61) 7.1W KU-band Nilesat 201/301 & Eutelsat 7 West A,Found
Almaaref TV HD,1_0_1_193_C23_6E_DC90000_0_0_0.png,almaareftvhd.png,7.1W,(61) 7.1W KU-band Nilesat 201/301 & Eutelsat 7 West A,Found
Almagd TV,1_0_1_16_1_FFFF_DC92A3F_0_0_0.png,almagdtv.png,7.1W,(61) 7.1W KU-band Nilesat 201/301 & Eutelsat 7 West A,Found
Almajd General,1_0_1_155_C9_800_DC90000_0_0_0.png,almajdgeneral.png,7.1W,(61) 7.1W KU-band Nilesat 201/301 & Eutelsat 7 West A,Found
Almamlaka TV,1_0_1_345_8_800_DC90000_0_0_0.png,almamlakatv.png,7.1W,(61) 7.1W KU-band Nilesat 201/301 & Eutelsat 7 West A,Found
Almasrawya TV,1_0_1_1F57_12_6E_DC90000_0_0_0.png,almasrawyatv.png,7.1W,(61) 7.1W KU-band Nilesat 201/301 & Eutelsat 7 West A,Found
Alrabaa SD Radio,1_0_1_195_10_6E_DC90000_0_0_0.png,alrabaasdradio.png,7.1W,(61) 7.1W KU-band Nilesat 201/301 & Eutelsat 7 West A,Found
Alsay3da,1_0_1_32_1_FFFF_DC92A3F_0_0_0.png,alsay3da.png,7.1W,(61) 7.1W KU-band Nilesat 201/301 & Eutelsat 7 West A,Found
Alsouriya tv,1_0_1_33F_7_800_DC90000_0_0_0.png,alsouriyatv.png,7.1W,(61) 7.1W KU-band Nilesat 201/301 & Eutelsat 7 West A,Found
Althanya,1_0_1_89E_16_800_DC90000_0_0_0.png,althanya.png,7.1W,(61) 7.1W KU-band Nilesat 201/301 & Eutelsat 7 West A,Found
Amman TV,1_0_1_320_8_800_DC90000_0_0_0.png,ammantv.png,7.1W,(61) 7.1W KU-band Nilesat 201/301 & Eutelsat 7 West A,Found
Ana Sooria,1_0_19_1CE_10_6E_DC90000_0_0_0.png,anasooria.png,7.1W,(61) 7.1W KU-band Nilesat 201/301 & Eutelsat 7 West A,Found
Angel TV,1_0_16_16A_C9_800_DC90000_0_0_0.png,angeltv.png,7.1W,(61) 7.1W KU-band Nilesat 201/301 & Eutelsat 7 West A,Found
Animal Planet HD,1_0_19_1199_2D_800_DC90000_0_0_0.png,animalplanethd.png,7.1W,(61) 7.1W KU-band Nilesat 201/301 & Eutelsat 7 West A,Found
Arirang HD,1_0_19_19DB_42_800_DC90000_0_0_0.png,ariranghd.png,7.1W,(61) 7.1W KU-band Nilesat 201/301 & Eutelsat 7 West A,Found
Aryen TV,1_0_1_3FB_320_800_DC90000_0_0_0.png,aryentv.png,7.1W,(61) 7.1W KU-band Nilesat 201/301 & Eutelsat 7 West A,Found
Asharq Discovery,1_0_1_13_9C68_77E_DC90000_0_0_0.png,asharqdiscovery.png,7.1W,(61) 7.1W KU-band Nilesat 201/301 & Eutelsat 7 West A,Found
Asharq Documentary,1_0_1_12_9C68_77E_DC90000_0_0_0.png,asharqdocumentary.png,7.1W,(61) 7.1W KU-band Nilesat 201/301 & Eutelsat 7 West A,Found
Asharq News Channel,1_0_1_11_9C68_77E_DC90000_0_0_0.png,asharqnewschannel.png,7.1W,(61) 7.1W KU-band Nilesat 201/301 & Eutelsat 7 West A,Found
Asharq News Channel HD,1_0_19_65_D098_77E_DC90000_0_0_0.png,asharqnewschannelhd.png,7.1W,(61) 7.1W KU-band Nilesat 201/301 & Eutelsat 7 West A,Found
Atfal Mawaheb,1_0_16_161_C9_800_DC90000_0_0_0.png,atfalmawaheb.png,7.1W,(61) 7.1W KU-band Nilesat 201/301 & Eutelsat 7 West A,Found
Ayozat TV,1_0_1_200_9E34_77E_DC90000_0_0_0.png,ayozattv.png,7.1W,(61) 7.1W KU-band Nilesat 201/301 & Eutelsat 7 West A,Found
Azhari,1_0_1_203_5_800_DC90000_0_0_0.png,azhari.png,7.1W,(61) 7.1W KU-band Nilesat 201/301 & Eutelsat 7 West A,Found
BAGHDAD TV,1_0_19_B03_1C_800_DC90000_0_0_0.png,baghdadtv.png,7.1W,(61) 7.1W KU-band Nilesat 201/301 & Eutelsat 7 West A,Found
BAGHDAD TV,1_0_19_C_9C7C_77E_DC90000_0_0_0.png,baghdadtv.png,7.1W,(61) 7.1W KU-band Nilesat 201/301 & Eutelsat 7 West A,Found
BANGAWAZ TV,1_0_1_3F5_320_800_DC90000_0_0_0.png,bangawaztv.png,7.1W,(61) 7.1W KU-band Nilesat 201/301 & Eutelsat 7 West A,Found
BBC Arabic,1_0_1_C83_20_800_DC90000_0_0_0.png,bbcarabic.png,7.1W,(61) 7.1W KU-band Nilesat 201/301 & Eutelsat 7 West A,Found
BBC News TV,1_0_1_20A_5_800_DC90000_0_0_0.png,bbcnewstv.png,7.1W,(61) 7.1W KU-band Nilesat 201/301 & Eutelsat 7 West A,Found
Bahia TV,1_0_1_7E8_11_6E_DC90000_0_0_0.png,bahiatv.png,7.1W,(61) 7.1W KU-band Nilesat 201/301 & Eutelsat 7 West A,Found
Bare Knuckle Fighting,1_0_1_1FA_9E34_77E_DC90000_0_0_0.png,bareknucklefighting.png,7.1W,(61) 7.1W KU-band Nilesat 201/301 & Eutelsat 7 West A,Found
Basma Radio,1_0_2_1CC_10_6E_DC90000_0_0_0.png,basmaradio.png,7.1W,(61) 7.1W KU-band Nilesat 201/301 & Eutelsat 7 West A,Found
Baynounah TV,1_0_1_A_32_64_DC90000_0_0_0.png,baynounahtv.png,7.1W,(61) 7.1W KU-band Nilesat 201/301 & Eutelsat 7 West A,Found
Beit ElDrama,1_0_1_38_1_FFFF_DC92A3F_0_0_0.png,beiteldrama.png,7.1W,(61) 7.1W KU-band Nilesat 201/301 & Eutelsat 7 West A,Found
Beity TV,1_0_1_2BC_7_800_DC90000_0_0_0.png,beitytv.png,7.1W,(61) 7.1W KU-band Nilesat 201/301 & Eutelsat 7 West A,Found
Blippi and Friends,1_0_1_CE_2_800_DC90000_0_0_0.png,blippiandfriends.png,7.1W,(61) 7.1W KU-band Nilesat 201/301 & Eutelsat 7 West A,Found
Bloomberg,1_0_1_C9_2_800_DC90000_0_0_0.png,bloomberg.png,7.1W,(61) 7.1W KU-band Nilesat 201/301 & Eutelsat 7 West A,Found
Bloomberg Originals,1_0_1_11A0_2D_800_DC90000_0_0_0.png,bloombergoriginals.png,7.1W,(61) 7.1W KU-band Nilesat 201/301 & Eutelsat 7 West A,Found
C I,1_0_1_D4_2_800_DC90000_0_0_0.png,ci.png,7.1W,(61) 7.1W KU-band Nilesat 201/301 & Eutelsat 7 West A,Found
CATV,1_0_1_10_9C68_77E_DC90000_0_0_0.png,catv.png,7.1W,(61) 7.1W KU-band Nilesat 201/301 & Eutelsat 7 West A,Found
CBC,1_0_1_70B_12_800_DC90000_0_0_0.png,cbc.png,7.1W,(61) 7.1W KU-band Nilesat 201/301 & Eutelsat 7 West A,Found
CBC Drama,1_0_1_70D_12_800_DC90000_0_0_0.png,cbcdrama.png,7.1W,(61) 7.1W KU-band Nilesat 201/301 & Eutelsat 7 West A,Found
CBC Sofra,1_0_1_70C_12_800_DC90000_0_0_0.png,cbcsofra.png,7.1W,(61) 7.1W KU-band Nilesat 201/301 & Eutelsat 7 West A,Found
CGTN,1_0_1_516_D_800_DC90000_0_0_0.png,cgtn.png,7.1W,(61) 7.1W KU-band Nilesat 201/301 & Eutelsat 7 West A,Found
CGTN-Arabic,1_0_1_51E_D_800_DC90000_0_0_0.png,cgtnarabic.png,7.1W,(61) 7.1W KU-band Nilesat 201/301 & Eutelsat 7 West A,Found
CHADA TV,1_0_1_8_9C7C_77E_DC90000_0_0_0.png,chadatv.png,7.1W,(61) 7.1W KU-band Nilesat 201/301 & Eutelsat 7 West A,Found
CIRA TV,1_0_19_3F2_320_800_DC90000_0_0_0.png,ciratv.png,7.1W,(61) 7.1W KU-band Nilesat 201/301 & Eutelsat 7 West A,Found
CN ARABIA,1_0_1_C_9C68_77E_DC90000_0_0_0.png,cnarabia.png,7.1W,(61) 7.1W KU-band Nilesat 201/301 & Eutelsat 7 West A,Found
CNN HD,1_0_19_1198_2D_800_DC90000_0_0_0.png,cnnhd.png,7.1W,(61) 7.1W KU-band Nilesat 201/301 & Eutelsat 7 West A,Found
Canal algerie HD,1_0_1_2_1_0_DC92DA0_0_0_0.png,canalalgeriehd.png,7.1W,(61) 7.1W KU-band Nilesat 201/301 & Eutelsat 7 West A,Found
Cartoon Network HD,1_0_19_119B_2D_800_DC90000_0_0_0.png,cartoonnetworkhd.png,7.1W,(61) 7.1W KU-band Nilesat 201/301 & Eutelsat 7 West A,Found
Cima,1_0_1_2BD_7_800_DC90000_0_0_0.png,cima.png,7.1W,(61) 7.1W KU-band Nilesat 201/301 & Eutelsat 7 West A,Found
CineMo,1_0_1_DF_2_800_DC90000_0_0_0.png,cinemo.png,7.1W,(61) 7.1W KU-band Nilesat 201/301 & Eutelsat 7 West A,Found
Cinema One Global TV,1_0_1_D8_2_800_DC90000_0_0_0.png,cinemaoneglobaltv.png,7.1W,(61) 7.1W KU-band Nilesat 201/301 & Eutelsat 7 West A,Found
Cricket Gold,1_0_1_1F9_9E34_77E_DC90000_0_0_0.png,cricketgold.png,7.1W,(61) 7.1W KU-band Nilesat 201/301 & Eutelsat 7 West A,Found
DUA CHANNEL,1_0_1_13A_C23_6E_DC90000_0_0_0.png,duachannel.png,7.1W,(61) 7.1W KU-band Nilesat 201/301 & Eutelsat 7 West A,Found
DUBAI RACING 1 HD,1_0_19_7_D1C4_77E_DC90000_0_0_0.png,dubairacing1hd.png,7.1W,(61) 7.1W KU-band Nilesat 201/301 & Eutelsat 7 West A,Found
DUBAI RACING 2 HD,1_0_19_8_D1C4_77E_DC90000_0_0_0.png,dubairacing2hd.png,7.1W,(61) 7.1W KU-band Nilesat 201/301 & Eutelsat 7 West A,Found
DUBAI SPORTS 1 HD,1_0_19_5_D1C4_77E_DC90000_0_0_0.png,dubaisports1hd.png,7.1W,(61) 7.1W KU-band Nilesat 201/301 & Eutelsat 7 West A,Found
DamasRadio FM,1_0_1_B09_1C_800_DC90000_0_0_0.png,damasradiofm.png,7.1W,(61) 7.1W KU-band Nilesat 201/301 & Eutelsat 7 West A,Found
Dijlah TV HD,1_0_1_192_10_6E_DC90000_0_0_0.png,dijlahtvhd.png,7.1W,(61) 7.1W KU-band Nilesat 201/301 & Eutelsat 7 West A,Found
Dijlah Zaman TV HD,1_0_1_165_C9_800_DC90000_0_0_0.png,dijlahzamantvhd.png,7.1W,(61) 7.1W KU-band Nilesat 201/301 & Eutelsat 7 West A,Found
Discovery HD,1_0_19_1621_236_800_DC90000_0_0_0.png,discoveryhd.png,7.1W,(61) 7.1W KU-band Nilesat 201/301 & Eutelsat 7 West A,Found
Discovery IDX HD,1_0_19_1624_236_800_DC90000_0_0_0.png,discoveryidxhd.png,7.1W,(61) 7.1W KU-band Nilesat 201/301 & Eutelsat 7 West A,Found
Dubai One HD,1_0_19_3_D1C4_77E_DC90000_0_0_0.png,dubaionehd.png,7.1W,(61) 7.1W KU-band Nilesat 201/301 & Eutelsat 7 West A,Found
EL MAHROUSA TV,1_0_1_1F4C_12_6E_DC90000_0_0_0.png,elmahrousatv.png,7.1W,(61) 7.1W KU-band Nilesat 201/301 & Eutelsat 7 West A,Found
EL WAHA DRAMA,1_0_1_2E_1_FFFF_DC92A3F_0_0_0.png,elwahadrama.png,7.1W,(61) 7.1W KU-band Nilesat 201/301 & Eutelsat 7 West A,Found
ELMEHWAR,1_0_1_457_B_800_DC90000_0_0_0.png,elmehwar.png,7.1W,(61) 7.1W KU-band Nilesat 201/301 & Eutelsat 7 West A,Found
ELMOLED,1_0_1_1F61_12_6E_DC90000_0_0_0.png,elmoled.png,7.1W,(61) 7.1W KU-band Nilesat 201/301 & Eutelsat 7 West A,Found
ERIPM,1_0_1_25C_C21_6E_DC90000_0_0_0.png,eripm.png,7.1W,(61) 7.1W KU-band Nilesat 201/301 & Eutelsat 7 West A,Found
ESport 24,1_0_1_131_9CD6_77E_DC90000_0_0_0.png,esport24.png,7.1W,(61) 7.1W KU-band Nilesat 201/301 & Eutelsat 7 West A,Found
ETIHAD TV,1_0_16_12E_C23_6E_DC90000_0_0_0.png,etihadtv.png,7.1W,(61) 7.1W KU-band Nilesat 201/301 & Eutelsat 7 West A,Found
Echorouk News,1_0_1_7E5_11_6E_DC90000_0_0_0.png,echorouknews.png,7.1W,(61) 7.1W KU-band Nilesat 201/301 & Eutelsat 7 West A,Found
Echorouk TV,1_0_1_7E6_11_6E_DC90000_0_0_0.png,echorouktv.png,7.1W,(61) 7.1W KU-band Nilesat 201/301 & Eutelsat 7 West A,Found
Egyptian TV HD,1_0_19_451_B_800_DC90000_0_0_0.png,egyptiantvhd.png,7.1W,(61) 7.1W KU-band Nilesat 201/301 & Eutelsat 7 West A,Found
El Bilad TV,1_0_1_7F2_11_6E_DC90000_0_0_0.png,elbiladtv.png,7.1W,(61) 7.1W KU-band Nilesat 201/301 & Eutelsat 7 West A,Found
El Hayat TV Algerie,1_0_1_7EA_11_6E_DC90000_0_0_0.png,elhayattvalgerie.png,7.1W,(61) 7.1W KU-band Nilesat 201/301 & Eutelsat 7 West A,Found
El Heddaf TV,1_0_1_7EC_11_6E_DC90000_0_0_0.png,elheddaftv.png,7.1W,(61) 7.1W KU-band Nilesat 201/301 & Eutelsat 7 West A,Found
El Khoulasa Cinema,1_0_1_9_1_FFFF_DC92A3F_0_0_0.png,elkhoulasacinema.png,7.1W,(61) 7.1W KU-band Nilesat 201/301 & Eutelsat 7 West A,Found
El Watania TV,1_0_1_7E9_11_6E_DC90000_0_0_0.png,elwataniatv.png,7.1W,(61) 7.1W KU-band Nilesat 201/301 & Eutelsat 7 West A,Found
El barlamaniya,1_0_1_9_1_0_DC92DA0_0_0_0.png,elbarlamaniya.png,7.1W,(61) 7.1W KU-band Nilesat 201/301 & Eutelsat 7 West A,Found
Eldjazair N1,1_0_1_7EE_11_6E_DC90000_0_0_0.png,eldjazairn1.png,7.1W,(61) 7.1W KU-band Nilesat 201/301 & Eutelsat 7 West A,Found
Elkholasa mosalsalat,1_0_1_1F44_12_6E_DC90000_0_0_0.png,elkholasamosalsalat.png,7.1W,(61) 7.1W KU-band Nilesat 201/301 & Eutelsat 7 West A,Found
Emarat FM,1_0_2_C_32_64_DC90000_0_0_0.png,emaratfm.png,7.1W,(61) 7.1W KU-band Nilesat 201/301 & Eutelsat 7 West A,Found
Energy FM,1_0_1_1339_31_800_DC90000_0_0_0.png,energyfm.png,7.1W,(61) 7.1W KU-band Nilesat 201/301 & Eutelsat 7 West A,Found
Ennahar TV Algerie,1_0_1_7F8_11_6E_DC90000_0_0_0.png,ennahartvalgerie.png,7.1W,(61) 7.1W KU-band Nilesat 201/301 & Eutelsat 7 West A,Found
Eutelsat Data 1,1_0_1_50A_A0F0_396_DC90000_0_0_0.png,eutelsatdata1.png,7.1W,(61) 7.1W KU-band Nilesat 201/301 & Eutelsat 7 West A,Found
Extra Live SD,1_0_1_132A_31_800_DC90000_0_0_0.png,extralivesd.png,7.1W,(61) 7.1W KU-band Nilesat 201/301 & Eutelsat 7 West A,Found
Extra News,1_0_1_70E_12_800_DC90000_0_0_0.png,extranews.png,7.1W,(61) 7.1W KU-band Nilesat 201/301 & Eutelsat 7 West A,Found
Extra News HD,1_0_19_8FD_17_800_DC90000_0_0_0.png,extranewshd.png,7.1W,(61) 7.1W KU-band Nilesat 201/301 & Eutelsat 7 West A,Found
FR HD,1_0_19_2C9_9EFC_77E_DC90000_0_0_0.png,frhd.png,7.1W,(61) 7.1W KU-band Nilesat 201/301 & Eutelsat 7 West A,Found
Fatafeat,1_0_19_119E_2D_800_DC90000_0_0_0.png,fatafeat.png,7.1W,(61) 7.1W KU-band Nilesat 201/301 & Eutelsat 7 West A,Found
France 24,1_0_1_C86_20_800_DC90000_0_0_0.png,france24.png,7.1W,(61) 7.1W KU-band Nilesat 201/301 & Eutelsat 7 West A,Found
Fujairah TV HD,1_0_19_19D4_42_800_DC90000_0_0_0.png,fujairahtvhd.png,7.1W,(61) 7.1W KU-band Nilesat 201/301 & Eutelsat 7 West A,Found
GINX,1_0_1_12C_9CD6_77E_DC90000_0_0_0.png,ginx.png,7.1W,(61) 7.1W KU-band Nilesat 201/301 & Eutelsat 7 West A,Found
GMA Life TV,1_0_1_D3_2_800_DC90000_0_0_0.png,gmalifetv.png,7.1W,(61) 7.1W KU-band Nilesat 201/301 & Eutelsat 7 West A,Found
GMA News TV,1_0_1_CB_2_800_DC90000_0_0_0.png,gmanewstv.png,7.1W,(61) 7.1W KU-band Nilesat 201/301 & Eutelsat 7 West A,Found
GMA Pinoy TV,1_0_1_CA_2_800_DC90000_0_0_0.png,gmapinoytv.png,7.1W,(61) 7.1W KU-band Nilesat 201/301 & Eutelsat 7 West A,Found
Gametoon,1_0_1_12E_9CD6_77E_DC90000_0_0_0.png,gametoon.png,7.1W,(61) 7.1W KU-band Nilesat 201/301 & Eutelsat 7 West A,Found
H2 HD,1_0_1_E1_2_800_DC90000_0_0_0.png,h2hd.png,7.1W,(61) 7.1W KU-band Nilesat 201/301 & Eutelsat 7 West A,Found
HADRAMAUT TV,1_0_1_51B_D_800_DC90000_0_0_0.png,hadramauttv.png,7.1W,(61) 7.1W KU-band Nilesat 201/301 & Eutelsat 7 West A,Found
HYA,1_0_1_712_12_800_DC90000_0_0_0.png,hya.png,7.1W,(61) 7.1W KU-band Nilesat 201/301 & Eutelsat 7 West A,Found
Hadramout TV,1_0_1_29F_8_800_DC90000_0_0_0.png,hadramouttv.png,7.1W,(61) 7.1W KU-band Nilesat 201/301 & Eutelsat 7 West A,Found
Hawa Dijlah Radio,1_0_2_196_10_6E_DC90000_0_0_0.png,hawadijlahradio.png,7.1W,(61) 7.1W KU-band Nilesat 201/301 & Eutelsat 7 West A,Found
History HD,1_0_19_161D_236_800_DC90000_0_0_0.png,historyhd.png,7.1W,(61) 7.1W KU-band Nilesat 201/301 & Eutelsat 7 West A,Found
HodHod TV,1_0_1_132_C23_6E_DC90000_0_0_0.png,hodhodtv.png,7.1W,(61) 7.1W KU-band Nilesat 201/301 & Eutelsat 7 West A,Found
Holly Quran,1_0_2_A3C_1A_2BE_DC90000_0_0_0.png,hollyquran.png,7.1W,(61) 7.1W KU-band Nilesat 201/301 & Eutelsat 7 West A,Found
Humax PVR - Live OTA,1_0_1_FFFB_2D_800_DC90000_0_0_0.png,humaxpvrliveota.png,7.1W,(61) 7.1W KU-band Nilesat 201/301 & Eutelsat 7 West A,Found
Humax Retail OTA,1_0_1_FFF9_2D_800_DC90000_0_0_0.png,humaxretailota.png,7.1W,(61) 7.1W KU-band Nilesat 201/301 & Eutelsat 7 West A,Found
Humax WIFI HEVC PVR - Live OTA,1_0_1_FFF7_2D_800_DC90000_0_0_0.png,humaxwifihevcpvrliveota.png,7.1W,(61) 7.1W KU-band Nilesat 201/301 & Eutelsat 7 West A,Found
I Film Arabic,1_0_16_64B_10_800_DC90000_0_0_0.png,ifilmarabic.png,7.1W,(61) 7.1W KU-band Nilesat 201/301 & Eutelsat 7 West A,Found
INEWS TV HD,1_0_19_1AE_10_6E_DC90000_0_0_0.png,inewstvhd.png,7.1W,(61) 7.1W KU-band Nilesat 201/301 & Eutelsat 7 West A,Found
IRAQ 24,1_0_19_6_9C7C_77E_DC90000_0_0_0.png,iraq24.png,7.1W,(61) 7.1W KU-band Nilesat 201/301 & Eutelsat 7 West A,Found
Iraq Al Hadath HD,1_0_19_37_14_6E_DC90000_0_0_0.png,iraqalhadathhd.png,7.1W,(61) 7.1W KU-band Nilesat 201/301 & Eutelsat 7 West A,Found
Iraq Now,1_0_1_2E2_7_800_DC90000_0_0_0.png,iraqnow.png,7.1W,(61) 7.1W KU-band Nilesat 201/301 & Eutelsat 7 West A,Found
Jordan Amen,1_0_1_29A_8_800_DC90000_0_0_0.png,jordanamen.png,7.1W,(61) 7.1W KU-band Nilesat 201/301 & Eutelsat 7 West A,Found
Jordan Sport,1_0_1_322_8_800_DC90000_0_0_0.png,jordansport.png,7.1W,(61) 7.1W KU-band Nilesat 201/301 & Eutelsat 7 West A,Found
Jordan Sport HD,1_0_19_2CA_7_800_DC90000_0_0_0.png,jordansporthd.png,7.1W,(61) 7.1W KU-band Nilesat 201/301 & Eutelsat 7 West A,Found
K24 HD,1_0_19_3ED_320_800_DC90000_0_0_0.png,k24hd.png,7.1W,(61) 7.1W KU-band Nilesat 201/301 & Eutelsat 7 West A,Found
KARBALA TV HD,1_0_19_1AD_10_6E_DC90000_0_0_0.png,karbalatvhd.png,7.1W,(61) 7.1W KU-band Nilesat 201/301 & Eutelsat 7 West A,Found
KBS WORLD,1_0_1_E_9C68_77E_DC90000_0_0_0.png,kbsworld.png,7.1W,(61) 7.1W KU-band Nilesat 201/301 & Eutelsat 7 West A,Found
KSA SPORT1 HD,1_0_1_15E3_1A_2BE_DC90000_0_0_0.png,ksasport1hd.png,7.1W,(61) 7.1W KU-band Nilesat 201/301 & Eutelsat 7 West A,Found
KSA SPORT2 HD,1_0_1_15E4_1A_2BE_DC90000_0_0_0.png,ksasport2hd.png,7.1W,(61) 7.1W KU-band Nilesat 201/301 & Eutelsat 7 West A,Found
KSA SPORTS 3 HD,1_0_1_15E5_1A_2BE_DC90000_0_0_0.png,ksasports3hd.png,7.1W,(61) 7.1W KU-band Nilesat 201/301 & Eutelsat 7 West A,Found
KSA SPORTS 4 HD,1_0_1_15E7_1A_2BE_DC90000_0_0_0.png,ksasports4hd.png,7.1W,(61) 7.1W KU-band Nilesat 201/301 & Eutelsat 7 West A,Found
KTO,1_0_1_264_C21_6E_DC90000_0_0_0.png,kto.png,7.1W,(61) 7.1W KU-band Nilesat 201/301 & Eutelsat 7 West A,Found
KURDISTAN TV,1_0_1_3EF_320_800_DC90000_0_0_0.png,kurdistantv.png,7.1W,(61) 7.1W KU-band Nilesat 201/301 & Eutelsat 7 West A,Found
Kapatid TV5,1_0_1_DC_2_800_DC90000_0_0_0.png,kapatidtv5.png,7.1W,(61) 7.1W KU-band Nilesat 201/301 & Eutelsat 7 West A,Found
Karameesh TV,1_0_1_4B1_A0F0_396_DC90000_0_0_0.png,karameeshtv.png,7.1W,(61) 7.1W KU-band Nilesat 201/301 & Eutelsat 7 West A,Found
Karbala Documentary HD,1_0_19_1C8_10_6E_DC90000_0_0_0.png,karbaladocumentaryhd.png,7.1W,(61) 7.1W KU-band Nilesat 201/301 & Eutelsat 7 West A,Found
Karbala TV HD,1_0_19_259_C21_6E_DC90000_0_0_0.png,karbalatvhd.png,7.1W,(61) 7.1W KU-band Nilesat 201/301 & Eutelsat 7 West A,Found
Kuwait Sport Plus,1_0_19_451_7594_77E_DC90000_0_0_0.png,kuwaitsportplus.png,7.1W,(61) 7.1W KU-band Nilesat 201/301 & Eutelsat 7 West A,Found
Kuwait Sports,1_0_19_450_7594_77E_DC90000_0_0_0.png,kuwaitsports.png,7.1W,(61) 7.1W KU-band Nilesat 201/301 & Eutelsat 7 West A,Found
Kuwait Super Station,1_0_2_10_7594_77E_DC90000_0_0_0.png,kuwaitsuperstation.png,7.1W,(61) 7.1W KU-band Nilesat 201/301 & Eutelsat 7 West A,Found
Kuwait TV 1,1_0_19_44D_7594_77E_DC90000_0_0_0.png,kuwaittv1.png,7.1W,(61) 7.1W KU-band Nilesat 201/301 & Eutelsat 7 West A,Found
Kuwait TV 2,1_0_19_44F_7594_77E_DC90000_0_0_0.png,kuwaittv2.png,7.1W,(61) 7.1W KU-band Nilesat 201/301 & Eutelsat 7 West A,Found
LBC SAT,1_0_1_83C_15_800_DC90000_0_0_0.png,lbcsat.png,7.1W,(61) 7.1W KU-band Nilesat 201/301 & Eutelsat 7 West A,Found
LIBYA ALHADATH HD,1_0_19_B05_1C_800_DC90000_0_0_0.png,libyaalhadathhd.png,7.1W,(61) 7.1W KU-band Nilesat 201/301 & Eutelsat 7 West A,Found
LIBYA ALMASAR TV,1_0_19_1F6D_12_6E_DC90000_0_0_0.png,libyaalmasartv.png,7.1W,(61) 7.1W KU-band Nilesat 201/301 & Eutelsat 7 West A,Found
LIBYA SPORT 1 HD,1_0_19_20D_5_800_DC90000_0_0_0.png,libyasport1hd.png,7.1W,(61) 7.1W KU-band Nilesat 201/301 & Eutelsat 7 West A,Found
LTV,1_0_1_9_9C68_77E_DC90000_0_0_0.png,ltv.png,7.1W,(61) 7.1W KU-band Nilesat 201/301 & Eutelsat 7 West A,Found
Libya Al Hedaya TV,1_0_1_8FF_17_800_DC90000_0_0_0.png,libyaalhedayatv.png,7.1W,(61) 7.1W KU-band Nilesat 201/301 & Eutelsat 7 West A,Found
Libya Alrasmia,1_0_1_518_D_800_DC90000_0_0_0.png,libyaalrasmia.png,7.1W,(61) 7.1W KU-band Nilesat 201/301 & Eutelsat 7 West A,Found
Libya Alwataniya,1_0_19_20C_5_800_DC90000_0_0_0.png,libyaalwataniya.png,7.1W,(61) 7.1W KU-band Nilesat 201/301 & Eutelsat 7 West A,Found
Libya Radio Quran Karem,1_0_1_901_17_800_DC90000_0_0_0.png,libyaradioqurankarem.png,7.1W,(61) 7.1W KU-band Nilesat 201/301 & Eutelsat 7 West A,Found
Libya Sport 2 HD,1_0_19_8FE_17_800_DC90000_0_0_0.png,libyasport2hd.png,7.1W,(61) 7.1W KU-band Nilesat 201/301 & Eutelsat 7 West A,Found
Libya al Ahrar HD,1_0_19_B_1_FFFF_DC92A3F_0_0_0.png,libyaalahrarhd.png,7.1W,(61) 7.1W KU-band Nilesat 201/301 & Eutelsat 7 West A,Found
Lualua TV,1_0_16_164_C9_800_DC90000_0_0_0.png,lualuatv.png,7.1W,(61) 7.1W KU-band Nilesat 201/301 & Eutelsat 7 West A,Found
M24 MAROC,1_0_1_4B8_A0F0_396_DC90000_0_0_0.png,m24maroc.png,7.1W,(61) 7.1W KU-band Nilesat 201/301 & Eutelsat 7 West A,Found
MBC 2,1_0_1_6A_D28C_77E_DC90000_0_0_0.png,mbc2.png,7.1W,(61) 7.1W KU-band Nilesat 201/301 & Eutelsat 7 West A,Found
MBC IRAQ,1_0_1_6B_D28C_77E_DC90000_0_0_0.png,mbciraq.png,7.1W,(61) 7.1W KU-band Nilesat 201/301 & Eutelsat 7 West A,Found
MBC IRAQ HD,1_0_19_69_D28C_77E_DC90000_0_0_0.png,mbciraqhd.png,7.1W,(61) 7.1W KU-band Nilesat 201/301 & Eutelsat 7 West A,Found
MBC MASR,1_0_1_51A_D_800_DC90000_0_0_0.png,mbcmasr.png,7.1W,(61) 7.1W KU-band Nilesat 201/301 & Eutelsat 7 West A,Found
MBC MASR 2,1_0_1_6C_D28C_77E_DC90000_0_0_0.png,mbcmasr2.png,7.1W,(61) 7.1W KU-band Nilesat 201/301 & Eutelsat 7 West A,Found
MBC MASR 2 HD,1_0_19_66_D28C_77E_DC90000_0_0_0.png,mbcmasr2hd.png,7.1W,(61) 7.1W KU-band Nilesat 201/301 & Eutelsat 7 West A,Found
MBC MASR DRAMA HD,1_0_19_67_D28C_77E_DC90000_0_0_0.png,mbcmasrdramahd.png,7.1W,(61) 7.1W KU-band Nilesat 201/301 & Eutelsat 7 West A,Found
MBC MASR HD,1_0_19_65_D28C_77E_DC90000_0_0_0.png,mbcmasrhd.png,7.1W,(61) 7.1W KU-band Nilesat 201/301 & Eutelsat 7 West A,Found
MBC Masr 2,1_0_1_452_B_800_DC90000_0_0_0.png,mbcmasr2.png,7.1W,(61) 7.1W KU-band Nilesat 201/301 & Eutelsat 7 West A,Found
MCM Top,1_0_1_DD_2_800_DC90000_0_0_0.png,mcmtop.png,7.1W,(61) 7.1W KU-band Nilesat 201/301 & Eutelsat 7 West A,Found
MDEEH,1_0_1_6D_1_800_DC90000_0_0_0.png,mdeeh.png,7.1W,(61) 7.1W KU-band Nilesat 201/301 & Eutelsat 7 West A,Found
MESat,1_0_1_265_C21_6E_DC90000_0_0_0.png,mesat.png,7.1W,(61) 7.1W KU-band Nilesat 201/301 & Eutelsat 7 West A,Found
MOR Global Radio,1_0_1_D5_2_800_DC90000_0_0_0.png,morglobalradio.png,7.1W,(61) 7.1W KU-band Nilesat 201/301 & Eutelsat 7 West A,Found
MTA3,1_0_1_1B62_17_6E_DC90000_0_0_0.png,mta3.png,7.1W,(61) 7.1W KU-band Nilesat 201/301 & Eutelsat 7 West A,Found
MVMT Movement of Culture,1_0_1_1FC_9E34_77E_DC90000_0_0_0.png,mvmtmovementofculture.png,7.1W,(61) 7.1W KU-band Nilesat 201/301 & Eutelsat 7 West A,Found
Madh Elnabi,1_0_1_1F4F_12_6E_DC90000_0_0_0.png,madhelnabi.png,7.1W,(61) 7.1W KU-band Nilesat 201/301 & Eutelsat 7 West A,Found
Madrastna 1,1_0_1_900_17_800_DC90000_0_0_0.png,madrastna1.png,7.1W,(61) 7.1W KU-band Nilesat 201/301 & Eutelsat 7 West A,Found
Madrastna 3,1_0_1_C90_20_800_DC90000_0_0_0.png,madrastna3.png,7.1W,(61) 7.1W KU-band Nilesat 201/301 & Eutelsat 7 West A,Found
Majd Kids TV HD,1_0_1_3_32_64_DC90000_0_0_0.png,majdkidstvhd.png,7.1W,(61) 7.1W KU-band Nilesat 201/301 & Eutelsat 7 West A,Found
Maspero Zaman,1_0_1_267_6_800_DC90000_0_0_0.png,masperozaman.png,7.1W,(61) 7.1W KU-band Nilesat 201/301 & Eutelsat 7 West A,Found
Mazzika,1_0_1_645_10_800_DC90000_0_0_0.png,mazzika.png,7.1W,(61) 7.1W KU-band Nilesat 201/301 & Eutelsat 7 West A,Found
Medi1 TV Arabic,1_0_19_158_C9_800_DC90000_0_0_0.png,medi1tvarabic.png,7.1W,(61) 7.1W KU-band Nilesat 201/301 & Eutelsat 7 West A,Found
Menhag Alnabowe,1_0_16_195_C23_6E_DC90000_0_0_0.png,menhagalnabowe.png,7.1W,(61) 7.1W KU-band Nilesat 201/301 & Eutelsat 7 West A,Found
Misr Al Zera3eya,1_0_1_643_10_800_DC90000_0_0_0.png,misralzera3eya.png,7.1W,(61) 7.1W KU-band Nilesat 201/301 & Eutelsat 7 West A,Found
Mix,1_0_1_711_12_800_DC90000_0_0_0.png,mix.png,7.1W,(61) 7.1W KU-band Nilesat 201/301 & Eutelsat 7 West A,Found
Mix Bel Araby,1_0_1_AFC_1C_800_DC90000_0_0_0.png,mixbelaraby.png,7.1W,(61) 7.1W KU-band Nilesat 201/301 & Eutelsat 7 West A,Found
Mix One,1_0_1_276_6_800_DC90000_0_0_0.png,mixone.png,7.1W,(61) 7.1W KU-band Nilesat 201/301 & Eutelsat 7 West A,Found
Modern Mti,1_0_19_450_B_800_DC90000_0_0_0.png,modernmti.png,7.1W,(61) 7.1W KU-band Nilesat 201/301 & Eutelsat 7 West A,Found
Moonbug Kids,1_0_19_136_3_157C_DC90000_0_0_0.png,moonbugkids.png,7.1W,(61) 7.1W KU-band Nilesat 201/301 & Eutelsat 7 West A,Found
Motorvision,1_0_1_CC_2_800_DC90000_0_0_0.png,motorvision.png,7.1W,(61) 7.1W KU-band Nilesat 201/301 & Eutelsat 7 West A,Found
Myx,1_0_1_D1_2_800_DC90000_0_0_0.png,myx.png,7.1W,(61) 7.1W KU-band Nilesat 201/301 & Eutelsat 7 West A,Found
N Africa,1_0_19_2C8_7_800_DC90000_0_0_0.png,nafrica.png,7.1W,(61) 7.1W KU-band Nilesat 201/301 & Eutelsat 7 West A,Found
NABA TV,1_0_16_13E_C23_6E_DC90000_0_0_0.png,nabatv.png,7.1W,(61) 7.1W KU-band Nilesat 201/301 & Eutelsat 7 West A,Found
Nawader TV,1_0_1_1F55_12_6E_DC90000_0_0_0.png,nawadertv.png,7.1W,(61) 7.1W KU-band Nilesat 201/301 & Eutelsat 7 West A,Found
Nedaa El Islam,1_0_2_A40_1A_2BE_DC90000_0_0_0.png,nedaaelislam.png,7.1W,(61) 7.1W KU-band Nilesat 201/301 & Eutelsat 7 West A,Found
Nick Junior HD,1_0_19_1626_236_800_DC90000_0_0_0.png,nickjuniorhd.png,7.1W,(61) 7.1W KU-band Nilesat 201/301 & Eutelsat 7 West A,Found
Nick Toons HD,1_0_19_1627_236_800_DC90000_0_0_0.png,nicktoonshd.png,7.1W,(61) 7.1W KU-band Nilesat 201/301 & Eutelsat 7 West A,Found
Nickelodeon HD,1_0_19_161F_236_800_DC90000_0_0_0.png,nickelodeonhd.png,7.1W,(61) 7.1W KU-band Nilesat 201/301 & Eutelsat 7 West A,Found
Nile Cinema,1_0_1_266_6_800_DC90000_0_0_0.png,nilecinema.png,7.1W,(61) 7.1W KU-band Nilesat 201/301 & Eutelsat 7 West A,Found
Nile Comedy,1_0_1_25C_6_800_DC90000_0_0_0.png,nilecomedy.png,7.1W,(61) 7.1W KU-band Nilesat 201/301 & Eutelsat 7 West A,Found
Nile Culture,1_0_1_1FA_5_800_DC90000_0_0_0.png,nileculture.png,7.1W,(61) 7.1W KU-band Nilesat 201/301 & Eutelsat 7 West A,Found
Nile Drama,1_0_1_25E_6_800_DC90000_0_0_0.png,niledrama.png,7.1W,(61) 7.1W KU-band Nilesat 201/301 & Eutelsat 7 West A,Found
Nile Family,1_0_1_1F9_5_800_DC90000_0_0_0.png,nilefamily.png,7.1W,(61) 7.1W KU-band Nilesat 201/301 & Eutelsat 7 West A,Found
Nile Life,1_0_1_25D_6_800_DC90000_0_0_0.png,nilelife.png,7.1W,(61) 7.1W KU-band Nilesat 201/301 & Eutelsat 7 West A,Found
Nile News,1_0_1_25B_6_800_DC90000_0_0_0.png,nilenews.png,7.1W,(61) 7.1W KU-band Nilesat 201/301 & Eutelsat 7 West A,Found
Nile Sport,1_0_1_25F_6_800_DC90000_0_0_0.png,nilesport.png,7.1W,(61) 7.1W KU-band Nilesat 201/301 & Eutelsat 7 West A,Found
Nile TV,1_0_1_89D_16_800_DC90000_0_0_0.png,niletv.png,7.1W,(61) 7.1W KU-band Nilesat 201/301 & Eutelsat 7 West A,Found
Nilesat Promo,1_0_19_3E9_A_800_DC90000_0_0_0.png,nilesatpromo.png,7.1W,(61) 7.1W KU-band Nilesat 201/301 & Eutelsat 7 West A,Found
Nilesat promo,1_0_1_3F3_A_800_DC90000_0_0_0.png,nilesatpromo.png,7.1W,(61) 7.1W KU-band Nilesat 201/301 & Eutelsat 7 West A,Found
Nilesat promo,1_0_1_3F4_A_800_DC90000_0_0_0.png,nilesatpromo.png,7.1W,(61) 7.1W KU-band Nilesat 201/301 & Eutelsat 7 West A,Found
Nilesat promo,1_0_1_3F5_A_800_DC90000_0_0_0.png,nilesatpromo.png,7.1W,(61) 7.1W KU-band Nilesat 201/301 & Eutelsat 7 West A,Found
Nogoum FM TV,1_0_1_650_10_800_DC90000_0_0_0.png,nogoumfmtv.png,7.1W,(61) 7.1W KU-band Nilesat 201/301 & Eutelsat 7 West A,Found
Noursat,1_0_1_36_1_FFFF_DC92A3F_0_0_0.png,noursat.png,7.1W,(61) 7.1W KU-band Nilesat 201/301 & Eutelsat 7 West A,Found
Noursat AlChabab,1_0_1_26_1_FFFF_DC92A3F_0_0_0.png,noursatalchabab.png,7.1W,(61) 7.1W KU-band Nilesat 201/301 & Eutelsat 7 West A,Found
ON SPORT,1_0_1_521_D_800_DC90000_0_0_0.png,onsport.png,7.1W,(61) 7.1W KU-band Nilesat 201/301 & Eutelsat 7 West A,Found
ON SPORT MAX,1_0_1_522_D_800_DC90000_0_0_0.png,onsportmax.png,7.1W,(61) 7.1W KU-band Nilesat 201/301 & Eutelsat 7 West A,Found
ON SPORT MAX HD,1_0_19_7D2_14_800_DC90000_0_0_0.png,onsportmaxhd.png,7.1W,(61) 7.1W KU-band Nilesat 201/301 & Eutelsat 7 West A,Found
ON SPORT PLUS,1_0_1_523_D_800_DC90000_0_0_0.png,onsportplus.png,7.1W,(61) 7.1W KU-band Nilesat 201/301 & Eutelsat 7 West A,Found
ON SPORT PLUS HD,1_0_19_7D3_14_800_DC90000_0_0_0.png,onsportplushd.png,7.1W,(61) 7.1W KU-band Nilesat 201/301 & Eutelsat 7 West A,Found
ONE TV,1_0_1_7E7_11_6E_DC90000_0_0_0.png,onetv.png,7.1W,(61) 7.1W KU-band Nilesat 201/301 & Eutelsat 7 West A,Found
ONTIME SPORTS2,1_0_1_CD_2_800_DC90000_0_0_0.png,ontimesports2.png,7.1W,(61) 7.1W KU-band Nilesat 201/301 & Eutelsat 7 West A,Found
OSN,1_0_1_119F_2D_800_DC90000_0_0_0.png,osn.png,7.1W,(61) 7.1W KU-band Nilesat 201/301 & Eutelsat 7 West A,Found
OSNtv Comedy,1_0_19_119C_2D_800_DC90000_0_0_0.png,osntvcomedy.png,7.1W,(61) 7.1W KU-band Nilesat 201/301 & Eutelsat 7 West A,Found
OSNtv Crime,1_0_19_133_3_157C_DC90000_0_0_0.png,osntvcrime.png,7.1W,(61) 7.1W KU-band Nilesat 201/301 & Eutelsat 7 West A,Found
OSNtv Documentary,1_0_19_12F_3_157C_DC90000_0_0_0.png,osntvdocumentary.png,7.1W,(61) 7.1W KU-band Nilesat 201/301 & Eutelsat 7 West A,Found
OSNtv Kids,1_0_19_119A_2D_800_DC90000_0_0_0.png,osntvkids.png,7.1W,(61) 7.1W KU-band Nilesat 201/301 & Eutelsat 7 West A,Found
OSNtv Mezze,1_0_19_1195_2D_800_DC90000_0_0_0.png,osntvmezze.png,7.1W,(61) 7.1W KU-band Nilesat 201/301 & Eutelsat 7 West A,Found
OSNtv Movies Action,1_0_19_12E_3_157C_DC90000_0_0_0.png,osntvmoviesaction.png,7.1W,(61) 7.1W KU-band Nilesat 201/301 & Eutelsat 7 West A,Found
OSNtv Movies Comedy,1_0_19_1625_236_800_DC90000_0_0_0.png,osntvmoviescomedy.png,7.1W,(61) 7.1W KU-band Nilesat 201/301 & Eutelsat 7 West A,Found
OSNtv Movies Family,1_0_19_1622_236_800_DC90000_0_0_0.png,osntvmoviesfamily.png,7.1W,(61) 7.1W KU-band Nilesat 201/301 & Eutelsat 7 West A,Found
OSNtv Movies Hollywood,1_0_19_1197_2D_800_DC90000_0_0_0.png,osntvmovieshollywood.png,7.1W,(61) 7.1W KU-band Nilesat 201/301 & Eutelsat 7 West A,Found
OSNtv Movies Horror,1_0_19_1623_236_800_DC90000_0_0_0.png,osntvmovieshorror.png,7.1W,(61) 7.1W KU-band Nilesat 201/301 & Eutelsat 7 West A,Found
OSNtv Movies Premiere,1_0_19_12D_3_157C_DC90000_0_0_0.png,osntvmoviespremiere.png,7.1W,(61) 7.1W KU-band Nilesat 201/301 & Eutelsat 7 West A,Found
OSNtv Now,1_0_19_1196_2D_800_DC90000_0_0_0.png,osntvnow.png,7.1W,(61) 7.1W KU-band Nilesat 201/301 & Eutelsat 7 West A,Found
OSNtv One,1_0_19_131_3_157C_DC90000_0_0_0.png,osntvone.png,7.1W,(61) 7.1W KU-band Nilesat 201/301 & Eutelsat 7 West A,Found
OSNtv POP UP,1_0_19_1628_236_800_DC90000_0_0_0.png,osntvpopup.png,7.1W,(61) 7.1W KU-band Nilesat 201/301 & Eutelsat 7 West A,Found
OSNtv Showcase,1_0_19_130_3_157C_DC90000_0_0_0.png,osntvshowcase.png,7.1W,(61) 7.1W KU-band Nilesat 201/301 & Eutelsat 7 West A,Found
OSNtv Showcase Classics,1_0_19_161E_236_800_DC90000_0_0_0.png,osntvshowcaseclassics.png,7.1W,(61) 7.1W KU-band Nilesat 201/301 & Eutelsat 7 West A,Found
OSNtv Yahala,1_0_19_119D_2D_800_DC90000_0_0_0.png,osntvyahala.png,7.1W,(61) 7.1W KU-band Nilesat 201/301 & Eutelsat 7 West A,Found
OSNtv Yahala Aflam,1_0_19_132_3_157C_DC90000_0_0_0.png,osntvyahalaaflam.png,7.1W,(61) 7.1W KU-band Nilesat 201/301 & Eutelsat 7 West A,Found
OSNtv Yahala Bil Arabi,1_0_19_135_3_157C_DC90000_0_0_0.png,osntvyahalabilarabi.png,7.1W,(61) 7.1W KU-band Nilesat 201/301 & Eutelsat 7 West A,Found
OSNtv iQIYI,1_0_19_1620_236_800_DC90000_0_0_0.png,osntviqiyi.png,7.1W,(61) 7.1W KU-band Nilesat 201/301 & Eutelsat 7 West A,Found
Oman TV Culture HD,1_0_1_4B4_C_800_DC90000_0_0_0.png,omantvculturehd.png,7.1W,(61) 7.1W KU-band Nilesat 201/301 & Eutelsat 7 West A,Found
Oman TV General HD,1_0_1_4B1_C_800_DC90000_0_0_0.png,omantvgeneralhd.png,7.1W,(61) 7.1W KU-band Nilesat 201/301 & Eutelsat 7 West A,Found
Oman TV General SD,1_0_1_4B5_C_800_DC90000_0_0_0.png,omantvgeneralsd.png,7.1W,(61) 7.1W KU-band Nilesat 201/301 & Eutelsat 7 West A,Found
Oman TV Live HD,1_0_1_4B3_C_800_DC90000_0_0_0.png,omantvlivehd.png,7.1W,(61) 7.1W KU-band Nilesat 201/301 & Eutelsat 7 West A,Found
Oman TV Sport HD,1_0_1_4B2_C_800_DC90000_0_0_0.png,omantvsporthd.png,7.1W,(61) 7.1W KU-band Nilesat 201/301 & Eutelsat 7 West A,Found
One America News Network,1_0_1_1F5_9E34_77E_DC90000_0_0_0.png,oneamericanewsnetwork.png,7.1W,(61) 7.1W KU-band Nilesat 201/301 & Eutelsat 7 West A,Found
Oscar TV,1_0_1_89A_16_800_DC90000_0_0_0.png,oscartv.png,7.1W,(61) 7.1W KU-band Nilesat 201/301 & Eutelsat 7 West A,Found
Outdoor Channel,1_0_1_1F7_9E34_77E_DC90000_0_0_0.png,outdoorchannel.png,7.1W,(61) 7.1W KU-band Nilesat 201/301 & Eutelsat 7 West A,Found
Oyoun AlWatan,1_0_1_29E_8_800_DC90000_0_0_0.png,oyounalwatan.png,7.1W,(61) 7.1W KU-band Nilesat 201/301 & Eutelsat 7 West A,Found
PAYAM TV HD,1_0_1_3F4_320_800_DC90000_0_0_0.png,payamtvhd.png,7.1W,(61) 7.1W KU-band Nilesat 201/301 & Eutelsat 7 West A,Found
PBA RUSH,1_0_1_D0_2_800_DC90000_0_0_0.png,pbarush.png,7.1W,(61) 7.1W KU-band Nilesat 201/301 & Eutelsat 7 West A,Found
PDL Lite- Kaon Box OTA,1_0_1_FFFA_2D_800_DC90000_0_0_0.png,pdllitekaonboxota.png,7.1W,(61) 7.1W KU-band Nilesat 201/301 & Eutelsat 7 West A,Found
Padel TV,1_0_1_133_9CD6_77E_DC90000_0_0_0.png,padeltv.png,7.1W,(61) 7.1W KU-band Nilesat 201/301 & Eutelsat 7 West A,Found
Palestine,1_0_1_44F_B_800_DC90000_0_0_0.png,palestine.png,7.1W,(61) 7.1W KU-band Nilesat 201/301 & Eutelsat 7 West A,Found
Palestine Today,1_0_19_1F5F_12_6E_DC90000_0_0_0.png,palestinetoday.png,7.1W,(61) 7.1W KU-band Nilesat 201/301 & Eutelsat 7 West A,Found
Panorama Drama,1_0_1_89F_16_800_DC90000_0_0_0.png,panoramadrama.png,7.1W,(61) 7.1W KU-band Nilesat 201/301 & Eutelsat 7 West A,Found
Panorama Drama 2,1_0_1_8A0_16_800_DC90000_0_0_0.png,panoramadrama2.png,7.1W,(61) 7.1W KU-band Nilesat 201/301 & Eutelsat 7 West A,Found
Panorama Film,1_0_1_8A1_16_800_DC90000_0_0_0.png,panoramafilm.png,7.1W,(61) 7.1W KU-band Nilesat 201/301 & Eutelsat 7 West A,Found
Panorama Food,1_0_1_8A2_16_800_DC90000_0_0_0.png,panoramafood.png,7.1W,(61) 7.1W KU-band Nilesat 201/301 & Eutelsat 7 West A,Found
QBC HD,1_0_1_5_1_1_DC9AA52_0_0_0.png,qbchd.png,7.1W,(61) 7.1W KU-band Nilesat 201/301 & Eutelsat 7 West A,Found
QBC UHD,1_0_1_6_1_1_DC9AA52_0_0_0.png,qbcuhd.png,7.1W,(61) 7.1W KU-band Nilesat 201/301 & Eutelsat 7 West A,Found
Qatar 2,1_0_1_2_1_1_DC9AA52_0_0_0.png,qatar2.png,7.1W,(61) 7.1W KU-band Nilesat 201/301 & Eutelsat 7 West A,Found
Qatar Radio,1_0_2_15_1_1_DC9AA52_0_0_0.png,qatarradio.png,7.1W,(61) 7.1W KU-band Nilesat 201/301 & Eutelsat 7 West A,Found
Qatar TV HD,1_0_1_4_1_1_DC9AA52_0_0_0.png,qatartvhd.png,7.1W,(61) 7.1W KU-band Nilesat 201/301 & Eutelsat 7 West A,Found
Qatar TV Quran,1_0_1_3_1_1_DC9AA52_0_0_0.png,qatartvquran.png,7.1W,(61) 7.1W KU-band Nilesat 201/301 & Eutelsat 7 West A,Found
Quran Kareem,1_0_2_D_32_64_DC90000_0_0_0.png,qurankareem.png,7.1W,(61) 7.1W KU-band Nilesat 201/301 & Eutelsat 7 West A,Found
RFM TV,1_0_1_DE_2_800_DC90000_0_0_0.png,rfmtv.png,7.1W,(61) 7.1W KU-band Nilesat 201/301 & Eutelsat 7 West A,Found
ROYA HD,1_0_19_33F_8_800_DC90000_0_0_0.png,royahd.png,7.1W,(61) 7.1W KU-band Nilesat 201/301 & Eutelsat 7 West A,Found
RT ARABIC HD,1_0_19_33B_8_800_DC90000_0_0_0.png,rtarabichd.png,7.1W,(61) 7.1W KU-band Nilesat 201/301 & Eutelsat 7 West A,Found
RT ARABIC SD,1_0_1_33C_7_800_DC90000_0_0_0.png,rtarabicsd.png,7.1W,(61) 7.1W KU-band Nilesat 201/301 & Eutelsat 7 West A,Found
RT English,1_0_16_347_8_800_DC90000_0_0_0.png,rtenglish.png,7.1W,(61) 7.1W KU-band Nilesat 201/301 & Eutelsat 7 West A,Found
RUDAW TV,1_0_19_24_14_6E_DC90000_0_0_0.png,rudawtv.png,7.1W,(61) 7.1W KU-band Nilesat 201/301 & Eutelsat 7 West A,Found
Radio Yaqeen Jordan,1_0_2_34B_8_800_DC90000_0_0_0.png,radioyaqeenjordan.png,7.1W,(61) 7.1W KU-band Nilesat 201/301 & Eutelsat 7 West A,Found
Reef Alyemen,1_0_1_3_1_FFFF_DC92A3F_0_0_0.png,reefalyemen.png,7.1W,(61) 7.1W KU-band Nilesat 201/301 & Eutelsat 7 West A,Found
Ronahi TV,1_0_1_3F3_320_800_DC90000_0_0_0.png,ronahitv.png,7.1W,(61) 7.1W KU-band Nilesat 201/301 & Eutelsat 7 West A,Found
Rotana Cinema EGY,1_0_1_83A_15_800_DC90000_0_0_0.png,rotanacinemaegy.png,7.1W,(61) 7.1W KU-band Nilesat 201/301 & Eutelsat 7 West A,Found
Rotana Cinema EGY HD,1_0_19_83E_15_800_DC90000_0_0_0.png,rotanacinemaegyhd.png,7.1W,(61) 7.1W KU-band Nilesat 201/301 & Eutelsat 7 West A,Found
Rotana Cinema KSA,1_0_1_83B_15_800_DC90000_0_0_0.png,rotanacinemaksa.png,7.1W,(61) 7.1W KU-band Nilesat 201/301 & Eutelsat 7 West A,Found
Rotana Classic,1_0_1_838_15_800_DC90000_0_0_0.png,rotanaclassic.png,7.1W,(61) 7.1W KU-band Nilesat 201/301 & Eutelsat 7 West A,Found
Rotana Clip,1_0_1_836_15_800_DC90000_0_0_0.png,rotanaclip.png,7.1W,(61) 7.1W KU-band Nilesat 201/301 & Eutelsat 7 West A,Found
Rotana Drama,1_0_1_839_15_800_DC90000_0_0_0.png,rotanadrama.png,7.1W,(61) 7.1W KU-band Nilesat 201/301 & Eutelsat 7 West A,Found
Rotana Khalijia,1_0_19_837_15_800_DC90000_0_0_0.png,rotanakhalijia.png,7.1W,(61) 7.1W KU-band Nilesat 201/301 & Eutelsat 7 West A,Found
Rotana Music,1_0_1_835_15_800_DC90000_0_0_0.png,rotanamusic.png,7.1W,(61) 7.1W KU-band Nilesat 201/301 & Eutelsat 7 West A,Found
SABA HD,1_0_19_1FE_5_800_DC90000_0_0_0.png,sabahd.png,7.1W,(61) 7.1W KU-band Nilesat 201/301 & Eutelsat 7 West A,Found
SABA WORLD PROMO,1_0_19_32_14_6E_DC90000_0_0_0.png,sabaworldpromo.png,7.1W,(61) 7.1W KU-band Nilesat 201/301 & Eutelsat 7 West A,Found
SAMA DUBAI HD,1_0_19_2_D1C4_77E_DC90000_0_0_0.png,samadubaihd.png,7.1W,(61) 7.1W KU-band Nilesat 201/301 & Eutelsat 7 West A,Found
SAT-7 ARABIC,1_0_1_3F8_320_800_DC90000_0_0_0.png,sat7arabic.png,7.1W,(61) 7.1W KU-band Nilesat 201/301 & Eutelsat 7 West A,Found
SAT-7 KIDS,1_0_1_3F7_320_800_DC90000_0_0_0.png,sat7kids.png,7.1W,(61) 7.1W KU-band Nilesat 201/301 & Eutelsat 7 West A,Found
SAUDI CH For Quran HD,1_0_1_15E1_1A_2BE_DC90000_0_0_0.png,saudichforquranhd.png,7.1W,(61) 7.1W KU-band Nilesat 201/301 & Eutelsat 7 West A,Found
SAUDI CH For Sunnah HD,1_0_1_15E2_1A_2BE_DC90000_0_0_0.png,saudichforsunnahhd.png,7.1W,(61) 7.1W KU-band Nilesat 201/301 & Eutelsat 7 West A,Found
SAUDI TV HD,1_0_1_A29_1A_2BE_DC90000_0_0_0.png,sauditvhd.png,7.1W,(61) 7.1W KU-band Nilesat 201/301 & Eutelsat 7 West A,Found
SBC HD,1_0_1_A2B_1A_2BE_DC90000_0_0_0.png,sbchd.png,7.1W,(61) 7.1W KU-band Nilesat 201/301 & Eutelsat 7 West A,Found
SBN Global,1_0_1_1B61_17_6E_DC90000_0_0_0.png,sbnglobal.png,7.1W,(61) 7.1W KU-band Nilesat 201/301 & Eutelsat 7 West A,Found
SHEHAB TV HD,1_0_19_160_C9_800_DC90000_0_0_0.png,shehabtvhd.png,7.1W,(61) 7.1W KU-band Nilesat 201/301 & Eutelsat 7 West A,Found
SMTV,1_0_1_CC_C21_6E_DC90000_0_0_0.png,smtv.png,7.1W,(61) 7.1W KU-band Nilesat 201/301 & Eutelsat 7 West A,Found
SPACETOON ARABIC,1_0_1_710_12_800_DC90000_0_0_0.png,spacetoonarabic.png,7.1W,(61) 7.1W KU-band Nilesat 201/301 & Eutelsat 7 West A,Found
SUHAIL TV,1_0_1_261_C21_6E_DC90000_0_0_0.png,suhailtv.png,7.1W,(61) 7.1W KU-band Nilesat 201/301 & Eutelsat 7 West A,Found
SUMER FM,1_0_A_13_9C7C_77E_DC90000_0_0_0.png,sumerfm.png,7.1W,(61) 7.1W KU-band Nilesat 201/301 & Eutelsat 7 West A,Found
SYRIA TV HD,1_0_19_19A_10_6E_DC90000_0_0_0.png,syriatvhd.png,7.1W,(61) 7.1W KU-band Nilesat 201/301 & Eutelsat 7 West A,Found
Sada El Balad,1_0_1_45A_B_800_DC90000_0_0_0.png,sadaelbalad.png,7.1W,(61) 7.1W KU-band Nilesat 201/301 & Eutelsat 7 West A,Found
Sada El Balad 2,1_0_1_45B_B_800_DC90000_0_0_0.png,sadaelbalad2.png,7.1W,(61) 7.1W KU-band Nilesat 201/301 & Eutelsat 7 West A,Found
Sada ElBalad 3,1_0_1_459_B_800_DC90000_0_0_0.png,sadaelbalad3.png,7.1W,(61) 7.1W KU-band Nilesat 201/301 & Eutelsat 7 West A,Found
Sahar Kurdi,1_0_16_517_D_800_DC90000_0_0_0.png,saharkurdi.png,7.1W,(61) 7.1W KU-band Nilesat 201/301 & Eutelsat 7 West A,Found
Samira TV,1_0_1_7F7_11_6E_DC90000_0_0_0.png,samiratv.png,7.1W,(61) 7.1W KU-band Nilesat 201/301 & Eutelsat 7 West A,Found
Saudia Alaan TV HD,1_0_1_A2D_1A_2BE_DC90000_0_0_0.png,saudiaalaantvhd.png,7.1W,(61) 7.1W KU-band Nilesat 201/301 & Eutelsat 7 West A,Found
Sawt Alitra,1_0_1_25E_C21_6E_DC90000_0_0_0.png,sawtalitra.png,7.1W,(61) 7.1W KU-band Nilesat 201/301 & Eutelsat 7 West A,Found
Sky News Arabia,1_0_1_7D5_14_800_DC90000_0_0_0.png,skynewsarabia.png,7.1W,(61) 7.1W KU-band Nilesat 201/301 & Eutelsat 7 West A,Found
Sky News Arabia HD,1_0_19_7DF_14_800_DC90000_0_0_0.png,skynewsarabiahd.png,7.1W,(61) 7.1W KU-band Nilesat 201/301 & Eutelsat 7 West A,Found
Skyworth OTA,1_0_1_FFF6_2D_800_DC90000_0_0_0.png,skyworthota.png,7.1W,(61) 7.1W KU-band Nilesat 201/301 & Eutelsat 7 West A,Found
Spare,1_0_19_969_1F4_77E_DC90000_0_0_0.png,spare.png,7.1W,(61) 7.1W KU-band Nilesat 201/301 & Eutelsat 7 West A,Found
Spare 226,1_0_1_E2_2_800_DC90000_0_0_0.png,spare226.png,7.1W,(61) 7.1W KU-band Nilesat 201/301 & Eutelsat 7 West A,Found
Sports First,1_0_1_1FD_9E34_77E_DC90000_0_0_0.png,sportsfirst.png,7.1W,(61) 7.1W KU-band Nilesat 201/301 & Eutelsat 7 West A,Found
Star FM,1_0_2_E_32_64_DC90000_0_0_0.png,starfm.png,7.1W,(61) 7.1W KU-band Nilesat 201/301 & Eutelsat 7 West A,Found
Strongman Champions League,1_0_1_201_9E34_77E_DC90000_0_0_0.png,strongmanchampionsleague.png,7.1W,(61) 7.1W KU-band Nilesat 201/301 & Eutelsat 7 West A,Found
Sudan TV,1_0_1_67_1_800_DC90000_0_0_0.png,sudantv.png,7.1W,(61) 7.1W KU-band Nilesat 201/301 & Eutelsat 7 West A,Found
Syria 2 HD,1_0_1_2C6_7_800_DC90000_0_0_0.png,syria2hd.png,7.1W,(61) 7.1W KU-band Nilesat 201/301 & Eutelsat 7 West A,Found
Syria News HD,1_0_19_B06_1C_800_DC90000_0_0_0.png,syrianewshd.png,7.1W,(61) 7.1W KU-band Nilesat 201/301 & Eutelsat 7 West A,Found
Syria News SD,1_0_1_904_17_800_DC90000_0_0_0.png,syrianewssd.png,7.1W,(61) 7.1W KU-band Nilesat 201/301 & Eutelsat 7 West A,Found
Syria TV 01,1_0_1_B0B_1C_800_DC90000_0_0_0.png,syriatv01.png,7.1W,(61) 7.1W KU-band Nilesat 201/301 & Eutelsat 7 West A,Found
TAHA,1_0_1_262_C21_6E_DC90000_0_0_0.png,taha.png,7.1W,(61) 7.1W KU-band Nilesat 201/301 & Eutelsat 7 West A,Found
TCHAD TV HD,1_0_19_DE_C21_6E_DC90000_0_0_0.png,tchadtvhd.png,7.1W,(61) 7.1W KU-band Nilesat 201/301 & Eutelsat 7 West A,Found
TCTT,1_0_1_24_1_FFFF_DC92A3F_0_0_0.png,tctt.png,7.1W,(61) 7.1W KU-band Nilesat 201/301 & Eutelsat 7 West A,Found
TEST,1_0_1_6D_D28C_77E_DC90000_0_0_0.png,test.png,7.1W,(61) 7.1W KU-band Nilesat 201/301 & Eutelsat 7 West A,Found
TEST_CB,1_0_19_19_9C7C_77E_DC90000_0_0_0.png,testcb.png,7.1W,(61) 7.1W KU-band Nilesat 201/301 & Eutelsat 7 West A,Found
TFC HD,1_0_1_D9_2_800_DC90000_0_0_0.png,tfchd.png,7.1W,(61) 7.1W KU-band Nilesat 201/301 & Eutelsat 7 West A,Found
TLC HD,1_0_19_134_3_157C_DC90000_0_0_0.png,tlchd.png,7.1W,(61) 7.1W KU-band Nilesat 201/301 & Eutelsat 7 West A,Found
TOP Zaman,1_0_1_7_1_FFFF_DC92A3F_0_0_0.png,topzaman.png,7.1W,(61) 7.1W KU-band Nilesat 201/301 & Eutelsat 7 West A,Found
TRT Arabi,1_0_1_1B71_17_6E_DC90000_0_0_0.png,trtarabi.png,7.1W,(61) 7.1W KU-band Nilesat 201/301 & Eutelsat 7 West A,Found
TRT Arabi HD,1_0_1_31F_10_6E_DC90000_0_0_0.png,trtarabihd.png,7.1W,(61) 7.1W KU-band Nilesat 201/301 & Eutelsat 7 West A,Found
TRT KURDI,1_0_1_1F46_12_6E_DC90000_0_0_0.png,trtkurdi.png,7.1W,(61) 7.1W KU-band Nilesat 201/301 & Eutelsat 7 West A,Found
TUNISIA SHOP,1_0_1_29B_8_800_DC90000_0_0_0.png,tunisiashop.png,7.1W,(61) 7.1W KU-band Nilesat 201/301 & Eutelsat 7 West A,Found
TURKMENELI HD,1_0_19_156_C9_800_DC90000_0_0_0.png,turkmenelihd.png,7.1W,(61) 7.1W KU-band Nilesat 201/301 & Eutelsat 7 West A,Found
TURKMENELI Radio,1_0_1_15E_C9_800_DC90000_0_0_0.png,turkmeneliradio.png,7.1W,(61) 7.1W KU-band Nilesat 201/301 & Eutelsat 7 West A,Found
TV 4,1_0_1_4_1_0_DC92DA0_0_0_0.png,tv4.png,7.1W,(61) 7.1W KU-band Nilesat 201/301 & Eutelsat 7 West A,Found
TV 5,1_0_1_5_1_0_DC92DA0_0_0_0.png,tv5.png,7.1W,(61) 7.1W KU-band Nilesat 201/301 & Eutelsat 7 West A,Found
TV5,1_0_1_641_10_800_DC90000_0_0_0.png,tv5.png,7.1W,(61) 7.1W KU-band Nilesat 201/301 & Eutelsat 7 West A,Found
TV6 HD,1_0_1_6_1_0_DC92DA0_0_0_0.png,tv6hd.png,7.1W,(61) 7.1W KU-band Nilesat 201/301 & Eutelsat 7 West A,Found
TV7 ELMAARIFA,1_0_1_7_1_0_DC92DA0_0_0_0.png,tv7elmaarifa.png,7.1W,(61) 7.1W KU-band Nilesat 201/301 & Eutelsat 7 West A,Found
TV8 EDHAKIRA,1_0_1_8_1_0_DC92DA0_0_0_0.png,tv8edhakira.png,7.1W,(61) 7.1W KU-band Nilesat 201/301 & Eutelsat 7 West A,Found
TeN TV,1_0_1_259_6_800_DC90000_0_0_0.png,tentv.png,7.1W,(61) 7.1W KU-band Nilesat 201/301 & Eutelsat 7 West A,Found
TeleRadyo,1_0_1_D7_2_800_DC90000_0_0_0.png,teleradyo.png,7.1W,(61) 7.1W KU-band Nilesat 201/301 & Eutelsat 7 West A,Found
Test,1_0_1_903_17_800_DC90000_0_0_0.png,test.png,7.1W,(61) 7.1W KU-band Nilesat 201/301 & Eutelsat 7 West A,Found
Test,1_0_1_B0C_1C_800_DC90000_0_0_0.png,test.png,7.1W,(61) 7.1W KU-band Nilesat 201/301 & Eutelsat 7 West A,Found
Test,1_0_1_714_12_800_DC90000_0_0_0.png,test.png,7.1W,(61) 7.1W KU-band Nilesat 201/301 & Eutelsat 7 West A,Found
Test,1_0_1_715_12_800_DC90000_0_0_0.png,test.png,7.1W,(61) 7.1W KU-band Nilesat 201/301 & Eutelsat 7 West A,Found
Test,1_0_1_717_12_800_DC90000_0_0_0.png,test.png,7.1W,(61) 7.1W KU-band Nilesat 201/301 & Eutelsat 7 West A,Found
Test,1_0_1_718_12_800_DC90000_0_0_0.png,test.png,7.1W,(61) 7.1W KU-band Nilesat 201/301 & Eutelsat 7 West A,Found
Test,1_0_1_51F_D_800_DC90000_0_0_0.png,test.png,7.1W,(61) 7.1W KU-band Nilesat 201/301 & Eutelsat 7 West A,Found
Test,1_0_1_83F_15_800_DC90000_0_0_0.png,test.png,7.1W,(61) 7.1W KU-band Nilesat 201/301 & Eutelsat 7 West A,Found
Test,1_0_1_649_10_800_DC90000_0_0_0.png,test.png,7.1W,(61) 7.1W KU-band Nilesat 201/301 & Eutelsat 7 West A,Found
Test,1_0_1_453_B_800_DC90000_0_0_0.png,test.png,7.1W,(61) 7.1W KU-band Nilesat 201/301 & Eutelsat 7 West A,Found
Test,1_0_1_456_B_800_DC90000_0_0_0.png,test.png,7.1W,(61) 7.1W KU-band Nilesat 201/301 & Eutelsat 7 West A,Found
Test,1_0_1_258_6_800_DC90000_0_0_0.png,test.png,7.1W,(61) 7.1W KU-band Nilesat 201/301 & Eutelsat 7 West A,Found
Test,1_0_1_65_1_800_DC90000_0_0_0.png,test.png,7.1W,(61) 7.1W KU-band Nilesat 201/301 & Eutelsat 7 West A,Found
Test,1_0_1_26A_6_800_DC90000_0_0_0.png,test.png,7.1W,(61) 7.1W KU-band Nilesat 201/301 & Eutelsat 7 West A,Found
Test,1_0_1_78_1_800_DC90000_0_0_0.png,test.png,7.1W,(61) 7.1W KU-band Nilesat 201/301 & Eutelsat 7 West A,Found
Test,1_0_1_C85_20_800_DC90000_0_0_0.png,test.png,7.1W,(61) 7.1W KU-band Nilesat 201/301 & Eutelsat 7 West A,Found
Test,1_0_1_8A3_16_800_DC90000_0_0_0.png,test.png,7.1W,(61) 7.1W KU-band Nilesat 201/301 & Eutelsat 7 West A,Found
Test,1_0_1_8A6_16_800_DC90000_0_0_0.png,test.png,7.1W,(61) 7.1W KU-band Nilesat 201/301 & Eutelsat 7 West A,Found
Test,1_0_1_2C4_7_800_DC90000_0_0_0.png,test.png,7.1W,(61) 7.1W KU-band Nilesat 201/301 & Eutelsat 7 West A,Found
Test,1_0_1_7D4_14_800_DC90000_0_0_0.png,test.png,7.1W,(61) 7.1W KU-band Nilesat 201/301 & Eutelsat 7 West A,Found
Test,1_0_1_1E9_5_800_DC90000_0_0_0.png,test.png,7.1W,(61) 7.1W KU-band Nilesat 201/301 & Eutelsat 7 West A,Found
Test,1_0_1_3EB_A_800_DC90000_0_0_0.png,test.png,7.1W,(61) 7.1W KU-band Nilesat 201/301 & Eutelsat 7 West A,Found
Test,1_0_1_3EE_A_800_DC90000_0_0_0.png,test.png,7.1W,(61) 7.1W KU-band Nilesat 201/301 & Eutelsat 7 West A,Found
Test,1_0_1_3EF_A_800_DC90000_0_0_0.png,test.png,7.1W,(61) 7.1W KU-band Nilesat 201/301 & Eutelsat 7 West A,Found
Test,1_0_1_3F0_A_800_DC90000_0_0_0.png,test.png,7.1W,(61) 7.1W KU-band Nilesat 201/301 & Eutelsat 7 West A,Found
Test,1_0_1_3F1_A_800_DC90000_0_0_0.png,test.png,7.1W,(61) 7.1W KU-band Nilesat 201/301 & Eutelsat 7 West A,Found
Test,1_0_1_3F2_A_800_DC90000_0_0_0.png,test.png,7.1W,(61) 7.1W KU-band Nilesat 201/301 & Eutelsat 7 West A,Found
Test,1_0_1_AF3_1C_800_DC90000_0_0_0.png,test.png,7.1W,(61) 7.1W KU-band Nilesat 201/301 & Eutelsat 7 West A,Found
Test,1_0_1_AF4_1C_800_DC90000_0_0_0.png,test.png,7.1W,(61) 7.1W KU-band Nilesat 201/301 & Eutelsat 7 West A,Found
Test,1_0_1_AF5_1C_800_DC90000_0_0_0.png,test.png,7.1W,(61) 7.1W KU-band Nilesat 201/301 & Eutelsat 7 West A,Found
Test,1_0_1_AF6_1C_800_DC90000_0_0_0.png,test.png,7.1W,(61) 7.1W KU-band Nilesat 201/301 & Eutelsat 7 West A,Found
Test,1_0_1_1F7_5_800_DC90000_0_0_0.png,test.png,7.1W,(61) 7.1W KU-band Nilesat 201/301 & Eutelsat 7 West A,Found
Test,1_0_1_1FB_5_800_DC90000_0_0_0.png,test.png,7.1W,(61) 7.1W KU-band Nilesat 201/301 & Eutelsat 7 West A,Found
Test,1_0_1_1FC_5_800_DC90000_0_0_0.png,test.png,7.1W,(61) 7.1W KU-band Nilesat 201/301 & Eutelsat 7 West A,Found
Test,1_0_1_AFD_1C_800_DC90000_0_0_0.png,test.png,7.1W,(61) 7.1W KU-band Nilesat 201/301 & Eutelsat 7 West A,Found
Test,1_0_2_B18_1C_800_DC90000_0_0_0.png,test.png,7.1W,(61) 7.1W KU-band Nilesat 201/301 & Eutelsat 7 West A,Found
Test,1_0_2_719_12_800_DC90000_0_0_0.png,test.png,7.1W,(61) 7.1W KU-band Nilesat 201/301 & Eutelsat 7 West A,Found
Test,1_0_2_71A_12_800_DC90000_0_0_0.png,test.png,7.1W,(61) 7.1W KU-band Nilesat 201/301 & Eutelsat 7 West A,Found
Test,1_0_2_22A_5_800_DC90000_0_0_0.png,test.png,7.1W,(61) 7.1W KU-band Nilesat 201/301 & Eutelsat 7 West A,Found
Test,1_0_2_22D_5_800_DC90000_0_0_0.png,test.png,7.1W,(61) 7.1W KU-band Nilesat 201/301 & Eutelsat 7 West A,Found
Test,1_0_2_22E_5_800_DC90000_0_0_0.png,test.png,7.1W,(61) 7.1W KU-band Nilesat 201/301 & Eutelsat 7 West A,Found
Test,1_0_2_230_5_800_DC90000_0_0_0.png,test.png,7.1W,(61) 7.1W KU-band Nilesat 201/301 & Eutelsat 7 West A,Found
Test,1_0_2_237_5_800_DC90000_0_0_0.png,test.png,7.1W,(61) 7.1W KU-band Nilesat 201/301 & Eutelsat 7 West A,Found
Test,1_0_2_239_5_800_DC90000_0_0_0.png,test.png,7.1W,(61) 7.1W KU-band Nilesat 201/301 & Eutelsat 7 West A,Found
Test,1_0_2_45F_B_800_DC90000_0_0_0.png,test.png,7.1W,(61) 7.1W KU-band Nilesat 201/301 & Eutelsat 7 West A,Found
Test,1_0_2_460_B_800_DC90000_0_0_0.png,test.png,7.1W,(61) 7.1W KU-band Nilesat 201/301 & Eutelsat 7 West A,Found
Test,1_0_2_461_B_800_DC90000_0_0_0.png,test.png,7.1W,(61) 7.1W KU-band Nilesat 201/301 & Eutelsat 7 West A,Found
Test,1_0_2_462_B_800_DC90000_0_0_0.png,test.png,7.1W,(61) 7.1W KU-band Nilesat 201/301 & Eutelsat 7 West A,Found
Test,1_0_2_463_B_800_DC90000_0_0_0.png,test.png,7.1W,(61) 7.1W KU-band Nilesat 201/301 & Eutelsat 7 West A,Found
Test,1_0_2_464_B_800_DC90000_0_0_0.png,test.png,7.1W,(61) 7.1W KU-band Nilesat 201/301 & Eutelsat 7 West A,Found
Test,1_0_2_465_B_800_DC90000_0_0_0.png,test.png,7.1W,(61) 7.1W KU-band Nilesat 201/301 & Eutelsat 7 West A,Found
Test,1_0_2_466_B_800_DC90000_0_0_0.png,test.png,7.1W,(61) 7.1W KU-band Nilesat 201/301 & Eutelsat 7 West A,Found
Test,1_0_2_467_B_800_DC90000_0_0_0.png,test.png,7.1W,(61) 7.1W KU-band Nilesat 201/301 & Eutelsat 7 West A,Found
Test,1_0_2_268_6_800_DC90000_0_0_0.png,test.png,7.1W,(61) 7.1W KU-band Nilesat 201/301 & Eutelsat 7 West A,Found
Test,1_0_2_468_B_800_DC90000_0_0_0.png,test.png,7.1W,(61) 7.1W KU-band Nilesat 201/301 & Eutelsat 7 West A,Found
Test,1_0_2_469_B_800_DC90000_0_0_0.png,test.png,7.1W,(61) 7.1W KU-band Nilesat 201/301 & Eutelsat 7 West A,Found
Test,1_0_2_66C_10_800_DC90000_0_0_0.png,test.png,7.1W,(61) 7.1W KU-band Nilesat 201/301 & Eutelsat 7 West A,Found
Test,1_0_2_26F_6_800_DC90000_0_0_0.png,test.png,7.1W,(61) 7.1W KU-band Nilesat 201/301 & Eutelsat 7 West A,Found
Test,1_0_2_270_6_800_DC90000_0_0_0.png,test.png,7.1W,(61) 7.1W KU-band Nilesat 201/301 & Eutelsat 7 West A,Found
Test,1_0_2_271_6_800_DC90000_0_0_0.png,test.png,7.1W,(61) 7.1W KU-band Nilesat 201/301 & Eutelsat 7 West A,Found
Test,1_0_2_272_6_800_DC90000_0_0_0.png,test.png,7.1W,(61) 7.1W KU-band Nilesat 201/301 & Eutelsat 7 West A,Found
Test,1_0_2_273_6_800_DC90000_0_0_0.png,test.png,7.1W,(61) 7.1W KU-band Nilesat 201/301 & Eutelsat 7 West A,Found
Test,1_0_2_82_1_800_DC90000_0_0_0.png,test.png,7.1W,(61) 7.1W KU-band Nilesat 201/301 & Eutelsat 7 West A,Found
Test,1_0_2_84_1_800_DC90000_0_0_0.png,test.png,7.1W,(61) 7.1W KU-band Nilesat 201/301 & Eutelsat 7 West A,Found
Test,1_0_2_85_1_800_DC90000_0_0_0.png,test.png,7.1W,(61) 7.1W KU-band Nilesat 201/301 & Eutelsat 7 West A,Found
Test,1_0_2_28B_6_800_DC90000_0_0_0.png,test.png,7.1W,(61) 7.1W KU-band Nilesat 201/301 & Eutelsat 7 West A,Found
Test,1_0_2_C9F_20_800_DC90000_0_0_0.png,test.png,7.1W,(61) 7.1W KU-band Nilesat 201/301 & Eutelsat 7 West A,Found
Test,1_0_2_CA0_20_800_DC90000_0_0_0.png,test.png,7.1W,(61) 7.1W KU-band Nilesat 201/301 & Eutelsat 7 West A,Found
Test,1_0_2_CA1_20_800_DC90000_0_0_0.png,test.png,7.1W,(61) 7.1W KU-band Nilesat 201/301 & Eutelsat 7 West A,Found
Test,1_0_2_2A4_6_800_DC90000_0_0_0.png,test.png,7.1W,(61) 7.1W KU-band Nilesat 201/301 & Eutelsat 7 West A,Found
Test,1_0_C_250_5_800_DC90000_0_0_0.png,test.png,7.1W,(61) 7.1W KU-band Nilesat 201/301 & Eutelsat 7 West A,Found
Test,1_0_19_713_12_800_DC90000_0_0_0.png,test.png,7.1W,(61) 7.1W KU-band Nilesat 201/301 & Eutelsat 7 West A,Found
Test,1_0_19_132B_31_800_DC90000_0_0_0.png,test.png,7.1W,(61) 7.1W KU-band Nilesat 201/301 & Eutelsat 7 West A,Found
Test,1_0_19_64A_10_800_DC90000_0_0_0.png,test.png,7.1W,(61) 7.1W KU-band Nilesat 201/301 & Eutelsat 7 West A,Found
Test,1_0_19_44E_B_800_DC90000_0_0_0.png,test.png,7.1W,(61) 7.1W KU-band Nilesat 201/301 & Eutelsat 7 West A,Found
Test,1_0_19_70_1_800_DC90000_0_0_0.png,test.png,7.1W,(61) 7.1W KU-band Nilesat 201/301 & Eutelsat 7 West A,Found
Test,1_0_19_3EA_A_800_DC90000_0_0_0.png,test.png,7.1W,(61) 7.1W KU-band Nilesat 201/301 & Eutelsat 7 West A,Found
Test,1_0_19_1EB_5_800_DC90000_0_0_0.png,test.png,7.1W,(61) 7.1W KU-band Nilesat 201/301 & Eutelsat 7 West A,Found
Test,1_0_19_3EC_A_800_DC90000_0_0_0.png,test.png,7.1W,(61) 7.1W KU-band Nilesat 201/301 & Eutelsat 7 West A,Found
Test,1_0_19_3ED_A_800_DC90000_0_0_0.png,test.png,7.1W,(61) 7.1W KU-band Nilesat 201/301 & Eutelsat 7 West A,Found
Test,1_0_19_AF1_1C_800_DC90000_0_0_0.png,test.png,7.1W,(61) 7.1W KU-band Nilesat 201/301 & Eutelsat 7 West A,Found
Test 1,1_0_1_36_14_6E_DC90000_0_0_0.png,test1.png,7.1W,(61) 7.1W KU-band Nilesat 201/301 & Eutelsat 7 West A,Found
Test 1,1_0_19_6E_D28C_77E_DC90000_0_0_0.png,test1.png,7.1W,(61) 7.1W KU-band Nilesat 201/301 & Eutelsat 7 West A,Found
Test 2,1_0_19_6F_D28C_77E_DC90000_0_0_0.png,test2.png,7.1W,(61) 7.1W KU-band Nilesat 201/301 & Eutelsat 7 West A,Found
Test 3,1_0_1_70_D28C_77E_DC90000_0_0_0.png,test3.png,7.1W,(61) 7.1W KU-band Nilesat 201/301 & Eutelsat 7 West A,Found
Test 4,1_0_1_71_D28C_77E_DC90000_0_0_0.png,test4.png,7.1W,(61) 7.1W KU-band Nilesat 201/301 & Eutelsat 7 West A,Found
Test-3,1_0_19_967_1F4_77E_DC90000_0_0_0.png,test3.png,7.1W,(61) 7.1W KU-band Nilesat 201/301 & Eutelsat 7 West A,Found
Test2,1_0_19_974_1F4_77E_DC90000_0_0_0.png,test2.png,7.1W,(61) 7.1W KU-band Nilesat 201/301 & Eutelsat 7 West A,Found
Test4,1_0_19_976_1F4_77E_DC90000_0_0_0.png,test4.png,7.1W,(61) 7.1W KU-band Nilesat 201/301 & Eutelsat 7 West A,Found
Test5,1_0_19_977_1F4_77E_DC90000_0_0_0.png,test5.png,7.1W,(61) 7.1W KU-band Nilesat 201/301 & Eutelsat 7 West A,Found
Test6,1_0_19_978_1F4_77E_DC90000_0_0_0.png,test6.png,7.1W,(61) 7.1W KU-band Nilesat 201/301 & Eutelsat 7 West A,Found
Test7,1_0_19_979_1F4_77E_DC90000_0_0_0.png,test7.png,7.1W,(61) 7.1W KU-band Nilesat 201/301 & Eutelsat 7 West A,Found
Tets3,1_0_19_975_1F4_77E_DC90000_0_0_0.png,tets3.png,7.1W,(61) 7.1W KU-band Nilesat 201/301 & Eutelsat 7 West A,Found
The Grace TV,1_0_1_31_1_FFFF_DC92A3F_0_0_0.png,thegracetv.png,7.1W,(61) 7.1W KU-band Nilesat 201/301 & Eutelsat 7 West A,Found
Top Drama,1_0_1_5_1_FFFF_DC92A3F_0_0_0.png,topdrama.png,7.1W,(61) 7.1W KU-band Nilesat 201/301 & Eutelsat 7 West A,Found
Toyor Aljanah,1_0_16_1A3_10_6E_DC90000_0_0_0.png,toyoraljanah.png,7.1W,(61) 7.1W KU-band Nilesat 201/301 & Eutelsat 7 West A,Found
Tunisia Nat1 HD,1_0_1_1F47_12_6E_DC90000_0_0_0.png,tunisianat1hd.png,7.1W,(61) 7.1W KU-band Nilesat 201/301 & Eutelsat 7 West A,Found
Tunisia Nat2 HD,1_0_1_1F6C_12_6E_DC90000_0_0_0.png,tunisianat2hd.png,7.1W,(61) 7.1W KU-band Nilesat 201/301 & Eutelsat 7 West A,Found
UTV Iraq HD,1_0_1_3EA_320_800_DC90000_0_0_0.png,utviraqhd.png,7.1W,(61) 7.1W KU-band Nilesat 201/301 & Eutelsat 7 West A,Found
Vatican Radio,1_0_1_35_14_6E_DC90000_0_0_0.png,vaticanradio.png,7.1W,(61) 7.1W KU-band Nilesat 201/301 & Eutelsat 7 West A,Found
Wanasat Baby,1_0_1_4B6_A0F0_396_DC90000_0_0_0.png,wanasatbaby.png,7.1W,(61) 7.1W KU-band Nilesat 201/301 & Eutelsat 7 West A,Found
Wedo TV,1_0_1_1F4_9E34_77E_DC90000_0_0_0.png,wedotv.png,7.1W,(61) 7.1W KU-band Nilesat 201/301 & Eutelsat 7 West A,Found
Wild TV,1_0_1_1FF_9E34_77E_DC90000_0_0_0.png,wildtv.png,7.1W,(61) 7.1W KU-band Nilesat 201/301 & Eutelsat 7 West A,Found
World Fishing Network,1_0_1_1FB_9E34_77E_DC90000_0_0_0.png,worldfishingnetwork.png,7.1W,(61) 7.1W KU-band Nilesat 201/301 & Eutelsat 7 West A,Found
World Poker Tour,1_0_1_1F8_9E34_77E_DC90000_0_0_0.png,worldpokertour.png,7.1W,(61) 7.1W KU-band Nilesat 201/301 & Eutelsat 7 West A,Found
YAMAN KIDS,1_0_19_4BB_A0F0_396_DC90000_0_0_0.png,yamankids.png,7.1W,(61) 7.1W KU-band Nilesat 201/301 & Eutelsat 7 West A,Found
YAS Sports HD,1_0_1_7_32_64_DC90000_0_0_0.png,yassportshd.png,7.1W,(61) 7.1W KU-band Nilesat 201/301 & Eutelsat 7 West A,Found
YEMEN SHABAB,1_0_1_1B58_17_6E_DC90000_0_0_0.png,yemenshabab.png,7.1W,(61) 7.1W KU-band Nilesat 201/301 & Eutelsat 7 West A,Found
Yemen,1_0_19_68_1_800_DC90000_0_0_0.png,yemen.png,7.1W,(61) 7.1W KU-band Nilesat 201/301 & Eutelsat 7 West A,Found
Yemen Today,1_0_1_6F_1_800_DC90000_0_0_0.png,yementoday.png,7.1W,(61) 7.1W KU-band Nilesat 201/301 & Eutelsat 7 West A,Found
Yemen Today TV,1_0_19_3F0_320_800_DC90000_0_0_0.png,yementodaytv.png,7.1W,(61) 7.1W KU-band Nilesat 201/301 & Eutelsat 7 West A,Found
ZAD TV,1_0_1_A_9C68_77E_DC90000_0_0_0.png,zadtv.png,7.1W,(61) 7.1W KU-band Nilesat 201/301 & Eutelsat 7 West A,Found
ZAGROS TV HD,1_0_19_3F1_320_800_DC90000_0_0_0.png,zagrostvhd.png,7.1W,(61) 7.1W KU-band Nilesat 201/301 & Eutelsat 7 West A,Found
ZAYTOONA,1_0_1_4B4_A0F0_396_DC90000_0_0_0.png,zaytoona.png,7.1W,(61) 7.1W KU-band Nilesat 201/301 & Eutelsat 7 West A,Found
ZEE ALWAN Egypt,1_0_1_7_9C68_77E_DC90000_0_0_0.png,zeealwanegypt.png,7.1W,(61) 7.1W KU-band Nilesat 201/301 & Eutelsat 7 West A,Found
ZEE ALWAN.,1_0_1_6_9C68_77E_DC90000_0_0_0.png,zeealwan.png,7.1W,(61) 7.1W KU-band Nilesat 201/301 & Eutelsat 7 West A,Found
Zahra TV,1_0_1_7FA_11_6E_DC90000_0_0_0.png,zahratv.png,7.1W,(61) 7.1W KU-band Nilesat 201/301 & Eutelsat 7 West A,Found
Zamalek Sports,1_0_1_1328_31_800_DC90000_0_0_0.png,zamaleksports.png,7.1W,(61) 7.1W KU-band Nilesat 201/301 & Eutelsat 7 West A,Found
Zee Aflam,1_0_16_19D5_42_800_DC90000_0_0_0.png,zeeaflam.png,7.1W,(61) 7.1W KU-band Nilesat 201/301 & Eutelsat 7 West A,Found
a Konoz Alhayat,1_0_1_325_7_800_DC90000_0_0_0.png,akonozalhayat.png,7.1W,(61) 7.1W KU-band Nilesat 201/301 & Eutelsat 7 West A,Found
beIN 4K,1_0_19_961_1F4_77E_DC90000_0_0_0.png,bein4k.png,7.1W,(61) 7.1W KU-band Nilesat 201/301 & Eutelsat 7 West A,Found
beIN SPORTS 5,1_0_19_973_1F4_77E_DC90000_0_0_0.png,beinsports5.png,7.1W,(61) 7.1W KU-band Nilesat 201/301 & Eutelsat 7 West A,Found
beIN SPORTS 9,1_0_19_96A_1F4_77E_DC90000_0_0_0.png,beinsports9.png,7.1W,(61) 7.1W KU-band Nilesat 201/301 & Eutelsat 7 West A,Found
beIN SPORTS EN 1,1_0_19_8FD_190_77E_DC90000_0_0_0.png,beinsportsen1.png,7.1W,(61) 7.1W KU-band Nilesat 201/301 & Eutelsat 7 West A,Found
beIN SPORTS EN 2,1_0_19_8FE_190_77E_DC90000_0_0_0.png,beinsportsen2.png,7.1W,(61) 7.1W KU-band Nilesat 201/301 & Eutelsat 7 West A,Found
beIN SPORTS FR 1,1_0_19_8FF_190_77E_DC90000_0_0_0.png,beinsportsfr1.png,7.1W,(61) 7.1W KU-band Nilesat 201/301 & Eutelsat 7 West A,Found
beIN SPORTS FR 2,1_0_19_900_190_77E_DC90000_0_0_0.png,beinsportsfr2.png,7.1W,(61) 7.1W KU-band Nilesat 201/301 & Eutelsat 7 West A,Found
beIN SPORTS MAX 1,1_0_19_96E_1F4_77E_DC90000_0_0_0.png,beinsportsmax1.png,7.1W,(61) 7.1W KU-band Nilesat 201/301 & Eutelsat 7 West A,Found
beIN SPORTS MAX 2,1_0_19_901_190_77E_DC90000_0_0_0.png,beinsportsmax2.png,7.1W,(61) 7.1W KU-band Nilesat 201/301 & Eutelsat 7 West A,Found
beIN SPORTS MAX 4,1_0_19_970_1F4_77E_DC90000_0_0_0.png,beinsportsmax4.png,7.1W,(61) 7.1W KU-band Nilesat 201/301 & Eutelsat 7 West A,Found
beIN SPORTS MAX 5,1_0_19_971_1F4_77E_DC90000_0_0_0.png,beinsportsmax5.png,7.1W,(61) 7.1W KU-band Nilesat 201/301 & Eutelsat 7 West A,Found
beIN SPORTS MAX 6,1_0_19_96F_1F4_77E_DC90000_0_0_0.png,beinsportsmax6.png,7.1W,(61) 7.1W KU-band Nilesat 201/301 & Eutelsat 7 West A,Found
beIN SPORTS NEWS,1_0_19_96B_1F4_77E_DC90000_0_0_0.png,beinsportsnews.png,7.1W,(61) 7.1W KU-band Nilesat 201/301 & Eutelsat 7 West A,Found
beIN SPORTS XTRA 1,1_0_19_96C_1F4_77E_DC90000_0_0_0.png,beinsportsxtra1.png,7.1W,(61) 7.1W KU-band Nilesat 201/301 & Eutelsat 7 West A,Found
beIN SPORTS XTRA 2,1_0_19_96D_1F4_77E_DC90000_0_0_0.png,beinsportsxtra2.png,7.1W,(61) 7.1W KU-band Nilesat 201/301 & Eutelsat 7 West A,Found
beIN SPORTS XTRA 4,1_0_19_968_1F4_77E_DC90000_0_0_0.png,beinsportsxtra4.png,7.1W,(61) 7.1W KU-band Nilesat 201/301 & Eutelsat 7 West A,Found
beIN SPORTS XTRA 6,1_0_19_972_1F4_77E_DC90000_0_0_0.png,beinsportsxtra6.png,7.1W,(61) 7.1W KU-band Nilesat 201/301 & Eutelsat 7 West A,Found
beIN SPORTS XTRA 7,1_0_19_902_190_77E_DC90000_0_0_0.png,beinsportsxtra7.png,7.1W,(61) 7.1W KU-band Nilesat 201/301 & Eutelsat 7 West A,Found
dmc,1_0_1_1326_31_800_DC90000_0_0_0.png,dmc.png,7.1W,(61) 7.1W KU-band Nilesat 201/301 & Eutelsat 7 West A,Found
dmc HD,1_0_19_1325_31_800_DC90000_0_0_0.png,dmchd.png,7.1W,(61) 7.1W KU-band Nilesat 201/301 & Eutelsat 7 West A,Found
dmc drama,1_0_1_1329_31_800_DC90000_0_0_0.png,dmcdrama.png,7.1W,(61) 7.1W KU-band Nilesat 201/301 & Eutelsat 7 West A,Found
dmc masraheyat,1_0_1_132C_31_800_DC90000_0_0_0.png,dmcmasraheyat.png,7.1W,(61) 7.1W KU-band Nilesat 201/301 & Eutelsat 7 West A,Found
eClutch Access,1_0_1_130_9CD6_77E_DC90000_0_0_0.png,eclutchaccess.png,7.1W,(61) 7.1W KU-band Nilesat 201/301 & Eutelsat 7 West A,Found
eClutch Arabic,1_0_1_12F_9CD6_77E_DC90000_0_0_0.png,eclutcharabic.png,7.1W,(61) 7.1W KU-band Nilesat 201/301 & Eutelsat 7 West A,Found
eClutch Live,1_0_1_132_9CD6_77E_DC90000_0_0_0.png,eclutchlive.png,7.1W,(61) 7.1W KU-band Nilesat 201/301 & Eutelsat 7 West A,Found
eClutch Live 2,1_0_19_134_9CD6_77E_DC90000_0_0_0.png,eclutchlive2.png,7.1W,(61) 7.1W KU-band Nilesat 201/301 & Eutelsat 7 West A,Found
programme nationale HD,1_0_1_1_1_0_DC92DA0_0_0_0.png,programmenationalehd.png,7.1W,(61) 7.1W KU-band Nilesat 201/301 & Eutelsat 7 West A,Found
thmanyah.1,1_0_19_6B_D098_77E_DC90000_0_0_0.png,thmanyah1.png,7.1W,(61) 7.1W KU-band Nilesat 201/301 & Eutelsat 7 West A,Found
thmanyah.2,1_0_19_6C_D098_77E_DC90000_0_0_0.png,thmanyah2.png,7.1W,(61) 7.1W KU-band Nilesat 201/301 & Eutelsat 7 West A,Found
thmanyah.3,1_0_19_6D_D098_77E_DC90000_0_0_0.png,thmanyah3.png,7.1W,(61) 7.1W KU-band Nilesat 201/301 & Eutelsat 7 West A,Found
,1_0_1_15E_3_AB_DE80000_0_0_0.png,.png,4.0W,(63) 4.0W KU-band Amos 3 & Dror 1,Found
,1_0_82_138_3_AB_DE80000_0_0_0.png,.png,4.0W,(63) 4.0W KU-band Amos 3 & Dror 1,Found
,1_0_82_139_3_AB_DE80000_0_0_0.png,.png,4.0W,(63) 4.0W KU-band Amos 3 & Dror 1,Found
,1_0_82_13B_3_AB_DE80000_0_0_0.png,.png,4.0W,(63) 4.0W KU-band Amos 3 & Dror 1,Found
,1_0_82_149_3_AB_DE80000_0_0_0.png,.png,4.0W,(63) 4.0W KU-band Amos 3 & Dror 1,Found
,1_0_82_14B_3_AB_DE80000_0_0_0.png,.png,4.0W,(63) 4.0W KU-band Amos 3 & Dror 1,Found
,1_0_82_14D_3_AB_DE80000_0_0_0.png,.png,4.0W,(63) 4.0W KU-band Amos 3 & Dror 1,Found
,1_0_82_156_3_AB_DE80000_0_0_0.png,.png,4.0W,(63) 4.0W KU-band Amos 3 & Dror 1,Found
1+1,1_0_1_584_E_AB_DE80000_0_0_0.png,11.png,4.0W,(63) 4.0W KU-band Amos 3 & Dror 1,Found
1202,1_0_1_4CB_C_AB_DE80000_0_0_0.png,1202.png,4.0W,(63) 4.0W KU-band Amos 3 & Dror 1,Found
13 Reshet,1_0_1_199_4_AB_DE80000_0_0_0.png,13reshet.png,4.0W,(63) 4.0W KU-band Amos 3 & Dror 1,Found
13 Reshet HD,1_0_19_1FF_5_AB_DE80000_0_0_0.png,13reshethd.png,4.0W,(63) 4.0W KU-band Amos 3 & Dror 1,Found
23 - Only Israeli,1_0_1_592_E_AB_DE80000_0_0_0.png,23onlyisraeli.png,4.0W,(63) 4.0W KU-band Amos 3 & Dror 1,Found
23 - Only Israeli,1_0_1_1A8_4_AB_DE80000_0_0_0.png,23onlyisraeli.png,4.0W,(63) 4.0W KU-band Amos 3 & Dror 1,Found
5 GOLD,1_0_1_1A4_4_AB_DE80000_0_0_0.png,5gold.png,4.0W,(63) 4.0W KU-band Amos 3 & Dror 1,Found
5 GOLD,1_0_19_1F5_5_AB_DE80000_0_0_0.png,5gold.png,4.0W,(63) 4.0W KU-band Amos 3 & Dror 1,Found
5 LIVE HD,1_0_19_1F8_5_AB_DE80000_0_0_0.png,5livehd.png,4.0W,(63) 4.0W KU-band Amos 3 & Dror 1,Found
5 PLUS,1_0_1_12E_3_AB_DE80000_0_0_0.png,5plus.png,4.0W,(63) 4.0W KU-band Amos 3 & Dror 1,Found
5 PLUS HD,1_0_19_20A_5_AB_DE80000_0_0_0.png,5plushd.png,4.0W,(63) 4.0W KU-band Amos 3 & Dror 1,Found
5 SPORT,1_0_1_1A2_4_AB_DE80000_0_0_0.png,5sport.png,4.0W,(63) 4.0W KU-band Amos 3 & Dror 1,Found
5 SPORT 4K,1_0_1_13E_3_AB_DE80000_0_0_0.png,5sport4k.png,4.0W,(63) 4.0W KU-band Amos 3 & Dror 1,Found
5 SPORT HD,1_0_19_1FA_5_AB_DE80000_0_0_0.png,5sporthd.png,4.0W,(63) 4.0W KU-band Amos 3 & Dror 1,Found
5 STARS HD,1_0_19_209_5_AB_DE80000_0_0_0.png,5starshd.png,4.0W,(63) 4.0W KU-band Amos 3 & Dror 1,Found
BMAIL,1_0_1_1AC_4_AB_DE80000_0_0_0.png,bmail.png,4.0W,(63) 4.0W KU-band Amos 3 & Dror 1,Found
BOBER,1_0_1_57B_E_AB_DE80000_0_0_0.png,bober.png,4.0W,(63) 4.0W KU-band Amos 3 & Dror 1,Found
Baby,1_0_1_4C0_C_AB_DE80000_0_0_0.png,baby.png,4.0W,(63) 4.0W KU-band Amos 3 & Dror 1,Found
Baby,1_0_1_4CA_C_AB_DE80000_0_0_0.png,baby.png,4.0W,(63) 4.0W KU-band Amos 3 & Dror 1,Found
CNN,1_0_1_4C3_C_AB_DE80000_0_0_0.png,cnn.png,4.0W,(63) 4.0W KU-band Amos 3 & Dror 1,Found
CTC,1_0_1_132_3_AB_DE80000_0_0_0.png,ctc.png,4.0W,(63) 4.0W KU-band Amos 3 & Dror 1,Found
Channel 1 Rus,1_0_1_4B2_C_AB_DE80000_0_0_0.png,channel1rus.png,4.0W,(63) 4.0W KU-band Amos 3 & Dror 1,Found
Channel 100,1_0_1_148_3_AB_DE80000_0_0_0.png,channel100.png,4.0W,(63) 4.0W KU-band Amos 3 & Dror 1,Found
Channel 100,1_0_1_1AD_4_AB_DE80000_0_0_0.png,channel100.png,4.0W,(63) 4.0W KU-band Amos 3 & Dror 1,Found
Channel 14,1_0_1_19B_4_AB_DE80000_0_0_0.png,channel14.png,4.0W,(63) 4.0W KU-band Amos 3 & Dror 1,Found
Channel 14 HD,1_0_19_200_5_AB_DE80000_0_0_0.png,channel14hd.png,4.0W,(63) 4.0W KU-band Amos 3 & Dror 1,Found
Channel 24,1_0_1_4BD_C_AB_DE80000_0_0_0.png,channel24.png,4.0W,(63) 4.0W KU-band Amos 3 & Dror 1,Found
Channel 9,1_0_1_191_4_AB_DE80000_0_0_0.png,channel9.png,4.0W,(63) 4.0W KU-band Amos 3 & Dror 1,Found
Channel 98,1_0_1_4B9_C_AB_DE80000_0_0_0.png,channel98.png,4.0W,(63) 4.0W KU-band Amos 3 & Dror 1,Found
Childhood,1_0_1_57F_E_AB_DE80000_0_0_0.png,childhood.png,4.0W,(63) 4.0W KU-band Amos 3 & Dror 1,Found
Childhood songs,1_0_19_203_5_AB_DE80000_0_0_0.png,childhoodsongs.png,4.0W,(63) 4.0W KU-band Amos 3 & Dror 1,Found
DAYSTAR,1_0_1_14C_3_AB_DE80000_0_0_0.png,daystar.png,4.0W,(63) 4.0W KU-band Amos 3 & Dror 1,Found
DAYSTAR,1_0_1_590_E_AB_DE80000_0_0_0.png,daystar.png,4.0W,(63) 4.0W KU-band Amos 3 & Dror 1,Found
DAYSTAR,1_0_19_205_5_AB_DE80000_0_0_0.png,daystar.png,4.0W,(63) 4.0W KU-band Amos 3 & Dror 1,Found
DU,1_0_1_13C_3_AB_DE80000_0_0_0.png,du.png,4.0W,(63) 4.0W KU-band Amos 3 & Dror 1,Found
Deal cancelation,1_0_1_141_3_AB_DE80000_0_0_0.png,dealcancelation.png,4.0W,(63) 4.0W KU-band Amos 3 & Dror 1,Found
Deal cancelation,1_0_1_1AB_4_AB_DE80000_0_0_0.png,dealcancelation.png,4.0W,(63) 4.0W KU-band Amos 3 & Dror 1,Found
Discovery,1_0_1_4C2_C_AB_DE80000_0_0_0.png,discovery.png,4.0W,(63) 4.0W KU-band Amos 3 & Dror 1,Found
Disney Junior,1_0_1_16B_3_AB_DE80000_0_0_0.png,disneyjunior.png,4.0W,(63) 4.0W KU-band Amos 3 & Dror 1,Found
Disney Junior,1_0_1_585_E_AB_DE80000_0_0_0.png,disneyjunior.png,4.0W,(63) 4.0W KU-band Amos 3 & Dror 1,Found
Dom Kino,1_0_1_1A1_4_AB_DE80000_0_0_0.png,domkino.png,4.0W,(63) 4.0W KU-band Amos 3 & Dror 1,Found
EUROSPORT,1_0_1_4B4_C_AB_DE80000_0_0_0.png,eurosport.png,4.0W,(63) 4.0W KU-band Amos 3 & Dror 1,Found
FOX NEWS,1_0_1_4C6_C_AB_DE80000_0_0_0.png,foxnews.png,4.0W,(63) 4.0W KU-band Amos 3 & Dror 1,Found
FRANCE 2,1_0_1_4C4_C_AB_DE80000_0_0_0.png,france2.png,4.0W,(63) 4.0W KU-band Amos 3 & Dror 1,Found
FRANCE 24,1_0_1_4BC_C_AB_DE80000_0_0_0.png,france24.png,4.0W,(63) 4.0W KU-band Amos 3 & Dror 1,Found
Food Channel,1_0_1_591_E_AB_DE80000_0_0_0.png,foodchannel.png,4.0W,(63) 4.0W KU-band Amos 3 & Dror 1,Found
GTV,1_0_1_1A9_4_AB_DE80000_0_0_0.png,gtv.png,4.0W,(63) 4.0W KU-band Amos 3 & Dror 1,Found
Goodlife Ch,1_0_1_15C_3_AB_DE80000_0_0_0.png,goodlifech.png,4.0W,(63) 4.0W KU-band Amos 3 & Dror 1,Found
Goodlife Ch,1_0_1_58C_E_AB_DE80000_0_0_0.png,goodlifech.png,4.0W,(63) 4.0W KU-band Amos 3 & Dror 1,Found
HOP!,1_0_1_4B7_C_AB_DE80000_0_0_0.png,hop.png,4.0W,(63) 4.0W KU-band Amos 3 & Dror 1,Found
Hala TV,1_0_1_4BF_C_AB_DE80000_0_0_0.png,halatv.png,4.0W,(63) 4.0W KU-band Amos 3 & Dror 1,Found
Hala TV,1_0_1_4C9_C_AB_DE80000_0_0_0.png,halatv.png,4.0W,(63) 4.0W KU-band Amos 3 & Dror 1,Found
Hidabrut,1_0_1_4B8_C_AB_DE80000_0_0_0.png,hidabrut.png,4.0W,(63) 4.0W KU-band Amos 3 & Dror 1,Found
History,1_0_1_4BB_C_AB_DE80000_0_0_0.png,history.png,4.0W,(63) 4.0W KU-band Amos 3 & Dror 1,Found
Home +,1_0_1_58F_E_AB_DE80000_0_0_0.png,home.png,4.0W,(63) 4.0W KU-band Amos 3 & Dror 1,Found
Humor Channel,1_0_1_4BE_C_AB_DE80000_0_0_0.png,humorchannel.png,4.0W,(63) 4.0W KU-band Amos 3 & Dror 1,Found
KAN BET,1_0_2_174_3_AB_DE80000_0_0_0.png,kanbet.png,4.0W,(63) 4.0W KU-band Amos 3 & Dror 1,Found
KAN BET,1_0_2_1B9_4_AB_DE80000_0_0_0.png,kanbet.png,4.0W,(63) 4.0W KU-band Amos 3 & Dror 1,Found
KAN Reka,1_0_2_17D_3_AB_DE80000_0_0_0.png,kanreka.png,4.0W,(63) 4.0W KU-band Amos 3 & Dror 1,Found
KAN Reka,1_0_2_1BD_4_AB_DE80000_0_0_0.png,kanreka.png,4.0W,(63) 4.0W KU-band Amos 3 & Dror 1,Found
KNESSET,1_0_1_4B5_C_AB_DE80000_0_0_0.png,knesset.png,4.0W,(63) 4.0W KU-band Amos 3 & Dror 1,Found
Kan 11,1_0_1_19C_4_AB_DE80000_0_0_0.png,kan11.png,4.0W,(63) 4.0W KU-band Amos 3 & Dror 1,Found
Kan 11 HD,1_0_19_1F6_5_AB_DE80000_0_0_0.png,kan11hd.png,4.0W,(63) 4.0W KU-band Amos 3 & Dror 1,Found
Kan Educational,1_0_1_4C5_C_AB_DE80000_0_0_0.png,kaneducational.png,4.0W,(63) 4.0W KU-band Amos 3 & Dror 1,Found
Keshet 12,1_0_1_197_4_AB_DE80000_0_0_0.png,keshet12.png,4.0W,(63) 4.0W KU-band Amos 3 & Dror 1,Found
Keshet 12 HD,1_0_19_1F7_5_AB_DE80000_0_0_0.png,keshet12hd.png,4.0W,(63) 4.0W KU-band Amos 3 & Dror 1,Found
MBC,1_0_1_18C_3_AB_DE80000_0_0_0.png,mbc.png,4.0W,(63) 4.0W KU-band Amos 3 & Dror 1,Found
MTV,1_0_1_168_3_AB_DE80000_0_0_0.png,mtv.png,4.0W,(63) 4.0W KU-band Amos 3 & Dror 1,Found
MTV,1_0_1_57A_E_AB_DE80000_0_0_0.png,mtv.png,4.0W,(63) 4.0W KU-band Amos 3 & Dror 1,Found
Makan 33,1_0_1_1A6_4_AB_DE80000_0_0_0.png,makan33.png,4.0W,(63) 4.0W KU-band Amos 3 & Dror 1,Found
Mediaset,1_0_1_579_E_AB_DE80000_0_0_0.png,mediaset.png,4.0W,(63) 4.0W KU-band Amos 3 & Dror 1,Found
Mediaset,1_0_1_1A7_4_AB_DE80000_0_0_0.png,mediaset.png,4.0W,(63) 4.0W KU-band Amos 3 & Dror 1,Found
Movies Action,1_0_1_131_3_AB_DE80000_0_0_0.png,moviesaction.png,4.0W,(63) 4.0W KU-band Amos 3 & Dror 1,Found
Movies Action,1_0_1_195_4_AB_DE80000_0_0_0.png,moviesaction.png,4.0W,(63) 4.0W KU-band Amos 3 & Dror 1,Found
Movies Comedy,1_0_1_134_3_AB_DE80000_0_0_0.png,moviescomedy.png,4.0W,(63) 4.0W KU-band Amos 3 & Dror 1,Found
Movies Comedy,1_0_1_198_4_AB_DE80000_0_0_0.png,moviescomedy.png,4.0W,(63) 4.0W KU-band Amos 3 & Dror 1,Found
Movies Drama,1_0_1_192_4_AB_DE80000_0_0_0.png,moviesdrama.png,4.0W,(63) 4.0W KU-band Amos 3 & Dror 1,Found
Music IL,1_0_1_12D_3_AB_DE80000_0_0_0.png,musicil.png,4.0W,(63) 4.0W KU-band Amos 3 & Dror 1,Found
My yes,1_0_1_188_3_AB_DE80000_0_0_0.png,myyes.png,4.0W,(63) 4.0W KU-band Amos 3 & Dror 1,Found
N. Geographic,1_0_1_19F_4_AB_DE80000_0_0_0.png,ngeographic.png,4.0W,(63) 4.0W KU-band Amos 3 & Dror 1,Found
NASHE KINO,1_0_1_16C_3_AB_DE80000_0_0_0.png,nashekino.png,4.0W,(63) 4.0W KU-band Amos 3 & Dror 1,Found
NASHE KINO,1_0_1_588_E_AB_DE80000_0_0_0.png,nashekino.png,4.0W,(63) 4.0W KU-band Amos 3 & Dror 1,Found
NG WILD HD,1_0_19_1FB_5_AB_DE80000_0_0_0.png,ngwildhd.png,4.0W,(63) 4.0W KU-band Amos 3 & Dror 1,Found
NTV MIR,1_0_1_19E_4_AB_DE80000_0_0_0.png,ntvmir.png,4.0W,(63) 4.0W KU-band Amos 3 & Dror 1,Found
Nick Jr.,1_0_1_4B3_C_AB_DE80000_0_0_0.png,nickjr.png,4.0W,(63) 4.0W KU-band Amos 3 & Dror 1,Found
Nickelodeon,1_0_1_4CD_C_AB_DE80000_0_0_0.png,nickelodeon.png,4.0W,(63) 4.0W KU-band Amos 3 & Dror 1,Found
ONE,1_0_1_12F_3_AB_DE80000_0_0_0.png,one.png,4.0W,(63) 4.0W KU-band Amos 3 & Dror 1,Found
ONE 2 HD,1_0_19_206_5_AB_DE80000_0_0_0.png,one2hd.png,4.0W,(63) 4.0W KU-band Amos 3 & Dror 1,Found
ONE HD,1_0_19_201_5_AB_DE80000_0_0_0.png,onehd.png,4.0W,(63) 4.0W KU-band Amos 3 & Dror 1,Found
PROTV,1_0_1_586_E_AB_DE80000_0_0_0.png,protv.png,4.0W,(63) 4.0W KU-band Amos 3 & Dror 1,Found
ROTANA,1_0_1_18B_3_AB_DE80000_0_0_0.png,rotana.png,4.0W,(63) 4.0W KU-band Amos 3 & Dror 1,Found
RTR PLANETA,1_0_1_4C1_C_AB_DE80000_0_0_0.png,rtrplaneta.png,4.0W,(63) 4.0W KU-band Amos 3 & Dror 1,Found
Radio Select,1_0_1_133_3_AB_DE80000_0_0_0.png,radioselect.png,4.0W,(63) 4.0W KU-band Amos 3 & Dror 1,Found
SAT 1,1_0_1_4C7_C_AB_DE80000_0_0_0.png,sat1.png,4.0W,(63) 4.0W KU-band Amos 3 & Dror 1,Found
SKY NEWS,1_0_1_582_E_AB_DE80000_0_0_0.png,skynews.png,4.0W,(63) 4.0W KU-band Amos 3 & Dror 1,Found
Sport 1,1_0_1_13A_3_AB_DE80000_0_0_0.png,sport1.png,4.0W,(63) 4.0W KU-band Amos 3 & Dror 1,Found
Sport 1 HD,1_0_19_1F9_5_AB_DE80000_0_0_0.png,sport1hd.png,4.0W,(63) 4.0W KU-band Amos 3 & Dror 1,Found
Sport 2 HD,1_0_19_207_5_AB_DE80000_0_0_0.png,sport2hd.png,4.0W,(63) 4.0W KU-band Amos 3 & Dror 1,Found
Sport 3 HD,1_0_19_202_5_AB_DE80000_0_0_0.png,sport3hd.png,4.0W,(63) 4.0W KU-band Amos 3 & Dror 1,Found
Sport 4 HD,1_0_19_208_5_AB_DE80000_0_0_0.png,sport4hd.png,4.0W,(63) 4.0W KU-band Amos 3 & Dror 1,Found
Sport 6,1_0_1_130_3_AB_DE80000_0_0_0.png,sport6.png,4.0W,(63) 4.0W KU-band Amos 3 & Dror 1,Found
Sport 6 HD,1_0_19_1FE_5_AB_DE80000_0_0_0.png,sport6hd.png,4.0W,(63) 4.0W KU-band Amos 3 & Dror 1,Found
Stars Channel,1_0_1_587_E_AB_DE80000_0_0_0.png,starschannel.png,4.0W,(63) 4.0W KU-band Amos 3 & Dror 1,Found
Stingray Music,1_0_1_143_3_AB_DE80000_0_0_0.png,stingraymusic.png,4.0W,(63) 4.0W KU-band Amos 3 & Dror 1,Found
TELECAFE,1_0_1_16A_3_AB_DE80000_0_0_0.png,telecafe.png,4.0W,(63) 4.0W KU-band Amos 3 & Dror 1,Found
TELECAFE,1_0_1_581_E_AB_DE80000_0_0_0.png,telecafe.png,4.0W,(63) 4.0W KU-band Amos 3 & Dror 1,Found
TEST-1422,1_0_1_58E_E_AB_DE80000_0_0_0.png,test1422.png,4.0W,(63) 4.0W KU-band Amos 3 & Dror 1,Found
TEST-310,1_0_1_136_3_AB_DE80000_0_0_0.png,test310.png,4.0W,(63) 4.0W KU-band Amos 3 & Dror 1,Found
TEST-311,1_0_1_137_3_AB_DE80000_0_0_0.png,test311.png,4.0W,(63) 4.0W KU-band Amos 3 & Dror 1,Found
TEST-325,1_0_1_145_3_AB_DE80000_0_0_0.png,test325.png,4.0W,(63) 4.0W KU-band Amos 3 & Dror 1,Found
TEST-390,1_0_1_186_3_AB_DE80000_0_0_0.png,test390.png,4.0W,(63) 4.0W KU-band Amos 3 & Dror 1,Found
TEST-391,1_0_1_187_3_AB_DE80000_0_0_0.png,test391.png,4.0W,(63) 4.0W KU-band Amos 3 & Dror 1,Found
TEST-393,1_0_1_189_3_AB_DE80000_0_0_0.png,test393.png,4.0W,(63) 4.0W KU-band Amos 3 & Dror 1,Found
TEST-394,1_0_1_18A_3_AB_DE80000_0_0_0.png,test394.png,4.0W,(63) 4.0W KU-band Amos 3 & Dror 1,Found
TEST-397,1_0_1_18D_3_AB_DE80000_0_0_0.png,test397.png,4.0W,(63) 4.0W KU-band Amos 3 & Dror 1,Found
TEST-426,1_0_1_1AA_4_AB_DE80000_0_0_0.png,test426.png,4.0W,(63) 4.0W KU-band Amos 3 & Dror 1,Found
TEST-508,1_0_19_1FC_5_AB_DE80000_0_0_0.png,test508.png,4.0W,(63) 4.0W KU-band Amos 3 & Dror 1,Found
TEST-R30,1_0_1_181_3_AB_DE80000_0_0_0.png,testr30.png,4.0W,(63) 4.0W KU-band Amos 3 & Dror 1,Found
TLC,1_0_1_596_E_AB_DE80000_0_0_0.png,tlc.png,4.0W,(63) 4.0W KU-band Amos 3 & Dror 1,Found
TVE,1_0_1_57D_E_AB_DE80000_0_0_0.png,tve.png,4.0W,(63) 4.0W KU-band Amos 3 & Dror 1,Found
TVE,1_0_1_1A3_4_AB_DE80000_0_0_0.png,tve.png,4.0W,(63) 4.0W KU-band Amos 3 & Dror 1,Found
Teennick,1_0_1_14A_3_AB_DE80000_0_0_0.png,teennick.png,4.0W,(63) 4.0W KU-band Amos 3 & Dror 1,Found
Teennick,1_0_1_58D_E_AB_DE80000_0_0_0.png,teennick.png,4.0W,(63) 4.0W KU-band Amos 3 & Dror 1,Found
The Big Brother,1_0_1_1A0_4_AB_DE80000_0_0_0.png,thebigbrother.png,4.0W,(63) 4.0W KU-band Amos 3 & Dror 1,Found
Travel Ch.,1_0_1_160_3_AB_DE80000_0_0_0.png,travelch.png,4.0W,(63) 4.0W KU-band Amos 3 & Dror 1,Found
Travel Ch.,1_0_1_589_E_AB_DE80000_0_0_0.png,travelch.png,4.0W,(63) 4.0W KU-band Amos 3 & Dror 1,Found
Travel Ch.,1_0_19_1FD_5_AB_DE80000_0_0_0.png,travelch.png,4.0W,(63) 4.0W KU-band Amos 3 & Dror 1,Found
Turkish Drama 2,1_0_1_4B1_C_AB_DE80000_0_0_0.png,turkishdrama2.png,4.0W,(63) 4.0W KU-band Amos 3 & Dror 1,Found
Turkish Drama 3,1_0_1_583_E_AB_DE80000_0_0_0.png,turkishdrama3.png,4.0W,(63) 4.0W KU-band Amos 3 & Dror 1,Found
Turkish Drama 3,1_0_1_1A5_4_AB_DE80000_0_0_0.png,turkishdrama3.png,4.0W,(63) 4.0W KU-band Amos 3 & Dror 1,Found
Turkish drama +,1_0_1_4BA_C_AB_DE80000_0_0_0.png,turkishdrama.png,4.0W,(63) 4.0W KU-band Amos 3 & Dror 1,Found
VIVA Istanbul,1_0_1_4B6_C_AB_DE80000_0_0_0.png,vivaistanbul.png,4.0W,(63) 4.0W KU-band Amos 3 & Dror 1,Found
VIVA Vintage,1_0_1_144_3_AB_DE80000_0_0_0.png,vivavintage.png,4.0W,(63) 4.0W KU-band Amos 3 & Dror 1,Found
Viva Telenovela,1_0_1_15D_3_AB_DE80000_0_0_0.png,vivatelenovela.png,4.0W,(63) 4.0W KU-band Amos 3 & Dror 1,Found
Viva Telenovela,1_0_1_58A_E_AB_DE80000_0_0_0.png,vivatelenovela.png,4.0W,(63) 4.0W KU-band Amos 3 & Dror 1,Found
Yam Tichoni +,1_0_1_58B_E_AB_DE80000_0_0_0.png,yamtichoni.png,4.0W,(63) 4.0W KU-band Amos 3 & Dror 1,Found
Yam Tichoni +,1_0_1_4CC_C_AB_DE80000_0_0_0.png,yamtichoni.png,4.0W,(63) 4.0W KU-band Amos 3 & Dror 1,Found
Yam Tichoni 2,1_0_1_169_3_AB_DE80000_0_0_0.png,yamtichoni2.png,4.0W,(63) 4.0W KU-band Amos 3 & Dror 1,Found
Yam Tichoni 2,1_0_1_57E_E_AB_DE80000_0_0_0.png,yamtichoni2.png,4.0W,(63) 4.0W KU-band Amos 3 & Dror 1,Found
Yam Tichoni 25,1_0_1_57C_E_AB_DE80000_0_0_0.png,yamtichoni25.png,4.0W,(63) 4.0W KU-band Amos 3 & Dror 1,Found
Yoyo,1_0_1_580_E_AB_DE80000_0_0_0.png,yoyo.png,4.0W,(63) 4.0W KU-band Amos 3 & Dror 1,Found
ZOOM,1_0_1_4C8_C_AB_DE80000_0_0_0.png,zoom.png,4.0W,(63) 4.0W KU-band Amos 3 & Dror 1,Found
music,1_0_82_154_3_AB_DE80000_0_0_0.png,music.png,4.0W,(63) 4.0W KU-band Amos 3 & Dror 1,Found
sport 5 i,1_0_1_140_3_AB_DE80000_0_0_0.png,sport5i.png,4.0W,(63) 4.0W KU-band Amos 3 & Dror 1,Found
yes Action HD,1_0_19_20B_5_AB_DE80000_0_0_0.png,yesactionhd.png,4.0W,(63) 4.0W KU-band Amos 3 & Dror 1,Found
yes Israel,1_0_1_135_3_AB_DE80000_0_0_0.png,yesisrael.png,4.0W,(63) 4.0W KU-band Amos 3 & Dror 1,Found
yes Israel,1_0_1_19D_4_AB_DE80000_0_0_0.png,yesisrael.png,4.0W,(63) 4.0W KU-band Amos 3 & Dror 1,Found
yes TV Action,1_0_1_194_4_AB_DE80000_0_0_0.png,yestvaction.png,4.0W,(63) 4.0W KU-band Amos 3 & Dror 1,Found
yes TV Comedy,1_0_1_19A_4_AB_DE80000_0_0_0.png,yestvcomedy.png,4.0W,(63) 4.0W KU-band Amos 3 & Dror 1,Found
yes TV Drama,1_0_1_193_4_AB_DE80000_0_0_0.png,yestvdrama.png,4.0W,(63) 4.0W KU-band Amos 3 & Dror 1,Found
yes docu,1_0_1_196_4_AB_DE80000_0_0_0.png,yesdocu.png,4.0W,(63) 4.0W KU-band Amos 3 & Dror 1,Found
yes info,1_0_1_13F_3_AB_DE80000_0_0_0.png,yesinfo.png,4.0W,(63) 4.0W KU-band Amos 3 & Dror 1,Found
yes info,1_0_1_4CF_C_AB_DE80000_0_0_0.png,yesinfo.png,4.0W,(63) 4.0W KU-band Amos 3 & Dror 1,Found
yes3 HD,1_0_19_210_5_AB_DE80000_0_0_0.png,yes3hd.png,4.0W,(63) 4.0W KU-band Amos 3 & Dror 1,Found
yes4 HD,1_0_19_211_5_AB_DE80000_0_0_0.png,yes4hd.png,4.0W,(63) 4.0W KU-band Amos 3 & Dror 1,Found
RASDTV,1_0_1_2_101_102_DF20000_0_0_0.png,rasdtv.png,3.0W,(64) 3.0W KU-band ABS 3A,Found
12322H SID 0xff14,1_0_1_FF14_55_46_E080000_0_0_0.png,12322hsid0xff14.png,0.8W,(65) 0.8W KU-band Thor 5/6/7 & Intelsat 10-02,Found
ACASA,1_0_1_582_7_1_E080000_0_0_0.png,acasa.png,0.8W,(65) 0.8W KU-band Thor 5/6/7 & Intelsat 10-02,Found
ACASA GOLD,1_0_1_58C_7_1_E080000_0_0_0.png,acasagold.png,0.8W,(65) 0.8W KU-band Thor 5/6/7 & Intelsat 10-02,Found
AXN,1_0_1_78D4_2C5_600_E080000_0_0_0.png,axn.png,0.8W,(65) 0.8W KU-band Thor 5/6/7 & Intelsat 10-02,Found
AXN CE,1_0_1_78CD_2C5_600_E080000_0_0_0.png,axnce.png,0.8W,(65) 0.8W KU-band Thor 5/6/7 & Intelsat 10-02,Found
Al Jazeera English,1_0_1_B60_14_46_E080000_0_0_0.png,aljazeeraenglish.png,0.8W,(65) 0.8W KU-band Thor 5/6/7 & Intelsat 10-02,Found
Animal Planet,1_0_1_424_3_1_E080000_0_0_0.png,animalplanet.png,0.8W,(65) 0.8W KU-band Thor 5/6/7 & Intelsat 10-02,Found
Antena 1 HD,1_0_19_7A66_2CB_600_E080000_0_0_0.png,antena1hd.png,0.8W,(65) 0.8W KU-band Thor 5/6/7 & Intelsat 10-02,Found
Arena 4,1_0_1_78D5_2C5_600_E080000_0_0_0.png,arena4.png,0.8W,(65) 0.8W KU-band Thor 5/6/7 & Intelsat 10-02,Found
Arena 4 HD,1_0_19_7AB1_2CC_600_E080000_0_0_0.png,arena4hd.png,0.8W,(65) 0.8W KU-band Thor 5/6/7 & Intelsat 10-02,Found
Arena 4.,1_0_1_78D7_2C5_600_E080000_0_0_0.png,arena4.png,0.8W,(65) 0.8W KU-band Thor 5/6/7 & Intelsat 10-02,Found
B1 TV,1_0_1_3EC_7_1_E080000_0_0_0.png,b1tv.png,0.8W,(65) 0.8W KU-band Thor 5/6/7 & Intelsat 10-02,Found
BBC Earth HD,1_0_19_7812_2C3_600_E080000_0_0_0.png,bbcearthhd.png,0.8W,(65) 0.8W KU-band Thor 5/6/7 & Intelsat 10-02,Found
BBC Earth HD (STV),1_0_19_7813_2C3_600_E080000_0_0_0.png,bbcearthhdstv.png,0.8W,(65) 0.8W KU-band Thor 5/6/7 & Intelsat 10-02,Found
BEST FM,1_0_2_1D5D_14_46_E080000_0_0_0.png,bestfm.png,0.8W,(65) 0.8W KU-band Thor 5/6/7 & Intelsat 10-02,Found
Barrandov Krimi,1_0_1_FAE_AF4_BB_E080000_0_0_0.png,barrandovkrimi.png,0.8W,(65) 0.8W KU-band Thor 5/6/7 & Intelsat 10-02,Found
Bartok Radio,1_0_2_E74_5_1_E080000_0_0_0.png,bartokradio.png,0.8W,(65) 0.8W KU-band Thor 5/6/7 & Intelsat 10-02,Found
Bloomberg,1_0_16_7AAF_2CC_600_E080000_0_0_0.png,bloomberg.png,0.8W,(65) 0.8W KU-band Thor 5/6/7 & Intelsat 10-02,Found
Blue Hustler,1_0_1_78C3_2C5_600_E080000_0_0_0.png,bluehustler.png,0.8W,(65) 0.8W KU-band Thor 5/6/7 & Intelsat 10-02,Found
CGTN Documentary HD,1_0_19_7ED_14_46_E080000_0_0_0.png,cgtndocumentaryhd.png,0.8W,(65) 0.8W KU-band Thor 5/6/7 & Intelsat 10-02,Found
CNBC Europe,1_0_16_7AAE_2CC_600_E080000_0_0_0.png,cnbceurope.png,0.8W,(65) 0.8W KU-band Thor 5/6/7 & Intelsat 10-02,Found
CNN Prima News,1_0_16_7A4D_2CB_600_E080000_0_0_0.png,cnnprimanews.png,0.8W,(65) 0.8W KU-band Thor 5/6/7 & Intelsat 10-02,Found
CNN Prima News HD,1_0_19_FBD_AF4_BB_E080000_0_0_0.png,cnnprimanewshd.png,0.8W,(65) 0.8W KU-band Thor 5/6/7 & Intelsat 10-02,Found
CS Film/CS Horror,1_0_16_7A48_2CB_600_E080000_0_0_0.png,csfilmcshorror.png,0.8W,(65) 0.8W KU-band Thor 5/6/7 & Intelsat 10-02,Found
CT 24 HD,1_0_1_FB8_AF4_BB_E080000_0_0_0.png,ct24hd.png,0.8W,(65) 0.8W KU-band Thor 5/6/7 & Intelsat 10-02,Found
Cartoon Network,1_0_1_5A0_7_1_E080000_0_0_0.png,cartoonnetwork.png,0.8W,(65) 0.8W KU-band Thor 5/6/7 & Intelsat 10-02,Found
Cartoonito,1_0_1_77F6_2C3_600_E080000_0_0_0.png,cartoonito.png,0.8W,(65) 0.8W KU-band Thor 5/6/7 & Intelsat 10-02,Found
Cartoonito.,1_0_1_7804_2C3_600_E080000_0_0_0.png,cartoonito.png,0.8W,(65) 0.8W KU-band Thor 5/6/7 & Intelsat 10-02,Found
Cinemax,1_0_1_77F5_2C3_600_E080000_0_0_0.png,cinemax.png,0.8W,(65) 0.8W KU-band Thor 5/6/7 & Intelsat 10-02,Found
Cinemax2,1_0_1_78C2_2C5_600_E080000_0_0_0.png,cinemax2.png,0.8W,(65) 0.8W KU-band Thor 5/6/7 & Intelsat 10-02,Found
Cool,1_0_1_78DD_2C5_600_E080000_0_0_0.png,cool.png,0.8W,(65) 0.8W KU-band Thor 5/6/7 & Intelsat 10-02,Found
Cool (SVT),1_0_1_78DE_2C5_600_E080000_0_0_0.png,coolsvt.png,0.8W,(65) 0.8W KU-band Thor 5/6/7 & Intelsat 10-02,Found
Cool TV,1_0_1_5FA_3_1_E080000_0_0_0.png,cooltv.png,0.8W,(65) 0.8W KU-band Thor 5/6/7 & Intelsat 10-02,Found
Crime and Investigation,1_0_1_7810_2C3_600_E080000_0_0_0.png,crimeandinvestigation.png,0.8W,(65) 0.8W KU-band Thor 5/6/7 & Intelsat 10-02,Found
DIGI 24,1_0_1_3F6_7_1_E080000_0_0_0.png,digi24.png,0.8W,(65) 0.8W KU-band Thor 5/6/7 & Intelsat 10-02,Found
DIGI Animal World,1_0_1_177A_7_1_E080000_0_0_0.png,digianimalworld.png,0.8W,(65) 0.8W KU-band Thor 5/6/7 & Intelsat 10-02,Found
DIGI Sport 1,1_0_1_3F5_7_1_E080000_0_0_0.png,digisport1.png,0.8W,(65) 0.8W KU-band Thor 5/6/7 & Intelsat 10-02,Found
DVTV EXTRA,1_0_1_FB3_AF4_BB_E080000_0_0_0.png,dvtvextra.png,0.8W,(65) 0.8W KU-band Thor 5/6/7 & Intelsat 10-02,Found
Dikh TV,1_0_1_5F0_3_1_E080000_0_0_0.png,dikhtv.png,0.8W,(65) 0.8W KU-band Thor 5/6/7 & Intelsat 10-02,Found
Discovery HU,1_0_1_1004_5_1_E080000_0_0_0.png,discoveryhu.png,0.8W,(65) 0.8W KU-band Thor 5/6/7 & Intelsat 10-02,Found
Disney Channel,1_0_1_77EF_2C3_600_E080000_0_0_0.png,disneychannel.png,0.8W,(65) 0.8W KU-band Thor 5/6/7 & Intelsat 10-02,Found
Disney Channel (SVT),1_0_1_7801_2C3_600_E080000_0_0_0.png,disneychannelsvt.png,0.8W,(65) 0.8W KU-band Thor 5/6/7 & Intelsat 10-02,Found
Disney Channel.,1_0_1_7803_2C3_600_E080000_0_0_0.png,disneychannel.png,0.8W,(65) 0.8W KU-band Thor 5/6/7 & Intelsat 10-02,Found
Diva,1_0_1_B87_7_1_E080000_0_0_0.png,diva.png,0.8W,(65) 0.8W KU-band Thor 5/6/7 & Intelsat 10-02,Found
Docubox,1_0_16_7A58_2CB_600_E080000_0_0_0.png,docubox.png,0.8W,(65) 0.8W KU-band Thor 5/6/7 & Intelsat 10-02,Found
Duna,1_0_1_D20_5_1_E080000_0_0_0.png,duna.png,0.8W,(65) 0.8W KU-band Thor 5/6/7 & Intelsat 10-02,Found
Duna HD,1_0_19_7AB8_2CC_600_E080000_0_0_0.png,dunahd.png,0.8W,(65) 0.8W KU-band Thor 5/6/7 & Intelsat 10-02,Found
Duna TV,1_0_1_78C4_2C5_600_E080000_0_0_0.png,dunatv.png,0.8W,(65) 0.8W KU-band Thor 5/6/7 & Intelsat 10-02,Found
EroXXX,1_0_16_7A59_2CB_600_E080000_0_0_0.png,eroxxx.png,0.8W,(65) 0.8W KU-band Thor 5/6/7 & Intelsat 10-02,Found
Eurosport 2 HU,1_0_1_A1E_5_1_E080000_0_0_0.png,eurosport2hu.png,0.8W,(65) 0.8W KU-band Thor 5/6/7 & Intelsat 10-02,Found
Eurosport HU,1_0_1_4A3_3_1_E080000_0_0_0.png,eurosporthu.png,0.8W,(65) 0.8W KU-band Thor 5/6/7 & Intelsat 10-02,Found
FEM3,1_0_1_78BA_2C5_600_E080000_0_0_0.png,fem3.png,0.8W,(65) 0.8W KU-band Thor 5/6/7 & Intelsat 10-02,Found
FEM3.,1_0_1_78C7_2C5_600_E080000_0_0_0.png,fem3.png,0.8W,(65) 0.8W KU-band Thor 5/6/7 & Intelsat 10-02,Found
FILM NOW,1_0_1_1770_7_1_E080000_0_0_0.png,filmnow.png,0.8W,(65) 0.8W KU-band Thor 5/6/7 & Intelsat 10-02,Found
Fashion TV,1_0_1_C4E_5_1_E080000_0_0_0.png,fashiontv.png,0.8W,(65) 0.8W KU-band Thor 5/6/7 & Intelsat 10-02,Found
FightBox,1_0_16_7A5A_2CB_600_E080000_0_0_0.png,fightbox.png,0.8W,(65) 0.8W KU-band Thor 5/6/7 & Intelsat 10-02,Found
Film 4,1_0_1_CEE_3_1_E080000_0_0_0.png,film4.png,0.8W,(65) 0.8W KU-band Thor 5/6/7 & Intelsat 10-02,Found
FilmBox (basic) RO,1_0_1_77FA_2C3_600_E080000_0_0_0.png,filmboxbasicro.png,0.8W,(65) 0.8W KU-band Thor 5/6/7 & Intelsat 10-02,Found
FilmBox Basic,1_0_1_78BF_2C5_600_E080000_0_0_0.png,filmboxbasic.png,0.8W,(65) 0.8W KU-band Thor 5/6/7 & Intelsat 10-02,Found
FilmBox Extra,1_0_1_41A_3_1_E080000_0_0_0.png,filmboxextra.png,0.8W,(65) 0.8W KU-band Thor 5/6/7 & Intelsat 10-02,Found
Filmbox,1_0_1_78D2_2C5_600_E080000_0_0_0.png,filmbox.png,0.8W,(65) 0.8W KU-band Thor 5/6/7 & Intelsat 10-02,Found
Filmbox Basic,1_0_16_7AB5_2CC_600_E080000_0_0_0.png,filmboxbasic.png,0.8W,(65) 0.8W KU-band Thor 5/6/7 & Intelsat 10-02,Found
Filmbox Premium RO,1_0_1_77FB_2C3_600_E080000_0_0_0.png,filmboxpremiumro.png,0.8W,(65) 0.8W KU-band Thor 5/6/7 & Intelsat 10-02,Found
Filmbox Stars CZ,1_0_16_7A55_2CB_600_E080000_0_0_0.png,filmboxstarscz.png,0.8W,(65) 0.8W KU-band Thor 5/6/7 & Intelsat 10-02,Found
Filmbox Stars CZ (SVT),1_0_16_7A5E_2CB_600_E080000_0_0_0.png,filmboxstarsczsvt.png,0.8W,(65) 0.8W KU-band Thor 5/6/7 & Intelsat 10-02,Found
Filmbox.,1_0_1_77FE_2C3_600_E080000_0_0_0.png,filmbox.png,0.8W,(65) 0.8W KU-band Thor 5/6/7 & Intelsat 10-02,Found
Food Network,1_0_1_FBB_AF4_BB_E080000_0_0_0.png,foodnetwork.png,0.8W,(65) 0.8W KU-band Thor 5/6/7 & Intelsat 10-02,Found
Galaxy4,1_0_1_A96_3_1_E080000_0_0_0.png,galaxy4.png,0.8W,(65) 0.8W KU-band Thor 5/6/7 & Intelsat 10-02,Found
God TV,1_0_19_2_14_46_E080000_0_0_0.png,godtv.png,0.8W,(65) 0.8W KU-band Thor 5/6/7 & Intelsat 10-02,Found
HBO 2,1_0_1_A46_5_1_E080000_0_0_0.png,hbo2.png,0.8W,(65) 0.8W KU-band Thor 5/6/7 & Intelsat 10-02,Found
HBO 2 HD,1_0_19_FB0_AF4_BB_E080000_0_0_0.png,hbo2hd.png,0.8W,(65) 0.8W KU-band Thor 5/6/7 & Intelsat 10-02,Found
HBO 3 HD,1_0_1_FB5_AF4_BB_E080000_0_0_0.png,hbo3hd.png,0.8W,(65) 0.8W KU-band Thor 5/6/7 & Intelsat 10-02,Found
HBO 3 HU,1_0_1_4C4_4_1_E080000_0_0_0.png,hbo3hu.png,0.8W,(65) 0.8W KU-band Thor 5/6/7 & Intelsat 10-02,Found
HBO HU,1_0_1_A64_5_1_E080000_0_0_0.png,hbohu.png,0.8W,(65) 0.8W KU-band Thor 5/6/7 & Intelsat 10-02,Found
HBO2,1_0_1_77F1_2C3_600_E080000_0_0_0.png,hbo2.png,0.8W,(65) 0.8W KU-band Thor 5/6/7 & Intelsat 10-02,Found
Hir TV,1_0_1_4A6_3_1_E080000_0_0_0.png,hirtv.png,0.8W,(65) 0.8W KU-band Thor 5/6/7 & Intelsat 10-02,Found
History HU.,1_0_1_7811_2C3_600_E080000_0_0_0.png,historyhu.png,0.8W,(65) 0.8W KU-band Thor 5/6/7 & Intelsat 10-02,Found
History Hungary,1_0_1_780E_2C3_600_E080000_0_0_0.png,historyhungary.png,0.8W,(65) 0.8W KU-band Thor 5/6/7 & Intelsat 10-02,Found
History Pan Euro,1_0_1_780F_2C3_600_E080000_0_0_0.png,historypaneuro.png,0.8W,(65) 0.8W KU-band Thor 5/6/7 & Intelsat 10-02,Found
Hora TV,1_0_1_40A_7_1_E080000_0_0_0.png,horatv.png,0.8W,(65) 0.8W KU-band Thor 5/6/7 & Intelsat 10-02,Found
Hustler,1_0_1_78C8_2C5_600_E080000_0_0_0.png,hustler.png,0.8W,(65) 0.8W KU-band Thor 5/6/7 & Intelsat 10-02,Found
Hustler TV,1_0_1_78D1_2C5_600_E080000_0_0_0.png,hustlertv.png,0.8W,(65) 0.8W KU-band Thor 5/6/7 & Intelsat 10-02,Found
ID Investigation Discovery,1_0_1_A14_5_1_E080000_0_0_0.png,idinvestigationdiscovery.png,0.8W,(65) 0.8W KU-band Thor 5/6/7 & Intelsat 10-02,Found
Izaura TV,1_0_1_45FA_4_1_E080000_0_0_0.png,izauratv.png,0.8W,(65) 0.8W KU-band Thor 5/6/7 & Intelsat 10-02,Found
JOJ Sport HD,1_0_19_7AAD_2CC_600_E080000_0_0_0.png,jojsporthd.png,0.8W,(65) 0.8W KU-band Thor 5/6/7 & Intelsat 10-02,Found
JOJ Sport HD (SVT),1_0_19_7ABF_2CC_600_E080000_0_0_0.png,jojsporthdsvt.png,0.8W,(65) 0.8W KU-band Thor 5/6/7 & Intelsat 10-02,Found
JOJ Svet,1_0_16_FB2_AF4_BB_E080000_0_0_0.png,jojsvet.png,0.8W,(65) 0.8W KU-band Thor 5/6/7 & Intelsat 10-02,Found
JimJam,1_0_1_7A5B_2CB_600_E080000_0_0_0.png,jimjam.png,0.8W,(65) 0.8W KU-band Thor 5/6/7 & Intelsat 10-02,Found
JimJam (SVT),1_0_1_7A5F_2CB_600_E080000_0_0_0.png,jimjamsvt.png,0.8W,(65) 0.8W KU-band Thor 5/6/7 & Intelsat 10-02,Found
Jocky TV,1_0_1_45F5_4_1_E080000_0_0_0.png,jockytv.png,0.8W,(65) 0.8W KU-band Thor 5/6/7 & Intelsat 10-02,Found
Kanal 1,1_0_16_FB7_AF4_BB_E080000_0_0_0.png,kanal1.png,0.8W,(65) 0.8W KU-band Thor 5/6/7 & Intelsat 10-02,Found
Kanal D,1_0_1_B86_7_1_E080000_0_0_0.png,kanald.png,0.8W,(65) 0.8W KU-band Thor 5/6/7 & Intelsat 10-02,Found
Kanal D HD,1_0_19_7AC0_2CC_600_E080000_0_0_0.png,kanaldhd.png,0.8W,(65) 0.8W KU-band Thor 5/6/7 & Intelsat 10-02,Found
Kino Barrandov,1_0_1_FAF_AF4_BB_E080000_0_0_0.png,kinobarrandov.png,0.8W,(65) 0.8W KU-band Thor 5/6/7 & Intelsat 10-02,Found
Kiss FM,1_0_2_9D8_7_1_E080000_0_0_0.png,kissfm.png,0.8W,(65) 0.8W KU-band Thor 5/6/7 & Intelsat 10-02,Found
Kolyokklub,1_0_19_7ABA_2CC_600_E080000_0_0_0.png,kolyokklub.png,0.8W,(65) 0.8W KU-band Thor 5/6/7 & Intelsat 10-02,Found
Kossuth Radio,1_0_2_E6A_5_1_E080000_0_0_0.png,kossuthradio.png,0.8W,(65) 0.8W KU-band Thor 5/6/7 & Intelsat 10-02,Found
LALA TV,1_0_16_7A47_2CB_600_E080000_0_0_0.png,lalatv.png,0.8W,(65) 0.8W KU-band Thor 5/6/7 & Intelsat 10-02,Found
Life TV,1_0_1_77F3_2C3_600_E080000_0_0_0.png,lifetv.png,0.8W,(65) 0.8W KU-band Thor 5/6/7 & Intelsat 10-02,Found
Life TV.,1_0_1_7806_2C3_600_E080000_0_0_0.png,lifetv.png,0.8W,(65) 0.8W KU-band Thor 5/6/7 & Intelsat 10-02,Found
M1,1_0_1_618_5_1_E080000_0_0_0.png,m1.png,0.8W,(65) 0.8W KU-band Thor 5/6/7 & Intelsat 10-02,Found
M2/Petofi TV,1_0_1_A8C_5_1_E080000_0_0_0.png,m2petofitv.png,0.8W,(65) 0.8W KU-band Thor 5/6/7 & Intelsat 10-02,Found
M4 Sport,1_0_1_4CE_4_1_E080000_0_0_0.png,m4sport.png,0.8W,(65) 0.8W KU-band Thor 5/6/7 & Intelsat 10-02,Found
M4 Sport HD,1_0_19_7AB9_2CC_600_E080000_0_0_0.png,m4sporthd.png,0.8W,(65) 0.8W KU-band Thor 5/6/7 & Intelsat 10-02,Found
MATCH4,1_0_1_49C_3_1_E080000_0_0_0.png,match4.png,0.8W,(65) 0.8W KU-band Thor 5/6/7 & Intelsat 10-02,Found
MATCH4 HD,1_0_19_5C8_4_1_E080000_0_0_0.png,match4hd.png,0.8W,(65) 0.8W KU-band Thor 5/6/7 & Intelsat 10-02,Found
MTV Urheilu 1 HD,1_0_19_1D51_50_46_E080000_0_0_0.png,mtvurheilu1hd.png,0.8W,(65) 0.8W KU-band Thor 5/6/7 & Intelsat 10-02,Found
MTV3 HD,1_0_19_1D37_50_46_E080000_0_0_0.png,mtv3hd.png,0.8W,(65) 0.8W KU-band Thor 5/6/7 & Intelsat 10-02,Found
Magyar ATV,1_0_1_5E8_4_1_E080000_0_0_0.png,magyaratv.png,0.8W,(65) 0.8W KU-band Thor 5/6/7 & Intelsat 10-02,Found
Magyar Mozi TV,1_0_1_CC6_4_1_E080000_0_0_0.png,magyarmozitv.png,0.8W,(65) 0.8W KU-band Thor 5/6/7 & Intelsat 10-02,Found
Markiza INT,1_0_16_7A49_2CB_600_E080000_0_0_0.png,markizaint.png,0.8W,(65) 0.8W KU-band Thor 5/6/7 & Intelsat 10-02,Found
Markiza Krimi,1_0_16_FAD_AF4_BB_E080000_0_0_0.png,markizakrimi.png,0.8W,(65) 0.8W KU-band Thor 5/6/7 & Intelsat 10-02,Found
Max4,1_0_1_407_3_1_E080000_0_0_0.png,max4.png,0.8W,(65) 0.8W KU-band Thor 5/6/7 & Intelsat 10-02,Found
Metropola TV,1_0_1_77EE_2C3_600_E080000_0_0_0.png,metropolatv.png,0.8W,(65) 0.8W KU-band Thor 5/6/7 & Intelsat 10-02,Found
Mezzo,1_0_16_7A61_2CB_600_E080000_0_0_0.png,mezzo.png,0.8W,(65) 0.8W KU-band Thor 5/6/7 & Intelsat 10-02,Found
Minimax,1_0_1_56E_5_1_E080000_0_0_0.png,minimax.png,0.8W,(65) 0.8W KU-band Thor 5/6/7 & Intelsat 10-02,Found
Minimax (SVT),1_0_1_7AC4_2CC_600_E080000_0_0_0.png,minimaxsvt.png,0.8W,(65) 0.8W KU-band Thor 5/6/7 & Intelsat 10-02,Found
Minimax CZ,1_0_1_7AC2_2CC_600_E080000_0_0_0.png,minimaxcz.png,0.8W,(65) 0.8W KU-band Thor 5/6/7 & Intelsat 10-02,Found
Moziklub,1_0_1_78B6_2C5_600_E080000_0_0_0.png,moziklub.png,0.8W,(65) 0.8W KU-band Thor 5/6/7 & Intelsat 10-02,Found
Moziklub.,1_0_1_78D8_2C5_600_E080000_0_0_0.png,moziklub.png,0.8W,(65) 0.8W KU-band Thor 5/6/7 & Intelsat 10-02,Found
Moziverzum,1_0_1_45F4_4_1_E080000_0_0_0.png,moziverzum.png,0.8W,(65) 0.8W KU-band Thor 5/6/7 & Intelsat 10-02,Found
Nat Geo HD,1_0_19_7A63_2CB_600_E080000_0_0_0.png,natgeohd.png,0.8W,(65) 0.8W KU-band Thor 5/6/7 & Intelsat 10-02,Found
Nat Geo HD,1_0_19_77ED_2C3_600_E080000_0_0_0.png,natgeohd.png,0.8W,(65) 0.8W KU-band Thor 5/6/7 & Intelsat 10-02,Found
Nat Geo Wild,1_0_1_77F7_2C3_600_E080000_0_0_0.png,natgeowild.png,0.8W,(65) 0.8W KU-band Thor 5/6/7 & Intelsat 10-02,Found
National Geographic RO,1_0_1_78BC_2C5_600_E080000_0_0_0.png,nationalgeographicro.png,0.8W,(65) 0.8W KU-band Thor 5/6/7 & Intelsat 10-02,Found
National Geographic RO,1_0_1_78DC_2C5_600_E080000_0_0_0.png,nationalgeographicro.png,0.8W,(65) 0.8W KU-band Thor 5/6/7 & Intelsat 10-02,Found
New Life,1_0_1_105_1_0_E082B6E_0_0_0.png,newlife.png,0.8W,(65) 0.8W KU-band Thor 5/6/7 & Intelsat 10-02,Found
Nova Sport 3 HD,1_0_19_FBA_AF4_BB_E080000_0_0_0.png,novasport3hd.png,0.8W,(65) 0.8W KU-band Thor 5/6/7 & Intelsat 10-02,Found
Ozone TV,1_0_1_A82_4_1_E080000_0_0_0.png,ozonetv.png,0.8W,(65) 0.8W KU-band Thor 5/6/7 & Intelsat 10-02,Found
PREMIER SPORT 1 CZ HD,1_0_19_FB4_AF4_BB_E080000_0_0_0.png,premiersport1czhd.png,0.8W,(65) 0.8W KU-band Thor 5/6/7 & Intelsat 10-02,Found
PRO CINEMA,1_0_1_492_7_1_E080000_0_0_0.png,procinema.png,0.8W,(65) 0.8W KU-band Thor 5/6/7 & Intelsat 10-02,Found
PRO TV,1_0_1_B54_7_1_E080000_0_0_0.png,protv.png,0.8W,(65) 0.8W KU-band Thor 5/6/7 & Intelsat 10-02,Found
PRO TV,1_0_1_78BE_2C5_600_E080000_0_0_0.png,protv.png,0.8W,(65) 0.8W KU-band Thor 5/6/7 & Intelsat 10-02,Found
Petofi Radio,1_0_2_E60_5_1_E080000_0_0_0.png,petofiradio.png,0.8W,(65) 0.8W KU-band Thor 5/6/7 & Intelsat 10-02,Found
Premier Sport 3 HD,1_0_1_FBC_AF4_BB_E080000_0_0_0.png,premiersport3hd.png,0.8W,(65) 0.8W KU-band Thor 5/6/7 & Intelsat 10-02,Found
Prima Cool,1_0_16_7A4B_2CB_600_E080000_0_0_0.png,primacool.png,0.8W,(65) 0.8W KU-band Thor 5/6/7 & Intelsat 10-02,Found
Prima Krimi,1_0_16_7AB3_2CC_600_E080000_0_0_0.png,primakrimi.png,0.8W,(65) 0.8W KU-band Thor 5/6/7 & Intelsat 10-02,Found
Prima Love,1_0_16_7A4C_2CB_600_E080000_0_0_0.png,primalove.png,0.8W,(65) 0.8W KU-band Thor 5/6/7 & Intelsat 10-02,Found
Prime,1_0_1_78C0_2C5_600_E080000_0_0_0.png,prime.png,0.8W,(65) 0.8W KU-band Thor 5/6/7 & Intelsat 10-02,Found
Prime.,1_0_1_78CE_2C5_600_E080000_0_0_0.png,prime.png,0.8W,(65) 0.8W KU-band Thor 5/6/7 & Intelsat 10-02,Found
Private TV,1_0_1_78BD_2C5_600_E080000_0_0_0.png,privatetv.png,0.8W,(65) 0.8W KU-band Thor 5/6/7 & Intelsat 10-02,Found
Private TV,1_0_1_78D0_2C5_600_E080000_0_0_0.png,privatetv.png,0.8W,(65) 0.8W KU-band Thor 5/6/7 & Intelsat 10-02,Found
RTL,1_0_1_5E6_3_1_E080000_0_0_0.png,rtl.png,0.8W,(65) 0.8W KU-band Thor 5/6/7 & Intelsat 10-02,Found
RTL OTTHON,1_0_19_7ABB_2CC_600_E080000_0_0_0.png,rtlotthon.png,0.8W,(65) 0.8W KU-band Thor 5/6/7 & Intelsat 10-02,Found
Romania TV,1_0_1_B50_7_1_E080000_0_0_0.png,romaniatv.png,0.8W,(65) 0.8W KU-band Thor 5/6/7 & Intelsat 10-02,Found
SPORT 1,1_0_1_A32_5_1_E080000_0_0_0.png,sport1.png,0.8W,(65) 0.8W KU-band Thor 5/6/7 & Intelsat 10-02,Found
SPORT 2,1_0_1_A3C_5_1_E080000_0_0_0.png,sport2.png,0.8W,(65) 0.8W KU-band Thor 5/6/7 & Intelsat 10-02,Found
STORY 4,1_0_1_77F4_2C3_600_E080000_0_0_0.png,story4.png,0.8W,(65) 0.8W KU-band Thor 5/6/7 & Intelsat 10-02,Found
STORY 4 SVT,1_0_1_7805_2C3_600_E080000_0_0_0.png,story4svt.png,0.8W,(65) 0.8W KU-band Thor 5/6/7 & Intelsat 10-02,Found
STORY 4.,1_0_1_7807_2C3_600_E080000_0_0_0.png,story4.png,0.8W,(65) 0.8W KU-band Thor 5/6/7 & Intelsat 10-02,Found
Senzi,1_0_16_7A52_2CB_600_E080000_0_0_0.png,senzi.png,0.8W,(65) 0.8W KU-band Thor 5/6/7 & Intelsat 10-02,Found
Senzi (SVT),1_0_16_7A5D_2CB_600_E080000_0_0_0.png,senzisvt.png,0.8W,(65) 0.8W KU-band Thor 5/6/7 & Intelsat 10-02,Found
Slager Original,1_0_16_7A53_2CB_600_E080000_0_0_0.png,slageroriginal.png,0.8W,(65) 0.8W KU-band Thor 5/6/7 & Intelsat 10-02,Found
Sorozatklub,1_0_1_78B5_2C5_600_E080000_0_0_0.png,sorozatklub.png,0.8W,(65) 0.8W KU-band Thor 5/6/7 & Intelsat 10-02,Found
Sorozatklub..,1_0_1_78D6_2C5_600_E080000_0_0_0.png,sorozatklub.png,0.8W,(65) 0.8W KU-band Thor 5/6/7 & Intelsat 10-02,Found
Spektrum,1_0_1_77F8_2C3_600_E080000_0_0_0.png,spektrum.png,0.8W,(65) 0.8W KU-band Thor 5/6/7 & Intelsat 10-02,Found
Spektrum Home,1_0_1_B77_5_1_E080000_0_0_0.png,spektrumhome.png,0.8W,(65) 0.8W KU-band Thor 5/6/7 & Intelsat 10-02,Found
Spektrum Home,1_0_1_7AC1_2CC_600_E080000_0_0_0.png,spektrumhome.png,0.8W,(65) 0.8W KU-band Thor 5/6/7 & Intelsat 10-02,Found
Spektrum Home (SVT),1_0_1_7AC3_2CC_600_E080000_0_0_0.png,spektrumhomesvt.png,0.8W,(65) 0.8W KU-band Thor 5/6/7 & Intelsat 10-02,Found
Spektrum.,1_0_1_77FD_2C3_600_E080000_0_0_0.png,spektrum.png,0.8W,(65) 0.8W KU-band Thor 5/6/7 & Intelsat 10-02,Found
SperantaTV,1_0_1_4BA_7_1_E080000_0_0_0.png,sperantatv.png,0.8W,(65) 0.8W KU-band Thor 5/6/7 & Intelsat 10-02,Found
Spiler 1,1_0_1_D16_3_1_E080000_0_0_0.png,spiler1.png,0.8W,(65) 0.8W KU-band Thor 5/6/7 & Intelsat 10-02,Found
Sport 1 HD CZ,1_0_19_7A64_2CB_600_E080000_0_0_0.png,sport1hdcz.png,0.8W,(65) 0.8W KU-band Thor 5/6/7 & Intelsat 10-02,Found
Sport 1 SK HD,1_0_19_7AB7_2CC_600_E080000_0_0_0.png,sport1skhd.png,0.8W,(65) 0.8W KU-band Thor 5/6/7 & Intelsat 10-02,Found
Sport 2 HD,1_0_19_7AA9_2CC_600_E080000_0_0_0.png,sport2hd.png,0.8W,(65) 0.8W KU-band Thor 5/6/7 & Intelsat 10-02,Found
Sport 2 HD (SVT),1_0_19_7ABE_2CC_600_E080000_0_0_0.png,sport2hdsvt.png,0.8W,(65) 0.8W KU-band Thor 5/6/7 & Intelsat 10-02,Found
Sport 2 HD HU,1_0_19_7A65_2CB_600_E080000_0_0_0.png,sport2hdhu.png,0.8W,(65) 0.8W KU-band Thor 5/6/7 & Intelsat 10-02,Found
Sport2 HD,1_0_19_5D2_4_1_E080000_0_0_0.png,sport2hd.png,0.8W,(65) 0.8W KU-band Thor 5/6/7 & Intelsat 10-02,Found
Strike TV,1_0_1_FB9_AF4_BB_E080000_0_0_0.png,striketv.png,0.8W,(65) 0.8W KU-band Thor 5/6/7 & Intelsat 10-02,Found
Super TV2,1_0_1_555_4_1_E080000_0_0_0.png,supertv2.png,0.8W,(65) 0.8W KU-band Thor 5/6/7 & Intelsat 10-02,Found
SuperTV2,1_0_1_78BB_2C5_600_E080000_0_0_0.png,supertv2.png,0.8W,(65) 0.8W KU-band Thor 5/6/7 & Intelsat 10-02,Found
SuperTV2 (SVT),1_0_1_78DB_2C5_600_E080000_0_0_0.png,supertv2svt.png,0.8W,(65) 0.8W KU-band Thor 5/6/7 & Intelsat 10-02,Found
TA3,1_0_16_7A4A_2CB_600_E080000_0_0_0.png,ta3.png,0.8W,(65) 0.8W KU-band Thor 5/6/7 & Intelsat 10-02,Found
TLC,1_0_1_FC1_AF4_BB_E080000_0_0_0.png,tlc.png,0.8W,(65) 0.8W KU-band Thor 5/6/7 & Intelsat 10-02,Found
TLC,1_0_1_78CF_2C5_600_E080000_0_0_0.png,tlc.png,0.8W,(65) 0.8W KU-band Thor 5/6/7 & Intelsat 10-02,Found
TS Sports 11,1_0_19_2332_55_46_E080000_0_0_0.png,tssports11.png,0.8W,(65) 0.8W KU-band Thor 5/6/7 & Intelsat 10-02,Found
TS Sports 12,1_0_19_2333_55_46_E080000_0_0_0.png,tssports12.png,0.8W,(65) 0.8W KU-band Thor 5/6/7 & Intelsat 10-02,Found
TS Sports 13,1_0_19_2334_55_46_E080000_0_0_0.png,tssports13.png,0.8W,(65) 0.8W KU-band Thor 5/6/7 & Intelsat 10-02,Found
TS Sports 14,1_0_19_2335_55_46_E080000_0_0_0.png,tssports14.png,0.8W,(65) 0.8W KU-band Thor 5/6/7 & Intelsat 10-02,Found
TS Sports 15,1_0_19_2336_55_46_E080000_0_0_0.png,tssports15.png,0.8W,(65) 0.8W KU-band Thor 5/6/7 & Intelsat 10-02,Found
TV Folklorika,1_0_16_FB1_AF4_BB_E080000_0_0_0.png,tvfolklorika.png,0.8W,(65) 0.8W KU-band Thor 5/6/7 & Intelsat 10-02,Found
TV LUX,1_0_16_7A54_2CB_600_E080000_0_0_0.png,tvlux.png,0.8W,(65) 0.8W KU-band Thor 5/6/7 & Intelsat 10-02,Found
TV Paprika CZ/SK,1_0_16_7AB6_2CC_600_E080000_0_0_0.png,tvpaprikaczsk.png,0.8W,(65) 0.8W KU-band Thor 5/6/7 & Intelsat 10-02,Found
TV2,1_0_1_564_3_1_E080000_0_0_0.png,tv2.png,0.8W,(65) 0.8W KU-band Thor 5/6/7 & Intelsat 10-02,Found
TV8,1_0_16_7A46_2CB_600_E080000_0_0_0.png,tv8.png,0.8W,(65) 0.8W KU-band Thor 5/6/7 & Intelsat 10-02,Found
TVR Info,1_0_1_BAE_7_1_E080000_0_0_0.png,tvrinfo.png,0.8W,(65) 0.8W KU-band Thor 5/6/7 & Intelsat 10-02,Found
Test 13005,1_0_16_32CD_14_46_E080000_0_0_0.png,test13005.png,0.8W,(65) 0.8W KU-band Thor 5/6/7 & Intelsat 10-02,Found
Test 13008,1_0_16_32D0_4B_46_E080000_0_0_0.png,test13008.png,0.8W,(65) 0.8W KU-band Thor 5/6/7 & Intelsat 10-02,Found
Test 13009,1_0_16_32D1_54_46_E080000_0_0_0.png,test13009.png,0.8W,(65) 0.8W KU-band Thor 5/6/7 & Intelsat 10-02,Found
Test 13012,1_0_16_32D4_4F_46_E080000_0_0_0.png,test13012.png,0.8W,(65) 0.8W KU-band Thor 5/6/7 & Intelsat 10-02,Found
Test 13013,1_0_1F_32D5_4B_46_E080000_0_0_0.png,test13013.png,0.8W,(65) 0.8W KU-band Thor 5/6/7 & Intelsat 10-02,Found
Test 13014,1_0_19_32D6_4B_46_E080000_0_0_0.png,test13014.png,0.8W,(65) 0.8W KU-band Thor 5/6/7 & Intelsat 10-02,Found
Test 7286,1_0_16_1C76_55_46_E080000_0_0_0.png,test7286.png,0.8W,(65) 0.8W KU-band Thor 5/6/7 & Intelsat 10-02,Found
Test 7459,1_0_16_1D23_55_46_E080000_0_0_0.png,test7459.png,0.8W,(65) 0.8W KU-band Thor 5/6/7 & Intelsat 10-02,Found
Travel Channel,1_0_1_A6E_5_1_E080000_0_0_0.png,travelchannel.png,0.8W,(65) 0.8W KU-band Thor 5/6/7 & Intelsat 10-02,Found
Viasat 2,1_0_1_78C1_2C5_600_E080000_0_0_0.png,viasat2.png,0.8W,(65) 0.8W KU-band Thor 5/6/7 & Intelsat 10-02,Found
Viasat 2.,1_0_1_78C5_2C5_600_E080000_0_0_0.png,viasat2.png,0.8W,(65) 0.8W KU-band Thor 5/6/7 & Intelsat 10-02,Found
Viasat Explore,1_0_1_A28_5_1_E080000_0_0_0.png,viasatexplore.png,0.8W,(65) 0.8W KU-band Thor 5/6/7 & Intelsat 10-02,Found
Viasat Explore HD,1_0_1_FB6_AF4_BB_E080000_0_0_0.png,viasatexplorehd.png,0.8W,(65) 0.8W KU-band Thor 5/6/7 & Intelsat 10-02,Found
Viasat Explore RO,1_0_1_78C9_2C5_600_E080000_0_0_0.png,viasatexplorero.png,0.8W,(65) 0.8W KU-band Thor 5/6/7 & Intelsat 10-02,Found
Viasat Explore.,1_0_1_78CA_2C5_600_E080000_0_0_0.png,viasatexplore.png,0.8W,(65) 0.8W KU-band Thor 5/6/7 & Intelsat 10-02,Found
Viasat Film,1_0_1_78C6_2C5_600_E080000_0_0_0.png,viasatfilm.png,0.8W,(65) 0.8W KU-band Thor 5/6/7 & Intelsat 10-02,Found
Viasat Film.,1_0_1_78CC_2C5_600_E080000_0_0_0.png,viasatfilm.png,0.8W,(65) 0.8W KU-band Thor 5/6/7 & Intelsat 10-02,Found
Viasat History HU,1_0_1_497_4_1_E080000_0_0_0.png,viasathistoryhu.png,0.8W,(65) 0.8W KU-band Thor 5/6/7 & Intelsat 10-02,Found
Viasat Nature,1_0_1_622_3_1_E080000_0_0_0.png,viasatnature.png,0.8W,(65) 0.8W KU-band Thor 5/6/7 & Intelsat 10-02,Found
Warner TV,1_0_16_FAB_AF4_BB_E080000_0_0_0.png,warnertv.png,0.8W,(65) 0.8W KU-band Thor 5/6/7 & Intelsat 10-02,Found
Yle TV1 HD,1_0_19_1D06_50_46_E080000_0_0_0.png,yletv1hd.png,0.8W,(65) 0.8W KU-band Thor 5/6/7 & Intelsat 10-02,Found
Yle TV1 HD,1_0_19_42EA_50_46_E080000_0_0_0.png,yletv1hd.png,0.8W,(65) 0.8W KU-band Thor 5/6/7 & Intelsat 10-02,Found
Yle TV2 HD,1_0_19_1D4B_50_46_E080000_0_0_0.png,yletv2hd.png,0.8W,(65) 0.8W KU-band Thor 5/6/7 & Intelsat 10-02,Found
Yle TV2 HD,1_0_19_4297_50_46_E080000_0_0_0.png,yletv2hd.png,0.8W,(65) 0.8W KU-band Thor 5/6/7 & Intelsat 10-02,Found
ducktv,1_0_1_77F9_2C3_600_E080000_0_0_0.png,ducktv.png,0.8W,(65) 0.8W KU-band Thor 5/6/7 & Intelsat 10-02,Found
ducktv ( SVT),1_0_1_77FC_2C3_600_E080000_0_0_0.png,ducktvsvt.png,0.8W,(65) 0.8W KU-band Thor 5/6/7 & Intelsat 10-02,Found
ducktv.,1_0_1_7800_2C3_600_E080000_0_0_0.png,ducktv.png,0.8W,(65) 0.8W KU-band Thor 5/6/7 & Intelsat 10-02,Found
24 Horas,1_0_1_20C_17_3_130000_0_0_0.png,24horas.png,1.9E,(66) 1.9E KU-band BulgariaSat 1,Found
360 TuneBox HD,1_0_1_24A_19_3_130000_0_0_0.png,360tuneboxhd.png,1.9E,(66) 1.9E KU-band BulgariaSat 1,Found
7/8 TV HD,1_0_1_221_18_3_130000_0_0_0.png,78tvhd.png,1.9E,(66) 1.9E KU-band BulgariaSat 1,Found
AMC,1_0_1_1A8_A_2_130000_0_0_0.png,amc.png,1.9E,(66) 1.9E KU-band BulgariaSat 1,Found
AXN,1_0_1_71_E_3_130000_0_0_0.png,axn.png,1.9E,(66) 1.9E KU-band BulgariaSat 1,Found
AXN Black,1_0_1_1F5_17_3_130000_0_0_0.png,axnblack.png,1.9E,(66) 1.9E KU-band BulgariaSat 1,Found
AXN White,1_0_1_1F4_17_3_130000_0_0_0.png,axnwhite.png,1.9E,(66) 1.9E KU-band BulgariaSat 1,Found
Agro Tv,1_0_1_1BB_A_2_130000_0_0_0.png,agrotv.png,1.9E,(66) 1.9E KU-band BulgariaSat 1,Found
Al Jazerra,1_0_1_1C1_A_2_130000_0_0_0.png,aljazerra.png,1.9E,(66) 1.9E KU-band BulgariaSat 1,Found
Ambience TV,1_0_1_25E_1A_3_130000_0_0_0.png,ambiencetv.png,1.9E,(66) 1.9E KU-band BulgariaSat 1,Found
Animal Planet HD,1_0_1_4E_C_3_130000_0_0_0.png,animalplanethd.png,1.9E,(66) 1.9E KU-band BulgariaSat 1,Found
Arirang,1_0_1_202_17_3_130000_0_0_0.png,arirang.png,1.9E,(66) 1.9E KU-band BulgariaSat 1,Found
Auto Motor und Sport HD,1_0_1_267_1A_3_130000_0_0_0.png,automotorundsporthd.png,1.9E,(66) 1.9E KU-band BulgariaSat 1,Found
BG Music Channel,1_0_1_74_E_3_130000_0_0_0.png,bgmusicchannel.png,1.9E,(66) 1.9E KU-band BulgariaSat 1,Found
BHTV,1_0_1_1BC_A_2_130000_0_0_0.png,bhtv.png,1.9E,(66) 1.9E KU-band BulgariaSat 1,Found
BNT 1 HD,1_0_1_8A_F_3_130000_0_0_0.png,bnt1hd.png,1.9E,(66) 1.9E KU-band BulgariaSat 1,Found
BNT 2 HD,1_0_1_8D_F_3_130000_0_0_0.png,bnt2hd.png,1.9E,(66) 1.9E KU-band BulgariaSat 1,Found
BNT 3 HD,1_0_1_8F_F_3_130000_0_0_0.png,bnt3hd.png,1.9E,(66) 1.9E KU-band BulgariaSat 1,Found
BNT 4 HD,1_0_19_10D_15_3_130000_0_0_0.png,bnt4hd.png,1.9E,(66) 1.9E KU-band BulgariaSat 1,Found
Balkanika HD,1_0_1_91_F_3_130000_0_0_0.png,balkanikahd.png,1.9E,(66) 1.9E KU-band BulgariaSat 1,Found
Barely Legal,1_0_1_165_8_3_130000_0_0_0.png,barelylegal.png,1.9E,(66) 1.9E KU-band BulgariaSat 1,Found
Bloomberg TV HD,1_0_1_D6_12_3_130000_0_0_0.png,bloombergtvhd.png,1.9E,(66) 1.9E KU-band BulgariaSat 1,Found
Bulgaria 24 HD,1_0_1_A7_10_3_130000_0_0_0.png,bulgaria24hd.png,1.9E,(66) 1.9E KU-band BulgariaSat 1,Found
Bulgaria On Air HD,1_0_1_A8_10_3_130000_0_0_0.png,bulgariaonairhd.png,1.9E,(66) 1.9E KU-band BulgariaSat 1,Found
CNN Int,1_0_1_6D_E_3_130000_0_0_0.png,cnnint.png,1.9E,(66) 1.9E KU-band BulgariaSat 1,Found
Cartoon Network,1_0_1_1FC_17_3_130000_0_0_0.png,cartoonnetwork.png,1.9E,(66) 1.9E KU-band BulgariaSat 1,Found
Chasse et Peche HD,1_0_1_21E_18_3_130000_0_0_0.png,chasseetpechehd.png,1.9E,(66) 1.9E KU-band BulgariaSat 1,Found
Cinemania HD,1_0_1_D4_12_3_130000_0_0_0.png,cinemaniahd.png,1.9E,(66) 1.9E KU-band BulgariaSat 1,Found
City TV,1_0_1_65_E_3_130000_0_0_0.png,citytv.png,1.9E,(66) 1.9E KU-band BulgariaSat 1,Found
Classical Harmony,1_0_1_1FF_17_3_130000_0_0_0.png,classicalharmony.png,1.9E,(66) 1.9E KU-band BulgariaSat 1,Found
Code Fashion HD,1_0_1_D7_12_3_130000_0_0_0.png,codefashionhd.png,1.9E,(66) 1.9E KU-band BulgariaSat 1,Found
Code Health TV,1_0_1_217_17_3_130000_0_0_0.png,codehealthtv.png,1.9E,(66) 1.9E KU-band BulgariaSat 1,Found
Current Time,1_0_1_73_E_3_130000_0_0_0.png,currenttime.png,1.9E,(66) 1.9E KU-band BulgariaSat 1,Found
DM Sat,1_0_1_1B2_A_2_130000_0_0_0.png,dmsat.png,1.9E,(66) 1.9E KU-band BulgariaSat 1,Found
DSTV,1_0_1_6E_E_3_130000_0_0_0.png,dstv.png,1.9E,(66) 1.9E KU-band BulgariaSat 1,Found
DW,1_0_1_CF_A_2_130000_0_0_0.png,dw.png,1.9E,(66) 1.9E KU-band BulgariaSat 1,Found
Da Vinci,1_0_1_66_E_3_130000_0_0_0.png,davinci.png,1.9E,(66) 1.9E KU-band BulgariaSat 1,Found
Datann,1_0_1_25D_1A_3_130000_0_0_0.png,datann.png,1.9E,(66) 1.9E KU-band BulgariaSat 1,Found
Deluxe Lounge HD,1_0_1_24B_19_3_130000_0_0_0.png,deluxeloungehd.png,1.9E,(66) 1.9E KU-band BulgariaSat 1,Found
Deluxe Music HD,1_0_1_224_18_3_130000_0_0_0.png,deluxemusichd.png,1.9E,(66) 1.9E KU-band BulgariaSat 1,Found
Discovery Channel HD,1_0_1_8C_F_3_130000_0_0_0.png,discoverychannelhd.png,1.9E,(66) 1.9E KU-band BulgariaSat 1,Found
Dizi HD,1_0_1_25C_1A_3_130000_0_0_0.png,dizihd.png,1.9E,(66) 1.9E KU-band BulgariaSat 1,Found
Dizi HD,1_0_1_AB_10_3_130000_0_0_0.png,dizihd.png,1.9E,(66) 1.9E KU-band BulgariaSat 1,Found
DocuBox HD,1_0_1_4D_C_3_130000_0_0_0.png,docuboxhd.png,1.9E,(66) 1.9E KU-band BulgariaSat 1,Found
Dom Kino Premium HD,1_0_1_248_19_3_130000_0_0_0.png,domkinopremiumhd.png,1.9E,(66) 1.9E KU-band BulgariaSat 1,Found
Duga,1_0_1_1AD_A_2_130000_0_0_0.png,duga.png,1.9E,(66) 1.9E KU-band BulgariaSat 1,Found
ERT World,1_0_1_20A_17_3_130000_0_0_0.png,ertworld.png,1.9E,(66) 1.9E KU-band BulgariaSat 1,Found
ESPRESO TV,1_0_1_1AA_A_2_130000_0_0_0.png,espresotv.png,1.9E,(66) 1.9E KU-band BulgariaSat 1,Found
English Club,1_0_1_1FD_17_3_130000_0_0_0.png,englishclub.png,1.9E,(66) 1.9E KU-band BulgariaSat 1,Found
Epic Drama HD,1_0_1_222_18_3_130000_0_0_0.png,epicdramahd.png,1.9E,(66) 1.9E KU-band BulgariaSat 1,Found
Erox HD,1_0_1_15C_8_3_130000_0_0_0.png,eroxhd.png,1.9E,(66) 1.9E KU-band BulgariaSat 1,Found
Eroxxx HD,1_0_1_15D_8_3_130000_0_0_0.png,eroxxxhd.png,1.9E,(66) 1.9E KU-band BulgariaSat 1,Found
Euronews Bulgaria,1_0_1_7B_E_3_130000_0_0_0.png,euronewsbulgaria.png,1.9E,(66) 1.9E KU-band BulgariaSat 1,Found
Euronews HD,1_0_1_4F_C_3_130000_0_0_0.png,euronewshd.png,1.9E,(66) 1.9E KU-band BulgariaSat 1,Found
Eurosport 1 HD,1_0_1_D2_12_3_130000_0_0_0.png,eurosport1hd.png,1.9E,(66) 1.9E KU-band BulgariaSat 1,Found
Eurosport 2 HD,1_0_1_D3_12_3_130000_0_0_0.png,eurosport2hd.png,1.9E,(66) 1.9E KU-band BulgariaSat 1,Found
Evil Angel HD,1_0_1_15A_8_3_130000_0_0_0.png,evilangelhd.png,1.9E,(66) 1.9E KU-band BulgariaSat 1,Found
Evrokom HD,1_0_19_104_15_3_130000_0_0_0.png,evrokomhd.png,1.9E,(66) 1.9E KU-band BulgariaSat 1,Found
FEN TV HD,1_0_1_CD_12_3_130000_0_0_0.png,fentvhd.png,1.9E,(66) 1.9E KU-band BulgariaSat 1,Found
Fantazzy TV,1_0_1_164_8_3_130000_0_0_0.png,fantazzytv.png,1.9E,(66) 1.9E KU-band BulgariaSat 1,Found
Fashion TV HD,1_0_1_4A_C_3_130000_0_0_0.png,fashiontvhd.png,1.9E,(66) 1.9E KU-band BulgariaSat 1,Found
FashionBox HD,1_0_1_250_19_3_130000_0_0_0.png,fashionboxhd.png,1.9E,(66) 1.9E KU-band BulgariaSat 1,Found
Fast and FunBox HD,1_0_1_261_1A_3_130000_0_0_0.png,fastandfunboxhd.png,1.9E,(66) 1.9E KU-band BulgariaSat 1,Found
Fen Folk,1_0_16_107_15_3_130000_0_0_0.png,fenfolk.png,1.9E,(66) 1.9E KU-band BulgariaSat 1,Found
Fight Box HD,1_0_1_252_19_3_130000_0_0_0.png,fightboxhd.png,1.9E,(66) 1.9E KU-band BulgariaSat 1,Found
Fight Network HD,1_0_1_253_19_3_130000_0_0_0.png,fightnetworkhd.png,1.9E,(66) 1.9E KU-band BulgariaSat 1,Found
FilmBox,1_0_16_10A_15_3_130000_0_0_0.png,filmbox.png,1.9E,(66) 1.9E KU-band BulgariaSat 1,Found
FilmBox Arthouse HD,1_0_1_246_19_3_130000_0_0_0.png,filmboxarthousehd.png,1.9E,(66) 1.9E KU-band BulgariaSat 1,Found
FilmBox Extra HD,1_0_1_4C_C_3_130000_0_0_0.png,filmboxextrahd.png,1.9E,(66) 1.9E KU-band BulgariaSat 1,Found
FilmBox Stars HD,1_0_1_D1_12_3_130000_0_0_0.png,filmboxstarshd.png,1.9E,(66) 1.9E KU-band BulgariaSat 1,Found
Fishing and Hunting HD,1_0_1_244_19_3_130000_0_0_0.png,fishingandhuntinghd.png,1.9E,(66) 1.9E KU-band BulgariaSat 1,Found
Fix and Foxi,1_0_1_20E_17_3_130000_0_0_0.png,fixandfoxi.png,1.9E,(66) 1.9E KU-band BulgariaSat 1,Found
Folklor TV,1_0_1_67_E_3_130000_0_0_0.png,folklortv.png,1.9E,(66) 1.9E KU-band BulgariaSat 1,Found
France 24,1_0_1_6F_E_3_130000_0_0_0.png,france24.png,1.9E,(66) 1.9E KU-band BulgariaSat 1,Found
France 24 eng,1_0_1_68_E_3_130000_0_0_0.png,france24eng.png,1.9E,(66) 1.9E KU-band BulgariaSat 1,Found
Freedom,1_0_1_215_17_3_130000_0_0_0.png,freedom.png,1.9E,(66) 1.9E KU-band BulgariaSat 1,Found
Gametoon HD,1_0_1_220_18_3_130000_0_0_0.png,gametoonhd.png,1.9E,(66) 1.9E KU-band BulgariaSat 1,Found
HGTV HD,1_0_1_A1_10_3_130000_0_0_0.png,hgtvhd.png,1.9E,(66) 1.9E KU-band BulgariaSat 1,Found
Hit Mix HD,1_0_1_EA_13_3_130000_0_0_0.png,hitmixhd.png,1.9E,(66) 1.9E KU-band BulgariaSat 1,Found
Hustler,1_0_1_161_8_3_130000_0_0_0.png,hustler.png,1.9E,(66) 1.9E KU-band BulgariaSat 1,Found
Hustler HD,1_0_1_159_8_3_130000_0_0_0.png,hustlerhd.png,1.9E,(66) 1.9E KU-band BulgariaSat 1,Found
Investigation Discovery HD,1_0_1_265_1A_3_130000_0_0_0.png,investigationdiscoveryhd.png,1.9E,(66) 1.9E KU-band BulgariaSat 1,Found
Jim Jam,1_0_1_230_18_3_130000_0_0_0.png,jimjam.png,1.9E,(66) 1.9E KU-band BulgariaSat 1,Found
Jukebox HD,1_0_1_24C_19_3_130000_0_0_0.png,jukeboxhd.png,1.9E,(66) 1.9E KU-band BulgariaSat 1,Found
KCN Music 2,1_0_1_1AC_A_2_130000_0_0_0.png,kcnmusic2.png,1.9E,(66) 1.9E KU-band BulgariaSat 1,Found
Kanal 0,1_0_1_22A_18_3_130000_0_0_0.png,kanal0.png,1.9E,(66) 1.9E KU-band BulgariaSat 1,Found
Kanal 3,1_0_1_216_17_3_130000_0_0_0.png,kanal3.png,1.9E,(66) 1.9E KU-band BulgariaSat 1,Found
Karusel,1_0_1_200_17_3_130000_0_0_0.png,karusel.png,1.9E,(66) 1.9E KU-band BulgariaSat 1,Found
Kitchen TV HD,1_0_19_10E_15_3_130000_0_0_0.png,kitchentvhd.png,1.9E,(66) 1.9E KU-band BulgariaSat 1,Found
Lolly Kids HD,1_0_1_229_18_3_130000_0_0_0.png,lollykidshd.png,1.9E,(66) 1.9E KU-band BulgariaSat 1,Found
M1-Global,1_0_1_1F9_17_3_130000_0_0_0.png,m1global.png,1.9E,(66) 1.9E KU-band BulgariaSat 1,Found
MAX Sport 1 HD,1_0_1_A6_10_3_130000_0_0_0.png,maxsport1hd.png,1.9E,(66) 1.9E KU-band BulgariaSat 1,Found
MAX Sport 2 HD,1_0_1_DD_13_3_130000_0_0_0.png,maxsport2hd.png,1.9E,(66) 1.9E KU-band BulgariaSat 1,Found
MAX Sport 3 HD,1_0_1_A3_10_3_130000_0_0_0.png,maxsport3hd.png,1.9E,(66) 1.9E KU-band BulgariaSat 1,Found
MAX Sport 4 HD,1_0_1_A0_10_3_130000_0_0_0.png,maxsport4hd.png,1.9E,(66) 1.9E KU-band BulgariaSat 1,Found
MTV,1_0_1_20D_17_3_130000_0_0_0.png,mtv.png,1.9E,(66) 1.9E KU-band BulgariaSat 1,Found
MTV 00s,1_0_1_206_17_3_130000_0_0_0.png,mtv00s.png,1.9E,(66) 1.9E KU-band BulgariaSat 1,Found
MTV 80s,1_0_1_207_17_3_130000_0_0_0.png,mtv80s.png,1.9E,(66) 1.9E KU-band BulgariaSat 1,Found
MTV 90s,1_0_1_204_17_3_130000_0_0_0.png,mtv90s.png,1.9E,(66) 1.9E KU-band BulgariaSat 1,Found
MTV Hits,1_0_1_205_17_3_130000_0_0_0.png,mtvhits.png,1.9E,(66) 1.9E KU-band BulgariaSat 1,Found
Motorvision,1_0_1_70_E_3_130000_0_0_0.png,motorvision.png,1.9E,(66) 1.9E KU-band BulgariaSat 1,Found
NHK WORLD,1_0_1_1FB_17_3_130000_0_0_0.png,nhkworld.png,1.9E,(66) 1.9E KU-band BulgariaSat 1,Found
Nick Jr,1_0_16_110_15_3_130000_0_0_0.png,nickjr.png,1.9E,(66) 1.9E KU-band BulgariaSat 1,Found
Nick Junior,1_0_1_203_17_3_130000_0_0_0.png,nickjunior.png,1.9E,(66) 1.9E KU-band BulgariaSat 1,Found
Nicktoons,1_0_16_112_15_3_130000_0_0_0.png,nicktoons.png,1.9E,(66) 1.9E KU-band BulgariaSat 1,Found
PPTV,1_0_1_6B_E_3_130000_0_0_0.png,pptv.png,1.9E,(66) 1.9E KU-band BulgariaSat 1,Found
PRO7,1_0_1_227_18_3_130000_0_0_0.png,pro7.png,1.9E,(66) 1.9E KU-band BulgariaSat 1,Found
Passion XXX,1_0_1_1B9_A_2_130000_0_0_0.png,passionxxx.png,1.9E,(66) 1.9E KU-band BulgariaSat 1,Found
Passion XXX 2,1_0_1_1BF_A_2_130000_0_0_0.png,passionxxx2.png,1.9E,(66) 1.9E KU-band BulgariaSat 1,Found
Planeta Folk,1_0_1_E7_13_3_130000_0_0_0.png,planetafolk.png,1.9E,(66) 1.9E KU-band BulgariaSat 1,Found
Planeta HD,1_0_1_CC_12_3_130000_0_0_0.png,planetahd.png,1.9E,(66) 1.9E KU-band BulgariaSat 1,Found
Playboy TV HD,1_0_1_156_8_3_130000_0_0_0.png,playboytvhd.png,1.9E,(66) 1.9E KU-band BulgariaSat 1,Found
Private HD,1_0_1_15B_8_3_130000_0_0_0.png,privatehd.png,1.9E,(66) 1.9E KU-band BulgariaSat 1,Found
RIK Sat,1_0_1_20B_17_3_130000_0_0_0.png,riksat.png,1.9E,(66) 1.9E KU-band BulgariaSat 1,Found
RING HD,1_0_1_E8_13_3_130000_0_0_0.png,ringhd.png,1.9E,(66) 1.9E KU-band BulgariaSat 1,Found
RTL,1_0_1_22E_18_3_130000_0_0_0.png,rtl.png,1.9E,(66) 1.9E KU-band BulgariaSat 1,Found
RTP Internacional,1_0_1_1B8_A_2_130000_0_0_0.png,rtpinternacional.png,1.9E,(66) 1.9E KU-band BulgariaSat 1,Found
RiC,1_0_1_22F_18_3_130000_0_0_0.png,ric.png,1.9E,(66) 1.9E KU-band BulgariaSat 1,Found
Rock TV HD,1_0_1_249_19_3_130000_0_0_0.png,rocktvhd.png,1.9E,(66) 1.9E KU-band BulgariaSat 1,Found
SAT1,1_0_1_1A5_A_2_130000_0_0_0.png,sat1.png,1.9E,(66) 1.9E KU-band BulgariaSat 1,Found
SHOW TURK,1_0_1_218_17_3_130000_0_0_0.png,showturk.png,1.9E,(66) 1.9E KU-band BulgariaSat 1,Found
Skat TV,1_0_1_1BD_A_2_130000_0_0_0.png,skattv.png,1.9E,(66) 1.9E KU-band BulgariaSat 1,Found
Sky News,1_0_16_105_15_3_130000_0_0_0.png,skynews.png,1.9E,(66) 1.9E KU-band BulgariaSat 1,Found
Super One,1_0_1_155_8_3_130000_0_0_0.png,superone.png,1.9E,(66) 1.9E KU-band BulgariaSat 1,Found
Super RTL,1_0_1_22C_18_3_130000_0_0_0.png,superrtl.png,1.9E,(66) 1.9E KU-band BulgariaSat 1,Found
Svet Plus,1_0_1_1C2_A_2_130000_0_0_0.png,svetplus.png,1.9E,(66) 1.9E KU-band BulgariaSat 1,Found
TG COM24,1_0_1_1AE_A_2_130000_0_0_0.png,tgcom24.png,1.9E,(66) 1.9E KU-band BulgariaSat 1,Found
TLC,1_0_1_1B7_A_2_130000_0_0_0.png,tlc.png,1.9E,(66) 1.9E KU-band BulgariaSat 1,Found
TNT Music,1_0_1_232_18_3_130000_0_0_0.png,tntmusic.png,1.9E,(66) 1.9E KU-band BulgariaSat 1,Found
TRT World,1_0_1_212_17_3_130000_0_0_0.png,trtworld.png,1.9E,(66) 1.9E KU-band BulgariaSat 1,Found
TV Rodina HD,1_0_1_AA_10_3_130000_0_0_0.png,tvrodinahd.png,1.9E,(66) 1.9E KU-band BulgariaSat 1,Found
TV Shumen,1_0_1_1F8_17_3_130000_0_0_0.png,tvshumen.png,1.9E,(66) 1.9E KU-band BulgariaSat 1,Found
TV1 HD,1_0_1_A4_10_3_130000_0_0_0.png,tv1hd.png,1.9E,(66) 1.9E KU-band BulgariaSat 1,Found
TV1000,1_0_1_79_E_3_130000_0_0_0.png,tv1000.png,1.9E,(66) 1.9E KU-band BulgariaSat 1,Found
TV1000,1_0_1_1F6_17_3_130000_0_0_0.png,tv1000.png,1.9E,(66) 1.9E KU-band BulgariaSat 1,Found
TV5 Monde,1_0_1_80_E_3_130000_0_0_0.png,tv5monde.png,1.9E,(66) 1.9E KU-band BulgariaSat 1,Found
TVE Internacional,1_0_1_1B5_A_2_130000_0_0_0.png,tveinternacional.png,1.9E,(66) 1.9E KU-band BulgariaSat 1,Found
TVRi,1_0_1_21C_18_3_130000_0_0_0.png,tvri.png,1.9E,(66) 1.9E KU-band BulgariaSat 1,Found
TVT,1_0_1_75_E_3_130000_0_0_0.png,tvt.png,1.9E,(66) 1.9E KU-band BulgariaSat 1,Found
Test 42 HD,1_0_1_21D_18_3_130000_0_0_0.png,test42hd.png,1.9E,(66) 1.9E KU-band BulgariaSat 1,Found
The World,1_0_1_78_E_3_130000_0_0_0.png,theworld.png,1.9E,(66) 1.9E KU-band BulgariaSat 1,Found
This is Bulgaria HD,1_0_1_231_18_3_130000_0_0_0.png,thisisbulgariahd.png,1.9E,(66) 1.9E KU-band BulgariaSat 1,Found
Tiankov Orient Folk,1_0_1_1B1_A_2_130000_0_0_0.png,tiankovorientfolk.png,1.9E,(66) 1.9E KU-band BulgariaSat 1,Found
Toggo Plus,1_0_1_22D_18_3_130000_0_0_0.png,toggoplus.png,1.9E,(66) 1.9E KU-band BulgariaSat 1,Found
Travel Channel HD,1_0_1_4B_C_3_130000_0_0_0.png,travelchannelhd.png,1.9E,(66) 1.9E KU-band BulgariaSat 1,Found
Travel TV,1_0_16_109_15_3_130000_0_0_0.png,traveltv.png,1.9E,(66) 1.9E KU-band BulgariaSat 1,Found
VNT HD,1_0_1_25B_1A_3_130000_0_0_0.png,vnthd.png,1.9E,(66) 1.9E KU-band BulgariaSat 1,Found
VOX,1_0_1_226_18_3_130000_0_0_0.png,vox.png,1.9E,(66) 1.9E KU-band BulgariaSat 1,Found
VTK,1_0_1_E6_13_3_130000_0_0_0.png,vtk.png,1.9E,(66) 1.9E KU-band BulgariaSat 1,Found
Viasat Explore HD,1_0_1_48_C_3_130000_0_0_0.png,viasatexplorehd.png,1.9E,(66) 1.9E KU-band BulgariaSat 1,Found
Viasat History HD,1_0_1_46_C_3_130000_0_0_0.png,viasathistoryhd.png,1.9E,(66) 1.9E KU-band BulgariaSat 1,Found
Viasat Nature HD,1_0_1_47_C_3_130000_0_0_0.png,viasatnaturehd.png,1.9E,(66) 1.9E KU-band BulgariaSat 1,Found
WNESS TV HD,1_0_1_21F_18_3_130000_0_0_0.png,wnesstvhd.png,1.9E,(66) 1.9E KU-band BulgariaSat 1,Found
XY max,1_0_1_1AB_A_2_130000_0_0_0.png,xymax.png,1.9E,(66) 1.9E KU-band BulgariaSat 1,Found
XY mix,1_0_1_1C0_A_2_130000_0_0_0.png,xymix.png,1.9E,(66) 1.9E KU-band BulgariaSat 1,Found
XY plus,1_0_1_1BE_A_2_130000_0_0_0.png,xyplus.png,1.9E,(66) 1.9E KU-band BulgariaSat 1,Found
bTV Action HD,1_0_1_92_F_3_130000_0_0_0.png,btvactionhd.png,1.9E,(66) 1.9E KU-band BulgariaSat 1,Found
bTV Cinema HD,1_0_1_E9_13_3_130000_0_0_0.png,btvcinemahd.png,1.9E,(66) 1.9E KU-band BulgariaSat 1,Found
bTV Comedy HD,1_0_1_DE_13_3_130000_0_0_0.png,btvcomedyhd.png,1.9E,(66) 1.9E KU-band BulgariaSat 1,Found
bTV HD,1_0_1_89_F_3_130000_0_0_0.png,btvhd.png,1.9E,(66) 1.9E KU-band BulgariaSat 1,Found
iConcert HD,1_0_1_268_1A_3_130000_0_0_0.png,iconcerthd.png,1.9E,(66) 1.9E KU-band BulgariaSat 1,Found
,1_0_0_1_0_0_1E31B4_0_0_0.png,.png,3.0E,(67) 3.0E KU-band Eutelsat 3B & Rascom QAF 1R,Found
A1_TV,1_0_0_46_1_1_1E2CA6_0_0_0.png,a1tv.png,3.0E,(67) 3.0E KU-band Eutelsat 3B & Rascom QAF 1R,Found
AFRIQUEMEDIA1,1_0_1_30_1_1_1E2CA6_0_0_0.png,afriquemedia1.png,3.0E,(67) 3.0E KU-band Eutelsat 3B & Rascom QAF 1R,Found
Balafon TV HD,1_0_1_42_1_1_1E2CA6_0_0_0.png,balafontvhd.png,3.0E,(67) 3.0E KU-band Eutelsat 3B & Rascom QAF 1R,Found
CAM10_TELEVISION,1_0_1_2C_1_1_1E2CA6_0_0_0.png,cam10television.png,3.0E,(67) 3.0E KU-band Eutelsat 3B & Rascom QAF 1R,Found
Canal 2 International HD,1_0_1_25_1_1_1E2CA6_0_0_0.png,canal2internationalhd.png,3.0E,(67) 3.0E KU-band Eutelsat 3B & Rascom QAF 1R,Found
DASH TV,1_0_1_38_1_1_1E2CA6_0_0_0.png,dashtv.png,3.0E,(67) 3.0E KU-band Eutelsat 3B & Rascom QAF 1R,Found
HORIZON 3 TV,1_0_1_58_1_1_1E2CA6_0_0_0.png,horizon3tv.png,3.0E,(67) 3.0E KU-band Eutelsat 3B & Rascom QAF 1R,Found
IMAM ALI HD,1_0_1_1_1_FFFF_1E2D9D_0_0_0.png,imamalihd.png,3.0E,(67) 3.0E KU-band Eutelsat 3B & Rascom QAF 1R,Found
INFO TV,1_0_1_35_1_1_1E2CA6_0_0_0.png,infotv.png,3.0E,(67) 3.0E KU-band Eutelsat 3B & Rascom QAF 1R,Found
M24 MAROC,1_0_1_1_1000_2000_1E0000_0_0_0.png,m24maroc.png,3.0E,(67) 3.0E KU-band Eutelsat 3B & Rascom QAF 1R,Found
NTV,1_0_0_49_1_1_1E2CA6_0_0_0.png,ntv.png,3.0E,(67) 3.0E KU-band Eutelsat 3B & Rascom QAF 1R,Found
Noursat,1_0_1_1_1_FFFF_1E3170_0_0_0.png,noursat.png,3.0E,(67) 3.0E KU-band Eutelsat 3B & Rascom QAF 1R,Found
POWER TV,1_0_0_4C_1_1_1E2CA6_0_0_0.png,powertv.png,3.0E,(67) 3.0E KU-band Eutelsat 3B & Rascom QAF 1R,Found
PULSE TV,1_0_0_29_1_1_1E2CA6_0_0_0.png,pulsetv.png,3.0E,(67) 3.0E KU-band Eutelsat 3B & Rascom QAF 1R,Found
RADIO 2M,1_0_2_68_1_1_1E2D88_0_0_0.png,radio2m.png,3.0E,(67) 3.0E KU-band Eutelsat 3B & Rascom QAF 1R,Found
RADIO BALAFON,1_0_1_3E_1_1_1E2CA6_0_0_0.png,radiobalafon.png,3.0E,(67) 3.0E KU-band Eutelsat 3B & Rascom QAF 1R,Found
Service-1,1_0_1_1_1_FFFF_1E2D99_0_0_0.png,service1.png,3.0E,(67) 3.0E KU-band Eutelsat 3B & Rascom QAF 1R,Found
Service-1,1_0_1_1_1_FFFF_1E2DAE_0_0_0.png,service1.png,3.0E,(67) 3.0E KU-band Eutelsat 3B & Rascom QAF 1R,Found
beIN SPORTS,1_0_1_1_1_FFFF_1E2AD0_0_0_0.png,beinsports.png,3.0E,(67) 3.0E KU-band Eutelsat 3B & Rascom QAF 1R,Found
AFRIQUEMEDIA1,1_0_1_64_1_0_1F8F83_0_0_0.png,afriquemedia1.png,3.1E,(141) 3.0E C-band Eutelsat 3B & Rascom QAF 1R,Found
AL-HOUDA,1_0_1_B_1_1_1F0E91_0_0_0.png,alhouda.png,3.1E,(141) 3.0E C-band Eutelsat 3B & Rascom QAF 1R,Found
Balafon TV HD,1_0_1_1_1_1_1F8F85_0_0_0.png,balafontvhd.png,3.1E,(141) 3.0E C-band Eutelsat 3B & Rascom QAF 1R,Found
CAM10_TELEVISION,1_0_1_201_E0_E0_1F0000_0_0_0.png,cam10television.png,3.1E,(141) 3.0E C-band Eutelsat 3B & Rascom QAF 1R,Found
DASH TV,1_0_1_1_1_1_1F8FB0_0_0_0.png,dashtv.png,3.1E,(141) 3.0E C-band Eutelsat 3B & Rascom QAF 1R,Found
INFO TV,1_0_1_65_1_1_1F8FC6_0_0_0.png,infotv.png,3.1E,(141) 3.0E C-band Eutelsat 3B & Rascom QAF 1R,Found
RADIO BALAFON,1_0_1_2_1_1_1F8F85_0_0_0.png,radiobalafon.png,3.1E,(141) 3.0E C-band Eutelsat 3B & Rascom QAF 1R,Found
RTB,1_0_1_1_1_1_1F0E91_0_0_0.png,rtb.png,3.1E,(141) 3.0E C-band Eutelsat 3B & Rascom QAF 1R,Found
RTNC 1,1_0_1_1_0_0_1F8F93_0_0_0.png,rtnc1.png,3.1E,(141) 3.0E C-band Eutelsat 3B & Rascom QAF 1R,Found
RTNC 3,1_0_1_4_0_0_1F8F93_0_0_0.png,rtnc3.png,3.1E,(141) 3.0E C-band Eutelsat 3B & Rascom QAF 1R,Found
Test Service,1_0_1_21_1_1_1F0E91_0_0_0.png,testservice.png,3.1E,(141) 3.0E C-band Eutelsat 3B & Rascom QAF 1R,Found
,1_0_0_3E7_65_1_310000_0_0_0.png,.png,4.9E,(68) 4.9E KU-band Astra 4A & SES 5,Found
/////PRYAMIY,1_0_1_1A22_10_55_310000_0_0_0.png,pryamiy.png,4.9E,(68) 4.9E KU-band Astra 4A & SES 5,Found
ARMY FM,1_0_2_19E1_10_55_310000_0_0_0.png,armyfm.png,4.9E,(68) 4.9E KU-band Astra 4A & SES 5,Found
BBC EARTH,1_0_1_7F_4_1_310000_0_0_0.png,bbcearth.png,4.9E,(68) 4.9E KU-band Astra 4A & SES 5,Found
BBC HD,1_0_1_75_4_1_310000_0_0_0.png,bbchd.png,4.9E,(68) 4.9E KU-band Astra 4A & SES 5,Found
BBC WORLD NEWS,1_0_1_6A_4_1_310000_0_0_0.png,bbcworldnews.png,4.9E,(68) 4.9E KU-band Astra 4A & SES 5,Found
BELSAT TV HD,1_0_1_50B_2_55_310000_0_0_0.png,belsattvhd.png,4.9E,(68) 4.9E KU-band Astra 4A & SES 5,Found
BLOOMBERG,1_0_1_68_4_1_310000_0_0_0.png,bloomberg.png,4.9E,(68) 4.9E KU-band Astra 4A & SES 5,Found
Betfred1,1_0_1_A0_C9_1_310000_0_0_0.png,betfred1.png,4.9E,(68) 4.9E KU-band Astra 4A & SES 5,Found
Betfred2,1_0_1_A2_C9_1_310000_0_0_0.png,betfred2.png,4.9E,(68) 4.9E KU-band Astra 4A & SES 5,Found
Betfred3,1_0_1_A3_C9_1_310000_0_0_0.png,betfred3.png,4.9E,(68) 4.9E KU-band Astra 4A & SES 5,Found
Boyles,1_0_1_12_C9_1_310000_0_0_0.png,boyles.png,4.9E,(68) 4.9E KU-band Astra 4A & SES 5,Found
CNNi,1_0_1_7B_4_1_310000_0_0_0.png,cnni.png,4.9E,(68) 4.9E KU-band Astra 4A & SES 5,Found
CTV1,1_0_1_10_65_1_310000_0_0_0.png,ctv1.png,4.9E,(68) 4.9E KU-band Astra 4A & SES 5,Found
CTV2,1_0_1_11_65_1_310000_0_0_0.png,ctv2.png,4.9E,(68) 4.9E KU-band Astra 4A & SES 5,Found
Channel 5 (Ukraine) HD,1_0_19_1EE1_2E_55_310000_0_0_0.png,channel5ukrainehd.png,4.9E,(68) 4.9E KU-band Astra 4A & SES 5,Found
Cine+,1_0_16_A01_18_44_310000_0_0_0.png,cine.png,4.9E,(68) 4.9E KU-band Astra 4A & SES 5,Found
Discovery ID,1_0_16_9E5_18_44_310000_0_0_0.png,discoveryid.png,4.9E,(68) 4.9E KU-band Astra 4A & SES 5,Found
Dizi,1_0_16_9E9_18_44_310000_0_0_0.png,dizi.png,4.9E,(68) 4.9E KU-band Astra 4A & SES 5,Found
ERC,1_0_1_1F0E_2E_55_310000_0_0_0.png,erc.png,4.9E,(68) 4.9E KU-band Astra 4A & SES 5,Found
Enter Film HD,1_0_19_1EF5_2E_55_310000_0_0_0.png,enterfilmhd.png,4.9E,(68) 4.9E KU-band Astra 4A & SES 5,Found
Epic Drama HD,1_0_19_9D9_18_44_310000_0_0_0.png,epicdramahd.png,4.9E,(68) 4.9E KU-band Astra 4A & SES 5,Found
Eurosport 1 HD,1_0_1F_9F1_18_44_310000_0_0_0.png,eurosport1hd.png,4.9E,(68) 4.9E KU-band Astra 4A & SES 5,Found
Eurosport 2 HD,1_0_1F_BC2_18_44_310000_0_0_0.png,eurosport2hd.png,4.9E,(68) 4.9E KU-band Astra 4A & SES 5,Found
FOOD,1_0_1_7C_4_1_310000_0_0_0.png,food.png,4.9E,(68) 4.9E KU-band Astra 4A & SES 5,Found
FOX NEWS,1_0_1_67_4_1_310000_0_0_0.png,foxnews.png,4.9E,(68) 4.9E KU-band Astra 4A & SES 5,Found
FRANCE24,1_0_1_83_4_1_310000_0_0_0.png,france24.png,4.9E,(68) 4.9E KU-band Astra 4A & SES 5,Found
HGTV,1_0_1_7D_4_1_310000_0_0_0.png,hgtv.png,4.9E,(68) 4.9E KU-band Astra 4A & SES 5,Found
History,1_0_16_A8C_18_44_310000_0_0_0.png,history.png,4.9E,(68) 4.9E KU-band Astra 4A & SES 5,Found
History2 HD,1_0_19_9F9_18_44_310000_0_0_0.png,history2hd.png,4.9E,(68) 4.9E KU-band Astra 4A & SES 5,Found
Hollywood,1_0_16_A1C_18_44_310000_0_0_0.png,hollywood.png,4.9E,(68) 4.9E KU-band Astra 4A & SES 5,Found
Inter HD,1_0_19_1EE7_2E_55_310000_0_0_0.png,interhd.png,4.9E,(68) 4.9E KU-band Astra 4A & SES 5,Found
K1 HD,1_0_19_1EED_2E_55_310000_0_0_0.png,k1hd.png,4.9E,(68) 4.9E KU-band Astra 4A & SES 5,Found
LTV1,1_0_1_D_65_1_310000_0_0_0.png,ltv1.png,4.9E,(68) 4.9E KU-band Astra 4A & SES 5,Found
LTV2,1_0_1_E_65_1_310000_0_0_0.png,ltv2.png,4.9E,(68) 4.9E KU-band Astra 4A & SES 5,Found
LTV3,1_0_1_F_65_1_310000_0_0_0.png,ltv3.png,4.9E,(68) 4.9E KU-band Astra 4A & SES 5,Found
MEDIASET ITALIA,1_0_1_84_4_1_310000_0_0_0.png,mediasetitalia.png,4.9E,(68) 4.9E KU-band Astra 4A & SES 5,Found
MEGA HD,1_0_19_1EEB_2E_55_310000_0_0_0.png,megahd.png,4.9E,(68) 4.9E KU-band Astra 4A & SES 5,Found
METROTV,1_0_1_92_4_1_310000_0_0_0.png,metrotv.png,4.9E,(68) 4.9E KU-band Astra 4A & SES 5,Found
MTN INFO,1_0_1_64_4_1_310000_0_0_0.png,mtninfo.png,4.9E,(68) 4.9E KU-band Astra 4A & SES 5,Found
MTN SE HD,1_0_1_65_4_1_310000_0_0_0.png,mtnsehd.png,4.9E,(68) 4.9E KU-band Astra 4A & SES 5,Found
MTN SE HD2,1_0_1_C8_4_1_310000_0_0_0.png,mtnsehd2.png,4.9E,(68) 4.9E KU-band Astra 4A & SES 5,Found
NADIYA,1_0_16_19F5_10_55_310000_0_0_0.png,nadiya.png,4.9E,(68) 4.9E KU-band Astra 4A & SES 5,Found
NATGEO,1_0_1_A1_4_1_310000_0_0_0.png,natgeo.png,4.9E,(68) 4.9E KU-band Astra 4A & SES 5,Found
NTN HD,1_0_19_1EE9_2E_55_310000_0_0_0.png,ntnhd.png,4.9E,(68) 4.9E KU-band Astra 4A & SES 5,Found
PRIME FAVORITE,1_0_1_74_4_1_310000_0_0_0.png,primefavorite.png,4.9E,(68) 4.9E KU-band Astra 4A & SES 5,Found
PRIME ONE,1_0_1_6E_4_1_310000_0_0_0.png,primeone.png,4.9E,(68) 4.9E KU-band Astra 4A & SES 5,Found
Pershiy,1_0_1_1EFB_2E_55_310000_0_0_0.png,pershiy.png,4.9E,(68) 4.9E KU-band Astra 4A & SES 5,Found
ROZPAKUY,1_0_1_1A09_10_55_310000_0_0_0.png,rozpakuy.png,4.9E,(68) 4.9E KU-band Astra 4A & SES 5,Found
ROZPAKUY,1_0_1_19E6_10_55_310000_0_0_0.png,rozpakuy.png,4.9E,(68) 4.9E KU-band Astra 4A & SES 5,Found
RTL,1_0_1_70_4_1_310000_0_0_0.png,rtl.png,4.9E,(68) 4.9E KU-band Astra 4A & SES 5,Found
SBN International,1_0_1_FA_2_55_310000_0_0_0.png,sbninternational.png,4.9E,(68) 4.9E KU-band Astra 4A & SES 5,Found
SIS EURO,1_0_1_9_C9_1_310000_0_0_0.png,siseuro.png,4.9E,(68) 4.9E KU-band Astra 4A & SES 5,Found
SIS ONE,1_0_1_7_C9_1_310000_0_0_0.png,sisone.png,4.9E,(68) 4.9E KU-band Astra 4A & SES 5,Found
SIS Spanish,1_0_1_5F_C9_1_310000_0_0_0.png,sisspanish.png,4.9E,(68) 4.9E KU-band Astra 4A & SES 5,Found
SIS TWO,1_0_1_8_C9_1_310000_0_0_0.png,sistwo.png,4.9E,(68) 4.9E KU-band Astra 4A & SES 5,Found
SKY NEWS,1_0_1_69_4_1_310000_0_0_0.png,skynews.png,4.9E,(68) 4.9E KU-band Astra 4A & SES 5,Found
SONATA TV,1_0_1_1A0E_10_55_310000_0_0_0.png,sonatatv.png,4.9E,(68) 4.9E KU-band Astra 4A & SES 5,Found
SPORT24,1_0_1_6D_4_1_310000_0_0_0.png,sport24.png,4.9E,(68) 4.9E KU-band Astra 4A & SES 5,Found
SPORT24 EXTRA,1_0_1_6F_4_1_310000_0_0_0.png,sport24extra.png,4.9E,(68) 4.9E KU-band Astra 4A & SES 5,Found
Service 801,1_0_C_321_2_55_310000_0_0_0.png,service801.png,4.9E,(68) 4.9E KU-band Astra 4A & SES 5,Found
Setanta Sport +,1_0_1F_9F3_18_44_310000_0_0_0.png,setantasport.png,4.9E,(68) 4.9E KU-band Astra 4A & SES 5,Found
Setanta Sports,1_0_16_9ED_18_44_310000_0_0_0.png,setantasports.png,4.9E,(68) 4.9E KU-band Astra 4A & SES 5,Found
Suspilne Krym,1_0_1_1F03_2E_55_310000_0_0_0.png,suspilnekrym.png,4.9E,(68) 4.9E KU-band Astra 4A & SES 5,Found
Suspilne Kultura,1_0_1_1EFD_2E_55_310000_0_0_0.png,suspilnekultura.png,4.9E,(68) 4.9E KU-band Astra 4A & SES 5,Found
Suspilne Sport,1_0_1_1F01_2E_55_310000_0_0_0.png,suspilnesport.png,4.9E,(68) 4.9E KU-band Astra 4A & SES 5,Found
TFC,1_0_1_73_4_1_310000_0_0_0.png,tfc.png,4.9E,(68) 4.9E KU-band Astra 4A & SES 5,Found
TRAVEL,1_0_1_7E_4_1_310000_0_0_0.png,travel.png,4.9E,(68) 4.9E KU-band Astra 4A & SES 5,Found
TVASIA,1_0_1_72_4_1_310000_0_0_0.png,tvasia.png,4.9E,(68) 4.9E KU-band Astra 4A & SES 5,Found
TVE,1_0_1_76_4_1_310000_0_0_0.png,tve.png,4.9E,(68) 4.9E KU-band Astra 4A & SES 5,Found
UPL.TV,1_0_1F_9E3_18_44_310000_0_0_0.png,upltv.png,4.9E,(68) 4.9E KU-band Astra 4A & SES 5,Found
Viasat Explorer,1_0_16_9C9_18_44_310000_0_0_0.png,viasatexplorer.png,4.9E,(68) 4.9E KU-band Astra 4A & SES 5,Found
Viasat History,1_0_19_9CB_18_44_310000_0_0_0.png,viasathistory.png,4.9E,(68) 4.9E KU-band Astra 4A & SES 5,Found
Viasat Kino,1_0_19_9CF_18_44_310000_0_0_0.png,viasatkino.png,4.9E,(68) 4.9E KU-band Astra 4A & SES 5,Found
Viasat Kino Action,1_0_19_9D1_18_44_310000_0_0_0.png,viasatkinoaction.png,4.9E,(68) 4.9E KU-band Astra 4A & SES 5,Found
Viasat Kino Comedy,1_0_19_9D3_18_44_310000_0_0_0.png,viasatkinocomedy.png,4.9E,(68) 4.9E KU-band Astra 4A & SES 5,Found
Viasat Kino World,1_0_16_9D7_18_44_310000_0_0_0.png,viasatkinoworld.png,4.9E,(68) 4.9E KU-band Astra 4A & SES 5,Found
Viasat Nature,1_0_16_9CD_18_44_310000_0_0_0.png,viasatnature.png,4.9E,(68) 4.9E KU-band Astra 4A & SES 5,Found
WHTV1,1_0_1_5_C9_1_310000_0_0_0.png,whtv1.png,4.9E,(68) 4.9E KU-band Astra 4A & SES 5,Found
WHTV2,1_0_1_6_C9_1_310000_0_0_0.png,whtv2.png,4.9E,(68) 4.9E KU-band Astra 4A & SES 5,Found
BBC Arabic,1_0_2_365C_13B_1_320000_0_0_0.png,bbcarabic.png,5.0E,(142) 4.9E C-band Astra 4A & SES 5,Found
TVGE_Internacional,1_0_1_1_1000_2000_320000_0_0_0.png,tvgeinternacional.png,5.0E,(142) 4.9E C-band Astra 4A & SES 5,Found
WAP TV,1_0_1_1_1_1_320FFE_0_0_0.png,waptv.png,5.0E,(142) 4.9E C-band Astra 4A & SES 5,Found
4U TV,1_0_1_16E_765C_7E_460000_0_0_0.png,4utv.png,7.0E,(69) 7.0E KU-band Eutelsat 7B/7C,Found
4U TV HD,1_0_1_771_9FC4_7E_460000_0_0_0.png,4utvhd.png,7.0E,(69) 7.0E KU-band Eutelsat 7B/7C,Found
AVA,1_0_1_1_1_1_46ADA9_0_0_0.png,ava.png,7.0E,(69) 7.0E KU-band Eutelsat 7B/7C,Found
AVA Max1 HD,1_0_1_1FE_765C_7E_460000_0_0_0.png,avamax1hd.png,7.0E,(69) 7.0E KU-band Eutelsat 7B/7C,Found
Araz Radio,1_0_1_212_765C_7E_460000_0_0_0.png,arazradio.png,7.0E,(69) 7.0E KU-band Eutelsat 7B/7C,Found
Aryen TV,1_0_19_20F_765C_7E_460000_0_0_0.png,aryentv.png,7.0E,(69) 7.0E KU-band Eutelsat 7B/7C,Found
BBC Persian,1_0_1_209_765C_7E_460000_0_0_0.png,bbcpersian.png,7.0E,(69) 7.0E KU-band Eutelsat 7B/7C,Found
DEJ TV,1_0_1_211_765C_7E_460000_0_0_0.png,dejtv.png,7.0E,(69) 7.0E KU-band Eutelsat 7B/7C,Found
EBU 2 ENC,1_0_19_1_4321_EB_460000_0_0_0.png,ebu2enc.png,7.0E,(69) 7.0E KU-band Eutelsat 7B/7C,Found
Erfan halgheh,1_0_1_12E_765C_7E_460000_0_0_0.png,erfanhalgheh.png,7.0E,(69) 7.0E KU-band Eutelsat 7B/7C,Found
IRNR TV,1_0_1_206_765C_7E_460000_0_0_0.png,irnrtv.png,7.0E,(69) 7.0E KU-band Eutelsat 7B/7C,Found
IRNR TV,1_0_1_139_765C_7E_460000_0_0_0.png,irnrtv.png,7.0E,(69) 7.0E KU-band Eutelsat 7B/7C,Found
ITN HD,1_0_1_776_9FC4_7E_460000_0_0_0.png,itnhd.png,7.0E,(69) 7.0E KU-band Eutelsat 7B/7C,Found
Iran International,1_0_1_20C_765C_7E_460000_0_0_0.png,iraninternational.png,7.0E,(69) 7.0E KU-band Eutelsat 7B/7C,Found
Iran International,1_0_1_16F_765C_7E_460000_0_0_0.png,iraninternational.png,7.0E,(69) 7.0E KU-band Eutelsat 7B/7C,Found
Kalemeh TV,1_0_1_208_765C_7E_460000_0_0_0.png,kalemehtv.png,7.0E,(69) 7.0E KU-band Eutelsat 7B/7C,Found
Kanal Jadid HD,1_0_1_774_9FC4_7E_460000_0_0_0.png,kanaljadidhd.png,7.0E,(69) 7.0E KU-band Eutelsat 7B/7C,Found
Kanal Yek HD,1_0_1_232A_4E20_64_460000_0_0_0.png,kanalyekhd.png,7.0E,(69) 7.0E KU-band Eutelsat 7B/7C,Found
Kanal Yek SD,1_0_1_2330_4E20_64_460000_0_0_0.png,kanalyeksd.png,7.0E,(69) 7.0E KU-band Eutelsat 7B/7C,Found
Kurdistan24,1_0_1_1_1_1_46AD9D_0_0_0.png,kurdistan24.png,7.0E,(69) 7.0E KU-band Eutelsat 7B/7C,Found
MBC Persia,1_0_1_76D_9FC4_7E_460000_0_0_0.png,mbcpersia.png,7.0E,(69) 7.0E KU-band Eutelsat 7B/7C,Found
Manoto HD,1_0_1_1F4_765C_7E_460000_0_0_0.png,manotohd.png,7.0E,(69) 7.0E KU-band Eutelsat 7B/7C,Found
Mellig TV,1_0_1_143_765C_7E_460000_0_0_0.png,melligtv.png,7.0E,(69) 7.0E KU-band Eutelsat 7B/7C,Found
Nour TV,1_0_1_20D_765C_7E_460000_0_0_0.png,nourtv.png,7.0E,(69) 7.0E KU-band Eutelsat 7B/7C,Found
PARS TV,1_0_1_232E_4E20_64_460000_0_0_0.png,parstv.png,7.0E,(69) 7.0E KU-band Eutelsat 7B/7C,Found
Persiana HD,1_0_1_203_765C_7E_460000_0_0_0.png,persianahd.png,7.0E,(69) 7.0E KU-band Eutelsat 7B/7C,Found
Persiana Travel,1_0_1_20A_765C_7E_460000_0_0_0.png,persianatravel.png,7.0E,(69) 7.0E KU-band Eutelsat 7B/7C,Found
Project Leon,1_0_1_205_765C_7E_460000_0_0_0.png,projectleon.png,7.0E,(69) 7.0E KU-band Eutelsat 7B/7C,Found
Radio Javan HD,1_0_1_202_765C_7E_460000_0_0_0.png,radiojavanhd.png,7.0E,(69) 7.0E KU-band Eutelsat 7B/7C,Found
Sat-7 Pars,1_0_1_207_765C_7E_460000_0_0_0.png,sat7pars.png,7.0E,(69) 7.0E KU-band Eutelsat 7B/7C,Found
Setareh TV,1_0_1_20E_765C_7E_460000_0_0_0.png,setarehtv.png,7.0E,(69) 7.0E KU-band Eutelsat 7B/7C,Found
Shams tv,1_0_1_1_1000_2000_460000_0_0_0.png,shamstv.png,7.0E,(69) 7.0E KU-band Eutelsat 7B/7C,Found
Simaye Azadi HD,1_0_1_204_765C_7E_460000_0_0_0.png,simayeazadihd.png,7.0E,(69) 7.0E KU-band Eutelsat 7B/7C,Found
VOA Persian TV,1_0_19_170_765C_7E_460000_0_0_0.png,voapersiantv.png,7.0E,(69) 7.0E KU-band Eutelsat 7B/7C,Found
YourTime TV,1_0_1_210_765C_7E_460000_0_0_0.png,yourtimetv.png,7.0E,(69) 7.0E KU-band Eutelsat 7B/7C,Found
satview,1_0_1_101_1000_2000_460000_0_0_0.png,satview.png,7.0E,(69) 7.0E KU-band Eutelsat 7B/7C,Found
4E,1_0_1_3F4_2_AA_5A0000_0_0_0.png,4e.png,9.0E,(70) 9.0E KU-band Eutelsat 9B & Ka-Sat 9A,Found
6TER,1_0_19_CC_19C8_9E_5A0000_0_0_0.png,6ter.png,9.0E,(70) 9.0E KU-band Eutelsat 9B & Ka-Sat 9A,Found
AEK SL Pass,1_0_1_3E9_2_AA_5A0000_0_0_0.png,aekslpass.png,9.0E,(70) 9.0E KU-band Eutelsat 9B & Ka-Sat 9A,Found
AFN|family,1_0_19_6C_65_12_5A0000_0_0_0.png,afnfamily.png,9.0E,(70) 9.0E KU-band Eutelsat 9B & Ka-Sat 9A,Found
AFN|movie,1_0_19_6D_65_12_5A0000_0_0_0.png,afnmovie.png,9.0E,(70) 9.0E KU-band Eutelsat 9B & Ka-Sat 9A,Found
AFN|news,1_0_19_67_65_12_5A0000_0_0_0.png,afnnews.png,9.0E,(70) 9.0E KU-band Eutelsat 9B & Ka-Sat 9A,Found
AFN|prime Atlantic,1_0_19_66_65_12_5A0000_0_0_0.png,afnprimeatlantic.png,9.0E,(70) 9.0E KU-band Eutelsat 9B & Ka-Sat 9A,Found
AFN|prime Pacific,1_0_19_69_65_12_5A0000_0_0_0.png,afnprimepacific.png,9.0E,(70) 9.0E KU-band Eutelsat 9B & Ka-Sat 9A,Found
AFN|spectrum,1_0_19_6A_65_12_5A0000_0_0_0.png,afnspectrum.png,9.0E,(70) 9.0E KU-band Eutelsat 9B & Ka-Sat 9A,Found
AFN|sports,1_0_19_68_65_12_5A0000_0_0_0.png,afnsports.png,9.0E,(70) 9.0E KU-band Eutelsat 9B & Ka-Sat 9A,Found
AFN|sports 2,1_0_16_6B_65_12_5A0000_0_0_0.png,afnsports2.png,9.0E,(70) 9.0E KU-band Eutelsat 9B & Ka-Sat 9A,Found
ALPHA HD,1_0_1_413_4_AA_5A0000_0_0_0.png,alphahd.png,9.0E,(70) 9.0E KU-band Eutelsat 9B & Ka-Sat 9A,Found
AMC Ukr,1_0_16_780_1_64_5A0000_0_0_0.png,amcukr.png,9.0E,(70) 9.0E KU-band Eutelsat 9B & Ka-Sat 9A,Found
ANT1 EUROPE,1_0_1_42D_2_AA_5A0000_0_0_0.png,ant1europe.png,9.0E,(70) 9.0E KU-band Eutelsat 9B & Ka-Sat 9A,Found
ANT1 HD,1_0_1_406_2_AA_5A0000_0_0_0.png,ant1hd.png,9.0E,(70) 9.0E KU-band Eutelsat 9B & Ka-Sat 9A,Found
ATTICA TV,1_0_1_457_7_AA_5A0000_0_0_0.png,atticatv.png,9.0E,(70) 9.0E KU-band Eutelsat 9B & Ka-Sat 9A,Found
Action 24,1_0_1_464_8_AA_5A0000_0_0_0.png,action24.png,9.0E,(70) 9.0E KU-band Eutelsat 9B & Ka-Sat 9A,Found
Al Arabiya,1_0_1_469_8_AA_5A0000_0_0_0.png,alarabiya.png,9.0E,(70) 9.0E KU-band Eutelsat 9B & Ka-Sat 9A,Found
Al Jazeera,1_0_1_43C_7_AA_5A0000_0_0_0.png,aljazeera.png,9.0E,(70) 9.0E KU-band Eutelsat 9B & Ka-Sat 9A,Found
Animal Planet Europe HD,1_0_19_1518_C3AA_9E_5A0000_0_0_0.png,animalplaneteuropehd.png,9.0E,(70) 9.0E KU-band Eutelsat 9B & Ka-Sat 9A,Found
Asharq News,1_0_1_459_9_AA_5A0000_0_0_0.png,asharqnews.png,9.0E,(70) 9.0E KU-band Eutelsat 9B & Ka-Sat 9A,Found
BBC Earth HD,1_0_1_467_8_AA_5A0000_0_0_0.png,bbcearthhd.png,9.0E,(70) 9.0E KU-band Eutelsat 9B & Ka-Sat 9A,Found
BBC News,1_0_1_440_1_AA_5A0000_0_0_0.png,bbcnews.png,9.0E,(70) 9.0E KU-band Eutelsat 9B & Ka-Sat 9A,Found
BBC News,1_0_16_EC_1644_9C_5A0000_0_0_0.png,bbcnews.png,9.0E,(70) 9.0E KU-band Eutelsat 9B & Ka-Sat 9A,Found
BTV,1_0_16_74_170C_9E_5A0000_0_0_0.png,btv.png,9.0E,(70) 9.0E KU-band Eutelsat 9B & Ka-Sat 9A,Found
Baby TV,1_0_1_430_2_AA_5A0000_0_0_0.png,babytv.png,9.0E,(70) 9.0E KU-band Eutelsat 9B & Ka-Sat 9A,Found
Bloomberg,1_0_1_43F_7_AA_5A0000_0_0_0.png,bloomberg.png,9.0E,(70) 9.0E KU-band Eutelsat 9B & Ka-Sat 9A,Found
Blue Hustler,1_0_1_442_5_AA_5A0000_0_0_0.png,bluehustler.png,9.0E,(70) 9.0E KU-band Eutelsat 9B & Ka-Sat 9A,Found
CCTV-4,1_0_1_26B_1900_9C_5A0000_0_0_0.png,cctv4.png,9.0E,(70) 9.0E KU-band Eutelsat 9B & Ka-Sat 9A,Found
CGTN Documentary,1_0_1_26F_1900_9C_5A0000_0_0_0.png,cgtndocumentary.png,9.0E,(70) 9.0E KU-band Eutelsat 9B & Ka-Sat 9A,Found
CGTN-A,1_0_1_26E_1900_9C_5A0000_0_0_0.png,cgtna.png,9.0E,(70) 9.0E KU-band Eutelsat 9B & Ka-Sat 9A,Found
CGTN-E,1_0_1_26C_1900_9C_5A0000_0_0_0.png,cgtne.png,9.0E,(70) 9.0E KU-band Eutelsat 9B & Ka-Sat 9A,Found
CGTN-R,1_0_1_26D_1900_9C_5A0000_0_0_0.png,cgtnr.png,9.0E,(70) 9.0E KU-band Eutelsat 9B & Ka-Sat 9A,Found
CNBC,1_0_1_43D_1_AA_5A0000_0_0_0.png,cnbc.png,9.0E,(70) 9.0E KU-band Eutelsat 9B & Ka-Sat 9A,Found
CNN,1_0_1_410_9_AA_5A0000_0_0_0.png,cnn.png,9.0E,(70) 9.0E KU-band Eutelsat 9B & Ka-Sat 9A,Found
COSMOTE History,1_0_1_45D_5_AA_5A0000_0_0_0.png,cosmotehistory.png,9.0E,(70) 9.0E KU-band Eutelsat 9B & Ka-Sat 9A,Found
COSMOTE History HD,1_0_1_408_4_AA_5A0000_0_0_0.png,cosmotehistoryhd.png,9.0E,(70) 9.0E KU-band Eutelsat 9B & Ka-Sat 9A,Found
COSMOTE SERIES MARATHON,1_0_1_417_6_AA_5A0000_0_0_0.png,cosmoteseriesmarathon.png,9.0E,(70) 9.0E KU-band Eutelsat 9B & Ka-Sat 9A,Found
COSMOTE Series HD,1_0_1_416_4_AA_5A0000_0_0_0.png,cosmoteserieshd.png,9.0E,(70) 9.0E KU-band Eutelsat 9B & Ka-Sat 9A,Found
COSMOTECinema1HD,1_0_1_3F0_5_AA_5A0000_0_0_0.png,cosmotecinema1hd.png,9.0E,(70) 9.0E KU-band Eutelsat 9B & Ka-Sat 9A,Found
COSMOTECinema2HD,1_0_1_460_9_AA_5A0000_0_0_0.png,cosmotecinema2hd.png,9.0E,(70) 9.0E KU-band Eutelsat 9B & Ka-Sat 9A,Found
COSMOTECinema3HD,1_0_1_446_6_AA_5A0000_0_0_0.png,cosmotecinema3hd.png,9.0E,(70) 9.0E KU-band Eutelsat 9B & Ka-Sat 9A,Found
COSMOTESport1HD,1_0_1_447_5_AA_5A0000_0_0_0.png,cosmotesport1hd.png,9.0E,(70) 9.0E KU-band Eutelsat 9B & Ka-Sat 9A,Found
COSMOTESport2HD,1_0_1_3F7_6_AA_5A0000_0_0_0.png,cosmotesport2hd.png,9.0E,(70) 9.0E KU-band Eutelsat 9B & Ka-Sat 9A,Found
COSMOTESport3HD,1_0_1_404_6_AA_5A0000_0_0_0.png,cosmotesport3hd.png,9.0E,(70) 9.0E KU-band Eutelsat 9B & Ka-Sat 9A,Found
COSMOTESport4HD,1_0_1_40F_2_AA_5A0000_0_0_0.png,cosmotesport4hd.png,9.0E,(70) 9.0E KU-band Eutelsat 9B & Ka-Sat 9A,Found
COSMOTESport5HD,1_0_1_455_8_AA_5A0000_0_0_0.png,cosmotesport5hd.png,9.0E,(70) 9.0E KU-band Eutelsat 9B & Ka-Sat 9A,Found
COSMOTESport6HD,1_0_1_3EB_2_AA_5A0000_0_0_0.png,cosmotesport6hd.png,9.0E,(70) 9.0E KU-band Eutelsat 9B & Ka-Sat 9A,Found
COSMOTESport7HD,1_0_1_443_2_AA_5A0000_0_0_0.png,cosmotesport7hd.png,9.0E,(70) 9.0E KU-band Eutelsat 9B & Ka-Sat 9A,Found
COSMOTESport8HD,1_0_1_44D_6_AA_5A0000_0_0_0.png,cosmotesport8hd.png,9.0E,(70) 9.0E KU-band Eutelsat 9B & Ka-Sat 9A,Found
COSMOTESport9HD,1_0_1_466_8_AA_5A0000_0_0_0.png,cosmotesport9hd.png,9.0E,(70) 9.0E KU-band Eutelsat 9B & Ka-Sat 9A,Found
COSMOTESportHighlightsHD,1_0_1_42F_4_AA_5A0000_0_0_0.png,cosmotesporthighlightshd.png,9.0E,(70) 9.0E KU-band Eutelsat 9B & Ka-Sat 9A,Found
Carrefour Market,1_0_2_668_1_64_5A0000_0_0_0.png,carrefourmarket.png,9.0E,(70) 9.0E KU-band Eutelsat 9B & Ka-Sat 9A,Found
Cartoon Network Central Europe HD,1_0_19_17D4_C3BE_9E_5A0000_0_0_0.png,cartoonnetworkcentraleuropehd.png,9.0E,(70) 9.0E KU-band Eutelsat 9B & Ka-Sat 9A,Found
Cartoonito CEE HD,1_0_19_1900_C3BE_9E_5A0000_0_0_0.png,cartoonitoceehd.png,9.0E,(70) 9.0E KU-band Eutelsat 9B & Ka-Sat 9A,Found
Comedy Central,1_0_16_D8_14B4_9C_5A0000_0_0_0.png,comedycentral.png,9.0E,(70) 9.0E KU-band Eutelsat 9B & Ka-Sat 9A,Found
Comedy Central HD,1_0_19_1A3_1964_9C_5A0000_0_0_0.png,comedycentralhd.png,9.0E,(70) 9.0E KU-band Eutelsat 9B & Ka-Sat 9A,Found
Crime + Investigation,1_0_1_46E_8_AA_5A0000_0_0_0.png,crimeinvestigation.png,9.0E,(70) 9.0E KU-band Eutelsat 9B & Ka-Sat 9A,Found
Curiosity Channel HD,1_0_19_1FF_2134_9C_5A0000_0_0_0.png,curiositychannelhd.png,9.0E,(70) 9.0E KU-band Eutelsat 9B & Ka-Sat 9A,Found
D1 Scotland,1_0_1_48E_1AF4_9E_5A0000_0_0_0.png,d1scotland.png,9.0E,(70) 9.0E KU-band Eutelsat 9B & Ka-Sat 9A,Found
DAB D1,1_0_1_48D_1AF4_9E_5A0000_0_0_0.png,dabd1.png,9.0E,(70) 9.0E KU-band Eutelsat 9B & Ka-Sat 9A,Found
DMAX HD,1_0_19_E7_1644_9C_5A0000_0_0_0.png,dmaxhd.png,9.0E,(70) 9.0E KU-band Eutelsat 9B & Ka-Sat 9A,Found
DORCEL XXX,1_0_1_425_5_AA_5A0000_0_0_0.png,dorcelxxx.png,9.0E,(70) 9.0E KU-band Eutelsat 9B & Ka-Sat 9A,Found
Deluxe Music HD,1_0_19_1A2_1964_9C_5A0000_0_0_0.png,deluxemusichd.png,9.0E,(70) 9.0E KU-band Eutelsat 9B & Ka-Sat 9A,Found
Deutsche Welle,1_0_1_439_7_AA_5A0000_0_0_0.png,deutschewelle.png,9.0E,(70) 9.0E KU-band Eutelsat 9B & Ka-Sat 9A,Found
Discovery Central Europe Clean HD,1_0_19_189C_C3BE_9E_5A0000_0_0_0.png,discoverycentraleuropecleanhd.png,9.0E,(70) 9.0E KU-band Eutelsat 9B & Ka-Sat 9A,Found
Discovery Central Europe HD,1_0_19_14B4_C3AA_9E_5A0000_0_0_0.png,discoverycentraleuropehd.png,9.0E,(70) 9.0E KU-band Eutelsat 9B & Ka-Sat 9A,Found
Discovery Hungary HD,1_0_19_1838_C3BE_9E_5A0000_0_0_0.png,discoveryhungaryhd.png,9.0E,(70) 9.0E KU-band Eutelsat 9B & Ka-Sat 9A,Found
Disney Channel,1_0_1_42E_4_AA_5A0000_0_0_0.png,disneychannel.png,9.0E,(70) 9.0E KU-band Eutelsat 9B & Ka-Sat 9A,Found
Disney Channel HD,1_0_19_1A4_1964_9C_5A0000_0_0_0.png,disneychannelhd.png,9.0E,(70) 9.0E KU-band Eutelsat 9B & Ka-Sat 9A,Found
Disney Junior,1_0_1_403_6_AA_5A0000_0_0_0.png,disneyjunior.png,9.0E,(70) 9.0E KU-band Eutelsat 9B & Ka-Sat 9A,Found
Diva Balkans,1_0_1_474_1AF4_9E_5A0000_0_0_0.png,divabalkans.png,9.0E,(70) 9.0E KU-band Eutelsat 9B & Ka-Sat 9A,Found
Diva Romania,1_0_1_46F_1AF4_9E_5A0000_0_0_0.png,divaromania.png,9.0E,(70) 9.0E KU-band Eutelsat 9B & Ka-Sat 9A,Found
Duna HD,1_0_19_67_1838_9E_5A0000_0_0_0.png,dunahd.png,9.0E,(70) 9.0E KU-band Eutelsat 9B & Ka-Sat 9A,Found
Duna HD (Europa),1_0_19_71_1838_9E_5A0000_0_0_0.png,dunahdeuropa.png,9.0E,(70) 9.0E KU-band Eutelsat 9B & Ka-Sat 9A,Found
Duna World HD,1_0_19_69_1838_9E_5A0000_0_0_0.png,dunaworldhd.png,9.0E,(70) 9.0E KU-band Eutelsat 9B & Ka-Sat 9A,Found
Duna World HD (Europa),1_0_19_73_1838_9E_5A0000_0_0_0.png,dunaworldhdeuropa.png,9.0E,(70) 9.0E KU-band Eutelsat 9B & Ka-Sat 9A,Found
Dusk,1_0_16_204_2134_9C_5A0000_0_0_0.png,dusk.png,9.0E,(70) 9.0E KU-band Eutelsat 9B & Ka-Sat 9A,Found
E! Entertainment Europe,1_0_19_479_1AF4_9E_5A0000_0_0_0.png,eentertainmenteurope.png,9.0E,(70) 9.0E KU-band Eutelsat 9B & Ka-Sat 9A,Found
E! HD,1_0_1_452_1_AA_5A0000_0_0_0.png,ehd.png,9.0E,(70) 9.0E KU-band Eutelsat 9B & Ka-Sat 9A,Found
EBS+HD,1_0_19_1B1_170C_9E_5A0000_0_0_0.png,ebshd.png,9.0E,(70) 9.0E KU-band Eutelsat 9B & Ka-Sat 9A,Found
EBSHD,1_0_19_E9_170C_9E_5A0000_0_0_0.png,ebshd.png,9.0E,(70) 9.0E KU-band Eutelsat 9B & Ka-Sat 9A,Found
EDM FM,1_0_1_277_1900_9C_5A0000_0_0_0.png,edmfm.png,9.0E,(70) 9.0E KU-band Eutelsat 9B & Ka-Sat 9A,Found
ENA Channel,1_0_1_436_5_AA_5A0000_0_0_0.png,enachannel.png,9.0E,(70) 9.0E KU-band Eutelsat 9B & Ka-Sat 9A,Found
ERT WORLD,1_0_1_470_9_AA_5A0000_0_0_0.png,ertworld.png,9.0E,(70) 9.0E KU-band Eutelsat 9B & Ka-Sat 9A,Found
Euronews English,1_0_1_465_8_AA_5A0000_0_0_0.png,euronewsenglish.png,9.0E,(70) 9.0E KU-band Eutelsat 9B & Ka-Sat 9A,Found
Euronews Greek,1_0_1_438_2_AA_5A0000_0_0_0.png,euronewsgreek.png,9.0E,(70) 9.0E KU-band Eutelsat 9B & Ka-Sat 9A,Found
Euronews Russia,1_0_1_278_1900_9C_5A0000_0_0_0.png,euronewsrussia.png,9.0E,(70) 9.0E KU-band Eutelsat 9B & Ka-Sat 9A,Found
Eurosport 1 France HD,1_0_19_1A90_C3BE_9E_5A0000_0_0_0.png,eurosport1francehd.png,9.0E,(70) 9.0E KU-band Eutelsat 9B & Ka-Sat 9A,Found
Eurosport 1 HD,1_0_19_CD_14B4_9C_5A0000_0_0_0.png,eurosport1hd.png,9.0E,(70) 9.0E KU-band Eutelsat 9B & Ka-Sat 9A,Found
Eurosport 2 France HD,1_0_19_1AF4_C3BE_9E_5A0000_0_0_0.png,eurosport2francehd.png,9.0E,(70) 9.0E KU-band Eutelsat 9B & Ka-Sat 9A,Found
FTV HD,1_0_1_426_2_AA_5A0000_0_0_0.png,ftvhd.png,9.0E,(70) 9.0E KU-band Eutelsat 9B & Ka-Sat 9A,Found
FX,1_0_1_40E_8_AA_5A0000_0_0_0.png,fx.png,9.0E,(70) 9.0E KU-band Eutelsat 9B & Ka-Sat 9A,Found
FX Life,1_0_1_461_9_AA_5A0000_0_0_0.png,fxlife.png,9.0E,(70) 9.0E KU-band Eutelsat 9B & Ka-Sat 9A,Found
Food Network EMEA HD,1_0_19_16A8_C3AA_9E_5A0000_0_0_0.png,foodnetworkemeahd.png,9.0E,(70) 9.0E KU-band Eutelsat 9B & Ka-Sat 9A,Found
France 24 En,1_0_1_43A_6_AA_5A0000_0_0_0.png,france24en.png,9.0E,(70) 9.0E KU-band Eutelsat 9B & Ka-Sat 9A,Found
France 24 Fr,1_0_1_43B_1_AA_5A0000_0_0_0.png,france24fr.png,9.0E,(70) 9.0E KU-band Eutelsat 9B & Ka-Sat 9A,Found
GINX eSports,1_0_1_454_1_AA_5A0000_0_0_0.png,ginxesports.png,9.0E,(70) 9.0E KU-band Eutelsat 9B & Ka-Sat 9A,Found
Gute Laune TV,1_0_1_202_2134_9C_5A0000_0_0_0.png,gutelaunetv.png,9.0E,(70) 9.0E KU-band Eutelsat 9B & Ka-Sat 9A,Found
HGTV Central Europe HD,1_0_19_13EC_C3AA_9E_5A0000_0_0_0.png,hgtvcentraleuropehd.png,9.0E,(70) 9.0E KU-band Eutelsat 9B & Ka-Sat 9A,Found
Hustler TV HD,1_0_1_411_5_AA_5A0000_0_0_0.png,hustlertvhd.png,9.0E,(70) 9.0E KU-band Eutelsat 9B & Ka-Sat 9A,Found
ID Pan Regional HD,1_0_19_157C_C3AA_9E_5A0000_0_0_0.png,idpanregionalhd.png,9.0E,(70) 9.0E KU-band Eutelsat 9B & Ka-Sat 9A,Found
Italy Service 3,1_0_1_74E_1_64_5A0000_0_0_0.png,italyservice3.png,9.0E,(70) 9.0E KU-band Eutelsat 9B & Ka-Sat 9A,Found
Italy Service 5,1_0_1_762_1_64_5A0000_0_0_0.png,italyservice5.png,9.0E,(70) 9.0E KU-band Eutelsat 9B & Ka-Sat 9A,Found
JimJam ME,1_0_16_67_170C_9E_5A0000_0_0_0.png,jimjamme.png,9.0E,(70) 9.0E KU-band Eutelsat 9B & Ka-Sat 9A,Found
JimJam PE,1_0_16_68_170C_9E_5A0000_0_0_0.png,jimjampe.png,9.0E,(70) 9.0E KU-band Eutelsat 9B & Ka-Sat 9A,Found
Kabel Eins HD,1_0_19_E6_1644_9C_5A0000_0_0_0.png,kabeleinshd.png,9.0E,(70) 9.0E KU-band Eutelsat 9B & Ka-Sat 9A,Found
Kontra,1_0_1_41E_1_AA_5A0000_0_0_0.png,kontra.png,9.0E,(70) 9.0E KU-band Eutelsat 9B & Ka-Sat 9A,Found
Luxe TV HD,1_0_1_407_1_AA_5A0000_0_0_0.png,luxetvhd.png,9.0E,(70) 9.0E KU-band Eutelsat 9B & Ka-Sat 9A,Found
Luxe TV HD,1_0_19_1FC_2134_9C_5A0000_0_0_0.png,luxetvhd.png,9.0E,(70) 9.0E KU-band Eutelsat 9B & Ka-Sat 9A,Found
M1 HD,1_0_19_65_1838_9E_5A0000_0_0_0.png,m1hd.png,9.0E,(70) 9.0E KU-band Eutelsat 9B & Ka-Sat 9A,Found
M1 HD (Europa),1_0_19_6F_1838_9E_5A0000_0_0_0.png,m1hdeuropa.png,9.0E,(70) 9.0E KU-band Eutelsat 9B & Ka-Sat 9A,Found
M2 HD,1_0_19_66_1838_9E_5A0000_0_0_0.png,m2hd.png,9.0E,(70) 9.0E KU-band Eutelsat 9B & Ka-Sat 9A,Found
M2 HD (Europa),1_0_19_70_1838_9E_5A0000_0_0_0.png,m2hdeuropa.png,9.0E,(70) 9.0E KU-band Eutelsat 9B & Ka-Sat 9A,Found
M4 Sport HD,1_0_19_68_1838_9E_5A0000_0_0_0.png,m4sporthd.png,9.0E,(70) 9.0E KU-band Eutelsat 9B & Ka-Sat 9A,Found
M4 Sport HD (Europa),1_0_19_72_1838_9E_5A0000_0_0_0.png,m4sporthdeuropa.png,9.0E,(70) 9.0E KU-band Eutelsat 9B & Ka-Sat 9A,Found
M5 HD,1_0_19_6A_1838_9E_5A0000_0_0_0.png,m5hd.png,9.0E,(70) 9.0E KU-band Eutelsat 9B & Ka-Sat 9A,Found
M5 HD (Europa),1_0_19_74_1838_9E_5A0000_0_0_0.png,m5hdeuropa.png,9.0E,(70) 9.0E KU-band Eutelsat 9B & Ka-Sat 9A,Found
M6,1_0_19_CA_19C8_9E_5A0000_0_0_0.png,m6.png,9.0E,(70) 9.0E KU-band Eutelsat 9B & Ka-Sat 9A,Found
MAD,1_0_1_420_6_AA_5A0000_0_0_0.png,mad.png,9.0E,(70) 9.0E KU-band Eutelsat 9B & Ka-Sat 9A,Found
MAD HD,1_0_1_40D_6_AA_5A0000_0_0_0.png,madhd.png,9.0E,(70) 9.0E KU-band Eutelsat 9B & Ka-Sat 9A,Found
MAD Viral HD,1_0_1_427_7_AA_5A0000_0_0_0.png,madviralhd.png,9.0E,(70) 9.0E KU-band Eutelsat 9B & Ka-Sat 9A,Found
MEGA HD,1_0_1_400_6_AA_5A0000_0_0_0.png,megahd.png,9.0E,(70) 9.0E KU-band Eutelsat 9B & Ka-Sat 9A,Found
MEGA News,1_0_1_418_6_AA_5A0000_0_0_0.png,meganews.png,9.0E,(70) 9.0E KU-band Eutelsat 9B & Ka-Sat 9A,Found
MEZZO LIVE HD,1_0_1_449_1_AA_5A0000_0_0_0.png,mezzolivehd.png,9.0E,(70) 9.0E KU-band Eutelsat 9B & Ka-Sat 9A,Found
MTV 00s,1_0_1_41B_4_AA_5A0000_0_0_0.png,mtv00s.png,9.0E,(70) 9.0E KU-band Eutelsat 9B & Ka-Sat 9A,Found
MTV Europe,1_0_1_45C_7_AA_5A0000_0_0_0.png,mtveurope.png,9.0E,(70) 9.0E KU-band Eutelsat 9B & Ka-Sat 9A,Found
MTV HD,1_0_19_CA_14B4_9C_5A0000_0_0_0.png,mtvhd.png,9.0E,(70) 9.0E KU-band Eutelsat 9B & Ka-Sat 9A,Found
MTV Hits,1_0_1_45F_1_AA_5A0000_0_0_0.png,mtvhits.png,9.0E,(70) 9.0E KU-band Eutelsat 9B & Ka-Sat 9A,Found
MTV Live,1_0_1_45A_1_AA_5A0000_0_0_0.png,mtvlive.png,9.0E,(70) 9.0E KU-band Eutelsat 9B & Ka-Sat 9A,Found
Marco Polo TV,1_0_1_200_2134_9C_5A0000_0_0_0.png,marcopolotv.png,9.0E,(70) 9.0E KU-band Eutelsat 9B & Ka-Sat 9A,Found
Mezzo Live HD,1_0_19_1FD_2134_9C_5A0000_0_0_0.png,mezzolivehd.png,9.0E,(70) 9.0E KU-band Eutelsat 9B & Ka-Sat 9A,Found
Motorvision+,1_0_1_401_4_AA_5A0000_0_0_0.png,motorvision.png,9.0E,(70) 9.0E KU-band Eutelsat 9B & Ka-Sat 9A,Found
Museum TV,1_0_1_468_7_AA_5A0000_0_0_0.png,museumtv.png,9.0E,(70) 9.0E KU-band Eutelsat 9B & Ka-Sat 9A,Found
Museum TV HD International,1_0_19_206_2134_9C_5A0000_0_0_0.png,museumtvhdinternational.png,9.0E,(70) 9.0E KU-band Eutelsat 9B & Ka-Sat 9A,Found
MyZen TV,1_0_1_46F_7_AA_5A0000_0_0_0.png,myzentv.png,9.0E,(70) 9.0E KU-band Eutelsat 9B & Ka-Sat 9A,Found
MyZen TV HD International,1_0_19_205_2134_9C_5A0000_0_0_0.png,myzentvhdinternational.png,9.0E,(70) 9.0E KU-band Eutelsat 9B & Ka-Sat 9A,Found
NTDTV,1_0_16_460_1AF4_9E_5A0000_0_0_0.png,ntdtv.png,9.0E,(70) 9.0E KU-band Eutelsat 9B & Ka-Sat 9A,Found
Naftemporiki,1_0_1_43E_7_AA_5A0000_0_0_0.png,naftemporiki.png,9.0E,(70) 9.0E KU-band Eutelsat 9B & Ka-Sat 9A,Found
National Geographic HD,1_0_1_453_9_AA_5A0000_0_0_0.png,nationalgeographichd.png,9.0E,(70) 9.0E KU-band Eutelsat 9B & Ka-Sat 9A,Found
National Geographic WILD HD,1_0_1_41A_2_AA_5A0000_0_0_0.png,nationalgeographicwildhd.png,9.0E,(70) 9.0E KU-band Eutelsat 9B & Ka-Sat 9A,Found
Nautical Channel HD,1_0_1_471_7_AA_5A0000_0_0_0.png,nauticalchannelhd.png,9.0E,(70) 9.0E KU-band Eutelsat 9B & Ka-Sat 9A,Found
Novasports News HD,1_0_1_3FF_5_AA_5A0000_0_0_0.png,novasportsnewshd.png,9.0E,(70) 9.0E KU-band Eutelsat 9B & Ka-Sat 9A,Found
Novasports Premier League HD,1_0_1_3FE_5_AA_5A0000_0_0_0.png,novasportspremierleaguehd.png,9.0E,(70) 9.0E KU-band Eutelsat 9B & Ka-Sat 9A,Found
Novasports Prime HD,1_0_1_462_8_AA_5A0000_0_0_0.png,novasportsprimehd.png,9.0E,(70) 9.0E KU-band Eutelsat 9B & Ka-Sat 9A,Found
Novasports Start HD,1_0_1_44E_6_AA_5A0000_0_0_0.png,novasportsstarthd.png,9.0E,(70) 9.0E KU-band Eutelsat 9B & Ka-Sat 9A,Found
Novasports1HD,1_0_1_3F1_2_AA_5A0000_0_0_0.png,novasports1hd.png,9.0E,(70) 9.0E KU-band Eutelsat 9B & Ka-Sat 9A,Found
Novasports2HD,1_0_1_424_2_AA_5A0000_0_0_0.png,novasports2hd.png,9.0E,(70) 9.0E KU-band Eutelsat 9B & Ka-Sat 9A,Found
Novasports3HD,1_0_1_40B_4_AA_5A0000_0_0_0.png,novasports3hd.png,9.0E,(70) 9.0E KU-band Eutelsat 9B & Ka-Sat 9A,Found
Novasports4HD,1_0_1_44F_4_AA_5A0000_0_0_0.png,novasports4hd.png,9.0E,(70) 9.0E KU-band Eutelsat 9B & Ka-Sat 9A,Found
Novasports5HD,1_0_1_472_9_AA_5A0000_0_0_0.png,novasports5hd.png,9.0E,(70) 9.0E KU-band Eutelsat 9B & Ka-Sat 9A,Found
Novasports6HD,1_0_1_473_9_AA_5A0000_0_0_0.png,novasports6hd.png,9.0E,(70) 9.0E KU-band Eutelsat 9B & Ka-Sat 9A,Found
Novasportsextra1HD,1_0_1_433_6_AA_5A0000_0_0_0.png,novasportsextra1hd.png,9.0E,(70) 9.0E KU-band Eutelsat 9B & Ka-Sat 9A,Found
Novasportsextra2HD,1_0_1_444_7_AA_5A0000_0_0_0.png,novasportsextra2hd.png,9.0E,(70) 9.0E KU-band Eutelsat 9B & Ka-Sat 9A,Found
Novasportsextra3HD,1_0_1_435_7_AA_5A0000_0_0_0.png,novasportsextra3hd.png,9.0E,(70) 9.0E KU-band Eutelsat 9B & Ka-Sat 9A,Found
Novasportsextra4HD,1_0_1_3FC_8_AA_5A0000_0_0_0.png,novasportsextra4hd.png,9.0E,(70) 9.0E KU-band Eutelsat 9B & Ka-Sat 9A,Found
ONE Channel HD,1_0_1_415_2_AA_5A0000_0_0_0.png,onechannelhd.png,9.0E,(70) 9.0E KU-band Eutelsat 9B & Ka-Sat 9A,Found
OPEN BEYOND HD,1_0_1_405_5_AA_5A0000_0_0_0.png,openbeyondhd.png,9.0E,(70) 9.0E KU-band Eutelsat 9B & Ka-Sat 9A,Found
ORTM,1_0_16_162_19C8_9E_5A0000_0_0_0.png,ortm.png,9.0E,(70) 9.0E KU-band Eutelsat 9B & Ka-Sat 9A,Found
Opap,1_0_1_42C_5_AA_5A0000_0_0_0.png,opap.png,9.0E,(70) 9.0E KU-band Eutelsat 9B & Ka-Sat 9A,Found
PHOENIX INFO NEWS,1_0_1_161_19C8_9E_5A0000_0_0_0.png,phoenixinfonews.png,9.0E,(70) 9.0E KU-band Eutelsat 9B & Ka-Sat 9A,Found
POP UP 02,1_0_1_419_6_AA_5A0000_0_0_0.png,popup02.png,9.0E,(70) 9.0E KU-band Eutelsat 9B & Ka-Sat 9A,Found
POP UP TEST HD,1_0_1_41C_8_AA_5A0000_0_0_0.png,popuptesthd.png,9.0E,(70) 9.0E KU-band Eutelsat 9B & Ka-Sat 9A,Found
PPV TST2,1_0_1_3F3_5_AA_5A0000_0_0_0.png,ppvtst2.png,9.0E,(70) 9.0E KU-band Eutelsat 9B & Ka-Sat 9A,Found
Panik TV,1_0_1_40A_7_AA_5A0000_0_0_0.png,paniktv.png,9.0E,(70) 9.0E KU-band Eutelsat 9B & Ka-Sat 9A,Found
Penthouse Passion HD,1_0_19_1FB_2134_9C_5A0000_0_0_0.png,penthousepassionhd.png,9.0E,(70) 9.0E KU-band Eutelsat 9B & Ka-Sat 9A,Found
Playboy TV,1_0_1_1F6_2134_9C_5A0000_0_0_0.png,playboytv.png,9.0E,(70) 9.0E KU-band Eutelsat 9B & Ka-Sat 9A,Found
ProSieben MAXX HD,1_0_19_C9_14B4_9C_5A0000_0_0_0.png,prosiebenmaxxhd.png,9.0E,(70) 9.0E KU-band Eutelsat 9B & Ka-Sat 9A,Found
Promo HD,1_0_1_3FB_8_AA_5A0000_0_0_0.png,promohd.png,9.0E,(70) 9.0E KU-band Eutelsat 9B & Ka-Sat 9A,Found
RTB Radio,1_0_1_18_170C_9E_5A0000_0_0_0.png,rtbradio.png,9.0E,(70) 9.0E KU-band Eutelsat 9B & Ka-Sat 9A,Found
RTB TV,1_0_16_17_170C_9E_5A0000_0_0_0.png,rtbtv.png,9.0E,(70) 9.0E KU-band Eutelsat 9B & Ka-Sat 9A,Found
RTI1,1_0_16_19_170C_9E_5A0000_0_0_0.png,rti1.png,9.0E,(70) 9.0E KU-band Eutelsat 9B & Ka-Sat 9A,Found
RTLZWEI HD,1_0_19_1A1_1964_9C_5A0000_0_0_0.png,rtlzweihd.png,9.0E,(70) 9.0E KU-band Eutelsat 9B & Ka-Sat 9A,Found
RTLup HD,1_0_19_CC_14B4_9C_5A0000_0_0_0.png,rtluphd.png,9.0E,(70) 9.0E KU-band Eutelsat 9B & Ka-Sat 9A,Found
Rai Africa,1_0_1F_73_170C_9E_5A0000_0_0_0.png,raiafrica.png,9.0E,(70) 9.0E KU-band Eutelsat 9B & Ka-Sat 9A,Found
Reaper (EPG Video),1_0_19_191_65_12_5A0000_0_0_0.png,reaperepgvideo.png,9.0E,(70) 9.0E KU-band Eutelsat 9B & Ka-Sat 9A,Found
SDL NATL,1_0_1_492_1AF4_9E_5A0000_0_0_0.png,sdlnatl.png,9.0E,(70) 9.0E KU-band Eutelsat 9B & Ka-Sat 9A,Found
SISAL 1,1_0_1_712_1_64_5A0000_0_0_0.png,sisal1.png,9.0E,(70) 9.0E KU-band Eutelsat 9B & Ka-Sat 9A,Found
SISAL 3,1_0_1_726_1_64_5A0000_0_0_0.png,sisal3.png,9.0E,(70) 9.0E KU-band Eutelsat 9B & Ka-Sat 9A,Found
SISAL 4,1_0_1_730_1_64_5A0000_0_0_0.png,sisal4.png,9.0E,(70) 9.0E KU-band Eutelsat 9B & Ka-Sat 9A,Found
SISAL 5,1_0_1_73A_1_64_5A0000_0_0_0.png,sisal5.png,9.0E,(70) 9.0E KU-band Eutelsat 9B & Ka-Sat 9A,Found
SPORT 1 HD,1_0_19_EA_1644_9C_5A0000_0_0_0.png,sport1hd.png,9.0E,(70) 9.0E KU-band Eutelsat 9B & Ka-Sat 9A,Found
STAR HD,1_0_1_44B_4_AA_5A0000_0_0_0.png,starhd.png,9.0E,(70) 9.0E KU-band Eutelsat 9B & Ka-Sat 9A,Found
SUPER RTL HD,1_0_19_196_1964_9C_5A0000_0_0_0.png,superrtlhd.png,9.0E,(70) 9.0E KU-band Eutelsat 9B & Ka-Sat 9A,Found
Science Europe HD,1_0_19_1644_C3AA_9E_5A0000_0_0_0.png,scienceeuropehd.png,9.0E,(70) 9.0E KU-band Eutelsat 9B & Ka-Sat 9A,Found
Sirina TV HD,1_0_1_3EC_5_AA_5A0000_0_0_0.png,sirinatvhd.png,9.0E,(70) 9.0E KU-band Eutelsat 9B & Ka-Sat 9A,Found
Sky News,1_0_1_46A_7_AA_5A0000_0_0_0.png,skynews.png,9.0E,(70) 9.0E KU-band Eutelsat 9B & Ka-Sat 9A,Found
Smile TV,1_0_1_40C_4_AA_5A0000_0_0_0.png,smiletv.png,9.0E,(70) 9.0E KU-band Eutelsat 9B & Ka-Sat 9A,Found
Star Κεντρικής Ελλάδας,1_0_1_437_1_AA_5A0000_0_0_0.png,star.png,9.0E,(70) 9.0E KU-band Eutelsat 9B & Ka-Sat 9A,Found
Stingray CMusic,1_0_1_41D_1_AA_5A0000_0_0_0.png,stingraycmusic.png,9.0E,(70) 9.0E KU-band Eutelsat 9B & Ka-Sat 9A,Found
Stingray iConcerts,1_0_1_3F5_1_AA_5A0000_0_0_0.png,stingrayiconcerts.png,9.0E,(70) 9.0E KU-band Eutelsat 9B & Ka-Sat 9A,Found
TCM HD,1_0_1_414_9_AA_5A0000_0_0_0.png,tcmhd.png,9.0E,(70) 9.0E KU-band Eutelsat 9B & Ka-Sat 9A,Found
TELE 5 HD,1_0_19_E8_1644_9C_5A0000_0_0_0.png,tele5hd.png,9.0E,(70) 9.0E KU-band Eutelsat 9B & Ka-Sat 9A,Found
TEST 2 SD,1_0_1_429_9_AA_5A0000_0_0_0.png,test2sd.png,9.0E,(70) 9.0E KU-band Eutelsat 9B & Ka-Sat 9A,Found
TEST 22,1_0_1_3F6_2_AA_5A0000_0_0_0.png,test22.png,9.0E,(70) 9.0E KU-band Eutelsat 9B & Ka-Sat 9A,Found
TEST 5,1_0_1_3EF_5_AA_5A0000_0_0_0.png,test5.png,9.0E,(70) 9.0E KU-band Eutelsat 9B & Ka-Sat 9A,Found
TEST 6,1_0_1_46B_8_AA_5A0000_0_0_0.png,test6.png,9.0E,(70) 9.0E KU-band Eutelsat 9B & Ka-Sat 9A,Found
TEST 7,1_0_1_450_6_AA_5A0000_0_0_0.png,test7.png,9.0E,(70) 9.0E KU-band Eutelsat 9B & Ka-Sat 9A,Found
TEST 9,1_0_1_456_5_AA_5A0000_0_0_0.png,test9.png,9.0E,(70) 9.0E KU-band Eutelsat 9B & Ka-Sat 9A,Found
TEST BISS,1_0_1_421_6_AA_5A0000_0_0_0.png,testbiss.png,9.0E,(70) 9.0E KU-band Eutelsat 9B & Ka-Sat 9A,Found
TEST FREE,1_0_1_431_6_AA_5A0000_0_0_0.png,testfree.png,9.0E,(70) 9.0E KU-band Eutelsat 9B & Ka-Sat 9A,Found
TIN - The Israeli Network - new,1_0_16_364_C35A_9E_5A0000_0_0_0.png,tintheisraelinetworknew.png,9.0E,(70) 9.0E KU-band Eutelsat 9B & Ka-Sat 9A,Found
TLC Balkans HD,1_0_19_1450_C3AA_9E_5A0000_0_0_0.png,tlcbalkanshd.png,9.0E,(70) 9.0E KU-band Eutelsat 9B & Ka-Sat 9A,Found
TLC HD,1_0_19_EB_1644_9C_5A0000_0_0_0.png,tlchd.png,9.0E,(70) 9.0E KU-band Eutelsat 9B & Ka-Sat 9A,Found
TLC Hungary HD,1_0_19_15E0_C3AA_9E_5A0000_0_0_0.png,tlchungaryhd.png,9.0E,(70) 9.0E KU-band Eutelsat 9B & Ka-Sat 9A,Found
TLC Pan Regional HD,1_0_19_170C_C3AA_9E_5A0000_0_0_0.png,tlcpanregionalhd.png,9.0E,(70) 9.0E KU-band Eutelsat 9B & Ka-Sat 9A,Found
TOGGO plus HD,1_0_19_CE_14B4_9C_5A0000_0_0_0.png,toggoplushd.png,9.0E,(70) 9.0E KU-band Eutelsat 9B & Ka-Sat 9A,Found
TRACE SPORTS INTER HD,1_0_1_E_170C_9E_5A0000_0_0_0.png,tracesportsinterhd.png,9.0E,(70) 9.0E KU-band Eutelsat 9B & Ka-Sat 9A,Found
TRACE URBAN INTER HD,1_0_1_F_170C_9E_5A0000_0_0_0.png,traceurbaninterhd.png,9.0E,(70) 9.0E KU-band Eutelsat 9B & Ka-Sat 9A,Found
TRT,1_0_1_45E_6_AA_5A0000_0_0_0.png,trt.png,9.0E,(70) 9.0E KU-band Eutelsat 9B & Ka-Sat 9A,Found
TV SAHEL,1_0_16_163_19C8_9E_5A0000_0_0_0.png,tvsahel.png,9.0E,(70) 9.0E KU-band Eutelsat 9B & Ka-Sat 9A,Found
TV100,1_0_1_409_9_AA_5A0000_0_0_0.png,tv100.png,9.0E,(70) 9.0E KU-band Eutelsat 9B & Ka-Sat 9A,Found
TVRI World,1_0_19_1FE_2134_9C_5A0000_0_0_0.png,tvriworld.png,9.0E,(70) 9.0E KU-band Eutelsat 9B & Ka-Sat 9A,Found
Travel EMEA HD,1_0_19_1388_C3AA_9E_5A0000_0_0_0.png,travelemeahd.png,9.0E,(70) 9.0E KU-band Eutelsat 9B & Ka-Sat 9A,Found
VIXEN,1_0_1_434_5_AA_5A0000_0_0_0.png,vixen.png,9.0E,(70) 9.0E KU-band Eutelsat 9B & Ka-Sat 9A,Found
VOXup HD,1_0_19_CF_14B4_9C_5A0000_0_0_0.png,voxuphd.png,9.0E,(70) 9.0E KU-band Eutelsat 9B & Ka-Sat 9A,Found
Viasat Explore HD,1_0_1_46D_8_AA_5A0000_0_0_0.png,viasatexplorehd.png,9.0E,(70) 9.0E KU-band Eutelsat 9B & Ka-Sat 9A,Found
Viasat History HD,1_0_1_45B_4_AA_5A0000_0_0_0.png,viasathistoryhd.png,9.0E,(70) 9.0E KU-band Eutelsat 9B & Ka-Sat 9A,Found
Viasat Nature HD,1_0_1_46C_8_AA_5A0000_0_0_0.png,viasatnaturehd.png,9.0E,(70) 9.0E KU-band Eutelsat 9B & Ka-Sat 9A,Found
Village Cinema HD,1_0_1_3F8_9_AA_5A0000_0_0_0.png,villagecinemahd.png,9.0E,(70) 9.0E KU-band Eutelsat 9B & Ka-Sat 9A,Found
W9,1_0_19_CD_19C8_9E_5A0000_0_0_0.png,w9.png,9.0E,(70) 9.0E KU-band Eutelsat 9B & Ka-Sat 9A,Found
WELT HD,1_0_19_CB_14B4_9C_5A0000_0_0_0.png,welthd.png,9.0E,(70) 9.0E KU-band Eutelsat 9B & Ka-Sat 9A,Found
Warner TV Czech HD,1_0_19_1A2C_C3BE_9E_5A0000_0_0_0.png,warnertvczechhd.png,9.0E,(70) 9.0E KU-band Eutelsat 9B & Ka-Sat 9A,Found
auto motor und sport channel,1_0_1_1F8_2134_9C_5A0000_0_0_0.png,automotorundsportchannel.png,9.0E,(70) 9.0E KU-band Eutelsat 9B & Ka-Sat 9A,Found
ducktv,1_0_1_3F2_5_AA_5A0000_0_0_0.png,ducktv.png,9.0E,(70) 9.0E KU-band Eutelsat 9B & Ka-Sat 9A,Found
iTVN,1_0_1_1F7_2134_9C_5A0000_0_0_0.png,itvn.png,9.0E,(70) 9.0E KU-band Eutelsat 9B & Ka-Sat 9A,Found
sixx HD,1_0_19_1A0_1964_9C_5A0000_0_0_0.png,sixxhd.png,9.0E,(70) 9.0E KU-band Eutelsat 9B & Ka-Sat 9A,Found
ΑΡΤ,1_0_1_3FA_6_AA_5A0000_0_0_0.png,.png,9.0E,(70) 9.0E KU-band Eutelsat 9B & Ka-Sat 9A,Found
ΒΟΥΛΗ HD,1_0_1_3ED_2_AA_5A0000_0_0_0.png,hd.png,9.0E,(70) 9.0E KU-band Eutelsat 9B & Ka-Sat 9A,Found
Βεργίνα TV,1_0_1_3F9_9_AA_5A0000_0_0_0.png,tv.png,9.0E,(70) 9.0E KU-band Eutelsat 9B & Ka-Sat 9A,Found
ΕΡΤ NEWS,1_0_1_3EA_9_AA_5A0000_0_0_0.png,news.png,9.0E,(70) 9.0E KU-band Eutelsat 9B & Ka-Sat 9A,Found
ΕΡΤ1 HD,1_0_1_402_5_AA_5A0000_0_0_0.png,1hd.png,9.0E,(70) 9.0E KU-band Eutelsat 9B & Ka-Sat 9A,Found
ΕΡΤ2 ΣΠΟΡ,1_0_1_458_9_AA_5A0000_0_0_0.png,2.png,9.0E,(70) 9.0E KU-band Eutelsat 9B & Ka-Sat 9A,Found
ΕΡΤ3 HD,1_0_1_451_9_AA_5A0000_0_0_0.png,3hd.png,9.0E,(70) 9.0E KU-band Eutelsat 9B & Ka-Sat 9A,Found
ΚΡΗΤΗ TV,1_0_1_3FD_1_AA_5A0000_0_0_0.png,tv.png,9.0E,(70) 9.0E KU-band Eutelsat 9B & Ka-Sat 9A,Found
Κρήτη Νέα Τηλεόραση,1_0_1_463_8_AA_5A0000_0_0_0.png,.png,9.0E,(70) 9.0E KU-band Eutelsat 9B & Ka-Sat 9A,Found
Μακεδονία TV HD,1_0_1_44A_2_AA_5A0000_0_0_0.png,tvhd.png,9.0E,(70) 9.0E KU-band Eutelsat 9B & Ka-Sat 9A,Found
ΟΛΥΜΠΙΑΚΟΣ SL Pass,1_0_1_448_4_AA_5A0000_0_0_0.png,slpass.png,9.0E,(70) 9.0E KU-band Eutelsat 9B & Ka-Sat 9A,Found
ΠΑΝΑΘΗΝΑΪΚΟΣ SL Pass,1_0_1_41F_5_AA_5A0000_0_0_0.png,slpass.png,9.0E,(70) 9.0E KU-band Eutelsat 9B & Ka-Sat 9A,Found
ΠΕΙΡΑΙΚΗ ΕΚΚΛΗΣΙΑ,1_0_2_428_6_AA_5A0000_0_0_0.png,.png,9.0E,(70) 9.0E KU-band Eutelsat 9B & Ka-Sat 9A,Found
ΣΚΑΪ HD,1_0_1_441_4_AA_5A0000_0_0_0.png,hd.png,9.0E,(70) 9.0E KU-band Eutelsat 9B & Ka-Sat 9A,Found
ΤΕΣΤ 8,1_0_1_423_6_AA_5A0000_0_0_0.png,8.png,9.0E,(70) 9.0E KU-band Eutelsat 9B & Ka-Sat 9A,Found
01 BBC One,1_0_16_1F41_1_10_640000_0_0_0.png,01bbcone.png,10.0E,(71) 10.0E KU-band Eutelsat 10B,Found
02 BBC Two,1_0_16_1F42_1_10_640000_0_0_0.png,02bbctwo.png,10.0E,(71) 10.0E KU-band Eutelsat 10B,Found
03 ITV,1_0_16_1F43_1_10_640000_0_0_0.png,03itv.png,10.0E,(71) 10.0E KU-band Eutelsat 10B,Found
04 Channel 4,1_0_16_1F49_1_10_640000_0_0_0.png,04channel4.png,10.0E,(71) 10.0E KU-band Eutelsat 10B,Found
05 Channel 5,1_0_16_1F4A_1_10_640000_0_0_0.png,05channel5.png,10.0E,(71) 10.0E KU-band Eutelsat 10B,Found
06 BFBS Extra,1_0_16_1F44_1_10_640000_0_0_0.png,06bfbsextra.png,10.0E,(71) 10.0E KU-band Eutelsat 10B,Found
07 BFBS Extra 2,1_0_16_1F51_1_10_640000_0_0_0.png,07bfbsextra2.png,10.0E,(71) 10.0E KU-band Eutelsat 10B,Found
08 BBC One Delay,1_0_16_1F4B_1_10_640000_0_0_0.png,08bbconedelay.png,10.0E,(71) 10.0E KU-band Eutelsat 10B,Found
09 BBC Two Delay,1_0_16_1F4C_1_10_640000_0_0_0.png,09bbctwodelay.png,10.0E,(71) 10.0E KU-band Eutelsat 10B,Found
10 ITV Delay,1_0_16_1F4D_1_10_640000_0_0_0.png,10itvdelay.png,10.0E,(71) 10.0E KU-band Eutelsat 10B,Found
11,1_0_16_1F4F_1_10_640000_0_0_0.png,11.png,10.0E,(71) 10.0E KU-band Eutelsat 10B,Found
12,1_0_16_1F50_1_10_640000_0_0_0.png,12.png,10.0E,(71) 10.0E KU-band Eutelsat 10B,Found
13 BFBS Extra Delay,1_0_16_1F4E_1_10_640000_0_0_0.png,13bfbsextradelay.png,10.0E,(71) 10.0E KU-band Eutelsat 10B,Found
14,1_0_16_1F54_1_10_640000_0_0_0.png,14.png,10.0E,(71) 10.0E KU-band Eutelsat 10B,Found
15 Kantipur TV,1_0_16_1F52_1_10_640000_0_0_0.png,15kantipurtv.png,10.0E,(71) 10.0E KU-band Eutelsat 10B,Found
16,1_0_16_1F53_1_10_640000_0_0_0.png,16.png,10.0E,(71) 10.0E KU-band Eutelsat 10B,Found
17 Sky News,1_0_16_1F48_1_10_640000_0_0_0.png,17skynews.png,10.0E,(71) 10.0E KU-band Eutelsat 10B,Found
18 Sky Sports,1_0_16_1F45_1_10_640000_0_0_0.png,18skysports.png,10.0E,(71) 10.0E KU-band Eutelsat 10B,Found
19 TNT Sports,1_0_16_1F46_1_10_640000_0_0_0.png,19tntsports.png,10.0E,(71) 10.0E KU-band Eutelsat 10B,Found
20 BFBS Sport,1_0_16_1F47_1_10_640000_0_0_0.png,20bfbssport.png,10.0E,(71) 10.0E KU-band Eutelsat 10B,Found
8728 Quadrille Data,1_0_16_2218_1_10_640000_0_0_0.png,8728quadrilledata.png,10.0E,(71) 10.0E KU-band Eutelsat 10B,Found
CCTV4,1_0_1_E8_4_1_650000_0_0_0.png,cctv4.png,10.1E,(143) 10.0E C-band Eutelsat 10B,Found
FAMILY TV,1_0_1_18_4_1_650000_0_0_0.png,familytv.png,10.1E,(143) 10.0E C-band Eutelsat 10B,Found
K24,1_0_1_68_4_1_650000_0_0_0.png,k24.png,10.1E,(143) 10.0E C-band Eutelsat 10B,Found
KBC,1_0_1_6A_4_1_650000_0_0_0.png,kbc.png,10.1E,(143) 10.0E C-band Eutelsat 10B,Found
TV 47,1_0_1_B4_4_1_650000_0_0_0.png,tv47.png,10.1E,(143) 10.0E C-band Eutelsat 10B,Found
TV-001,1_0_1_1_0_0_658F15_0_0_0.png,tv001.png,10.1E,(143) 10.0E C-band Eutelsat 10B,Found
WETV,1_0_1_8B_4_1_650000_0_0_0.png,wetv.png,10.1E,(143) 10.0E C-band Eutelsat 10B,Found
,1_0_0_110_3070_13E_820000_0_0_0.png,.png,13.0E,(72) 13.0E KU-band Hotbird 13F/13G,Found
,1_0_0_111_3070_13E_820000_0_0_0.png,.png,13.0E,(72) 13.0E KU-band Hotbird 13F/13G,Found
,1_0_0_112_3070_13E_820000_0_0_0.png,.png,13.0E,(72) 13.0E KU-band Hotbird 13F/13G,Found
,1_0_0_113_3070_13E_820000_0_0_0.png,.png,13.0E,(72) 13.0E KU-band Hotbird 13F/13G,Found
,1_0_0_114_3070_13E_820000_0_0_0.png,.png,13.0E,(72) 13.0E KU-band Hotbird 13F/13G,Found
,1_0_0_115_3070_13E_820000_0_0_0.png,.png,13.0E,(72) 13.0E KU-band Hotbird 13F/13G,Found
,1_0_0_116_3070_13E_820000_0_0_0.png,.png,13.0E,(72) 13.0E KU-band Hotbird 13F/13G,Found
,1_0_0_117_3070_13E_820000_0_0_0.png,.png,13.0E,(72) 13.0E KU-band Hotbird 13F/13G,Found
,1_0_0_F66_16A8_FBFF_820000_0_0_0.png,.png,13.0E,(72) 13.0E KU-band Hotbird 13F/13G,Found
,1_0_0_2D68_16A8_FBFF_820000_0_0_0.png,.png,13.0E,(72) 13.0E KU-band Hotbird 13F/13G,Found
,1_0_1_153_157C_13E_820000_0_0_0.png,.png,13.0E,(72) 13.0E KU-band Hotbird 13F/13G,Found
,1_0_1_154_157C_13E_820000_0_0_0.png,.png,13.0E,(72) 13.0E KU-band Hotbird 13F/13G,Found
,1_0_1_155_157C_13E_820000_0_0_0.png,.png,13.0E,(72) 13.0E KU-band Hotbird 13F/13G,Found
,1_0_1_156_157C_13E_820000_0_0_0.png,.png,13.0E,(72) 13.0E KU-band Hotbird 13F/13G,Found
,1_0_1_157_157C_13E_820000_0_0_0.png,.png,13.0E,(72) 13.0E KU-band Hotbird 13F/13G,Found
,1_0_1_38F6_15E0_FBFF_820000_0_0_0.png,.png,13.0E,(72) 13.0E KU-band Hotbird 13F/13G,Found
,1_0_C_158_157C_13E_820000_0_0_0.png,.png,13.0E,(72) 13.0E KU-band Hotbird 13F/13G,Found
,1_0_C_159_157C_13E_820000_0_0_0.png,.png,13.0E,(72) 13.0E KU-band Hotbird 13F/13G,Found
13 Ulica HD,1_0_1_3E26_2EE0_13E_820000_0_0_0.png,13ulicahd.png,13.0E,(72) 13.0E KU-band Hotbird 13F/13G,Found
13 Ulica HD,1_0_1_3E44_2EE0_13E_820000_0_0_0.png,13ulicahd.png,13.0E,(72) 13.0E KU-band Hotbird 13F/13G,Found
20Mediaset HD,1_0_19_78_4B0_110_820000_0_0_0.png,20mediasethd.png,13.0E,(72) 13.0E KU-band Hotbird 13F/13G,Found
24h,1_0_19_DAE_1F40_13E_820000_0_0_0.png,24h.png,13.0E,(72) 13.0E KU-band Hotbird 13F/13G,Found
27Twentyseven HD,1_0_19_87_4B0_110_820000_0_0_0.png,27twentysevenhd.png,13.0E,(72) 13.0E KU-band Hotbird 13F/13G,Found
4Fun Dance,1_0_1_428F_2BC0_13E_820000_0_0_0.png,4fundance.png,13.0E,(72) 13.0E KU-band Hotbird 13F/13G,Found
4Fun Kids,1_0_1_428E_2BC0_13E_820000_0_0_0.png,4funkids.png,13.0E,(72) 13.0E KU-band Hotbird 13F/13G,Found
4Fun.TV,1_0_1_428D_2BC0_13E_820000_0_0_0.png,4funtv.png,13.0E,(72) 13.0E KU-band Hotbird 13F/13G,Found
6TER,1_0_1_52A_2E7C_13F_820000_0_0_0.png,6ter.png,13.0E,(72) 13.0E KU-band Hotbird 13F/13G,Found
7360,1_0_16_1CC0_1CE8_71_820000_0_0_0.png,7360.png,13.0E,(72) 13.0E KU-band Hotbird 13F/13G,Found
8 TV RU,1_0_1_6B6_3138_13E_820000_0_0_0.png,8tvru.png,13.0E,(72) 13.0E KU-band Hotbird 13F/13G,Found
AB1,1_0_1_5AC_170C_13F_820000_0_0_0.png,ab1.png,13.0E,(72) 13.0E KU-band Hotbird 13F/13G,Found
ACISPORT TV,1_0_1_64D_2454_13E_820000_0_0_0.png,acisporttv.png,13.0E,(72) 13.0E KU-band Hotbird 13F/13G,Found
ACTION,1_0_1_5B5_170C_13F_820000_0_0_0.png,action.png,13.0E,(72) 13.0E KU-band Hotbird 13F/13G,Found
ADVENTURE HD,1_0_1_114C_2AF8_13E_820000_0_0_0.png,adventurehd.png,13.0E,(72) 13.0E KU-band Hotbird 13F/13G,Found
AL Arabia HD,1_0_19_2529_13EF_13E_820000_0_0_0.png,alarabiahd.png,13.0E,(72) 13.0E KU-band Hotbird 13F/13G,Found
AL MALAKOOT SAT – THE KINGDOM SAT الملكوت سات,1_0_1_233A_2328_13E_820000_0_0_0.png,almalakootsatthekingdomsat.png,13.0E,(72) 13.0E KU-band Hotbird 13F/13G,Found
AL SHARJAH HD,1_0_19_2520_13EF_13E_820000_0_0_0.png,alsharjahhd.png,13.0E,(72) 13.0E KU-band Hotbird 13F/13G,Found
AL SHARJAH RADIO,1_0_A_2531_13EF_13E_820000_0_0_0.png,alsharjahradio.png,13.0E,(72) 13.0E KU-band Hotbird 13F/13G,Found
AL SHARQIYA HD,1_0_19_2526_13EF_13E_820000_0_0_0.png,alsharqiyahd.png,13.0E,(72) 13.0E KU-band Hotbird 13F/13G,Found
ALPHA HD,1_0_1_151_157C_13E_820000_0_0_0.png,alphahd.png,13.0E,(72) 13.0E KU-band Hotbird 13F/13G,Found
AMAZING FACTS,1_0_1_89D_1F4_FC_820000_0_0_0.png,amazingfacts.png,13.0E,(72) 13.0E KU-band Hotbird 13F/13G,Found
AMC,1_0_1_3AB7_514_13E_820000_0_0_0.png,amc.png,13.0E,(72) 13.0E KU-band Hotbird 13F/13G,Found
AMC,1_0_1_3AE9_514_13E_820000_0_0_0.png,amc.png,13.0E,(72) 13.0E KU-band Hotbird 13F/13G,Found
ANIMAUX,1_0_1_5AE_170C_13F_820000_0_0_0.png,animaux.png,13.0E,(72) 13.0E KU-band Hotbird 13F/13G,Found
ANT1 HD,1_0_1_134_157C_13E_820000_0_0_0.png,ant1hd.png,13.0E,(72) 13.0E KU-band Hotbird 13F/13G,Found
ANTENA,1_0_1_114D_2AF8_13E_820000_0_0_0.png,antena.png,13.0E,(72) 13.0E KU-band Hotbird 13F/13G,Found
ARIRANG HD,1_0_19_3332_1388_13E_820000_0_0_0.png,ariranghd.png,13.0E,(72) 13.0E KU-band Hotbird 13F/13G,Found
ARMPUB TV,1_0_1_1C8C_332C_13E_820000_0_0_0.png,armpubtv.png,13.0E,(72) 13.0E KU-band Hotbird 13F/13G,Found
ARTA Radio,1_0_2_66_2_FFFF_DC92CB9_0_0_0.png,artaradio.png,13.0E,(72) 13.0E KU-band Hotbird 13F/13G,Found
ARTE,1_0_1_51B_2E7C_13F_820000_0_0_0.png,arte.png,13.0E,(72) 13.0E KU-band Hotbird 13F/13G,Found
ATTICA TV,1_0_1_3C98_1BBC_13E_820000_0_0_0.png,atticatv.png,13.0E,(72) 13.0E KU-band Hotbird 13F/13G,Found
AUTOMOTO la chaine,1_0_1_5AD_170C_13F_820000_0_0_0.png,automotolachaine.png,13.0E,(72) 13.0E KU-band Hotbird 13F/13G,Found
AWE,1_0_1_2C6_14B4_13E_820000_0_0_0.png,awe.png,13.0E,(72) 13.0E KU-band Hotbird 13F/13G,Found
AXN,1_0_1_1C96_1CE8_71_820000_0_0_0.png,axn.png,13.0E,(72) 13.0E KU-band Hotbird 13F/13G,Found
AXN Black,1_0_1_1C87_1CE8_71_820000_0_0_0.png,axnblack.png,13.0E,(72) 13.0E KU-band Hotbird 13F/13G,Found
AXN HD,1_0_1_C25_1E78_71_820000_0_0_0.png,axnhd.png,13.0E,(72) 13.0E KU-band Hotbird 13F/13G,Found
AXN HD,1_0_1_C2A_1E78_71_820000_0_0_0.png,axnhd.png,13.0E,(72) 13.0E KU-band Hotbird 13F/13G,Found
AXN SPIN HD,1_0_1_32CC_190_13E_820000_0_0_0.png,axnspinhd.png,13.0E,(72) 13.0E KU-band Hotbird 13F/13G,Found
AXN White,1_0_1_1C86_1CE8_71_820000_0_0_0.png,axnwhite.png,13.0E,(72) 13.0E KU-band Hotbird 13F/13G,Found
Action24,1_0_1_175_1C84_13E_820000_0_0_0.png,action24.png,13.0E,(72) 13.0E KU-band Hotbird 13F/13G,Found
Active Family,1_0_1_32D8_190_13E_820000_0_0_0.png,activefamily.png,13.0E,(72) 13.0E KU-band Hotbird 13F/13G,Found
Adult Pack Info,1_0_1_1BC1_17D4_13E_820000_0_0_0.png,adultpackinfo.png,13.0E,(72) 13.0E KU-band Hotbird 13F/13G,Found
Adult Pack Info,1_0_1_1BD4_17D4_13E_820000_0_0_0.png,adultpackinfo.png,13.0E,(72) 13.0E KU-band Hotbird 13F/13G,Found
Agadir,1_0_2_32_2E18_B0_820000_0_0_0.png,agadir.png,13.0E,(72) 13.0E KU-band Hotbird 13F/13G,Found
Al Aoula Inter,1_0_1_5_2E18_B0_820000_0_0_0.png,alaoulainter.png,13.0E,(72) 13.0E KU-band Hotbird 13F/13G,Found
Al Aoula Inter HD,1_0_1_3_2E18_B0_820000_0_0_0.png,alaoulainterhd.png,13.0E,(72) 13.0E KU-band Hotbird 13F/13G,Found
Al Ekhbaria HD,1_0_19_4B4_23F0_13E_820000_0_0_0.png,alekhbariahd.png,13.0E,(72) 13.0E KU-band Hotbird 13F/13G,Found
Al Hadath HD,1_0_19_252A_13EF_13E_820000_0_0_0.png,alhadathhd.png,13.0E,(72) 13.0E KU-band Hotbird 13F/13G,Found
Al Jazeera Documentary,1_0_1_2C1_1B58_13E_820000_0_0_0.png,aljazeeradocumentary.png,13.0E,(72) 13.0E KU-band Hotbird 13F/13G,Found
Al Jazeera English HD,1_0_19_1C8A_332C_13E_820000_0_0_0.png,aljazeeraenglishhd.png,13.0E,(72) 13.0E KU-band Hotbird 13F/13G,Found
Al Jazeera HD,1_0_19_641_2454_13E_820000_0_0_0.png,aljazeerahd.png,13.0E,(72) 13.0E KU-band Hotbird 13F/13G,Found
Al Jazeera Mubasher,1_0_1_2C2_1B58_13E_820000_0_0_0.png,aljazeeramubasher.png,13.0E,(72) 13.0E KU-band Hotbird 13F/13G,Found
Al Karma TV-ME,1_0_1_1328_33F4_13E_820000_0_0_0.png,alkarmatvme.png,13.0E,(72) 13.0E KU-band Hotbird 13F/13G,Found
Al Maghribia HD,1_0_19_1_2E18_B0_820000_0_0_0.png,almaghribiahd.png,13.0E,(72) 13.0E KU-band Hotbird 13F/13G,Found
Al Mashhad,1_0_19_2530_13EF_13E_820000_0_0_0.png,almashhad.png,13.0E,(72) 13.0E KU-band Hotbird 13F/13G,Found
Anewz,1_0_1_233B_2328_13E_820000_0_0_0.png,anewz.png,13.0E,(72) 13.0E KU-band Hotbird 13F/13G,Found
Angel TV Europe,1_0_1_2331_2328_13E_820000_0_0_0.png,angeltveurope.png,13.0E,(72) 13.0E KU-band Hotbird 13F/13G,Found
Animal Planet HD,1_0_1_1A2_1518_13E_820000_0_0_0.png,animalplanethd.png,13.0E,(72) 13.0E KU-band Hotbird 13F/13G,Found
Animal Planet Poland HD,1_0_19_3B66_12C_13E_820000_0_0_0.png,animalplanetpolandhd.png,13.0E,(72) 13.0E KU-band Hotbird 13F/13G,Found
Antena 1,1_0_A_2CB_1B58_13E_820000_0_0_0.png,antena1.png,13.0E,(72) 13.0E KU-band Hotbird 13F/13G,Found
Arena Action,1_0_19_25B_251C_D5_820000_0_0_0.png,arenaaction.png,13.0E,(72) 13.0E KU-band Hotbird 13F/13G,Found
Arena Comedy,1_0_16_25A_251C_D5_820000_0_0_0.png,arenacomedy.png,13.0E,(72) 13.0E KU-band Hotbird 13F/13G,Found
Arena Life,1_0_16_259_251C_D5_820000_0_0_0.png,arenalife.png,13.0E,(72) 13.0E KU-band Hotbird 13F/13G,Found
Arryadia HD,1_0_19_A_2E18_B0_820000_0_0_0.png,arryadiahd.png,13.0E,(72) 13.0E KU-band Hotbird 13F/13G,Found
Arte Investimenti,1_0_1_1381_33F4_13E_820000_0_0_0.png,arteinvestimenti.png,13.0E,(72) 13.0E KU-band Hotbird 13F/13G,Found
Asharq News Channel HD,1_0_19_252F_13EF_13E_820000_0_0_0.png,asharqnewschannelhd.png,13.0E,(72) 13.0E KU-band Hotbird 13F/13G,Found
Assadissa HD,1_0_19_6_2E18_B0_820000_0_0_0.png,assadissahd.png,13.0E,(72) 13.0E KU-band Hotbird 13F/13G,Found
Athaqafia HD,1_0_19_4_2E18_B0_820000_0_0_0.png,athaqafiahd.png,13.0E,(72) 13.0E KU-band Hotbird 13F/13G,Found
Ayozat TV,1_0_1_2C0_14B4_13E_820000_0_0_0.png,ayozattv.png,13.0E,(72) 13.0E KU-band Hotbird 13F/13G,Found
B,1_0_C_3E4E_2EE0_13E_820000_0_0_0.png,b.png,13.0E,(72) 13.0E KU-band Hotbird 13F/13G,Found
BAHRAIN TV,1_0_19_326_3BC4_1_820000_0_0_0.png,bahraintv.png,13.0E,(72) 13.0E KU-band Hotbird 13F/13G,Found
BBC Arabic,1_0_2_3347_1388_13E_820000_0_0_0.png,bbcarabic.png,13.0E,(72) 13.0E KU-band Hotbird 13F/13G,Found
BBC Arabic HD,1_0_19_332E_1388_13E_820000_0_0_0.png,bbcarabichd.png,13.0E,(72) 13.0E KU-band Hotbird 13F/13G,Found
BBC Brit,1_0_1_7E0_22C4_13E_820000_0_0_0.png,bbcbrit.png,13.0E,(72) 13.0E KU-band Hotbird 13F/13G,Found
BBC Brit,1_0_1_7E6_22C4_13E_820000_0_0_0.png,bbcbrit.png,13.0E,(72) 13.0E KU-band Hotbird 13F/13G,Found
BBC Brit,1_0_19_7D6_22C4_13E_820000_0_0_0.png,bbcbrit.png,13.0E,(72) 13.0E KU-band Hotbird 13F/13G,Found
BBC CBeebies,1_0_1_7E3_22C4_13E_820000_0_0_0.png,bbccbeebies.png,13.0E,(72) 13.0E KU-band Hotbird 13F/13G,Found
BBC Cbeebies,1_0_16_7D9_22C4_13E_820000_0_0_0.png,bbccbeebies.png,13.0E,(72) 13.0E KU-band Hotbird 13F/13G,Found
BBC Earth HD,1_0_1_1134_2AF8_13E_820000_0_0_0.png,bbcearthhd.png,13.0E,(72) 13.0E KU-band Hotbird 13F/13G,Found
BBC FIRST,1_0_1_1133_2AF8_13E_820000_0_0_0.png,bbcfirst.png,13.0E,(72) 13.0E KU-band Hotbird 13F/13G,Found
BBC Lifestyle HD,1_0_1_7E5_22C4_13E_820000_0_0_0.png,bbclifestylehd.png,13.0E,(72) 13.0E KU-band Hotbird 13F/13G,Found
BBC Lifestyle HD,1_0_19_7DB_22C4_13E_820000_0_0_0.png,bbclifestylehd.png,13.0E,(72) 13.0E KU-band Hotbird 13F/13G,Found
BBC News Europe,1_0_1_3330_1388_13E_820000_0_0_0.png,bbcnewseurope.png,13.0E,(72) 13.0E KU-band Hotbird 13F/13G,Found
BBC PERSIAN,1_0_19_7E7_22C4_13E_820000_0_0_0.png,bbcpersian.png,13.0E,(72) 13.0E KU-band Hotbird 13F/13G,Found
BFM TV,1_0_1_587_170C_13F_820000_0_0_0.png,bfmtv.png,13.0E,(72) 13.0E KU-band Hotbird 13F/13G,Found
BNT 4,1_0_1_168_157C_13E_820000_0_0_0.png,bnt4.png,13.0E,(72) 13.0E KU-band Hotbird 13F/13G,Found
BabyTV HD,1_0_1_3C8F_1BBC_13E_820000_0_0_0.png,babytvhd.png,13.0E,(72) 13.0E KU-band Hotbird 13F/13G,Found
Balkanika,1_0_16_6F_251C_D5_820000_0_0_0.png,balkanika.png,13.0E,(72) 13.0E KU-band Hotbird 13F/13G,Found
Bambini HD,1_0_19_2C32_19C8_FBFF_820000_0_0_0.png,bambinihd.png,13.0E,(72) 13.0E KU-band Hotbird 13F/13G,Found
Bare Knuckles Fighting Championship,1_0_1_2C4_14B4_13E_820000_0_0_0.png,bareknucklesfightingchampionship.png,13.0E,(72) 13.0E KU-band Hotbird 13F/13G,Found
Bayyinat TV,1_0_19_1F7_384_13E_820000_0_0_0.png,bayyinattv.png,13.0E,(72) 13.0E KU-band Hotbird 13F/13G,Found
BeJoy.kids,1_0_1_4235_2F44_13E_820000_0_0_0.png,bejoykids.png,13.0E,(72) 13.0E KU-band Hotbird 13F/13G,Found
Belarus Tomorrow,1_0_16_6A_2FA8_13E_820000_0_0_0.png,belarustomorrow.png,13.0E,(72) 13.0E KU-band Hotbird 13F/13G,Found
Bike Channel,1_0_19_232E_2328_13E_820000_0_0_0.png,bikechannel.png,13.0E,(72) 13.0E KU-band Hotbird 13F/13G,Found
Bloomberg European TV,1_0_1_1C86_332C_13E_820000_0_0_0.png,bloombergeuropeantv.png,13.0E,(72) 13.0E KU-band Hotbird 13F/13G,Found
Blue Hustler,1_0_16_1140_2AF8_13E_820000_0_0_0.png,bluehustler.png,13.0E,(72) 13.0E KU-band Hotbird 13F/13G,Found
Blue Hustler Nova,1_0_16_114A_2AF8_13E_820000_0_0_0.png,bluehustlernova.png,13.0E,(72) 13.0E KU-band Hotbird 13F/13G,Found
Blue Hustler SBB,1_0_16_1154_2AF8_13E_820000_0_0_0.png,bluehustlersbb.png,13.0E,(72) 13.0E KU-band Hotbird 13F/13G,Found
Blue Sky,1_0_1_3C9F_1BBC_13E_820000_0_0_0.png,bluesky.png,13.0E,(72) 13.0E KU-band Hotbird 13F/13G,Found
BogBlagTV,1_0_1_2332_2328_13E_820000_0_0_0.png,bogblagtv.png,13.0E,(72) 13.0E KU-band Hotbird 13F/13G,Found
Boing HD,1_0_19_7E_4B0_110_820000_0_0_0.png,boinghd.png,13.0E,(72) 13.0E KU-band Hotbird 13F/13G,Found
Boomerang,1_0_1_3C07_19C8_FBFF_820000_0_0_0.png,boomerang.png,13.0E,(72) 13.0E KU-band Hotbird 13F/13G,Found
Brazzers HD Nova,1_0_19_4230_2F44_13E_820000_0_0_0.png,brazzershdnova.png,13.0E,(72) 13.0E KU-band Hotbird 13F/13G,Found
Brazzers HD SBB,1_0_19_422F_2F44_13E_820000_0_0_0.png,brazzershdsbb.png,13.0E,(72) 13.0E KU-band Hotbird 13F/13G,Found
Brazzers TV,1_0_19_422C_2F44_13E_820000_0_0_0.png,brazzerstv.png,13.0E,(72) 13.0E KU-band Hotbird 13F/13G,Found
CACCIA e Pesca,1_0_1_3BF0_19C8_FBFF_820000_0_0_0.png,cacciaepesca.png,13.0E,(72) 13.0E KU-band Hotbird 13F/13G,Found
CAPITAL,1_0_2_E44_1C20_13E_820000_0_0_0.png,capital.png,13.0E,(72) 13.0E KU-band Hotbird 13F/13G,Found
CBC Azerbaijan,1_0_16_89A_1F4_FC_820000_0_0_0.png,cbcazerbaijan.png,13.0E,(72) 13.0E KU-band Hotbird 13F/13G,Found
CCTV 4E,1_0_1_367_3C28_13E_820000_0_0_0.png,cctv4e.png,13.0E,(72) 13.0E KU-band Hotbird 13F/13G,Found
CGTN,1_0_1_368_3C28_13E_820000_0_0_0.png,cgtn.png,13.0E,(72) 13.0E KU-band Hotbird 13F/13G,Found
CGTN,1_0_1_6AA_3138_13E_820000_0_0_0.png,cgtn.png,13.0E,(72) 13.0E KU-band Hotbird 13F/13G,Found
CGTN A,1_0_1_36D_3C28_13E_820000_0_0_0.png,cgtna.png,13.0E,(72) 13.0E KU-band Hotbird 13F/13G,Found
CGTN Documentary,1_0_1_369_3C28_13E_820000_0_0_0.png,cgtndocumentary.png,13.0E,(72) 13.0E KU-band Hotbird 13F/13G,Found
CGTN E,1_0_1_36A_3C28_13E_820000_0_0_0.png,cgtne.png,13.0E,(72) 13.0E KU-band Hotbird 13F/13G,Found
CGTN F,1_0_1_36B_3C28_13E_820000_0_0_0.png,cgtnf.png,13.0E,(72) 13.0E KU-band Hotbird 13F/13G,Found
CGTN R,1_0_1_36C_3C28_13E_820000_0_0_0.png,cgtnr.png,13.0E,(72) 13.0E KU-band Hotbird 13F/13G,Found
CHASSE ET PECHE,1_0_1_5AF_170C_13F_820000_0_0_0.png,chasseetpeche.png,13.0E,(72) 13.0E KU-band Hotbird 13F/13G,Found
CI Polsat HD,1_0_1_C30_1E78_71_820000_0_0_0.png,cipolsathd.png,13.0E,(72) 13.0E KU-band Hotbird 13F/13G,Found
CI Polsat HD,1_0_1_C31_1E78_71_820000_0_0_0.png,cipolsathd.png,13.0E,(72) 13.0E KU-band Hotbird 13F/13G,Found
CIRA TV,1_0_1_2334_2328_13E_820000_0_0_0.png,ciratv.png,13.0E,(72) 13.0E KU-band Hotbird 13F/13G,Found
CNBC HD,1_0_1_1326_33F4_13E_820000_0_0_0.png,cnbchd.png,13.0E,(72) 13.0E KU-band Hotbird 13F/13G,Found
CNEWS,1_0_1_524_2E7C_13F_820000_0_0_0.png,cnews.png,13.0E,(72) 13.0E KU-band Hotbird 13F/13G,Found
CNN Intl.,1_0_1_2BCB_19C8_FBFF_820000_0_0_0.png,cnnintl.png,13.0E,(72) 13.0E KU-band Hotbird 13F/13G,Found
CNNI EMEA HD,1_0_19_3B6D_12C_13E_820000_0_0_0.png,cnniemeahd.png,13.0E,(72) 13.0E KU-band Hotbird 13F/13G,Found
COSMOTESport1HD,1_0_1_3C9D_1BBC_13E_820000_0_0_0.png,cosmotesport1hd.png,13.0E,(72) 13.0E KU-band Hotbird 13F/13G,Found
COSMOTESport2HD,1_0_1_1BD3_17D4_13E_820000_0_0_0.png,cosmotesport2hd.png,13.0E,(72) 13.0E KU-band Hotbird 13F/13G,Found
COSMOTESport3HD,1_0_1_165_1C84_13E_820000_0_0_0.png,cosmotesport3hd.png,13.0E,(72) 13.0E KU-band Hotbird 13F/13G,Found
COSMOTESport4HD,1_0_1_1BCB_17D4_13E_820000_0_0_0.png,cosmotesport4hd.png,13.0E,(72) 13.0E KU-band Hotbird 13F/13G,Found
COSMOTESport5HD,1_0_1_1BCC_17D4_13E_820000_0_0_0.png,cosmotesport5hd.png,13.0E,(72) 13.0E KU-band Hotbird 13F/13G,Found
COSMOTESport6HD,1_0_1_1BCE_17D4_13E_820000_0_0_0.png,cosmotesport6hd.png,13.0E,(72) 13.0E KU-band Hotbird 13F/13G,Found
COSMOTESport7HD,1_0_1_3C93_1BBC_13E_820000_0_0_0.png,cosmotesport7hd.png,13.0E,(72) 13.0E KU-band Hotbird 13F/13G,Found
COSMOTESport8HD,1_0_1_3C94_1BBC_13E_820000_0_0_0.png,cosmotesport8hd.png,13.0E,(72) 13.0E KU-band Hotbird 13F/13G,Found
COSMOTESport9HD,1_0_1_3C96_1BBC_13E_820000_0_0_0.png,cosmotesport9hd.png,13.0E,(72) 13.0E KU-band Hotbird 13F/13G,Found
COSMOTESportHLHD,1_0_1_193_1518_13E_820000_0_0_0.png,cosmotesporthlhd.png,13.0E,(72) 13.0E KU-band Hotbird 13F/13G,Found
CRIME DISTRICT,1_0_1_5B1_170C_13F_820000_0_0_0.png,crimedistrict.png,13.0E,(72) 13.0E KU-band Hotbird 13F/13G,Found
CSTAR,1_0_1_589_170C_13F_820000_0_0_0.png,cstar.png,13.0E,(72) 13.0E KU-band Hotbird 13F/13G,Found
Caccia e PESCA,1_0_1_10FE_2260_FBFF_820000_0_0_0.png,cacciaepesca.png,13.0E,(72) 13.0E KU-band Hotbird 13F/13G,Found
Calcio Overlay HD,1_0_19_1092_2008_FBFF_820000_0_0_0.png,calciooverlayhd.png,13.0E,(72) 13.0E KU-band Hotbird 13F/13G,Found
Camera Deputati,1_0_1_2147_3070_13E_820000_0_0_0.png,cameradeputati.png,13.0E,(72) 13.0E KU-band Hotbird 13F/13G,Found
Canale Italia,1_0_1_1364_33F4_13E_820000_0_0_0.png,canaleitalia.png,13.0E,(72) 13.0E KU-band Hotbird 13F/13G,Found
Canale Italia 2,1_0_1_1366_33F4_13E_820000_0_0_0.png,canaleitalia2.png,13.0E,(72) 13.0E KU-band Hotbird 13F/13G,Found
Canale Italia 83,1_0_1_1361_33F4_13E_820000_0_0_0.png,canaleitalia83.png,13.0E,(72) 13.0E KU-band Hotbird 13F/13G,Found
Canale Italia 84,1_0_1_1362_33F4_13E_820000_0_0_0.png,canaleitalia84.png,13.0E,(72) 13.0E KU-band Hotbird 13F/13G,Found
Canale5 HD,1_0_19_7A_4B0_110_820000_0_0_0.png,canale5hd.png,13.0E,(72) 13.0E KU-band Hotbird 13F/13G,Found
Cartoon Network,1_0_19_37B2_2260_FBFF_820000_0_0_0.png,cartoonnetwork.png,13.0E,(72) 13.0E KU-band Hotbird 13F/13G,Found
Cartoon Network Poland HD,1_0_19_10E5_3E8_13E_820000_0_0_0.png,cartoonnetworkpolandhd.png,13.0E,(72) 13.0E KU-band Hotbird 13F/13G,Found
Cartoonito HD,1_0_1_1BD2_17D4_13E_820000_0_0_0.png,cartoonitohd.png,13.0E,(72) 13.0E KU-band Hotbird 13F/13G,Found
Cartoonito HD,1_0_19_85_4B0_110_820000_0_0_0.png,cartoonitohd.png,13.0E,(72) 13.0E KU-band Hotbird 13F/13G,Found
Cartoonito Poland HD,1_0_19_10E4_3E8_13E_820000_0_0_0.png,cartoonitopolandhd.png,13.0E,(72) 13.0E KU-band Hotbird 13F/13G,Found
Casablanca,1_0_2_36_2E18_B0_820000_0_0_0.png,casablanca.png,13.0E,(72) 13.0E KU-band Hotbird 13F/13G,Found
Cine34 HD,1_0_19_6F_4B0_110_820000_0_0_0.png,cine34hd.png,13.0E,(72) 13.0E KU-band Hotbird 13F/13G,Found
CineStar 1,1_0_16_93_251C_D5_820000_0_0_0.png,cinestar1.png,13.0E,(72) 13.0E KU-band Hotbird 13F/13G,Found
Cinema HD,1_0_19_2C46_19C8_FBFF_820000_0_0_0.png,cinemahd.png,13.0E,(72) 13.0E KU-band Hotbird 13F/13G,Found
Cinemax,1_0_16_E2_251C_D5_820000_0_0_0.png,cinemax.png,13.0E,(72) 13.0E KU-band Hotbird 13F/13G,Found
Cinemax 2 HD,1_0_1_C26_1E78_71_820000_0_0_0.png,cinemax2hd.png,13.0E,(72) 13.0E KU-band Hotbird 13F/13G,Found
Cinemax 2 HD,1_0_19_C29_1E78_71_820000_0_0_0.png,cinemax2hd.png,13.0E,(72) 13.0E KU-band Hotbird 13F/13G,Found
Cinemax HD,1_0_1_3A9F_514_13E_820000_0_0_0.png,cinemaxhd.png,13.0E,(72) 13.0E KU-band Hotbird 13F/13G,Found
Cinemax HD,1_0_1_3AD1_514_13E_820000_0_0_0.png,cinemaxhd.png,13.0E,(72) 13.0E KU-band Hotbird 13F/13G,Found
Cinemax HD,1_0_1_3AEF_514_13E_820000_0_0_0.png,cinemaxhd.png,13.0E,(72) 13.0E KU-band Hotbird 13F/13G,Found
Class CNBC,1_0_1_599_19C8_FBFF_820000_0_0_0.png,classcnbc.png,13.0E,(72) 13.0E KU-band Hotbird 13F/13G,Found
Class TV Moda,1_0_16_422D_2F44_13E_820000_0_0_0.png,classtvmoda.png,13.0E,(72) 13.0E KU-band Hotbird 13F/13G,Found
Cobalt Data,1_0_98_15D_157C_13E_820000_0_0_0.png,cobaltdata.png,13.0E,(72) 13.0E KU-band Hotbird 13F/13G,Found
Cobalt Data,1_0_98_167_1C84_13E_820000_0_0_0.png,cobaltdata.png,13.0E,(72) 13.0E KU-band Hotbird 13F/13G,Found
Cobalt Data,1_0_98_1AE_1518_13E_820000_0_0_0.png,cobaltdata.png,13.0E,(72) 13.0E KU-band Hotbird 13F/13G,Found
Cobalt Data,1_0_98_3CB4_1BBC_13E_820000_0_0_0.png,cobaltdata.png,13.0E,(72) 13.0E KU-band Hotbird 13F/13G,Found
Cobalt Data,1_0_98_1BCF_17D4_13E_820000_0_0_0.png,cobaltdata.png,13.0E,(72) 13.0E KU-band Hotbird 13F/13G,Found
Comedy Central,1_0_1_57C_19C8_FBFF_820000_0_0_0.png,comedycentral.png,13.0E,(72) 13.0E KU-band Hotbird 13F/13G,Found
Comedy Central HD,1_0_1_C_1964_13E_820000_0_0_0.png,comedycentralhd.png,13.0E,(72) 13.0E KU-band Hotbird 13F/13G,Found
Comedy Central HD,1_0_1_20_1964_13E_820000_0_0_0.png,comedycentralhd.png,13.0E,(72) 13.0E KU-band Hotbird 13F/13G,Found
Connessione internet Primafila,1_0_1_E56_16A8_FBFF_820000_0_0_0.png,connessioneinternetprimafila.png,13.0E,(72) 13.0E KU-band Hotbird 13F/13G,Found
Cricket Gold,1_0_1_2BF_14B4_13E_820000_0_0_0.png,cricketgold.png,13.0E,(72) 13.0E KU-band Hotbird 13F/13G,Found
DATA,1_0_1_144F_5DC_13E_820000_0_0_0.png,data.png,13.0E,(72) 13.0E KU-band Hotbird 13F/13G,Found
DATA,1_0_1_118F_2AF8_13E_820000_0_0_0.png,data.png,13.0E,(72) 13.0E KU-band Hotbird 13F/13G,Found
DAZN 1,1_0_19_DEE_15E0_FBFF_820000_0_0_0.png,dazn1.png,13.0E,(72) 13.0E KU-band Hotbird 13F/13G,Found
DAZN 2,1_0_19_DCF_1A90_FBFF_820000_0_0_0.png,dazn2.png,13.0E,(72) 13.0E KU-band Hotbird 13F/13G,Found
DMAX Italy HD,1_0_19_3B62_12C_13E_820000_0_0_0.png,dmaxitalyhd.png,13.0E,(72) 13.0E KU-band Hotbird 13F/13G,Found
DORCEL TV HD,1_0_1_4206_2F44_13E_820000_0_0_0.png,dorceltvhd.png,13.0E,(72) 13.0E KU-band Hotbird 13F/13G,Found
DW,1_0_16_8D_251C_D5_820000_0_0_0.png,dw.png,13.0E,(72) 13.0E KU-band Hotbird 13F/13G,Found
DW English HD,1_0_1_332D_1388_13E_820000_0_0_0.png,dwenglishhd.png,13.0E,(72) 13.0E KU-band Hotbird 13F/13G,Found
DW Russian,1_0_16_71_2FA8_13E_820000_0_0_0.png,dwrussian.png,13.0E,(72) 13.0E KU-band Hotbird 13F/13G,Found
Da Vinci,1_0_1_4280_2BC0_13E_820000_0_0_0.png,davinci.png,13.0E,(72) 13.0E KU-band Hotbird 13F/13G,Found
Da Vinci HD UG,1_0_1_186_1C84_13E_820000_0_0_0.png,davincihdug.png,13.0E,(72) 13.0E KU-band Hotbird 13F/13G,Found
Data,1_0_C_3AC9_514_13E_820000_0_0_0.png,data.png,13.0E,(72) 13.0E KU-band Hotbird 13F/13G,Found
Daystar,1_0_19_70_2_FFFF_DC92CB9_0_0_0.png,daystar.png,13.0E,(72) 13.0E KU-band Hotbird 13F/13G,Found
Daystar SD,1_0_1_1C85_332C_13E_820000_0_0_0.png,daystarsd.png,13.0E,(72) 13.0E KU-band Hotbird 13F/13G,Found
DeAJunior,1_0_1_2C31_19C8_FBFF_820000_0_0_0.png,deajunior.png,13.0E,(72) 13.0E KU-band Hotbird 13F/13G,Found
DeAKids,1_0_1_2CC4_19C8_FBFF_820000_0_0_0.png,deakids.png,13.0E,(72) 13.0E KU-band Hotbird 13F/13G,Found
Deejay TV,1_0_1_2C28_19C8_FBFF_820000_0_0_0.png,deejaytv.png,13.0E,(72) 13.0E KU-band Hotbird 13F/13G,Found
Dim TV,1_0_16_4236_2F44_13E_820000_0_0_0.png,dimtv.png,13.0E,(72) 13.0E KU-band Hotbird 13F/13G,Found
Disco Polo Music,1_0_1_1C8C_1CE8_71_820000_0_0_0.png,discopolomusic.png,13.0E,(72) 13.0E KU-band Hotbird 13F/13G,Found
Disco Polo Music,1_0_1_1C8E_1CE8_71_820000_0_0_0.png,discopolomusic.png,13.0E,(72) 13.0E KU-band Hotbird 13F/13G,Found
Discovery HD,1_0_1_15F_1C84_13E_820000_0_0_0.png,discoveryhd.png,13.0E,(72) 13.0E KU-band Hotbird 13F/13G,Found
Discovery Italy HD,1_0_19_3B6C_12C_13E_820000_0_0_0.png,discoveryitalyhd.png,13.0E,(72) 13.0E KU-band Hotbird 13F/13G,Found
Discovery Life,1_0_19_10E0_3E8_13E_820000_0_0_0.png,discoverylife.png,13.0E,(72) 13.0E KU-band Hotbird 13F/13G,Found
Discovery Poland HD,1_0_19_10DD_3E8_13E_820000_0_0_0.png,discoverypolandhd.png,13.0E,(72) 13.0E KU-band Hotbird 13F/13G,Found
Discovery Turbo Italy,1_0_19_10E1_3E8_13E_820000_0_0_0.png,discoveryturboitaly.png,13.0E,(72) 13.0E KU-band Hotbird 13F/13G,Found
Disney,1_0_16_82_251C_D5_820000_0_0_0.png,disney.png,13.0E,(72) 13.0E KU-band Hotbird 13F/13G,Found
Disney Channel,1_0_1_1A1_1518_13E_820000_0_0_0.png,disneychannel.png,13.0E,(72) 13.0E KU-band Hotbird 13F/13G,Found
Disney Channel,1_0_1_1A3_1518_13E_820000_0_0_0.png,disneychannel.png,13.0E,(72) 13.0E KU-band Hotbird 13F/13G,Found
Disney Channel HD,1_0_1_1CB6_1CE8_71_820000_0_0_0.png,disneychannelhd.png,13.0E,(72) 13.0E KU-band Hotbird 13F/13G,Found
Disney Channel HD,1_0_1_1CC5_1CE8_71_820000_0_0_0.png,disneychannelhd.png,13.0E,(72) 13.0E KU-band Hotbird 13F/13G,Found
Disney Jr.,1_0_19_DFD_2260_FBFF_820000_0_0_0.png,disneyjr.png,13.0E,(72) 13.0E KU-band Hotbird 13F/13G,Found
Disney Junior,1_0_1_2938_1EDC_71_820000_0_0_0.png,disneyjunior.png,13.0E,(72) 13.0E KU-band Hotbird 13F/13G,Found
Disney Junior,1_0_1_19E_1518_13E_820000_0_0_0.png,disneyjunior.png,13.0E,(72) 13.0E KU-band Hotbird 13F/13G,Found
Disney Junior,1_0_16_83_251C_D5_820000_0_0_0.png,disneyjunior.png,13.0E,(72) 13.0E KU-band Hotbird 13F/13G,Found
Disney XD,1_0_1_1CB5_1CE8_71_820000_0_0_0.png,disneyxd.png,13.0E,(72) 13.0E KU-band Hotbird 13F/13G,Found
Dla Abonentow,1_0_1_1C88_1CE8_71_820000_0_0_0.png,dlaabonentow.png,13.0E,(72) 13.0E KU-band Hotbird 13F/13G,Found
Dla Abonentow,1_0_1_1C89_1CE8_71_820000_0_0_0.png,dlaabonentow.png,13.0E,(72) 13.0E KU-band Hotbird 13F/13G,Found
Dla Ciebie TV,1_0_19_4232_2F44_13E_820000_0_0_0.png,dlaciebietv.png,13.0E,(72) 13.0E KU-band Hotbird 13F/13G,Found
Documentari HD,1_0_19_2C2B_19C8_FBFF_820000_0_0_0.png,documentarihd.png,13.0E,(72) 13.0E KU-band Hotbird 13F/13G,Found
Dom Kino Premium,1_0_16_87_251C_D5_820000_0_0_0.png,domkinopremium.png,13.0E,(72) 13.0E KU-band Hotbird 13F/13G,Found
Dubai International HD,1_0_19_389_2134_13E_820000_0_0_0.png,dubaiinternationalhd.png,13.0E,(72) 13.0E KU-band Hotbird 13F/13G,Found
E! Entertainment,1_0_1_3E1E_2EE0_13E_820000_0_0_0.png,eentertainment.png,13.0E,(72) 13.0E KU-band Hotbird 13F/13G,Found
E! Entertainment HD,1_0_1_3C97_1BBC_13E_820000_0_0_0.png,eentertainmenthd.png,13.0E,(72) 13.0E KU-band Hotbird 13F/13G,Found
EDM Events,1_0_1_6DC_3138_13E_820000_0_0_0.png,edmevents.png,13.0E,(72) 13.0E KU-band Hotbird 13F/13G,Found
EI JUMHURIA TV,1_0_19_6A_2_FFFF_DC92CB9_0_0_0.png,eijumhuriatv.png,13.0E,(72) 13.0E KU-band Hotbird 13F/13G,Found
EON,1_0_1_3F4_251C_D5_820000_0_0_0.png,eon.png,13.0E,(72) 13.0E KU-band Hotbird 13F/13G,Found
EPT3 HD,1_0_1_183_1C84_13E_820000_0_0_0.png,ept3hd.png,13.0E,(72) 13.0E KU-band Hotbird 13F/13G,Found
EQUIDIA,1_0_1_58D_170C_13F_820000_0_0_0.png,equidia.png,13.0E,(72) 13.0E KU-band Hotbird 13F/13G,Found
EQUtv,1_0_1_4243_3DB8_13E_820000_0_0_0.png,equtv.png,13.0E,(72) 13.0E KU-band Hotbird 13F/13G,Found
ERT World Europe,1_0_1_139_157C_13E_820000_0_0_0.png,ertworldeurope.png,13.0E,(72) 13.0E KU-band Hotbird 13F/13G,Found
ESC,1_0_19_38E_2134_13E_820000_0_0_0.png,esc.png,13.0E,(72) 13.0E KU-band Hotbird 13F/13G,Found
EURONEWS ITALIAN SD PAL 1.8,1_0_16_7E1_22C4_13E_820000_0_0_0.png,euronewsitaliansdpal18.png,13.0E,(72) 13.0E KU-band Hotbird 13F/13G,Found
EURORADIO,1_0_2_CB_2FA8_13E_820000_0_0_0.png,euroradio.png,13.0E,(72) 13.0E KU-band Hotbird 13F/13G,Found
EWTN ENGLISH,1_0_1_29D1_1C20_13E_820000_0_0_0.png,ewtnenglish.png,13.0E,(72) 13.0E KU-band Hotbird 13F/13G,Found
Eko TV,1_0_1_6B9_3138_13E_820000_0_0_0.png,ekotv.png,13.0E,(72) 13.0E KU-band Hotbird 13F/13G,Found
Eleven Sports 1 4K,1_0_1F_70F_32C8_13E_820000_0_0_0.png,elevensports14k.png,13.0E,(72) 13.0E KU-band Hotbird 13F/13G,Found
Eleven Sports 1 HD,1_0_1_13F3_5DC_13E_820000_0_0_0.png,elevensports1hd.png,13.0E,(72) 13.0E KU-band Hotbird 13F/13G,Found
Eleven Sports 2 HD,1_0_1_13F5_5DC_13E_820000_0_0_0.png,elevensports2hd.png,13.0E,(72) 13.0E KU-band Hotbird 13F/13G,Found
Eleven Sports 3 HD,1_0_1_13F8_5DC_13E_820000_0_0_0.png,elevensports3hd.png,13.0E,(72) 13.0E KU-band Hotbird 13F/13G,Found
Eleven Sports 4 HD,1_0_1_3D6C_2C88_13E_820000_0_0_0.png,elevensports4hd.png,13.0E,(72) 13.0E KU-band Hotbird 13F/13G,Found
Eleven Sports 4 HD,1_0_1_13FA_5DC_13E_820000_0_0_0.png,elevensports4hd.png,13.0E,(72) 13.0E KU-band Hotbird 13F/13G,Found
Epic Drama,1_0_16_7A_251C_D5_820000_0_0_0.png,epicdrama.png,13.0E,(72) 13.0E KU-band Hotbird 13F/13G,Found
Epic Drama HD,1_0_1_4290_2BC0_13E_820000_0_0_0.png,epicdramahd.png,13.0E,(72) 13.0E KU-band Hotbird 13F/13G,Found
Epic Drama HD,1_0_1_1BC8_17D4_13E_820000_0_0_0.png,epicdramahd.png,13.0E,(72) 13.0E KU-band Hotbird 13F/13G,Found
Equidia PRO 1 HD,1_0_19_830_22C4_13E_820000_0_0_0.png,equidiapro1hd.png,13.0E,(72) 13.0E KU-band Hotbird 13F/13G,Found
Equidia PRO 2 HD,1_0_19_831_22C4_13E_820000_0_0_0.png,equidiapro2hd.png,13.0E,(72) 13.0E KU-band Hotbird 13F/13G,Found
Eurasia Worldwide,1_0_1_1C92_332C_13E_820000_0_0_0.png,eurasiaworldwide.png,13.0E,(72) 13.0E KU-band Hotbird 13F/13G,Found
Euronews Greek,1_0_1_3C9C_1BBC_13E_820000_0_0_0.png,euronewsgreek.png,13.0E,(72) 13.0E KU-band Hotbird 13F/13G,Found
Eurosport 1 Greek HD,1_0_19_2EF_2BC_13E_820000_0_0_0.png,eurosport1greekhd.png,13.0E,(72) 13.0E KU-band Hotbird 13F/13G,Found
Eurosport 1 International HD,1_0_19_2BD_2BC_13E_820000_0_0_0.png,eurosport1internationalhd.png,13.0E,(72) 13.0E KU-band Hotbird 13F/13G,Found
Eurosport 1 Poland HD,1_0_19_3B67_12C_13E_820000_0_0_0.png,eurosport1polandhd.png,13.0E,(72) 13.0E KU-band Hotbird 13F/13G,Found
Eurosport 1 Serbian HD,1_0_19_2F0_2BC_13E_820000_0_0_0.png,eurosport1serbianhd.png,13.0E,(72) 13.0E KU-band Hotbird 13F/13G,Found
Eurosport 2 Greek HD,1_0_19_2F2_2BC_13E_820000_0_0_0.png,eurosport2greekhd.png,13.0E,(72) 13.0E KU-band Hotbird 13F/13G,Found
Eurosport 2 International HD,1_0_19_2BE_2BC_13E_820000_0_0_0.png,eurosport2internationalhd.png,13.0E,(72) 13.0E KU-band Hotbird 13F/13G,Found
Eurosport 2 Poland HD,1_0_19_3B68_12C_13E_820000_0_0_0.png,eurosport2polandhd.png,13.0E,(72) 13.0E KU-band Hotbird 13F/13G,Found
Eurosport 2 Serbian HD,1_0_19_2F1_2BC_13E_820000_0_0_0.png,eurosport2serbianhd.png,13.0E,(72) 13.0E KU-band Hotbird 13F/13G,Found
Eutelsat Data 1,1_0_1_4267_2F44_13E_820000_0_0_0.png,eutelsatdata1.png,13.0E,(72) 13.0E KU-band Hotbird 13F/13G,Found
Eutelsat Data 1,1_0_1_69A_2454_13E_820000_0_0_0.png,eutelsatdata1.png,13.0E,(72) 13.0E KU-band Hotbird 13F/13G,Found
Extreme Sports HD,1_0_1_290A_1EDC_71_820000_0_0_0.png,extremesportshd.png,13.0E,(72) 13.0E KU-band Hotbird 13F/13G,Found
FRANCE 2,1_0_1_516_2E7C_13F_820000_0_0_0.png,france2.png,13.0E,(72) 13.0E KU-band Hotbird 13F/13G,Found
FRANCE 3,1_0_1_517_2E7C_13F_820000_0_0_0.png,france3.png,13.0E,(72) 13.0E KU-band Hotbird 13F/13G,Found
FRANCE 4,1_0_1_522_2E7C_13F_820000_0_0_0.png,france4.png,13.0E,(72) 13.0E KU-band Hotbird 13F/13G,Found
FRANCE 5,1_0_1_519_2E7C_13F_820000_0_0_0.png,france5.png,13.0E,(72) 13.0E KU-band Hotbird 13F/13G,Found
FRANCEINFO:,1_0_1_58B_170C_13F_820000_0_0_0.png,franceinfo.png,13.0E,(72) 13.0E KU-band Hotbird 13F/13G,Found
FX HD,1_0_1_C27_1E78_71_820000_0_0_0.png,fxhd.png,13.0E,(72) 13.0E KU-band Hotbird 13F/13G,Found
FX HD,1_0_1_C2D_1E78_71_820000_0_0_0.png,fxhd.png,13.0E,(72) 13.0E KU-band Hotbird 13F/13G,Found
Fightbox HD,1_0_1_3E24_2EE0_13E_820000_0_0_0.png,fightboxhd.png,13.0E,(72) 13.0E KU-band Hotbird 13F/13G,Found
Fightklub HD,1_0_1_113B_2AF8_13E_820000_0_0_0.png,fightklubhd.png,13.0E,(72) 13.0E KU-band Hotbird 13F/13G,Found
FilmBox Action,1_0_1_3D65_2C88_13E_820000_0_0_0.png,filmboxaction.png,13.0E,(72) 13.0E KU-band Hotbird 13F/13G,Found
FilmBox Extra HD,1_0_1_3D68_2C88_13E_820000_0_0_0.png,filmboxextrahd.png,13.0E,(72) 13.0E KU-band Hotbird 13F/13G,Found
FilmBox Family,1_0_1_3D62_2C88_13E_820000_0_0_0.png,filmboxfamily.png,13.0E,(72) 13.0E KU-band Hotbird 13F/13G,Found
Filmbox Arthouse,1_0_1_428A_2BC0_13E_820000_0_0_0.png,filmboxarthouse.png,13.0E,(72) 13.0E KU-band Hotbird 13F/13G,Found
Filmbox Premium HD,1_0_1_3D5D_2C88_13E_820000_0_0_0.png,filmboxpremiumhd.png,13.0E,(72) 13.0E KU-band Hotbird 13F/13G,Found
Focus HD,1_0_19_86_4B0_110_820000_0_0_0.png,focushd.png,13.0E,(72) 13.0E KU-band Hotbird 13F/13G,Found
Food Network HD,1_0_1_3C9A_1BBC_13E_820000_0_0_0.png,foodnetworkhd.png,13.0E,(72) 13.0E KU-band Hotbird 13F/13G,Found
Food Network HD,1_0_19_3DD9_640_13E_820000_0_0_0.png,foodnetworkhd.png,13.0E,(72) 13.0E KU-band Hotbird 13F/13G,Found
Food Network HD_,1_0_19_3DEC_640_13E_820000_0_0_0.png,foodnetworkhd.png,13.0E,(72) 13.0E KU-band Hotbird 13F/13G,Found
Food Network Italy HD,1_0_19_3B63_12C_13E_820000_0_0_0.png,foodnetworkitalyhd.png,13.0E,(72) 13.0E KU-band Hotbird 13F/13G,Found
Fox Business,1_0_1_38D0_19C8_FBFF_820000_0_0_0.png,foxbusiness.png,13.0E,(72) 13.0E KU-band Hotbird 13F/13G,Found
Fox News,1_0_1_1FA7_19C8_FBFF_820000_0_0_0.png,foxnews.png,13.0E,(72) 13.0E KU-band Hotbird 13F/13G,Found
France 24 HD (en Francais),1_0_19_327_3BC4_1_820000_0_0_0.png,france24hdenfrancais.png,13.0E,(72) 13.0E KU-band Hotbird 13F/13G,Found
France 24 HD (in English),1_0_19_328_3BC4_1_820000_0_0_0.png,france24hdinenglish.png,13.0E,(72) 13.0E KU-band Hotbird 13F/13G,Found
Frisbee,1_0_16_3B65_12C_13E_820000_0_0_0.png,frisbee.png,13.0E,(72) 13.0E KU-band Hotbird 13F/13G,Found
Fx Comedy HD,1_0_1_C1F_1E78_71_820000_0_0_0.png,fxcomedyhd.png,13.0E,(72) 13.0E KU-band Hotbird 13F/13G,Found
Fx Comedy HD,1_0_1_C2B_1E78_71_820000_0_0_0.png,fxcomedyhd.png,13.0E,(72) 13.0E KU-band Hotbird 13F/13G,Found
GB News,1_0_19_6E_2_FFFF_DC92CB9_0_0_0.png,gbnews.png,13.0E,(72) 13.0E KU-band Hotbird 13F/13G,Found
GEB TV,1_0_1_11FF_2B5C_13E_820000_0_0_0.png,gebtv.png,13.0E,(72) 13.0E KU-band Hotbird 13F/13G,Found
GFD Service,1_0_1_E66_16A8_FBFF_820000_0_0_0.png,gfdservice.png,13.0E,(72) 13.0E KU-band Hotbird 13F/13G,Found
GNC,1_0_1_1C8E_332C_13E_820000_0_0_0.png,gnc.png,13.0E,(72) 13.0E KU-band Hotbird 13F/13G,Found
GO-TV CHANNEL,1_0_1_2336_2328_13E_820000_0_0_0.png,gotvchannel.png,13.0E,(72) 13.0E KU-band Hotbird 13F/13G,Found
GOD TV,1_0_16_89F_1F4_FC_820000_0_0_0.png,godtv.png,13.0E,(72) 13.0E KU-band Hotbird 13F/13G,Found
GORDON Live,1_0_16_67_2FA8_13E_820000_0_0_0.png,gordonlive.png,13.0E,(72) 13.0E KU-band Hotbird 13F/13G,Found
GULLI,1_0_1_58A_170C_13F_820000_0_0_0.png,gulli.png,13.0E,(72) 13.0E KU-band Hotbird 13F/13G,Found
Gambero Rosso HD,1_0_19_2FC4_2260_FBFF_820000_0_0_0.png,gamberorossohd.png,13.0E,(72) 13.0E KU-band Hotbird 13F/13G,Found
Gambero Rosso HD,1_0_19_2FC5_2260_FBFF_820000_0_0_0.png,gamberorossohd.png,13.0E,(72) 13.0E KU-band Hotbird 13F/13G,Found
Giallo HD,1_0_19_10E2_3E8_13E_820000_0_0_0.png,giallohd.png,13.0E,(72) 13.0E KU-band Hotbird 13F/13G,Found
Giornale Radio,1_0_2_E31_1C20_13E_820000_0_0_0.png,giornaleradio.png,13.0E,(72) 13.0E KU-band Hotbird 13F/13G,Found
Global Biz TV,1_0_19_75_2_FFFF_DC92CB9_0_0_0.png,globalbiztv.png,13.0E,(72) 13.0E KU-band Hotbird 13F/13G,Found
Golf Zone,1_0_1_3E23_2EE0_13E_820000_0_0_0.png,golfzone.png,13.0E,(72) 13.0E KU-band Hotbird 13F/13G,Found
H2,1_0_16_8C_251C_D5_820000_0_0_0.png,h2.png,13.0E,(72) 13.0E KU-band Hotbird 13F/13G,Found
HADI TV 3,1_0_1_134B_33F4_13E_820000_0_0_0.png,haditv3.png,13.0E,(72) 13.0E KU-band Hotbird 13F/13G,Found
HBO,1_0_16_E5_251C_D5_820000_0_0_0.png,hbo.png,13.0E,(72) 13.0E KU-band Hotbird 13F/13G,Found
HBO 2,1_0_16_E6_251C_D5_820000_0_0_0.png,hbo2.png,13.0E,(72) 13.0E KU-band Hotbird 13F/13G,Found
HBO HD,1_0_1_290E_1EDC_71_820000_0_0_0.png,hbohd.png,13.0E,(72) 13.0E KU-band Hotbird 13F/13G,Found
HBO HD,1_0_1_290F_1EDC_71_820000_0_0_0.png,hbohd.png,13.0E,(72) 13.0E KU-band Hotbird 13F/13G,Found
HBO2 HD,1_0_1_13F4_5DC_13E_820000_0_0_0.png,hbo2hd.png,13.0E,(72) 13.0E KU-band Hotbird 13F/13G,Found
HBO3 HD,1_0_1_13F9_5DC_13E_820000_0_0_0.png,hbo3hd.png,13.0E,(72) 13.0E KU-band Hotbird 13F/13G,Found
HGTV HD,1_0_19_10EB_3E8_13E_820000_0_0_0.png,hgtvhd.png,13.0E,(72) 13.0E KU-band Hotbird 13F/13G,Found
HGTV Italy HD,1_0_19_10EE_3E8_13E_820000_0_0_0.png,hgtvitalyhd.png,13.0E,(72) 13.0E KU-band Hotbird 13F/13G,Found
HOME TV,1_0_1_114E_2AF8_13E_820000_0_0_0.png,hometv.png,13.0E,(72) 13.0E KU-band Hotbird 13F/13G,Found
Historia Poland,1_0_16_10DF_3E8_13E_820000_0_0_0.png,historiapoland.png,13.0E,(72) 13.0E KU-band Hotbird 13F/13G,Found
History,1_0_19_DB9_1A90_FBFF_820000_0_0_0.png,history.png,13.0E,(72) 13.0E KU-band Hotbird 13F/13G,Found
History,1_0_19_DC2_1A90_FBFF_820000_0_0_0.png,history.png,13.0E,(72) 13.0E KU-band Hotbird 13F/13G,Found
History 2 HD,1_0_1_3E22_2EE0_13E_820000_0_0_0.png,history2hd.png,13.0E,(72) 13.0E KU-band Hotbird 13F/13G,Found
History HD,1_0_1_C2F_1E78_71_820000_0_0_0.png,historyhd.png,13.0E,(72) 13.0E KU-band Hotbird 13F/13G,Found
History HD,1_0_1_C32_1E78_71_820000_0_0_0.png,historyhd.png,13.0E,(72) 13.0E KU-band Hotbird 13F/13G,Found
Horse TV HD,1_0_19_422E_2F44_13E_820000_0_0_0.png,horsetvhd.png,13.0E,(72) 13.0E KU-band Hotbird 13F/13G,Found
HotBird 4K1,1_0_1_4B9_23F0_13E_820000_0_0_0.png,hotbird4k1.png,13.0E,(72) 13.0E KU-band Hotbird 13F/13G,Found
Hustler,1_0_16_7F_251C_D5_820000_0_0_0.png,hustler.png,13.0E,(72) 13.0E KU-band Hotbird 13F/13G,Found
Hustler HD,1_0_19_113F_2AF8_13E_820000_0_0_0.png,hustlerhd.png,13.0E,(72) 13.0E KU-band Hotbird 13F/13G,Found
Hustler HD Nova,1_0_19_1148_2AF8_13E_820000_0_0_0.png,hustlerhdnova.png,13.0E,(72) 13.0E KU-band Hotbird 13F/13G,Found
Hustler HD SBB,1_0_19_1147_2AF8_13E_820000_0_0_0.png,hustlerhdsbb.png,13.0E,(72) 13.0E KU-band Hotbird 13F/13G,Found
ID,1_0_16_71_251C_D5_820000_0_0_0.png,id.png,13.0E,(72) 13.0E KU-band Hotbird 13F/13G,Found
ID Poland HD,1_0_19_3B69_12C_13E_820000_0_0_0.png,idpolandhd.png,13.0E,(72) 13.0E KU-band Hotbird 13F/13G,Found
IEPG Data,1_0_1_2B57_1900_FBFF_820000_0_0_0.png,iepgdata.png,13.0E,(72) 13.0E KU-band Hotbird 13F/13G,Found
IEPG Data,1_0_1_1063_1A90_FBFF_820000_0_0_0.png,iepgdata.png,13.0E,(72) 13.0E KU-band Hotbird 13F/13G,Found
IEPG Data,1_0_1_E70_16A8_FBFF_820000_0_0_0.png,iepgdata.png,13.0E,(72) 13.0E KU-band Hotbird 13F/13G,Found
IEPG Data,1_0_1_1E76_15E0_FBFF_820000_0_0_0.png,iepgdata.png,13.0E,(72) 13.0E KU-band Hotbird 13F/13G,Found
IEPG Data,1_0_1_2DB3_2260_FBFF_820000_0_0_0.png,iepgdata.png,13.0E,(72) 13.0E KU-band Hotbird 13F/13G,Found
IEPG Data,1_0_1_2BBF_19C8_FBFF_820000_0_0_0.png,iepgdata.png,13.0E,(72) 13.0E KU-band Hotbird 13F/13G,Found
IEPG Data,1_0_1_10CA_2008_FBFF_820000_0_0_0.png,iepgdata.png,13.0E,(72) 13.0E KU-band Hotbird 13F/13G,Found
IEPG Data,1_0_1_2AF7_1838_FBFF_820000_0_0_0.png,iepgdata.png,13.0E,(72) 13.0E KU-band Hotbird 13F/13G,Found
InBlu,1_0_2_5D_1770_BE_820000_0_0_0.png,inblu.png,13.0E,(72) 13.0E KU-band Hotbird 13F/13G,Found
Info2,1_0_19_2B9E_19C8_FBFF_820000_0_0_0.png,info2.png,13.0E,(72) 13.0E KU-band Hotbird 13F/13G,Found
Insight TV UHD,1_0_11_BEA_20D0_13E_820000_0_0_0.png,insighttvuhd.png,13.0E,(72) 13.0E KU-band Hotbird 13F/13G,Found
Inter TV,1_0_19_250F_2260_FBFF_820000_0_0_0.png,intertv.png,13.0E,(72) 13.0E KU-band Hotbird 13F/13G,Found
Intrattenim. HD,1_0_19_2C6B_19C8_FBFF_820000_0_0_0.png,intrattenimhd.png,13.0E,(72) 13.0E KU-band Hotbird 13F/13G,Found
Iran E Aryee,1_0_1_89B_1F4_FC_820000_0_0_0.png,iranearyee.png,13.0E,(72) 13.0E KU-band Hotbird 13F/13G,Found
Iran International,1_0_1_1C8B_332C_13E_820000_0_0_0.png,iraninternational.png,13.0E,(72) 13.0E KU-band Hotbird 13F/13G,Found
Iran International HD,1_0_1_1F5_384_13E_820000_0_0_0.png,iraninternationalhd.png,13.0E,(72) 13.0E KU-band Hotbird 13F/13G,Found
Ird ALI,1_0_1_3F3_251C_D5_820000_0_0_0.png,irdali.png,13.0E,(72) 13.0E KU-band Hotbird 13F/13G,Found
Ird HiSi,1_0_1_3F2_251C_D5_820000_0_0_0.png,irdhisi.png,13.0E,(72) 13.0E KU-band Hotbird 13F/13G,Found
Iris HD,1_0_19_7C_4B0_110_820000_0_0_0.png,irishd.png,13.0E,(72) 13.0E KU-band Hotbird 13F/13G,Found
Italia1 HD,1_0_19_79_4B0_110_820000_0_0_0.png,italia1hd.png,13.0E,(72) 13.0E KU-band Hotbird 13F/13G,Found
JIN TV,1_0_1_232C_2328_13E_820000_0_0_0.png,jintv.png,13.0E,(72) 13.0E KU-band Hotbird 13F/13G,Found
JORDAN TV,1_0_19_392_2134_13E_820000_0_0_0.png,jordantv.png,13.0E,(72) 13.0E KU-band Hotbird 13F/13G,Found
Jedynka - PR,1_0_1_1CA5_1CE8_71_820000_0_0_0.png,jedynkapr.png,13.0E,(72) 13.0E KU-band Hotbird 13F/13G,Found
Jedynka - PR,1_0_2_1C9B_1CE8_71_820000_0_0_0.png,jedynkapr.png,13.0E,(72) 13.0E KU-band Hotbird 13F/13G,Found
Just TV,1_0_1_6B0_3138_13E_820000_0_0_0.png,justtv.png,13.0E,(72) 13.0E KU-band Hotbird 13F/13G,Found
Juwelo TV,1_0_1_4237_2F44_13E_820000_0_0_0.png,juwelotv.png,13.0E,(72) 13.0E KU-band Hotbird 13F/13G,Found
K2,1_0_16_3B64_12C_13E_820000_0_0_0.png,k2.png,13.0E,(72) 13.0E KU-band Hotbird 13F/13G,Found
KANAL TESTOWY,1_0_1_3ABF_514_13E_820000_0_0_0.png,kanaltestowy.png,13.0E,(72) 13.0E KU-band Hotbird 13F/13G,Found
KBS WORLD,1_0_1_1325_33F4_13E_820000_0_0_0.png,kbsworld.png,13.0E,(72) 13.0E KU-band Hotbird 13F/13G,Found
KENTRON TV,1_0_1_232F_2328_13E_820000_0_0_0.png,kentrontv.png,13.0E,(72) 13.0E KU-band Hotbird 13F/13G,Found
KINO POLSKA HD,1_0_1_3D64_2C88_13E_820000_0_0_0.png,kinopolskahd.png,13.0E,(72) 13.0E KU-band Hotbird 13F/13G,Found
KINO POLSKA HD,1_0_1_3D96_2C88_13E_820000_0_0_0.png,kinopolskahd.png,13.0E,(72) 13.0E KU-band Hotbird 13F/13G,Found
KTV,1_0_16_8A1_1F4_FC_820000_0_0_0.png,ktv.png,13.0E,(72) 13.0E KU-band Hotbird 13F/13G,Found
Kabelio 5 UK,1_0_19_E6_2C24_13E_820000_0_0_0.png,kabelio5uk.png,13.0E,(72) 13.0E KU-band Hotbird 13F/13G,Found
Kabelio Auftanken.TV,1_0_19_D4_2C24_13E_820000_0_0_0.png,kabelioauftankentv.png,13.0E,(72) 13.0E KU-band Hotbird 13F/13G,Found
Kabelio BBC One Lon,1_0_19_DD_2C24_13E_820000_0_0_0.png,kabeliobbconelon.png,13.0E,(72) 13.0E KU-band Hotbird 13F/13G,Found
Kabelio BBC Two,1_0_19_DE_2C24_13E_820000_0_0_0.png,kabeliobbctwo.png,13.0E,(72) 13.0E KU-band Hotbird 13F/13G,Found
Kabelio BBC3/CBBC,1_0_19_DF_2C24_13E_820000_0_0_0.png,kabeliobbc3cbbc.png,13.0E,(72) 13.0E KU-band Hotbird 13F/13G,Found
Kabelio BBC4/CBBies,1_0_19_E0_2C24_13E_820000_0_0_0.png,kabeliobbc4cbbies.png,13.0E,(72) 13.0E KU-band Hotbird 13F/13G,Found
Kabelio BVN,1_0_16_FC_2C24_13E_820000_0_0_0.png,kabeliobvn.png,13.0E,(72) 13.0E KU-band Hotbird 13F/13G,Found
Kabelio Blue Zoom D,1_0_19_D5_2C24_13E_820000_0_0_0.png,kabeliobluezoomd.png,13.0E,(72) 13.0E KU-band Hotbird 13F/13G,Found
Kabelio Canale 5,1_0_19_FB_2C24_13E_820000_0_0_0.png,kabeliocanale5.png,13.0E,(72) 13.0E KU-band Hotbird 13F/13G,Found
Kabelio Carac 1,1_0_19_D0_2C24_13E_820000_0_0_0.png,kabeliocarac1.png,13.0E,(72) 13.0E KU-band Hotbird 13F/13G,Found
Kabelio Channel 4,1_0_19_E5_2C24_13E_820000_0_0_0.png,kabeliochannel4.png,13.0E,(72) 13.0E KU-band Hotbird 13F/13G,Found
Kabelio Das Erste,1_0_19_84_1644_13E_820000_0_0_0.png,kabeliodaserste.png,13.0E,(72) 13.0E KU-band Hotbird 13F/13G,Found
Kabelio Das Erste,1_0_19_84_3264_13E_820000_0_0_0.png,kabeliodaserste.png,13.0E,(72) 13.0E KU-band Hotbird 13F/13G,Found
Kabelio Film 4,1_0_19_E7_2C24_13E_820000_0_0_0.png,kabeliofilm4.png,13.0E,(72) 13.0E KU-band Hotbird 13F/13G,Found
Kabelio INFO,1_0_19_88_3264_13E_820000_0_0_0.png,kabelioinfo.png,13.0E,(72) 13.0E KU-band Hotbird 13F/13G,Found
Kabelio ITV1 London,1_0_19_E1_2C24_13E_820000_0_0_0.png,kabelioitv1london.png,13.0E,(72) 13.0E KU-band Hotbird 13F/13G,Found
Kabelio ITV2,1_0_19_E2_2C24_13E_820000_0_0_0.png,kabelioitv2.png,13.0E,(72) 13.0E KU-band Hotbird 13F/13G,Found
Kabelio ITV3,1_0_19_E3_2C24_13E_820000_0_0_0.png,kabelioitv3.png,13.0E,(72) 13.0E KU-band Hotbird 13F/13G,Found
Kabelio ITV4,1_0_19_E4_2C24_13E_820000_0_0_0.png,kabelioitv4.png,13.0E,(72) 13.0E KU-band Hotbird 13F/13G,Found
Kabelio Kabel 1 CH,1_0_19_7F_1644_13E_820000_0_0_0.png,kabeliokabel1ch.png,13.0E,(72) 13.0E KU-band Hotbird 13F/13G,Found
Kabelio Kabel 1 CH,1_0_19_7F_3264_13E_820000_0_0_0.png,kabeliokabel1ch.png,13.0E,(72) 13.0E KU-band Hotbird 13F/13G,Found
Kabelio Leman Bleu,1_0_19_CF_2C24_13E_820000_0_0_0.png,kabeliolemanbleu.png,13.0E,(72) 13.0E KU-band Hotbird 13F/13G,Found
Kabelio M6 Music,1_0_19_F2_2C24_13E_820000_0_0_0.png,kabeliom6music.png,13.0E,(72) 13.0E KU-band Hotbird 13F/13G,Found
Kabelio ORF 2 Tirol,1_0_19_6E_1644_13E_820000_0_0_0.png,kabelioorf2tirol.png,13.0E,(72) 13.0E KU-band Hotbird 13F/13G,Found
Kabelio ORF 2 Tirol,1_0_19_6E_3264_13E_820000_0_0_0.png,kabelioorf2tirol.png,13.0E,(72) 13.0E KU-band Hotbird 13F/13G,Found
Kabelio ORF III,1_0_19_74_1644_13E_820000_0_0_0.png,kabelioorfiii.png,13.0E,(72) 13.0E KU-band Hotbird 13F/13G,Found
Kabelio ORF III,1_0_19_74_3264_13E_820000_0_0_0.png,kabelioorfiii.png,13.0E,(72) 13.0E KU-band Hotbird 13F/13G,Found
Kabelio ORF eins,1_0_19_6D_1644_13E_820000_0_0_0.png,kabelioorfeins.png,13.0E,(72) 13.0E KU-band Hotbird 13F/13G,Found
Kabelio ORF eins,1_0_19_6D_3264_13E_820000_0_0_0.png,kabelioorfeins.png,13.0E,(72) 13.0E KU-band Hotbird 13F/13G,Found
Kabelio ProSieben CH,1_0_19_73_1644_13E_820000_0_0_0.png,kabelioprosiebench.png,13.0E,(72) 13.0E KU-band Hotbird 13F/13G,Found
Kabelio ProSieben CH,1_0_19_73_3264_13E_820000_0_0_0.png,kabelioprosiebench.png,13.0E,(72) 13.0E KU-band Hotbird 13F/13G,Found
Kabelio Puls acht,1_0_19_6C_1644_13E_820000_0_0_0.png,kabeliopulsacht.png,13.0E,(72) 13.0E KU-band Hotbird 13F/13G,Found
Kabelio Puls acht,1_0_19_6C_3264_13E_820000_0_0_0.png,kabeliopulsacht.png,13.0E,(72) 13.0E KU-band Hotbird 13F/13G,Found
Kabelio RTL CH,1_0_19_6F_1644_13E_820000_0_0_0.png,kabeliortlch.png,13.0E,(72) 13.0E KU-band Hotbird 13F/13G,Found
Kabelio RTL CH,1_0_19_6F_3264_13E_820000_0_0_0.png,kabeliortlch.png,13.0E,(72) 13.0E KU-band Hotbird 13F/13G,Found
Kabelio RTL9 CH,1_0_19_F3_2C24_13E_820000_0_0_0.png,kabeliortl9ch.png,13.0E,(72) 13.0E KU-band Hotbird 13F/13G,Found
Kabelio RTLzwei CH,1_0_19_70_1644_13E_820000_0_0_0.png,kabeliortlzweich.png,13.0E,(72) 13.0E KU-band Hotbird 13F/13G,Found
Kabelio RTLzwei CH,1_0_19_70_3264_13E_820000_0_0_0.png,kabeliortlzweich.png,13.0E,(72) 13.0E KU-band Hotbird 13F/13G,Found
Kabelio S1,1_0_19_FD_2C24_13E_820000_0_0_0.png,kabelios1.png,13.0E,(72) 13.0E KU-band Hotbird 13F/13G,Found
Kabelio SAT.1 CH,1_0_19_72_1644_13E_820000_0_0_0.png,kabeliosat1ch.png,13.0E,(72) 13.0E KU-band Hotbird 13F/13G,Found
Kabelio SAT.1 CH,1_0_19_72_3264_13E_820000_0_0_0.png,kabeliosat1ch.png,13.0E,(72) 13.0E KU-band Hotbird 13F/13G,Found
Kabelio SAT1 GOLD CH,1_0_1_89_1644_13E_820000_0_0_0.png,kabeliosat1goldch.png,13.0E,(72) 13.0E KU-band Hotbird 13F/13G,Found
Kabelio SPARE,1_0_19_8B_3264_13E_820000_0_0_0.png,kabeliospare.png,13.0E,(72) 13.0E KU-band Hotbird 13F/13G,Found
Kabelio SWISS 1,1_0_19_D3_2C24_13E_820000_0_0_0.png,kabelioswiss1.png,13.0E,(72) 13.0E KU-band Hotbird 13F/13G,Found
Kabelio ServusTV,1_0_19_75_1644_13E_820000_0_0_0.png,kabelioservustv.png,13.0E,(72) 13.0E KU-band Hotbird 13F/13G,Found
Kabelio ServusTV,1_0_19_75_3264_13E_820000_0_0_0.png,kabelioservustv.png,13.0E,(72) 13.0E KU-band Hotbird 13F/13G,Found
Kabelio Sky News,1_0_19_100_2C24_13E_820000_0_0_0.png,kabelioskynews.png,13.0E,(72) 13.0E KU-band Hotbird 13F/13G,Found
Kabelio SuperRTL CH,1_0_19_82_1644_13E_820000_0_0_0.png,kabeliosuperrtlch.png,13.0E,(72) 13.0E KU-band Hotbird 13F/13G,Found
Kabelio SuperRTL CH,1_0_19_82_3264_13E_820000_0_0_0.png,kabeliosuperrtlch.png,13.0E,(72) 13.0E KU-band Hotbird 13F/13G,Found
Kabelio TEST,1_0_1_8B_1644_13E_820000_0_0_0.png,kabeliotest.png,13.0E,(72) 13.0E KU-band Hotbird 13F/13G,Found
Kabelio TF1 CH,1_0_19_F1_2C24_13E_820000_0_0_0.png,kabeliotf1ch.png,13.0E,(72) 13.0E KU-band Hotbird 13F/13G,Found
Kabelio TMC CH,1_0_19_FE_2C24_13E_820000_0_0_0.png,kabeliotmcch.png,13.0E,(72) 13.0E KU-band Hotbird 13F/13G,Found
Kabelio TV SuedOst,1_0_19_CD_2C24_13E_820000_0_0_0.png,kabeliotvsuedost.png,13.0E,(72) 13.0E KU-band Hotbird 13F/13G,Found
Kabelio TV24,1_0_19_67_1644_13E_820000_0_0_0.png,kabeliotv24.png,13.0E,(72) 13.0E KU-band Hotbird 13F/13G,Found
Kabelio TV24,1_0_19_67_3264_13E_820000_0_0_0.png,kabeliotv24.png,13.0E,(72) 13.0E KU-band Hotbird 13F/13G,Found
Kabelio TV25,1_0_19_68_1644_13E_820000_0_0_0.png,kabeliotv25.png,13.0E,(72) 13.0E KU-band Hotbird 13F/13G,Found
Kabelio TV25,1_0_19_68_3264_13E_820000_0_0_0.png,kabeliotv25.png,13.0E,(72) 13.0E KU-band Hotbird 13F/13G,Found
Kabelio TV8 Italia,1_0_19_101_2C24_13E_820000_0_0_0.png,kabeliotv8italia.png,13.0E,(72) 13.0E KU-band Hotbird 13F/13G,Found
Kabelio TVO,1_0_19_CC_2C24_13E_820000_0_0_0.png,kabeliotvo.png,13.0E,(72) 13.0E KU-band Hotbird 13F/13G,Found
Kabelio Tele 1,1_0_19_CB_2C24_13E_820000_0_0_0.png,kabeliotele1.png,13.0E,(72) 13.0E KU-band Hotbird 13F/13G,Found
Kabelio Tele Baern,1_0_19_C9_2C24_13E_820000_0_0_0.png,kabeliotelebaern.png,13.0E,(72) 13.0E KU-band Hotbird 13F/13G,Found
Kabelio Tele Basel,1_0_19_CA_2C24_13E_820000_0_0_0.png,kabeliotelebasel.png,13.0E,(72) 13.0E KU-band Hotbird 13F/13G,Found
Kabelio Tele M1,1_0_19_CE_2C24_13E_820000_0_0_0.png,kabeliotelem1.png,13.0E,(72) 13.0E KU-band Hotbird 13F/13G,Found
Kabelio Tele Zueri,1_0_1_6B_1644_13E_820000_0_0_0.png,kabeliotelezueri.png,13.0E,(72) 13.0E KU-band Hotbird 13F/13G,Found
Kabelio Tele Zueri,1_0_19_6B_3264_13E_820000_0_0_0.png,kabeliotelezueri.png,13.0E,(72) 13.0E KU-band Hotbird 13F/13G,Found
Kabelio VOX CH,1_0_19_71_1644_13E_820000_0_0_0.png,kabeliovoxch.png,13.0E,(72) 13.0E KU-band Hotbird 13F/13G,Found
Kabelio VOX CH,1_0_19_71_3264_13E_820000_0_0_0.png,kabeliovoxch.png,13.0E,(72) 13.0E KU-band Hotbird 13F/13G,Found
Kabelio ZDF,1_0_19_85_1644_13E_820000_0_0_0.png,kabeliozdf.png,13.0E,(72) 13.0E KU-band Hotbird 13F/13G,Found
Kabelio ZDF,1_0_19_85_3264_13E_820000_0_0_0.png,kabeliozdf.png,13.0E,(72) 13.0E KU-band Hotbird 13F/13G,Found
Kabelio n-tv CH,1_0_1_87_1644_13E_820000_0_0_0.png,kabeliontvch.png,13.0E,(72) 13.0E KU-band Hotbird 13F/13G,Found
Kabelio n-tv CH,1_0_19_87_3264_13E_820000_0_0_0.png,kabeliontvch.png,13.0E,(72) 13.0E KU-band Hotbird 13F/13G,Found
Kanal ZERO TV,1_0_1_32C9_190_13E_820000_0_0_0.png,kanalzerotv.png,13.0E,(72) 13.0E KU-band Hotbird 13F/13G,Found
Kanal ZERO TV,1_0_1_32FB_190_13E_820000_0_0_0.png,kanalzerotv.png,13.0E,(72) 13.0E KU-band Hotbird 13F/13G,Found
KaravanTV,1_0_1_6BD_3138_13E_820000_0_0_0.png,karavantv.png,13.0E,(72) 13.0E KU-band Hotbird 13F/13G,Found
Kartoon channel,1_0_19_6B_2_FFFF_DC92CB9_0_0_0.png,kartoonchannel.png,13.0E,(72) 13.0E KU-band Hotbird 13F/13G,Found
Kino Polska Muzyka,1_0_1_3D60_2C88_13E_820000_0_0_0.png,kinopolskamuzyka.png,13.0E,(72) 13.0E KU-band Hotbird 13F/13G,Found
Kino TV HD,1_0_1_3D61_2C88_13E_820000_0_0_0.png,kinotvhd.png,13.0E,(72) 13.0E KU-band Hotbird 13F/13G,Found
Kino TV HD,1_0_1_3D93_2C88_13E_820000_0_0_0.png,kinotvhd.png,13.0E,(72) 13.0E KU-band Hotbird 13F/13G,Found
Kontra Channel,1_0_1_16B_1C84_13E_820000_0_0_0.png,kontrachannel.png,13.0E,(72) 13.0E KU-band Hotbird 13F/13G,Found
Kuwait TV1 HD,1_0_19_395_2134_13E_820000_0_0_0.png,kuwaittv1hd.png,13.0E,(72) 13.0E KU-band Hotbird 13F/13G,Found
L'EQUIPE,1_0_1_529_2E7C_13F_820000_0_0_0.png,lequipe.png,13.0E,(72) 13.0E KU-band Hotbird 13F/13G,Found
LA7 CINEMA,1_0_19_49_1770_BE_820000_0_0_0.png,la7cinema.png,13.0E,(72) 13.0E KU-band Hotbird 13F/13G,Found
LA7 HD,1_0_19_4F_1770_BE_820000_0_0_0.png,la7hd.png,13.0E,(72) 13.0E KU-band Hotbird 13F/13G,Found
LCI,1_0_1_52E_2E7C_13F_820000_0_0_0.png,lci.png,13.0E,(72) 13.0E KU-band Hotbird 13F/13G,Found
LCP,1_0_1_521_2E7C_13F_820000_0_0_0.png,lcp.png,13.0E,(72) 13.0E KU-band Hotbird 13F/13G,Found
La5 HD,1_0_19_7F_4B0_110_820000_0_0_0.png,la5hd.png,13.0E,(72) 13.0E KU-band Hotbird 13F/13G,Found
Laayoune TV HD,1_0_19_2_2E18_B0_820000_0_0_0.png,laayounetvhd.png,13.0E,(72) 13.0E KU-band Hotbird 13F/13G,Found
Libya ALWatnieh,1_0_19_394_2134_13E_820000_0_0_0.png,libyaalwatnieh.png,13.0E,(72) 13.0E KU-band Hotbird 13F/13G,Found
Libya BN TV,1_0_19_76_2_FFFF_DC92CB9_0_0_0.png,libyabntv.png,13.0E,(72) 13.0E KU-band Hotbird 13F/13G,Found
Love Nature 4K,1_0_20_8B5_1F4_FC_820000_0_0_0.png,lovenature4k.png,13.0E,(72) 13.0E KU-band Hotbird 13F/13G,Found
Love Radio,1_0_2_135_157C_13E_820000_0_0_0.png,loveradio.png,13.0E,(72) 13.0E KU-band Hotbird 13F/13G,Found
M1_SID327,1_0_1_147_157C_13E_820000_0_0_0.png,m1sid327.png,13.0E,(72) 13.0E KU-band Hotbird 13F/13G,Found
M1_SID332 Cy,1_0_1_14C_157C_13E_820000_0_0_0.png,m1sid332cy.png,13.0E,(72) 13.0E KU-band Hotbird 13F/13G,Found
M1_TEST4,1_0_1_145_157C_13E_820000_0_0_0.png,m1test4.png,13.0E,(72) 13.0E KU-band Hotbird 13F/13G,Found
M2_SID384,1_0_1_180_1C84_13E_820000_0_0_0.png,m2sid384.png,13.0E,(72) 13.0E KU-band Hotbird 13F/13G,Found
M3_SID7107,1_0_1_1BC3_17D4_13E_820000_0_0_0.png,m3sid7107.png,13.0E,(72) 13.0E KU-band Hotbird 13F/13G,Found
M3_SID7121,1_0_1_1BD1_17D4_13E_820000_0_0_0.png,m3sid7121.png,13.0E,(72) 13.0E KU-band Hotbird 13F/13G,Found
M6,1_0_1_51A_2E7C_13F_820000_0_0_0.png,m6.png,13.0E,(72) 13.0E KU-band Hotbird 13F/13G,Found
MAD T.V,1_0_1_179_1C84_13E_820000_0_0_0.png,madtv.png,13.0E,(72) 13.0E KU-band Hotbird 13F/13G,Found
MAK TV HD,1_0_1_149_157C_13E_820000_0_0_0.png,maktvhd.png,13.0E,(72) 13.0E KU-band Hotbird 13F/13G,Found
MANGAS,1_0_1_5B6_170C_13F_820000_0_0_0.png,mangas.png,13.0E,(72) 13.0E KU-band Hotbird 13F/13G,Found
MARCOPOLO,1_0_1_424B_3DB8_13E_820000_0_0_0.png,marcopolo.png,13.0E,(72) 13.0E KU-band Hotbird 13F/13G,Found
MC EU,1_0_1_1F9_384_13E_820000_0_0_0.png,mceu.png,13.0E,(72) 13.0E KU-band Hotbird 13F/13G,Found
MEGA HD,1_0_1_13E_157C_13E_820000_0_0_0.png,megahd.png,13.0E,(72) 13.0E KU-band Hotbird 13F/13G,Found
MTA3 - Al Arabia,1_0_1_315_1B58_13E_820000_0_0_0.png,mta3alarabia.png,13.0E,(72) 13.0E KU-band Hotbird 13F/13G,Found
MTV,1_0_1_196_1518_13E_820000_0_0_0.png,mtv.png,13.0E,(72) 13.0E KU-band Hotbird 13F/13G,Found
MTV Commercial,1_0_1_19_1964_13E_820000_0_0_0.png,mtvcommercial.png,13.0E,(72) 13.0E KU-band Hotbird 13F/13G,Found
MTV HD,1_0_19_1E53_2260_FBFF_820000_0_0_0.png,mtvhd.png,13.0E,(72) 13.0E KU-band Hotbird 13F/13G,Found
MTV Polska HD,1_0_1_F_1964_13E_820000_0_0_0.png,mtvpolskahd.png,13.0E,(72) 13.0E KU-band Hotbird 13F/13G,Found
MVMT Movement of Culture,1_0_1_2C5_14B4_13E_820000_0_0_0.png,mvmtmovementofculture.png,13.0E,(72) 13.0E KU-band Hotbird 13F/13G,Found
Mango,1_0_1_2914_1EDC_71_820000_0_0_0.png,mango.png,13.0E,(72) 13.0E KU-band Hotbird 13F/13G,Found
Manu Chat TV,1_0_16_71_2_FFFF_DC92CB9_0_0_0.png,manuchattv.png,13.0E,(72) 13.0E KU-band Hotbird 13F/13G,Found
Marquee TV HD,1_0_1_3C9E_1BBC_13E_820000_0_0_0.png,marqueetvhd.png,13.0E,(72) 13.0E KU-band Hotbird 13F/13G,Found
Med TV,1_0_1_425E_3DB8_13E_820000_0_0_0.png,medtv.png,13.0E,(72) 13.0E KU-band Hotbird 13F/13G,Found
Mediaset Extra HD,1_0_19_81_4B0_110_820000_0_0_0.png,mediasetextrahd.png,13.0E,(72) 13.0E KU-band Hotbird 13F/13G,Found
Mediaset Italia2 HD,1_0_19_82_4B0_110_820000_0_0_0.png,mediasetitalia2hd.png,13.0E,(72) 13.0E KU-band Hotbird 13F/13G,Found
Medya Haber,1_0_19_8A6_1F4_FC_820000_0_0_0.png,medyahaber.png,13.0E,(72) 13.0E KU-band Hotbird 13F/13G,Found
Mezzo TV,1_0_1_422B_2F44_13E_820000_0_0_0.png,mezzotv.png,13.0E,(72) 13.0E KU-band Hotbird 13F/13G,Found
Milady,1_0_1_6BA_3138_13E_820000_0_0_0.png,milady.png,13.0E,(72) 13.0E KU-band Hotbird 13F/13G,Found
Milan TV,1_0_19_37B5_19C8_FBFF_820000_0_0_0.png,milantv.png,13.0E,(72) 13.0E KU-band Hotbird 13F/13G,Found
Motowizja HD,1_0_1_3D56_2C88_13E_820000_0_0_0.png,motowizjahd.png,13.0E,(72) 13.0E KU-band Hotbird 13F/13G,Found
Museum 4K,1_0_1_11FC_2B5C_13E_820000_0_0_0.png,museum4k.png,13.0E,(72) 13.0E KU-band Hotbird 13F/13G,Found
Music India,1_0_19_6F_2_FFFF_DC92CB9_0_0_0.png,musicindia.png,13.0E,(72) 13.0E KU-band Hotbird 13F/13G,Found
MyZen 4K,1_0_1_11FD_2B5C_13E_820000_0_0_0.png,myzen4k.png,13.0E,(72) 13.0E KU-band Hotbird 13F/13G,Found
NATIONAL GEO HD,1_0_1_32DF_190_13E_820000_0_0_0.png,nationalgeohd.png,13.0E,(72) 13.0E KU-band Hotbird 13F/13G,Found
NETFLIX,1_0_84_1190_2AF8_13E_820000_0_0_0.png,netflix.png,13.0E,(72) 13.0E KU-band Hotbird 13F/13G,Found
NHK WORLD-JAPAN,1_0_19_215_384_13E_820000_0_0_0.png,nhkworldjapan.png,13.0E,(72) 13.0E KU-band Hotbird 13F/13G,Found
NOVALIFE Cy,1_0_1_171_1C84_13E_820000_0_0_0.png,novalifecy.png,13.0E,(72) 13.0E KU-band Hotbird 13F/13G,Found
NOVALIFE HD,1_0_1_170_1C84_13E_820000_0_0_0.png,novalifehd.png,13.0E,(72) 13.0E KU-band Hotbird 13F/13G,Found
NOVO 19,1_0_1_520_2E7C_13F_820000_0_0_0.png,novo19.png,13.0E,(72) 13.0E KU-band Hotbird 13F/13G,Found
NU TV,1_0_19_8A2_1F4_FC_820000_0_0_0.png,nutv.png,13.0E,(72) 13.0E KU-band Hotbird 13F/13G,Found
NUTA GOLD,1_0_1_114F_2AF8_13E_820000_0_0_0.png,nutagold.png,13.0E,(72) 13.0E KU-band Hotbird 13F/13G,Found
NUTA TV,1_0_1_1150_2AF8_13E_820000_0_0_0.png,nutatv.png,13.0E,(72) 13.0E KU-band Hotbird 13F/13G,Found
Naftemporiki TV HD,1_0_1_160_1C84_13E_820000_0_0_0.png,naftemporikitvhd.png,13.0E,(72) 13.0E KU-band Hotbird 13F/13G,Found
Nastoyashcheye Vremya,1_0_16_70_2FA8_13E_820000_0_0_0.png,nastoyashcheyevremya.png,13.0E,(72) 13.0E KU-band Hotbird 13F/13G,Found
Nat Geo People HD,1_0_1_2907_1EDC_71_820000_0_0_0.png,natgeopeoplehd.png,13.0E,(72) 13.0E KU-band Hotbird 13F/13G,Found
Nat Geo Wild HD,1_0_1_195_1518_13E_820000_0_0_0.png,natgeowildhd.png,13.0E,(72) 13.0E KU-band Hotbird 13F/13G,Found
Nataly,1_0_1_6BB_3138_13E_820000_0_0_0.png,nataly.png,13.0E,(72) 13.0E KU-band Hotbird 13F/13G,Found
National Geographic Wild HD,1_0_1_13F6_5DC_13E_820000_0_0_0.png,nationalgeographicwildhd.png,13.0E,(72) 13.0E KU-band Hotbird 13F/13G,Found
News HD,1_0_19_2C3D_19C8_FBFF_820000_0_0_0.png,newshd.png,13.0E,(72) 13.0E KU-band Hotbird 13F/13G,Found
Nick Jr,1_0_1_3_1964_13E_820000_0_0_0.png,nickjr.png,13.0E,(72) 13.0E KU-band Hotbird 13F/13G,Found
Nick Jr,1_0_1_590_19C8_FBFF_820000_0_0_0.png,nickjr.png,13.0E,(72) 13.0E KU-band Hotbird 13F/13G,Found
Nickelodeon,1_0_1_9_1964_13E_820000_0_0_0.png,nickelodeon.png,13.0E,(72) 13.0E KU-band Hotbird 13F/13G,Found
Nickelodeon,1_0_1_2C38_2260_FBFF_820000_0_0_0.png,nickelodeon.png,13.0E,(72) 13.0E KU-band Hotbird 13F/13G,Found
Nickelodeon,1_0_1_13A_157C_13E_820000_0_0_0.png,nickelodeon.png,13.0E,(72) 13.0E KU-band Hotbird 13F/13G,Found
Nickelodeon,1_0_1_182_1C84_13E_820000_0_0_0.png,nickelodeon.png,13.0E,(72) 13.0E KU-band Hotbird 13F/13G,Found
Nickelodeon,1_0_16_80_251C_D5_820000_0_0_0.png,nickelodeon.png,13.0E,(72) 13.0E KU-band Hotbird 13F/13G,Found
Nicktoons HD,1_0_1_E_1964_13E_820000_0_0_0.png,nicktoonshd.png,13.0E,(72) 13.0E KU-band Hotbird 13F/13G,Found
Nicktoons HD,1_0_1_45_1964_13E_820000_0_0_0.png,nicktoonshd.png,13.0E,(72) 13.0E KU-band Hotbird 13F/13G,Found
Noursat English,1_0_1_654_2454_13E_820000_0_0_0.png,noursatenglish.png,13.0E,(72) 13.0E KU-band Hotbird 13F/13G,Found
Nova News HD,1_0_19_92_251C_D5_820000_0_0_0.png,novanewshd.png,13.0E,(72) 13.0E KU-band Hotbird 13F/13G,Found
Novacinema1HD,1_0_1_3C95_1BBC_13E_820000_0_0_0.png,novacinema1hd.png,13.0E,(72) 13.0E KU-band Hotbird 13F/13G,Found
Novacinema1HD Cy,1_0_1_3C8D_1BBC_13E_820000_0_0_0.png,novacinema1hdcy.png,13.0E,(72) 13.0E KU-band Hotbird 13F/13G,Found
Novacinema2HD,1_0_1_1BCA_17D4_13E_820000_0_0_0.png,novacinema2hd.png,13.0E,(72) 13.0E KU-band Hotbird 13F/13G,Found
Novacinema2HD Cy,1_0_1_1BD5_17D4_13E_820000_0_0_0.png,novacinema2hdcy.png,13.0E,(72) 13.0E KU-band Hotbird 13F/13G,Found
Novacinema3HD,1_0_1_1BC2_17D4_13E_820000_0_0_0.png,novacinema3hd.png,13.0E,(72) 13.0E KU-band Hotbird 13F/13G,Found
Novacinema3HD Cy,1_0_1_1BD6_17D4_13E_820000_0_0_0.png,novacinema3hdcy.png,13.0E,(72) 13.0E KU-band Hotbird 13F/13G,Found
Novacinema4HD,1_0_1_16E_1C84_13E_820000_0_0_0.png,novacinema4hd.png,13.0E,(72) 13.0E KU-band Hotbird 13F/13G,Found
Novacinema4HD Cy,1_0_1_16F_1C84_13E_820000_0_0_0.png,novacinema4hdcy.png,13.0E,(72) 13.0E KU-band Hotbird 13F/13G,Found
Novasports News HD,1_0_1_1BC4_17D4_13E_820000_0_0_0.png,novasportsnewshd.png,13.0E,(72) 13.0E KU-band Hotbird 13F/13G,Found
Novasports Premier League,1_0_1_19F_1518_13E_820000_0_0_0.png,novasportspremierleague.png,13.0E,(72) 13.0E KU-band Hotbird 13F/13G,Found
Novasports Prime HD,1_0_1_1A4_1518_13E_820000_0_0_0.png,novasportsprimehd.png,13.0E,(72) 13.0E KU-band Hotbird 13F/13G,Found
Novasports Prime HD CY,1_0_1_1A5_1518_13E_820000_0_0_0.png,novasportsprimehdcy.png,13.0E,(72) 13.0E KU-band Hotbird 13F/13G,Found
Novasports Start HD,1_0_1_19B_1518_13E_820000_0_0_0.png,novasportsstarthd.png,13.0E,(72) 13.0E KU-band Hotbird 13F/13G,Found
Novasports Start HD CY,1_0_1_19C_1518_13E_820000_0_0_0.png,novasportsstarthdcy.png,13.0E,(72) 13.0E KU-band Hotbird 13F/13G,Found
Novasports1HD,1_0_1_197_1518_13E_820000_0_0_0.png,novasports1hd.png,13.0E,(72) 13.0E KU-band Hotbird 13F/13G,Found
Novasports2HD,1_0_1_3C90_1BBC_13E_820000_0_0_0.png,novasports2hd.png,13.0E,(72) 13.0E KU-band Hotbird 13F/13G,Found
Novasports2HD Cy,1_0_1_3C99_1BBC_13E_820000_0_0_0.png,novasports2hdcy.png,13.0E,(72) 13.0E KU-band Hotbird 13F/13G,Found
Novasports3HD,1_0_1_150_157C_13E_820000_0_0_0.png,novasports3hd.png,13.0E,(72) 13.0E KU-band Hotbird 13F/13G,Found
Novasports3HD,1_0_1_3CA0_1BBC_13E_820000_0_0_0.png,novasports3hd.png,13.0E,(72) 13.0E KU-band Hotbird 13F/13G,Found
Novasports3HD Cy,1_0_1_14B_157C_13E_820000_0_0_0.png,novasports3hdcy.png,13.0E,(72) 13.0E KU-band Hotbird 13F/13G,Found
Novasports3HD Cy,1_0_1_3C9B_1BBC_13E_820000_0_0_0.png,novasports3hdcy.png,13.0E,(72) 13.0E KU-band Hotbird 13F/13G,Found
Novasports4HD,1_0_1_162_1C84_13E_820000_0_0_0.png,novasports4hd.png,13.0E,(72) 13.0E KU-band Hotbird 13F/13G,Found
Novasports4HD Cy,1_0_1_163_1C84_13E_820000_0_0_0.png,novasports4hdcy.png,13.0E,(72) 13.0E KU-band Hotbird 13F/13G,Found
Novasports5HD,1_0_1_143_157C_13E_820000_0_0_0.png,novasports5hd.png,13.0E,(72) 13.0E KU-band Hotbird 13F/13G,Found
Novasports5HD,1_0_1_1A0_1518_13E_820000_0_0_0.png,novasports5hd.png,13.0E,(72) 13.0E KU-band Hotbird 13F/13G,Found
Novasports5HD Cy,1_0_1_148_157C_13E_820000_0_0_0.png,novasports5hdcy.png,13.0E,(72) 13.0E KU-band Hotbird 13F/13G,Found
Novasports5HD Cy,1_0_1_1A6_1518_13E_820000_0_0_0.png,novasports5hdcy.png,13.0E,(72) 13.0E KU-band Hotbird 13F/13G,Found
Novasports6HD,1_0_1_199_1518_13E_820000_0_0_0.png,novasports6hd.png,13.0E,(72) 13.0E KU-band Hotbird 13F/13G,Found
Novasports6HD CY,1_0_1_19A_1518_13E_820000_0_0_0.png,novasports6hdcy.png,13.0E,(72) 13.0E KU-band Hotbird 13F/13G,Found
Novasportsextra1HD,1_0_1_169_1C84_13E_820000_0_0_0.png,novasportsextra1hd.png,13.0E,(72) 13.0E KU-band Hotbird 13F/13G,Found
Novasportsextra1HD Cy,1_0_1_18A_1C84_13E_820000_0_0_0.png,novasportsextra1hdcy.png,13.0E,(72) 13.0E KU-band Hotbird 13F/13G,Found
Novasportsextra2HD,1_0_1_198_1518_13E_820000_0_0_0.png,novasportsextra2hd.png,13.0E,(72) 13.0E KU-band Hotbird 13F/13G,Found
Novasportsextra2HD Cy,1_0_1_1A8_1518_13E_820000_0_0_0.png,novasportsextra2hdcy.png,13.0E,(72) 13.0E KU-band Hotbird 13F/13G,Found
Novasportsextra3HD,1_0_1_17D_1C84_13E_820000_0_0_0.png,novasportsextra3hd.png,13.0E,(72) 13.0E KU-band Hotbird 13F/13G,Found
Novasportsextra3HD Cy,1_0_1_178_1C84_13E_820000_0_0_0.png,novasportsextra3hdcy.png,13.0E,(72) 13.0E KU-band Hotbird 13F/13G,Found
Novasportsextra4HD,1_0_1_1BBE_17D4_13E_820000_0_0_0.png,novasportsextra4hd.png,13.0E,(72) 13.0E KU-band Hotbird 13F/13G,Found
Novasportsextra4HD Cy,1_0_1_1BD0_17D4_13E_820000_0_0_0.png,novasportsextra4hdcy.png,13.0E,(72) 13.0E KU-band Hotbird 13F/13G,Found
NovastarsHD,1_0_1_3C8E_1BBC_13E_820000_0_0_0.png,novastarshd.png,13.0E,(72) 13.0E KU-band Hotbird 13F/13G,Found
Novela Tv,1_0_1_4240_3DB8_13E_820000_0_0_0.png,novelatv.png,13.0E,(72) 13.0E KU-band Hotbird 13F/13G,Found
Novela Tv V1,1_0_1_423F_3DB8_13E_820000_0_0_0.png,novelatvv1.png,13.0E,(72) 13.0E KU-band Hotbird 13F/13G,Found
Nowa TV,1_0_1_429E_2BC0_13E_820000_0_0_0.png,nowatv.png,13.0E,(72) 13.0E KU-band Hotbird 13F/13G,Found
OMAN TV HD,1_0_1_398_2134_13E_820000_0_0_0.png,omantvhd.png,13.0E,(72) 13.0E KU-band Hotbird 13F/13G,Found
OPEN BEYOND HD,1_0_1_166_1C84_13E_820000_0_0_0.png,openbeyondhd.png,13.0E,(72) 13.0E KU-band Hotbird 13F/13G,Found
ORLER TV,1_0_1_232D_2328_13E_820000_0_0_0.png,orlertv.png,13.0E,(72) 13.0E KU-band Hotbird 13F/13G,Found
OST/WEST 24,1_0_16_6F_2FA8_13E_820000_0_0_0.png,ostwest24.png,13.0E,(72) 13.0E KU-band Hotbird 13F/13G,Found
One America News,1_0_1_2C1_14B4_13E_820000_0_0_0.png,oneamericanews.png,13.0E,(72) 13.0E KU-band Hotbird 13F/13G,Found
One Channel HD,1_0_1_1BC5_17D4_13E_820000_0_0_0.png,onechannelhd.png,13.0E,(72) 13.0E KU-band Hotbird 13F/13G,Found
Outdoor Channel,1_0_1_2BE_14B4_13E_820000_0_0_0.png,outdoorchannel.png,13.0E,(72) 13.0E KU-band Hotbird 13F/13G,Found
PADEL TIME TV,1_0_1_5BE_170C_13F_820000_0_0_0.png,padeltimetv.png,13.0E,(72) 13.0E KU-band Hotbird 13F/13G,Found
POWER TV,1_0_1_1151_2AF8_13E_820000_0_0_0.png,powertv.png,13.0E,(72) 13.0E KU-band Hotbird 13F/13G,Found
PPV Bundle,1_0_1_2AB9_1838_FBFF_820000_0_0_0.png,ppvbundle.png,13.0E,(72) 13.0E KU-band Hotbird 13F/13G,Found
PPV Bundle2,1_0_1_2ABB_1838_FBFF_820000_0_0_0.png,ppvbundle2.png,13.0E,(72) 13.0E KU-band Hotbird 13F/13G,Found
PR dla Zagranicy,1_0_1_1CAB_1CE8_71_820000_0_0_0.png,prdlazagranicy.png,13.0E,(72) 13.0E KU-band Hotbird 13F/13G,Found
PR dla Zagranicy,1_0_2_1CA1_1CE8_71_820000_0_0_0.png,prdlazagranicy.png,13.0E,(72) 13.0E KU-band Hotbird 13F/13G,Found
Padre Pio Tv,1_0_1_4238_3DB8_13E_820000_0_0_0.png,padrepiotv.png,13.0E,(72) 13.0E KU-band Hotbird 13F/13G,Found
Paramount Network Polska,1_0_1_D_1964_13E_820000_0_0_0.png,paramountnetworkpolska.png,13.0E,(72) 13.0E KU-band Hotbird 13F/13G,Found
Paramount Network Polska,1_0_1_21_1964_13E_820000_0_0_0.png,paramountnetworkpolska.png,13.0E,(72) 13.0E KU-band Hotbird 13F/13G,Found
Parole di Vita,1_0_1_1FE_384_13E_820000_0_0_0.png,paroledivita.png,13.0E,(72) 13.0E KU-band Hotbird 13F/13G,Found
People TV,1_0_1_206_384_13E_820000_0_0_0.png,peopletv.png,13.0E,(72) 13.0E KU-band Hotbird 13F/13G,Found
Perets Int.,1_0_16_8E_251C_D5_820000_0_0_0.png,peretsint.png,13.0E,(72) 13.0E KU-band Hotbird 13F/13G,Found
Polo TV,1_0_1_429A_2BC0_13E_820000_0_0_0.png,polotv.png,13.0E,(72) 13.0E KU-band Hotbird 13F/13G,Found
Polo TV,1_0_1_42C2_2BC0_13E_820000_0_0_0.png,polotv.png,13.0E,(72) 13.0E KU-band Hotbird 13F/13G,Found
Polonia 1,1_0_1_423C_3DB8_13E_820000_0_0_0.png,polonia1.png,13.0E,(72) 13.0E KU-band Hotbird 13F/13G,Found
Polsat 2 HD,1_0_1_339A_3390_71_820000_0_0_0.png,polsat2hd.png,13.0E,(72) 13.0E KU-band Hotbird 13F/13G,Found
Polsat 2 HD,1_0_1_33AA_3390_71_820000_0_0_0.png,polsat2hd.png,13.0E,(72) 13.0E KU-band Hotbird 13F/13G,Found
Polsat 2 HD,1_0_1_33BA_3390_71_820000_0_0_0.png,polsat2hd.png,13.0E,(72) 13.0E KU-band Hotbird 13F/13G,Found
Polsat Cafe HD,1_0_1_3396_3390_71_820000_0_0_0.png,polsatcafehd.png,13.0E,(72) 13.0E KU-band Hotbird 13F/13G,Found
Polsat Cafe HD,1_0_1_33A6_3390_71_820000_0_0_0.png,polsatcafehd.png,13.0E,(72) 13.0E KU-band Hotbird 13F/13G,Found
Polsat Cafe HD,1_0_1_33B6_3390_71_820000_0_0_0.png,polsatcafehd.png,13.0E,(72) 13.0E KU-band Hotbird 13F/13G,Found
Polsat Cafe HD,1_0_1_33C6_3390_71_820000_0_0_0.png,polsatcafehd.png,13.0E,(72) 13.0E KU-band Hotbird 13F/13G,Found
Polsat Cafe HD,1_0_1_33D6_3390_71_820000_0_0_0.png,polsatcafehd.png,13.0E,(72) 13.0E KU-band Hotbird 13F/13G,Found
Polsat Comedy Central Extra,1_0_1_10_1964_13E_820000_0_0_0.png,polsatcomedycentralextra.png,13.0E,(72) 13.0E KU-band Hotbird 13F/13G,Found
Polsat Doku HD,1_0_1_C23_1E78_71_820000_0_0_0.png,polsatdokuhd.png,13.0E,(72) 13.0E KU-band Hotbird 13F/13G,Found
Polsat Doku HD,1_0_1_C37_1E78_71_820000_0_0_0.png,polsatdokuhd.png,13.0E,(72) 13.0E KU-band Hotbird 13F/13G,Found
Polsat Film HD,1_0_1_3398_3390_71_820000_0_0_0.png,polsatfilmhd.png,13.0E,(72) 13.0E KU-band Hotbird 13F/13G,Found
Polsat Film HD,1_0_1_33A8_3390_71_820000_0_0_0.png,polsatfilmhd.png,13.0E,(72) 13.0E KU-band Hotbird 13F/13G,Found
Polsat Film HD,1_0_1_33B8_3390_71_820000_0_0_0.png,polsatfilmhd.png,13.0E,(72) 13.0E KU-band Hotbird 13F/13G,Found
Polsat Film HD,1_0_1_33C8_3390_71_820000_0_0_0.png,polsatfilmhd.png,13.0E,(72) 13.0E KU-band Hotbird 13F/13G,Found
Polsat HD,1_0_1_3391_3390_71_820000_0_0_0.png,polsathd.png,13.0E,(72) 13.0E KU-band Hotbird 13F/13G,Found
Polsat HD,1_0_1_33A1_3390_71_820000_0_0_0.png,polsathd.png,13.0E,(72) 13.0E KU-band Hotbird 13F/13G,Found
Polsat HD,1_0_1_33B1_3390_71_820000_0_0_0.png,polsathd.png,13.0E,(72) 13.0E KU-band Hotbird 13F/13G,Found
Polsat Jim Jam,1_0_1_1CB7_1CE8_71_820000_0_0_0.png,polsatjimjam.png,13.0E,(72) 13.0E KU-band Hotbird 13F/13G,Found
Polsat Music HD,1_0_1_4293_2BC0_13E_820000_0_0_0.png,polsatmusichd.png,13.0E,(72) 13.0E KU-band Hotbird 13F/13G,Found
Polsat Music HD,1_0_1_4294_2BC0_13E_820000_0_0_0.png,polsatmusichd.png,13.0E,(72) 13.0E KU-band Hotbird 13F/13G,Found
Polsat News HD,1_0_1_3399_3390_71_820000_0_0_0.png,polsatnewshd.png,13.0E,(72) 13.0E KU-band Hotbird 13F/13G,Found
Polsat News HD,1_0_1_33A9_3390_71_820000_0_0_0.png,polsatnewshd.png,13.0E,(72) 13.0E KU-band Hotbird 13F/13G,Found
Polsat News HD,1_0_1_33B9_3390_71_820000_0_0_0.png,polsatnewshd.png,13.0E,(72) 13.0E KU-band Hotbird 13F/13G,Found
Polsat News HD,1_0_1_33C9_3390_71_820000_0_0_0.png,polsatnewshd.png,13.0E,(72) 13.0E KU-band Hotbird 13F/13G,Found
Polsat News HD,1_0_1_33D9_3390_71_820000_0_0_0.png,polsatnewshd.png,13.0E,(72) 13.0E KU-band Hotbird 13F/13G,Found
Polsat News HD,1_0_1_33E9_3390_71_820000_0_0_0.png,polsatnewshd.png,13.0E,(72) 13.0E KU-band Hotbird 13F/13G,Found
Polsat News HD,1_0_1_33F9_3390_71_820000_0_0_0.png,polsatnewshd.png,13.0E,(72) 13.0E KU-band Hotbird 13F/13G,Found
Polsat News Polityka HD,1_0_1_1CBE_1CE8_71_820000_0_0_0.png,polsatnewspolitykahd.png,13.0E,(72) 13.0E KU-band Hotbird 13F/13G,Found
Polsat News Polityka HD,1_0_1_1CBF_1CE8_71_820000_0_0_0.png,polsatnewspolitykahd.png,13.0E,(72) 13.0E KU-band Hotbird 13F/13G,Found
Polsat Play HD,1_0_1_3392_3390_71_820000_0_0_0.png,polsatplayhd.png,13.0E,(72) 13.0E KU-band Hotbird 13F/13G,Found
Polsat Play HD,1_0_1_33A2_3390_71_820000_0_0_0.png,polsatplayhd.png,13.0E,(72) 13.0E KU-band Hotbird 13F/13G,Found
Polsat Play HD,1_0_1_33B2_3390_71_820000_0_0_0.png,polsatplayhd.png,13.0E,(72) 13.0E KU-band Hotbird 13F/13G,Found
Polsat Play HD,1_0_1_33C2_3390_71_820000_0_0_0.png,polsatplayhd.png,13.0E,(72) 13.0E KU-band Hotbird 13F/13G,Found
Polsat Play HD,1_0_1_33D2_3390_71_820000_0_0_0.png,polsatplayhd.png,13.0E,(72) 13.0E KU-band Hotbird 13F/13G,Found
Polsat Seriale HD,1_0_1_1CAC_1CE8_71_820000_0_0_0.png,polsatserialehd.png,13.0E,(72) 13.0E KU-band Hotbird 13F/13G,Found
Polsat Seriale HD,1_0_1_1CAD_1CE8_71_820000_0_0_0.png,polsatserialehd.png,13.0E,(72) 13.0E KU-band Hotbird 13F/13G,Found
Polsat Sport 1,1_0_1_C1D_1E78_71_820000_0_0_0.png,polsatsport1.png,13.0E,(72) 13.0E KU-band Hotbird 13F/13G,Found
Polsat Sport 1,1_0_1_C2E_1E78_71_820000_0_0_0.png,polsatsport1.png,13.0E,(72) 13.0E KU-band Hotbird 13F/13G,Found
Polsat Sport 2,1_0_1_C24_1E78_71_820000_0_0_0.png,polsatsport2.png,13.0E,(72) 13.0E KU-band Hotbird 13F/13G,Found
Polsat Sport 2,1_0_1_C28_1E78_71_820000_0_0_0.png,polsatsport2.png,13.0E,(72) 13.0E KU-band Hotbird 13F/13G,Found
Polsat Sport 3,1_0_1_2913_1EDC_71_820000_0_0_0.png,polsatsport3.png,13.0E,(72) 13.0E KU-band Hotbird 13F/13G,Found
Polsat Sport Extra 1,1_0_1_C33_1E78_71_820000_0_0_0.png,polsatsportextra1.png,13.0E,(72) 13.0E KU-band Hotbird 13F/13G,Found
Polsat Sport Extra 2,1_0_1_C34_1E78_71_820000_0_0_0.png,polsatsportextra2.png,13.0E,(72) 13.0E KU-band Hotbird 13F/13G,Found
Polsat Sport Extra 3,1_0_1_3E2B_2EE0_13E_820000_0_0_0.png,polsatsportextra3.png,13.0E,(72) 13.0E KU-band Hotbird 13F/13G,Found
Polsat Sport Extra 4,1_0_1_3E2C_2EE0_13E_820000_0_0_0.png,polsatsportextra4.png,13.0E,(72) 13.0E KU-band Hotbird 13F/13G,Found
Polsat Sport Fight HD,1_0_1_2911_1EDC_71_820000_0_0_0.png,polsatsportfighthd.png,13.0E,(72) 13.0E KU-band Hotbird 13F/13G,Found
Polsat Sport HD,1_0_19_C1E_1E78_71_820000_0_0_0.png,polsatsporthd.png,13.0E,(72) 13.0E KU-band Hotbird 13F/13G,Found
Polsat Sport Premium 1,1_0_1_709_32C8_13E_820000_0_0_0.png,polsatsportpremium1.png,13.0E,(72) 13.0E KU-band Hotbird 13F/13G,Found
Polsat Sport Premium 2,1_0_1_70A_32C8_13E_820000_0_0_0.png,polsatsportpremium2.png,13.0E,(72) 13.0E KU-band Hotbird 13F/13G,Found
Polsat Viasat Explore HD,1_0_1_1CCA_1CE8_71_820000_0_0_0.png,polsatviasatexplorehd.png,13.0E,(72) 13.0E KU-band Hotbird 13F/13G,Found
Polsat Viasat History HD,1_0_1_C20_1E78_71_820000_0_0_0.png,polsatviasathistoryhd.png,13.0E,(72) 13.0E KU-band Hotbird 13F/13G,Found
Polsat Viasat Nature HD,1_0_1_2908_1EDC_71_820000_0_0_0.png,polsatviasatnaturehd.png,13.0E,(72) 13.0E KU-band Hotbird 13F/13G,Found
Primafila HD,1_0_19_2C4D_19C8_FBFF_820000_0_0_0.png,primafilahd.png,13.0E,(72) 13.0E KU-band Hotbird 13F/13G,Found
Prime TV,1_0_19_74_2_FFFF_DC92CB9_0_0_0.png,primetv.png,13.0E,(72) 13.0E KU-band Hotbird 13F/13G,Found
Prime Video Sportsbar,1_0_19_1016_15E0_FBFF_820000_0_0_0.png,primevideosportsbar.png,13.0E,(72) 13.0E KU-band Hotbird 13F/13G,Found
Private HD,1_0_19_1141_2AF8_13E_820000_0_0_0.png,privatehd.png,13.0E,(72) 13.0E KU-band Hotbird 13F/13G,Found
Private HD Nova,1_0_19_114B_2AF8_13E_820000_0_0_0.png,privatehdnova.png,13.0E,(72) 13.0E KU-band Hotbird 13F/13G,Found
Private HD SBB,1_0_19_1149_2AF8_13E_820000_0_0_0.png,privatehdsbb.png,13.0E,(72) 13.0E KU-band Hotbird 13F/13G,Found
Provence,1_0_1_6BC_3138_13E_820000_0_0_0.png,provence.png,13.0E,(72) 13.0E KU-band Hotbird 13F/13G,Found
Puls 2 HD,1_0_1_3D5E_2C88_13E_820000_0_0_0.png,puls2hd.png,13.0E,(72) 13.0E KU-band Hotbird 13F/13G,Found
QVC HD,1_0_1_4253_3DB8_13E_820000_0_0_0.png,qvchd.png,13.0E,(72) 13.0E KU-band Hotbird 13F/13G,Found
Qatar TV HD,1_0_19_31E_3BC4_1_820000_0_0_0.png,qatartvhd.png,13.0E,(72) 13.0E KU-band Hotbird 13F/13G,Found
RADIO CONGO,1_0_1_2905_1C20_13E_820000_0_0_0.png,radiocongo.png,13.0E,(72) 13.0E KU-band Hotbird 13F/13G,Found
RADIO FRECCIA,1_0_2_E2E_1C20_13E_820000_0_0_0.png,radiofreccia.png,13.0E,(72) 13.0E KU-band Hotbird 13F/13G,Found
RADIO MATER,1_0_2_1C70_1C20_13E_820000_0_0_0.png,radiomater.png,13.0E,(72) 13.0E KU-band Hotbird 13F/13G,Found
RADIO MONTE CARLO,1_0_19_77_4B0_110_820000_0_0_0.png,radiomontecarlo.png,13.0E,(72) 13.0E KU-band Hotbird 13F/13G,Found
RADIO ZETA,1_0_2_E3B_1C20_13E_820000_0_0_0.png,radiozeta.png,13.0E,(72) 13.0E KU-band Hotbird 13F/13G,Found
RADIO ZETA HD,1_0_19_204_384_13E_820000_0_0_0.png,radiozetahd.png,13.0E,(72) 13.0E KU-band Hotbird 13F/13G,Found
RADIONORBA TV,1_0_1_201_384_13E_820000_0_0_0.png,radionorbatv.png,13.0E,(72) 13.0E KU-band Hotbird 13F/13G,Found
RADIONORBA TV,1_0_19_51_1770_BE_820000_0_0_0.png,radionorbatv.png,13.0E,(72) 13.0E KU-band Hotbird 13F/13G,Found
RDS,1_0_A_2E0_1B58_13E_820000_0_0_0.png,rds.png,13.0E,(72) 13.0E KU-band Hotbird 13F/13G,Found
RDS Social TV,1_0_1_4251_3DB8_13E_820000_0_0_0.png,rdssocialtv.png,13.0E,(72) 13.0E KU-band Hotbird 13F/13G,Found
RDS Social TV 4K Test,1_0_1_424F_3DB8_13E_820000_0_0_0.png,rdssocialtv4ktest.png,13.0E,(72) 13.0E KU-band Hotbird 13F/13G,Found
REAL FM,1_0_2_16C_1C84_13E_820000_0_0_0.png,realfm.png,13.0E,(72) 13.0E KU-band Hotbird 13F/13G,Found
RMC DECOUVERTE,1_0_1_52C_2E7C_13F_820000_0_0_0.png,rmcdecouverte.png,13.0E,(72) 13.0E KU-band Hotbird 13F/13G,Found
RMC LIFE,1_0_1_52D_2E7C_13F_820000_0_0_0.png,rmclife.png,13.0E,(72) 13.0E KU-band Hotbird 13F/13G,Found
RMC STORY,1_0_1_52B_2E7C_13F_820000_0_0_0.png,rmcstory.png,13.0E,(72) 13.0E KU-band Hotbird 13F/13G,Found
RMF Classic,1_0_1_1CA4_1CE8_71_820000_0_0_0.png,rmfclassic.png,13.0E,(72) 13.0E KU-band Hotbird 13F/13G,Found
RMF Classic,1_0_2_1C9A_1CE8_71_820000_0_0_0.png,rmfclassic.png,13.0E,(72) 13.0E KU-band Hotbird 13F/13G,Found
RMF FM,1_0_1_1CA2_1CE8_71_820000_0_0_0.png,rmffm.png,13.0E,(72) 13.0E KU-band Hotbird 13F/13G,Found
RMF FM,1_0_2_1C98_1CE8_71_820000_0_0_0.png,rmffm.png,13.0E,(72) 13.0E KU-band Hotbird 13F/13G,Found
RMF MAXX,1_0_1_1CA8_1CE8_71_820000_0_0_0.png,rmfmaxx.png,13.0E,(72) 13.0E KU-band Hotbird 13F/13G,Found
RMF MAXX,1_0_2_1C9E_1CE8_71_820000_0_0_0.png,rmfmaxx.png,13.0E,(72) 13.0E KU-band Hotbird 13F/13G,Found
RNE,1_0_2_DFD_1F40_13E_820000_0_0_0.png,rne.png,13.0E,(72) 13.0E KU-band Hotbird 13F/13G,Found
RSI LA 1 HD,1_0_19_4337_300C_13E_820000_0_0_0.png,rsila1hd.png,13.0E,(72) 13.0E KU-band Hotbird 13F/13G,Found
RSI LA 2 HD,1_0_19_4338_300C_13E_820000_0_0_0.png,rsila2hd.png,13.0E,(72) 13.0E KU-band Hotbird 13F/13G,Found
RTL 102.5,1_0_2_E3A_1C20_13E_820000_0_0_0.png,rtl1025.png,13.0E,(72) 13.0E KU-band Hotbird 13F/13G,Found
RTL 102.5 CALIENTE,1_0_19_205_384_13E_820000_0_0_0.png,rtl1025caliente.png,13.0E,(72) 13.0E KU-band Hotbird 13F/13G,Found
RTL 9,1_0_1_5AB_170C_13F_820000_0_0_0.png,rtl9.png,13.0E,(72) 13.0E KU-band Hotbird 13F/13G,Found
RTP International,1_0_1_2C9_1B58_13E_820000_0_0_0.png,rtpinternational.png,13.0E,(72) 13.0E KU-band Hotbird 13F/13G,Found
RTS 1 HD,1_0_19_4333_300C_13E_820000_0_0_0.png,rts1hd.png,13.0E,(72) 13.0E KU-band Hotbird 13F/13G,Found
RTS 2 HD,1_0_19_4334_300C_13E_820000_0_0_0.png,rts2hd.png,13.0E,(72) 13.0E KU-band Hotbird 13F/13G,Found
RTS Couleur 3,1_0_2_434D_300C_13E_820000_0_0_0.png,rtscouleur3.png,13.0E,(72) 13.0E KU-band Hotbird 13F/13G,Found
RTS Espace 2,1_0_2_434C_300C_13E_820000_0_0_0.png,rtsespace2.png,13.0E,(72) 13.0E KU-band Hotbird 13F/13G,Found
RTS Option Musique,1_0_2_434E_300C_13E_820000_0_0_0.png,rtsoptionmusique.png,13.0E,(72) 13.0E KU-band Hotbird 13F/13G,Found
RTVI,1_0_1_6B1_3138_13E_820000_0_0_0.png,rtvi.png,13.0E,(72) 13.0E KU-band Hotbird 13F/13G,Found
Radio 105,1_0_2_69_1770_BE_820000_0_0_0.png,radio105.png,13.0E,(72) 13.0E KU-band Hotbird 13F/13G,Found
Radio 24,1_0_2_E3C_1C20_13E_820000_0_0_0.png,radio24.png,13.0E,(72) 13.0E KU-band Hotbird 13F/13G,Found
Radio Italia Live,1_0_1_4246_3DB8_13E_820000_0_0_0.png,radioitalialive.png,13.0E,(72) 13.0E KU-band Hotbird 13F/13G,Found
Radio Jahani,1_0_1_6DB_3138_13E_820000_0_0_0.png,radiojahani.png,13.0E,(72) 13.0E KU-band Hotbird 13F/13G,Found
Radio Kiss Kiss TV,1_0_1_4250_3DB8_13E_820000_0_0_0.png,radiokisskisstv.png,13.0E,(72) 13.0E KU-band Hotbird 13F/13G,Found
Radio Monte Carlo,1_0_2_66_1770_BE_820000_0_0_0.png,radiomontecarlo.png,13.0E,(72) 13.0E KU-band Hotbird 13F/13G,Found
Radio2000,1_0_2_8B4_1F4_FC_820000_0_0_0.png,radio2000.png,13.0E,(72) 13.0E KU-band Hotbird 13F/13G,Found
Rai 1 HD,1_0_19_D49_1450_13E_820000_0_0_0.png,rai1hd.png,13.0E,(72) 13.0E KU-band Hotbird 13F/13G,Found
Rai 2 HD,1_0_19_D4A_1450_13E_820000_0_0_0.png,rai2hd.png,13.0E,(72) 13.0E KU-band Hotbird 13F/13G,Found
Rai 3 HD,1_0_19_D4B_1450_13E_820000_0_0_0.png,rai3hd.png,13.0E,(72) 13.0E KU-band Hotbird 13F/13G,Found
Rai 3 TGR Abruzzo,1_0_16_4552_30D4_13E_820000_0_0_0.png,rai3tgrabruzzo.png,13.0E,(72) 13.0E KU-band Hotbird 13F/13G,Found
Rai 3 TGR Basilicata,1_0_16_4544_30D4_13E_820000_0_0_0.png,rai3tgrbasilicata.png,13.0E,(72) 13.0E KU-band Hotbird 13F/13G,Found
Rai 3 TGR Calabria,1_0_16_4545_30D4_13E_820000_0_0_0.png,rai3tgrcalabria.png,13.0E,(72) 13.0E KU-band Hotbird 13F/13G,Found
Rai 3 TGR Campania,1_0_16_4554_30D4_13E_820000_0_0_0.png,rai3tgrcampania.png,13.0E,(72) 13.0E KU-band Hotbird 13F/13G,Found
Rai 3 TGR Emilia-Romagna,1_0_16_454D_30D4_13E_820000_0_0_0.png,rai3tgremiliaromagna.png,13.0E,(72) 13.0E KU-band Hotbird 13F/13G,Found
Rai 3 TGR Friuli Venezia Giulia,1_0_16_4555_30D4_13E_820000_0_0_0.png,rai3tgrfriuliveneziagiulia.png,13.0E,(72) 13.0E KU-band Hotbird 13F/13G,Found
Rai 3 TGR Furlanija Julijska Krajina,1_0_16_4556_30D4_13E_820000_0_0_0.png,rai3tgrfurlanijajulijskakrajina.png,13.0E,(72) 13.0E KU-band Hotbird 13F/13G,Found
Rai 3 TGR Lazio,1_0_16_4559_30D4_13E_820000_0_0_0.png,rai3tgrlazio.png,13.0E,(72) 13.0E KU-band Hotbird 13F/13G,Found
Rai 3 TGR Liguria,1_0_16_4547_30D4_13E_820000_0_0_0.png,rai3tgrliguria.png,13.0E,(72) 13.0E KU-band Hotbird 13F/13G,Found
Rai 3 TGR Lombardia,1_0_16_454C_30D4_13E_820000_0_0_0.png,rai3tgrlombardia.png,13.0E,(72) 13.0E KU-band Hotbird 13F/13G,Found
Rai 3 TGR Marche,1_0_16_454A_30D4_13E_820000_0_0_0.png,rai3tgrmarche.png,13.0E,(72) 13.0E KU-band Hotbird 13F/13G,Found
Rai 3 TGR Molise,1_0_16_4553_30D4_13E_820000_0_0_0.png,rai3tgrmolise.png,13.0E,(72) 13.0E KU-band Hotbird 13F/13G,Found
Rai 3 TGR Piemonte,1_0_16_454B_30D4_13E_820000_0_0_0.png,rai3tgrpiemonte.png,13.0E,(72) 13.0E KU-band Hotbird 13F/13G,Found
Rai 3 TGR Puglia,1_0_16_4543_30D4_13E_820000_0_0_0.png,rai3tgrpuglia.png,13.0E,(72) 13.0E KU-band Hotbird 13F/13G,Found
Rai 3 TGR Sardegna,1_0_16_4551_30D4_13E_820000_0_0_0.png,rai3tgrsardegna.png,13.0E,(72) 13.0E KU-band Hotbird 13F/13G,Found
Rai 3 TGR Sicilia,1_0_16_4546_30D4_13E_820000_0_0_0.png,rai3tgrsicilia.png,13.0E,(72) 13.0E KU-band Hotbird 13F/13G,Found
Rai 3 TGR Toscana,1_0_16_4548_30D4_13E_820000_0_0_0.png,rai3tgrtoscana.png,13.0E,(72) 13.0E KU-band Hotbird 13F/13G,Found
Rai 3 TGR Trentino Alto Adige Bolzano,1_0_16_4558_30D4_13E_820000_0_0_0.png,rai3tgrtrentinoaltoadigebolzano.png,13.0E,(72) 13.0E KU-band Hotbird 13F/13G,Found
Rai 3 TGR Trentino Alto Adige Trento,1_0_16_4557_30D4_13E_820000_0_0_0.png,rai3tgrtrentinoaltoadigetrento.png,13.0E,(72) 13.0E KU-band Hotbird 13F/13G,Found
Rai 3 TGR Umbria,1_0_16_4549_30D4_13E_820000_0_0_0.png,rai3tgrumbria.png,13.0E,(72) 13.0E KU-band Hotbird 13F/13G,Found
Rai 3 TGR Valle d'Aosta,1_0_16_4550_30D4_13E_820000_0_0_0.png,rai3tgrvalledaosta.png,13.0E,(72) 13.0E KU-band Hotbird 13F/13G,Found
Rai 3 TGR Veneto,1_0_16_454E_30D4_13E_820000_0_0_0.png,rai3tgrveneto.png,13.0E,(72) 13.0E KU-band Hotbird 13F/13G,Found
Rai 4 HD,1_0_19_D4D_1450_13E_820000_0_0_0.png,rai4hd.png,13.0E,(72) 13.0E KU-band Hotbird 13F/13G,Found
Rai 4K,1_0_1F_D4F_1450_13E_820000_0_0_0.png,rai4k.png,13.0E,(72) 13.0E KU-band Hotbird 13F/13G,Found
Rai 5 HD,1_0_19_4534_30D4_13E_820000_0_0_0.png,rai5hd.png,13.0E,(72) 13.0E KU-band Hotbird 13F/13G,Found
Rai GrParlamento,1_0_2_214D_3070_13E_820000_0_0_0.png,raigrparlamento.png,13.0E,(72) 13.0E KU-band Hotbird 13F/13G,Found
Rai Gulp HD,1_0_19_4530_30D4_13E_820000_0_0_0.png,raigulphd.png,13.0E,(72) 13.0E KU-band Hotbird 13F/13G,Found
Rai Isoradio,1_0_2_214E_3070_13E_820000_0_0_0.png,raiisoradio.png,13.0E,(72) 13.0E KU-band Hotbird 13F/13G,Found
Rai Movie HD,1_0_19_D4E_1450_13E_820000_0_0_0.png,raimoviehd.png,13.0E,(72) 13.0E KU-band Hotbird 13F/13G,Found
Rai News 24 HD,1_0_19_452F_30D4_13E_820000_0_0_0.png,rainews24hd.png,13.0E,(72) 13.0E KU-band Hotbird 13F/13G,Found
Rai Premium HD,1_0_19_214A_3070_13E_820000_0_0_0.png,raipremiumhd.png,13.0E,(72) 13.0E KU-band Hotbird 13F/13G,Found
Rai Radio 1,1_0_2_D71_1450_13E_820000_0_0_0.png,rairadio1.png,13.0E,(72) 13.0E KU-band Hotbird 13F/13G,Found
Rai Radio 1 Sport,1_0_2_2155_3070_13E_820000_0_0_0.png,rairadio1sport.png,13.0E,(72) 13.0E KU-band Hotbird 13F/13G,Found
Rai Radio 2,1_0_2_D72_1450_13E_820000_0_0_0.png,rairadio2.png,13.0E,(72) 13.0E KU-band Hotbird 13F/13G,Found
Rai Radio 2 Visual,1_0_16_2140_3070_13E_820000_0_0_0.png,rairadio2visual.png,13.0E,(72) 13.0E KU-band Hotbird 13F/13G,Found
Rai Radio 3,1_0_2_D73_1450_13E_820000_0_0_0.png,rairadio3.png,13.0E,(72) 13.0E KU-band Hotbird 13F/13G,Found
Rai Radio 3 Classica,1_0_2_214C_3070_13E_820000_0_0_0.png,rairadio3classica.png,13.0E,(72) 13.0E KU-band Hotbird 13F/13G,Found
Rai Radio Kids,1_0_2_2151_3070_13E_820000_0_0_0.png,rairadiokids.png,13.0E,(72) 13.0E KU-band Hotbird 13F/13G,Found
Rai Radio Live Napoli,1_0_2_2150_3070_13E_820000_0_0_0.png,rairadiolivenapoli.png,13.0E,(72) 13.0E KU-band Hotbird 13F/13G,Found
Rai Radio Techete',1_0_2_214F_3070_13E_820000_0_0_0.png,rairadiotechete.png,13.0E,(72) 13.0E KU-band Hotbird 13F/13G,Found
Rai Radio Trst A,1_0_2_2156_3070_13E_820000_0_0_0.png,rairadiotrsta.png,13.0E,(72) 13.0E KU-band Hotbird 13F/13G,Found
Rai Radio Tutta Italiana,1_0_2_2153_3070_13E_820000_0_0_0.png,rairadiotuttaitaliana.png,13.0E,(72) 13.0E KU-band Hotbird 13F/13G,Found
Rai Scuola HD,1_0_19_2149_3070_13E_820000_0_0_0.png,raiscuolahd.png,13.0E,(72) 13.0E KU-band Hotbird 13F/13G,Found
Rai Storia HD,1_0_19_2146_3070_13E_820000_0_0_0.png,raistoriahd.png,13.0E,(72) 13.0E KU-band Hotbird 13F/13G,Found
Rai YoYo HD,1_0_19_213F_3070_13E_820000_0_0_0.png,raiyoyohd.png,13.0E,(72) 13.0E KU-band Hotbird 13F/13G,Found
Realtime Italy HD,1_0_19_3B61_12C_13E_820000_0_0_0.png,realtimeitalyhd.png,13.0E,(72) 13.0E KU-band Hotbird 13F/13G,Found
Redlight HD,1_0_1_4224_3DB8_13E_820000_0_0_0.png,redlighthd.png,13.0E,(72) 13.0E KU-band Hotbird 13F/13G,Found
Rete4 HD,1_0_19_7B_4B0_110_820000_0_0_0.png,rete4hd.png,13.0E,(72) 13.0E KU-band Hotbird 13F/13G,Found
Riyad Al Salihin,1_0_16_72_2_FFFF_DC92CB9_0_0_0.png,riyadalsalihin.png,13.0E,(72) 13.0E KU-band Hotbird 13F/13G,Found
Romance TV,1_0_1_3ABE_514_13E_820000_0_0_0.png,romancetv.png,13.0E,(72) 13.0E KU-band Hotbird 13F/13G,Found
Romance TV,1_0_1_3ADC_514_13E_820000_0_0_0.png,romancetv.png,13.0E,(72) 13.0E KU-band Hotbird 13F/13G,Found
Ronahi TV,1_0_1_232B_2328_13E_820000_0_0_0.png,ronahitv.png,13.0E,(72) 13.0E KU-band Hotbird 13F/13G,Found
Russia's Future,1_0_16_68_2FA8_13E_820000_0_0_0.png,russiasfuture.png,13.0E,(72) 13.0E KU-band Hotbird 13F/13G,Found
SAT.TV - Hot Bird,1_0_19_4238_2F44_13E_820000_0_0_0.png,sattvhotbird.png,13.0E,(72) 13.0E KU-band Hotbird 13F/13G,Found
SAUDI TV HD,1_0_19_4B5_23F0_13E_820000_0_0_0.png,sauditvhd.png,13.0E,(72) 13.0E KU-band Hotbird 13F/13G,Found
SBC HD,1_0_19_4B1_23F0_13E_820000_0_0_0.png,sbchd.png,13.0E,(72) 13.0E KU-band Hotbird 13F/13G,Found
SCIENCE ET VIE,1_0_1_5B7_170C_13F_820000_0_0_0.png,scienceetvie.png,13.0E,(72) 13.0E KU-band Hotbird 13F/13G,Found
SDMS Service1,1_0_9B_2B39_2260_FBFF_820000_0_0_0.png,sdmsservice1.png,13.0E,(72) 13.0E KU-band Hotbird 13F/13G,Found
SDMS Service2,1_0_1_2B3B_2260_FBFF_820000_0_0_0.png,sdmsservice2.png,13.0E,(72) 13.0E KU-band Hotbird 13F/13G,Found
SID_353,1_0_1_161_1C84_13E_820000_0_0_0.png,sid353.png,13.0E,(72) 13.0E KU-band Hotbird 13F/13G,Found
SID_356,1_0_1_164_1C84_13E_820000_0_0_0.png,sid356.png,13.0E,(72) 13.0E KU-band Hotbird 13F/13G,Found
SKAI HD,1_0_1_17F_1C84_13E_820000_0_0_0.png,skaihd.png,13.0E,(72) 13.0E KU-band Hotbird 13F/13G,Found
SLNTV,1_0_1_2338_2328_13E_820000_0_0_0.png,slntv.png,13.0E,(72) 13.0E KU-band Hotbird 13F/13G,Found
SMILE TV,1_0_1_1A7_1518_13E_820000_0_0_0.png,smiletv.png,13.0E,(72) 13.0E KU-band Hotbird 13F/13G,Found
SMTV,1_0_1_2342_2328_13E_820000_0_0_0.png,smtv.png,13.0E,(72) 13.0E KU-band Hotbird 13F/13G,Found
SRF 1,1_0_2_4345_300C_13E_820000_0_0_0.png,srf1.png,13.0E,(72) 13.0E KU-band Hotbird 13F/13G,Found
SRF 1 HD,1_0_19_4331_300C_13E_820000_0_0_0.png,srf1hd.png,13.0E,(72) 13.0E KU-band Hotbird 13F/13G,Found
SRF 2 Kultur,1_0_2_4346_300C_13E_820000_0_0_0.png,srf2kultur.png,13.0E,(72) 13.0E KU-band Hotbird 13F/13G,Found
SRF info HD,1_0_19_4336_300C_13E_820000_0_0_0.png,srfinfohd.png,13.0E,(72) 13.0E KU-band Hotbird 13F/13G,Found
SRF zwei HD,1_0_19_4332_300C_13E_820000_0_0_0.png,srfzweihd.png,13.0E,(72) 13.0E KU-band Hotbird 13F/13G,Found
STAR HD,1_0_1_3C91_1BBC_13E_820000_0_0_0.png,starhd.png,13.0E,(72) 13.0E KU-band Hotbird 13F/13G,Found
STARS.TV,1_0_1_427F_2BC0_13E_820000_0_0_0.png,starstv.png,13.0E,(72) 13.0E KU-band Hotbird 13F/13G,Found
STERK TV HD,1_0_1_2333_2328_13E_820000_0_0_0.png,sterktvhd.png,13.0E,(72) 13.0E KU-band Hotbird 13F/13G,Found
SUDAN TV,1_0_1_38B_2134_13E_820000_0_0_0.png,sudantv.png,13.0E,(72) 13.0E KU-band Hotbird 13F/13G,Found
SVOBODA,1_0_16_65_2FA8_13E_820000_0_0_0.png,svoboda.png,13.0E,(72) 13.0E KU-band Hotbird 13F/13G,Found
SVOBODA NEWS,1_0_16_66_2FA8_13E_820000_0_0_0.png,svobodanews.png,13.0E,(72) 13.0E KU-band Hotbird 13F/13G,Found
SVOBODA+,1_0_16_69_2FA8_13E_820000_0_0_0.png,svoboda.png,13.0E,(72) 13.0E KU-band Hotbird 13F/13G,Found
SZLAGIER TV,1_0_1_1152_2AF8_13E_820000_0_0_0.png,szlagiertv.png,13.0E,(72) 13.0E KU-band Hotbird 13F/13G,Found
Salvation TV MENA,1_0_1_4231_2F44_13E_820000_0_0_0.png,salvationtvmena.png,13.0E,(72) 13.0E KU-band Hotbird 13F/13G,Found
San Marino RTV HD,1_0_1_1C56_1C20_13E_820000_0_0_0.png,sanmarinortvhd.png,13.0E,(72) 13.0E KU-band Hotbird 13F/13G,Found
San Marino RTV HD,1_0_1_1C58_1C20_13E_820000_0_0_0.png,sanmarinortvhd.png,13.0E,(72) 13.0E KU-band Hotbird 13F/13G,Found
Saudi Ch for Quran HD,1_0_19_4B3_23F0_13E_820000_0_0_0.png,saudichforquranhd.png,13.0E,(72) 13.0E KU-band Hotbird 13F/13G,Found
Saudi Ch for Sunnah HD,1_0_19_4B2_23F0_13E_820000_0_0_0.png,saudichforsunnahhd.png,13.0E,(72) 13.0E KU-band Hotbird 13F/13G,Found
SciFi HD,1_0_1_3E20_2EE0_13E_820000_0_0_0.png,scifihd.png,13.0E,(72) 13.0E KU-band Hotbird 13F/13G,Found
SciFi HD,1_0_1_3E3E_2EE0_13E_820000_0_0_0.png,scifihd.png,13.0E,(72) 13.0E KU-band Hotbird 13F/13G,Found
Science Poland HD,1_0_19_3B6A_12C_13E_820000_0_0_0.png,sciencepolandhd.png,13.0E,(72) 13.0E KU-band Hotbird 13F/13G,Found
Senato,1_0_19_D50_1450_13E_820000_0_0_0.png,senato.png,13.0E,(72) 13.0E KU-band Hotbird 13F/13G,Found
Sender New Jerusalem,1_0_1_132E_33F4_13E_820000_0_0_0.png,sendernewjerusalem.png,13.0E,(72) 13.0E KU-band Hotbird 13F/13G,Found
Silk Way,1_0_1_2340_2328_13E_820000_0_0_0.png,silkway.png,13.0E,(72) 13.0E KU-band Hotbird 13F/13G,Found
Simay Azadi HD,1_0_19_11FE_2B5C_13E_820000_0_0_0.png,simayazadihd.png,13.0E,(72) 13.0E KU-band Hotbird 13F/13G,Found
Simaye Azadi SD,1_0_1_1C71_1C20_13E_820000_0_0_0.png,simayeazadisd.png,13.0E,(72) 13.0E KU-band Hotbird 13F/13G,Found
Sky Adventure,1_0_19_F79_19C8_FBFF_820000_0_0_0.png,skyadventure.png,13.0E,(72) 13.0E KU-band Hotbird 13F/13G,Found
Sky Adventure,1_0_19_F7A_19C8_FBFF_820000_0_0_0.png,skyadventure.png,13.0E,(72) 13.0E KU-band Hotbird 13F/13G,Found
Sky Arte,1_0_19_2B42_19C8_FBFF_820000_0_0_0.png,skyarte.png,13.0E,(72) 13.0E KU-band Hotbird 13F/13G,Found
Sky Arte,1_0_19_2B43_19C8_FBFF_820000_0_0_0.png,skyarte.png,13.0E,(72) 13.0E KU-band Hotbird 13F/13G,Found
Sky Atlantic,1_0_19_3792_15E0_FBFF_820000_0_0_0.png,skyatlantic.png,13.0E,(72) 13.0E KU-band Hotbird 13F/13G,Found
Sky Cinema Action,1_0_19_106E_2008_FBFF_820000_0_0_0.png,skycinemaaction.png,13.0E,(72) 13.0E KU-band Hotbird 13F/13G,Found
Sky Cinema Comedy,1_0_19_2B16_1A90_FBFF_820000_0_0_0.png,skycinemacomedy.png,13.0E,(72) 13.0E KU-band Hotbird 13F/13G,Found
Sky Cinema Drama,1_0_19_1E59_2008_FBFF_820000_0_0_0.png,skycinemadrama.png,13.0E,(72) 13.0E KU-band Hotbird 13F/13G,Found
Sky Cinema Family,1_0_19_1C57_2008_FBFF_820000_0_0_0.png,skycinemafamily.png,13.0E,(72) 13.0E KU-band Hotbird 13F/13G,Found
Sky Cinema Restart,1_0_19_FC7_2260_FBFF_820000_0_0_0.png,skycinemarestart.png,13.0E,(72) 13.0E KU-band Hotbird 13F/13G,Found
Sky Cinema Romance,1_0_19_1C3F_19C8_FBFF_820000_0_0_0.png,skycinemaromance.png,13.0E,(72) 13.0E KU-band Hotbird 13F/13G,Found
Sky Cinema Stories,1_0_19_DEC_15E0_FBFF_820000_0_0_0.png,skycinemastories.png,13.0E,(72) 13.0E KU-band Hotbird 13F/13G,Found
Sky Cinema Suspense,1_0_19_2B27_2008_FBFF_820000_0_0_0.png,skycinemasuspense.png,13.0E,(72) 13.0E KU-band Hotbird 13F/13G,Found
Sky Cinema Uno,1_0_19_106A_15E0_FBFF_820000_0_0_0.png,skycinemauno.png,13.0E,(72) 13.0E KU-band Hotbird 13F/13G,Found
Sky Cinema Uno,1_0_19_106B_15E0_FBFF_820000_0_0_0.png,skycinemauno.png,13.0E,(72) 13.0E KU-band Hotbird 13F/13G,Found
Sky Classica,1_0_19_104A_19C8_FBFF_820000_0_0_0.png,skyclassica.png,13.0E,(72) 13.0E KU-band Hotbird 13F/13G,Found
Sky Collection,1_0_19_597_19C8_FBFF_820000_0_0_0.png,skycollection.png,13.0E,(72) 13.0E KU-band Hotbird 13F/13G,Found
Sky Crime,1_0_19_1020_2260_FBFF_820000_0_0_0.png,skycrime.png,13.0E,(72) 13.0E KU-band Hotbird 13F/13G,Found
Sky Crime,1_0_19_37A9_2260_FBFF_820000_0_0_0.png,skycrime.png,13.0E,(72) 13.0E KU-band Hotbird 13F/13G,Found
Sky Documentaries,1_0_19_2DB1_2260_FBFF_820000_0_0_0.png,skydocumentaries.png,13.0E,(72) 13.0E KU-band Hotbird 13F/13G,Found
Sky Documentaries,1_0_19_2DB2_2260_FBFF_820000_0_0_0.png,skydocumentaries.png,13.0E,(72) 13.0E KU-band Hotbird 13F/13G,Found
Sky Investigation,1_0_19_2DA6_15E0_FBFF_820000_0_0_0.png,skyinvestigation.png,13.0E,(72) 13.0E KU-band Hotbird 13F/13G,Found
Sky Meteo24,1_0_1_10E1_2008_FBFF_820000_0_0_0.png,skymeteo24.png,13.0E,(72) 13.0E KU-band Hotbird 13F/13G,Found
Sky Nature,1_0_19_2DAF_2008_FBFF_820000_0_0_0.png,skynature.png,13.0E,(72) 13.0E KU-band Hotbird 13F/13G,Found
Sky Nature,1_0_19_2DBE_2008_FBFF_820000_0_0_0.png,skynature.png,13.0E,(72) 13.0E KU-band Hotbird 13F/13G,Found
Sky News,1_0_1_1FAC_19C8_FBFF_820000_0_0_0.png,skynews.png,13.0E,(72) 13.0E KU-band Hotbird 13F/13G,Found
Sky News Arabia,1_0_19_252C_13EF_13E_820000_0_0_0.png,skynewsarabia.png,13.0E,(72) 13.0E KU-band Hotbird 13F/13G,Found
Sky Primafila,1_0_1_1FD2_2260_FBFF_820000_0_0_0.png,skyprimafila.png,13.0E,(72) 13.0E KU-band Hotbird 13F/13G,Found
Sky Primafila Active,1_0_1_1FCD_2260_FBFF_820000_0_0_0.png,skyprimafilaactive.png,13.0E,(72) 13.0E KU-band Hotbird 13F/13G,Found
Sky Serie,1_0_19_2DA4_15E0_FBFF_820000_0_0_0.png,skyserie.png,13.0E,(72) 13.0E KU-band Hotbird 13F/13G,Found
Sky Sport,1_0_1_1E5C_2260_FBFF_820000_0_0_0.png,skysport.png,13.0E,(72) 13.0E KU-band Hotbird 13F/13G,Found
Sky Sport,1_0_1_2D5D_15E0_FBFF_820000_0_0_0.png,skysport.png,13.0E,(72) 13.0E KU-band Hotbird 13F/13G,Found
Sky Sport,1_0_19_F46_2008_FBFF_820000_0_0_0.png,skysport.png,13.0E,(72) 13.0E KU-band Hotbird 13F/13G,Found
Sky Sport,1_0_19_F48_2008_FBFF_820000_0_0_0.png,skysport.png,13.0E,(72) 13.0E KU-band Hotbird 13F/13G,Found
Sky Sport,1_0_19_F4D_1A90_FBFF_820000_0_0_0.png,skysport.png,13.0E,(72) 13.0E KU-band Hotbird 13F/13G,Found
Sky Sport,1_0_19_1E5F_15E0_FBFF_820000_0_0_0.png,skysport.png,13.0E,(72) 13.0E KU-band Hotbird 13F/13G,Found
Sky Sport,1_0_19_F6F_2008_FBFF_820000_0_0_0.png,skysport.png,13.0E,(72) 13.0E KU-band Hotbird 13F/13G,Found
Sky Sport,1_0_19_1089_1A90_FBFF_820000_0_0_0.png,skysport.png,13.0E,(72) 13.0E KU-band Hotbird 13F/13G,Found
Sky Sport,1_0_19_108A_1A90_FBFF_820000_0_0_0.png,skysport.png,13.0E,(72) 13.0E KU-band Hotbird 13F/13G,Found
Sky Sport 4k,1_0_1F_2D6C_1900_FBFF_820000_0_0_0.png,skysport4k.png,13.0E,(72) 13.0E KU-band Hotbird 13F/13G,Found
Sky Sport Arena,1_0_19_2B10_1900_FBFF_820000_0_0_0.png,skysportarena.png,13.0E,(72) 13.0E KU-band Hotbird 13F/13G,Found
Sky Sport Basket,1_0_19_1E54_15E0_FBFF_820000_0_0_0.png,skysportbasket.png,13.0E,(72) 13.0E KU-band Hotbird 13F/13G,Found
Sky Sport Business 1,1_0_19_DE9_16A8_FBFF_820000_0_0_0.png,skysportbusiness1.png,13.0E,(72) 13.0E KU-band Hotbird 13F/13G,Found
Sky Sport Business 2,1_0_19_DEA_15E0_FBFF_820000_0_0_0.png,skysportbusiness2.png,13.0E,(72) 13.0E KU-band Hotbird 13F/13G,Found
Sky Sport Business 3,1_0_19_DED_2008_FBFF_820000_0_0_0.png,skysportbusiness3.png,13.0E,(72) 13.0E KU-band Hotbird 13F/13G,Found
Sky Sport Calcio,1_0_19_1C29_1838_FBFF_820000_0_0_0.png,skysportcalcio.png,13.0E,(72) 13.0E KU-band Hotbird 13F/13G,Found
Sky Sport Calcio,1_0_19_1C3E_1838_FBFF_820000_0_0_0.png,skysportcalcio.png,13.0E,(72) 13.0E KU-band Hotbird 13F/13G,Found
Sky Sport F1,1_0_19_2506_1900_FBFF_820000_0_0_0.png,skysportf1.png,13.0E,(72) 13.0E KU-band Hotbird 13F/13G,Found
Sky Sport Golf,1_0_19_1E58_2008_FBFF_820000_0_0_0.png,skysportgolf.png,13.0E,(72) 13.0E KU-band Hotbird 13F/13G,Found
Sky Sport HD,1_0_19_2C77_19C8_FBFF_820000_0_0_0.png,skysporthd.png,13.0E,(72) 13.0E KU-band Hotbird 13F/13G,Found
Sky Sport Info,1_0_1_2C2F_19C8_FBFF_820000_0_0_0.png,skysportinfo.png,13.0E,(72) 13.0E KU-band Hotbird 13F/13G,Found
Sky Sport Legend,1_0_19_DFA_2008_FBFF_820000_0_0_0.png,skysportlegend.png,13.0E,(72) 13.0E KU-band Hotbird 13F/13G,Found
Sky Sport Max,1_0_19_1C50_1A90_FBFF_820000_0_0_0.png,skysportmax.png,13.0E,(72) 13.0E KU-band Hotbird 13F/13G,Found
Sky Sport Mix,1_0_19_DFB_1A90_FBFF_820000_0_0_0.png,skysportmix.png,13.0E,(72) 13.0E KU-band Hotbird 13F/13G,Found
Sky Sport MotoGP,1_0_19_250B_1900_FBFF_820000_0_0_0.png,skysportmotogp.png,13.0E,(72) 13.0E KU-band Hotbird 13F/13G,Found
Sky Sport Tennis,1_0_19_DE7_1838_FBFF_820000_0_0_0.png,skysporttennis.png,13.0E,(72) 13.0E KU-band Hotbird 13F/13G,Found
Sky Sport Uno,1_0_19_2B0F_1838_FBFF_820000_0_0_0.png,skysportuno.png,13.0E,(72) 13.0E KU-band Hotbird 13F/13G,Found
Sky Sport24,1_0_19_2B1B_1838_FBFF_820000_0_0_0.png,skysport24.png,13.0E,(72) 13.0E KU-band Hotbird 13F/13G,Found
Sky Sport24,1_0_19_2B1D_1838_FBFF_820000_0_0_0.png,skysport24.png,13.0E,(72) 13.0E KU-band Hotbird 13F/13G,Found
Sky Sport24,1_0_19_2B20_1838_FBFF_820000_0_0_0.png,skysport24.png,13.0E,(72) 13.0E KU-band Hotbird 13F/13G,Found
Sky TG24,1_0_19_DBF_16A8_FBFF_820000_0_0_0.png,skytg24.png,13.0E,(72) 13.0E KU-band Hotbird 13F/13G,Found
Sky TG24,1_0_19_DC1_16A8_FBFF_820000_0_0_0.png,skytg24.png,13.0E,(72) 13.0E KU-band Hotbird 13F/13G,Found
Sky TG24 HD,1_0_19_DCC_16A8_FBFF_820000_0_0_0.png,skytg24hd.png,13.0E,(72) 13.0E KU-band Hotbird 13F/13G,Found
Sky Uno,1_0_19_2505_1838_FBFF_820000_0_0_0.png,skyuno.png,13.0E,(72) 13.0E KU-band Hotbird 13F/13G,Found
Sky Uno +,1_0_19_598_19C8_FBFF_820000_0_0_0.png,skyuno.png,13.0E,(72) 13.0E KU-band Hotbird 13F/13G,Found
SkyShowtime 1,1_0_1_3E27_2EE0_13E_820000_0_0_0.png,skyshowtime1.png,13.0E,(72) 13.0E KU-band Hotbird 13F/13G,Found
SkyShowtime 2,1_0_1_3E28_2EE0_13E_820000_0_0_0.png,skyshowtime2.png,13.0E,(72) 13.0E KU-band Hotbird 13F/13G,Found
Solo Calcio,1_0_1_1384_33F4_13E_820000_0_0_0.png,solocalcio.png,13.0E,(72) 13.0E KU-band Hotbird 13F/13G,Found
Sonlife,1_0_1_39D9_1FA4_13E_820000_0_0_0.png,sonlife.png,13.0E,(72) 13.0E KU-band Hotbird 13F/13G,Found
Sport HD,1_0_19_2C52_19C8_FBFF_820000_0_0_0.png,sporthd.png,13.0E,(72) 13.0E KU-band Hotbird 13F/13G,Found
Sportklub HD,1_0_1_113A_2AF8_13E_820000_0_0_0.png,sportklubhd.png,13.0E,(72) 13.0E KU-band Hotbird 13F/13G,Found
Sports First,1_0_1_2C3_14B4_13E_820000_0_0_0.png,sportsfirst.png,13.0E,(72) 13.0E KU-band Hotbird 13F/13G,Found
Stopklatka,1_0_1_427B_2BC0_13E_820000_0_0_0.png,stopklatka.png,13.0E,(72) 13.0E KU-band Hotbird 13F/13G,Found
Stopklatka,1_0_1_427C_2BC0_13E_820000_0_0_0.png,stopklatka.png,13.0E,(72) 13.0E KU-band Hotbird 13F/13G,Found
Strefa Abonenta,1_0_AB_1CD4_1CE8_71_820000_0_0_0.png,strefaabonenta.png,13.0E,(72) 13.0E KU-band Hotbird 13F/13G,Found
StudioMed TV,1_0_1_13FB_5DC_13E_820000_0_0_0.png,studiomedtv.png,13.0E,(72) 13.0E KU-band Hotbird 13F/13G,Found
Super Toons,1_0_16_95_251C_D5_820000_0_0_0.png,supertoons.png,13.0E,(72) 13.0E KU-band Hotbird 13F/13G,Found
Super!,1_0_16_4233_2F44_13E_820000_0_0_0.png,super.png,13.0E,(72) 13.0E KU-band Hotbird 13F/13G,Found
SuperTennis HD,1_0_19_2C29_15E0_FBFF_820000_0_0_0.png,supertennishd.png,13.0E,(72) 13.0E KU-band Hotbird 13F/13G,Found
Swiss Classic,1_0_2_4352_300C_13E_820000_0_0_0.png,swissclassic.png,13.0E,(72) 13.0E KU-band Hotbird 13F/13G,Found
Swiss Jazz,1_0_2_4354_300C_13E_820000_0_0_0.png,swissjazz.png,13.0E,(72) 13.0E KU-band Hotbird 13F/13G,Found
Swiss Pop,1_0_2_4353_300C_13E_820000_0_0_0.png,swisspop.png,13.0E,(72) 13.0E KU-band Hotbird 13F/13G,Found
T18,1_0_1_51C_2E7C_13F_820000_0_0_0.png,t18.png,13.0E,(72) 13.0E KU-band Hotbird 13F/13G,Found
TBN,1_0_16_233C_2328_13E_820000_0_0_0.png,tbn.png,13.0E,(72) 13.0E KU-band Hotbird 13F/13G,Found
TBN Russia,1_0_1_1C8F_332C_13E_820000_0_0_0.png,tbnrussia.png,13.0E,(72) 13.0E KU-band Hotbird 13F/13G,Found
TELE 5,1_0_1_423B_3DB8_13E_820000_0_0_0.png,tele5.png,13.0E,(72) 13.0E KU-band Hotbird 13F/13G,Found
TELE CONGO,1_0_1_29CD_1C20_13E_820000_0_0_0.png,telecongo.png,13.0E,(72) 13.0E KU-band Hotbird 13F/13G,Found
TELERADIOPACE TV,1_0_1_8A0_1F4_FC_820000_0_0_0.png,teleradiopacetv.png,13.0E,(72) 13.0E KU-band Hotbird 13F/13G,Found
TELESARDEGNA,1_0_19_50_1770_BE_820000_0_0_0.png,telesardegna.png,13.0E,(72) 13.0E KU-band Hotbird 13F/13G,Found
TEVA,1_0_1_5BA_170C_13F_820000_0_0_0.png,teva.png,13.0E,(72) 13.0E KU-band Hotbird 13F/13G,Found
TF1,1_0_1_515_2E7C_13F_820000_0_0_0.png,tf1.png,13.0E,(72) 13.0E KU-band Hotbird 13F/13G,Found
TF1 SERIES FILMS,1_0_1_528_2E7C_13F_820000_0_0_0.png,tf1seriesfilms.png,13.0E,(72) 13.0E KU-band Hotbird 13F/13G,Found
TFX,1_0_1_51F_2E7C_13F_820000_0_0_0.png,tfx.png,13.0E,(72) 13.0E KU-band Hotbird 13F/13G,Found
TG24PrimoPiano,1_0_1_10E8_19C8_FBFF_820000_0_0_0.png,tg24primopiano.png,13.0E,(72) 13.0E KU-band Hotbird 13F/13G,Found
TGCOM24 HD,1_0_19_80_4B0_110_820000_0_0_0.png,tgcom24hd.png,13.0E,(72) 13.0E KU-band Hotbird 13F/13G,Found
THT,1_0_1_6A7_3138_13E_820000_0_0_0.png,tht.png,13.0E,(72) 13.0E KU-band Hotbird 13F/13G,Found
TLC HD,1_0_1_3C92_1BBC_13E_820000_0_0_0.png,tlchd.png,13.0E,(72) 13.0E KU-band Hotbird 13F/13G,Found
TLC HD,1_0_19_10DE_3E8_13E_820000_0_0_0.png,tlchd.png,13.0E,(72) 13.0E KU-band Hotbird 13F/13G,Found
TMC,1_0_1_51E_2E7C_13F_820000_0_0_0.png,tmc.png,13.0E,(72) 13.0E KU-band Hotbird 13F/13G,Found
TOPcrime HD,1_0_19_84_4B0_110_820000_0_0_0.png,topcrimehd.png,13.0E,(72) 13.0E KU-band Hotbird 13F/13G,Found
TOUTE L'HISTOIRE,1_0_1_5B3_170C_13F_820000_0_0_0.png,toutelhistoire.png,13.0E,(72) 13.0E KU-band Hotbird 13F/13G,Found
TRAVELXP 4K,1_0_1F_11FB_2B5C_13E_820000_0_0_0.png,travelxp4k.png,13.0E,(72) 13.0E KU-band Hotbird 13F/13G,Found
TREK,1_0_1_5B2_170C_13F_820000_0_0_0.png,trek.png,13.0E,(72) 13.0E KU-band Hotbird 13F/13G,Found
TRM h24,1_0_1_421A_3DB8_13E_820000_0_0_0.png,trmh24.png,13.0E,(72) 13.0E KU-band Hotbird 13F/13G,Found
TRT Arabi HD,1_0_1_31F_3BC4_1_820000_0_0_0.png,trtarabihd.png,13.0E,(72) 13.0E KU-band Hotbird 13F/13G,Found
TRT World HD,1_0_1_323_3BC4_1_820000_0_0_0.png,trtworldhd.png,13.0E,(72) 13.0E KU-band Hotbird 13F/13G,Found
TTV HD,1_0_19_3DD7_640_13E_820000_0_0_0.png,ttvhd.png,13.0E,(72) 13.0E KU-band Hotbird 13F/13G,Found
TV 4 TAMAZIGHT,1_0_1_39D4_1FA4_13E_820000_0_0_0.png,tv4tamazight.png,13.0E,(72) 13.0E KU-band Hotbird 13F/13G,Found
TV 5 CORAN,1_0_1_39D5_1FA4_13E_820000_0_0_0.png,tv5coran.png,13.0E,(72) 13.0E KU-band Hotbird 13F/13G,Found
TV BREIZH,1_0_1_5B0_170C_13F_820000_0_0_0.png,tvbreizh.png,13.0E,(72) 13.0E KU-band Hotbird 13F/13G,Found
TV CORAN,1_0_1_6A5_3138_13E_820000_0_0_0.png,tvcoran.png,13.0E,(72) 13.0E KU-band Hotbird 13F/13G,Found
TV Okazje,1_0_1_1C8D_1CE8_71_820000_0_0_0.png,tvokazje.png,13.0E,(72) 13.0E KU-band Hotbird 13F/13G,Found
TV Okazje,1_0_1_1C97_1CE8_71_820000_0_0_0.png,tvokazje.png,13.0E,(72) 13.0E KU-band Hotbird 13F/13G,Found
TV PULS HD,1_0_1_3D66_2C88_13E_820000_0_0_0.png,tvpulshd.png,13.0E,(72) 13.0E KU-band Hotbird 13F/13G,Found
TV Republika,1_0_1_4289_2BC0_13E_820000_0_0_0.png,tvrepublika.png,13.0E,(72) 13.0E KU-band Hotbird 13F/13G,Found
TV TAMAZIGHT,1_0_1_6A6_3138_13E_820000_0_0_0.png,tvtamazight.png,13.0E,(72) 13.0E KU-band Hotbird 13F/13G,Found
TV2000,1_0_19_5B_1770_BE_820000_0_0_0.png,tv2000.png,13.0E,(72) 13.0E KU-band Hotbird 13F/13G,Found
TV4 HD,1_0_1_3393_3390_71_820000_0_0_0.png,tv4hd.png,13.0E,(72) 13.0E KU-band Hotbird 13F/13G,Found
TV4 HD,1_0_1_33A3_3390_71_820000_0_0_0.png,tv4hd.png,13.0E,(72) 13.0E KU-band Hotbird 13F/13G,Found
TV5MONDE EUROPE,1_0_1_3331_1388_13E_820000_0_0_0.png,tv5mondeeurope.png,13.0E,(72) 13.0E KU-band Hotbird 13F/13G,Found
TV6 HD,1_0_1_3394_3390_71_820000_0_0_0.png,tv6hd.png,13.0E,(72) 13.0E KU-band Hotbird 13F/13G,Found
TV8,1_0_16_6E_2FA8_13E_820000_0_0_0.png,tv8.png,13.0E,(72) 13.0E KU-band Hotbird 13F/13G,Found
TV8 HD,1_0_19_1C5C_1A90_FBFF_820000_0_0_0.png,tv8hd.png,13.0E,(72) 13.0E KU-band Hotbird 13F/13G,Found
TV8 HD,1_0_19_1C66_1A90_FBFF_820000_0_0_0.png,tv8hd.png,13.0E,(72) 13.0E KU-band Hotbird 13F/13G,Found
TVA Vicenza,1_0_1_425C_3DB8_13E_820000_0_0_0.png,tvavicenza.png,13.0E,(72) 13.0E KU-band Hotbird 13F/13G,Found
TVC,1_0_1_1153_2AF8_13E_820000_0_0_0.png,tvc.png,13.0E,(72) 13.0E KU-band Hotbird 13F/13G,Found
TVC SUPER,1_0_1_1155_2AF8_13E_820000_0_0_0.png,tvcsuper.png,13.0E,(72) 13.0E KU-band Hotbird 13F/13G,Found
TVE Internacional,1_0_19_DAD_1F40_13E_820000_0_0_0.png,tveinternacional.png,13.0E,(72) 13.0E KU-band Hotbird 13F/13G,Found
TVN 24 HD,1_0_19_3DD2_640_13E_820000_0_0_0.png,tvn24hd.png,13.0E,(72) 13.0E KU-band Hotbird 13F/13G,Found
TVN 24 HD_,1_0_19_3DED_640_13E_820000_0_0_0.png,tvn24hd.png,13.0E,(72) 13.0E KU-band Hotbird 13F/13G,Found
TVN 7 HD,1_0_19_3DD3_640_13E_820000_0_0_0.png,tvn7hd.png,13.0E,(72) 13.0E KU-band Hotbird 13F/13G,Found
TVN 7 HD_,1_0_19_3DEB_640_13E_820000_0_0_0.png,tvn7hd.png,13.0E,(72) 13.0E KU-band Hotbird 13F/13G,Found
TVN Fabula,1_0_19_3DD6_640_13E_820000_0_0_0.png,tvnfabula.png,13.0E,(72) 13.0E KU-band Hotbird 13F/13G,Found
TVN HD,1_0_19_3DCD_640_13E_820000_0_0_0.png,tvnhd.png,13.0E,(72) 13.0E KU-band Hotbird 13F/13G,Found
TVN HD_,1_0_19_3DEA_640_13E_820000_0_0_0.png,tvnhd.png,13.0E,(72) 13.0E KU-band Hotbird 13F/13G,Found
TVN STYLE HD,1_0_19_3DCF_640_13E_820000_0_0_0.png,tvnstylehd.png,13.0E,(72) 13.0E KU-band Hotbird 13F/13G,Found
TVN Style HD,1_0_19_3DCE_640_13E_820000_0_0_0.png,tvnstylehd.png,13.0E,(72) 13.0E KU-band Hotbird 13F/13G,Found
TVN TURBO HD,1_0_19_3DD1_640_13E_820000_0_0_0.png,tvnturbohd.png,13.0E,(72) 13.0E KU-band Hotbird 13F/13G,Found
TVN Turbo HD,1_0_19_3DD0_640_13E_820000_0_0_0.png,tvnturbohd.png,13.0E,(72) 13.0E KU-band Hotbird 13F/13G,Found
TVN24 BiS HD,1_0_19_10EA_3E8_13E_820000_0_0_0.png,tvn24bishd.png,13.0E,(72) 13.0E KU-band Hotbird 13F/13G,Found
TVP 1 HD,1_0_1_3ABD_514_13E_820000_0_0_0.png,tvp1hd.png,13.0E,(72) 13.0E KU-band Hotbird 13F/13G,Found
TVP 1 HD,1_0_1_3ADB_514_13E_820000_0_0_0.png,tvp1hd.png,13.0E,(72) 13.0E KU-band Hotbird 13F/13G,Found
TVP 2 HD,1_0_1_C22_1E78_71_820000_0_0_0.png,tvp2hd.png,13.0E,(72) 13.0E KU-band Hotbird 13F/13G,Found
TVP 2 HD,1_0_1_C2C_1E78_71_820000_0_0_0.png,tvp2hd.png,13.0E,(72) 13.0E KU-band Hotbird 13F/13G,Found
TVP 3,1_0_1_13F7_5DC_13E_820000_0_0_0.png,tvp3.png,13.0E,(72) 13.0E KU-band Hotbird 13F/13G,Found
TVP ABC,1_0_1_3D5F_2C88_13E_820000_0_0_0.png,tvpabc.png,13.0E,(72) 13.0E KU-band Hotbird 13F/13G,Found
TVP Dokument HD,1_0_1_3A9D_514_13E_820000_0_0_0.png,tvpdokumenthd.png,13.0E,(72) 13.0E KU-band Hotbird 13F/13G,Found
TVP HD,1_0_1_1138_2AF8_13E_820000_0_0_0.png,tvphd.png,13.0E,(72) 13.0E KU-band Hotbird 13F/13G,Found
TVP Historia,1_0_1_3D67_2C88_13E_820000_0_0_0.png,tvphistoria.png,13.0E,(72) 13.0E KU-band Hotbird 13F/13G,Found
TVP INFO HD,1_0_1_1139_2AF8_13E_820000_0_0_0.png,tvpinfohd.png,13.0E,(72) 13.0E KU-band Hotbird 13F/13G,Found
TVP Kultura HD,1_0_1_3D59_2C88_13E_820000_0_0_0.png,tvpkulturahd.png,13.0E,(72) 13.0E KU-band Hotbird 13F/13G,Found
TVP Polonia,1_0_1_4239_2F44_13E_820000_0_0_0.png,tvppolonia.png,13.0E,(72) 13.0E KU-band Hotbird 13F/13G,Found
TVP Rozrywka,1_0_1_4288_2BC0_13E_820000_0_0_0.png,tvprozrywka.png,13.0E,(72) 13.0E KU-band Hotbird 13F/13G,Found
TVP SERIALE,1_0_1_3D5C_2C88_13E_820000_0_0_0.png,tvpseriale.png,13.0E,(72) 13.0E KU-band Hotbird 13F/13G,Found
TVP Sport HD,1_0_1_3A9E_514_13E_820000_0_0_0.png,tvpsporthd.png,13.0E,(72) 13.0E KU-band Hotbird 13F/13G,Found
TVR,1_0_1_6AB_3138_13E_820000_0_0_0.png,tvr.png,13.0E,(72) 13.0E KU-band Hotbird 13F/13G,Found
TVR International HB,1_0_1_4241_3DB8_13E_820000_0_0_0.png,tvrinternationalhb.png,13.0E,(72) 13.0E KU-band Hotbird 13F/13G,Found
TVR Plus,1_0_1_6AC_3138_13E_820000_0_0_0.png,tvrplus.png,13.0E,(72) 13.0E KU-band Hotbird 13F/13G,Found
TVS,1_0_1_1135_2AF8_13E_820000_0_0_0.png,tvs.png,13.0E,(72) 13.0E KU-band Hotbird 13F/13G,Found
Tamazight HD,1_0_19_F1_2E18_B0_820000_0_0_0.png,tamazighthd.png,13.0E,(72) 13.0E KU-band Hotbird 13F/13G,Found
TeenNick,1_0_1_13FC_5DC_13E_820000_0_0_0.png,teennick.png,13.0E,(72) 13.0E KU-band Hotbird 13F/13G,Found
Telecupole,1_0_1_1382_33F4_13E_820000_0_0_0.png,telecupole.png,13.0E,(72) 13.0E KU-band Hotbird 13F/13G,Found
Telesur HD,1_0_19_30F_1F40_13E_820000_0_0_0.png,telesurhd.png,13.0E,(72) 13.0E KU-band Hotbird 13F/13G,Found
Test17205,1_0_19_4335_300C_13E_820000_0_0_0.png,test17205.png,13.0E,(72) 13.0E KU-band Hotbird 13F/13G,Found
The HISTORY Channel HD,1_0_1_16A_1C84_13E_820000_0_0_0.png,thehistorychannelhd.png,13.0E,(72) 13.0E KU-band Hotbird 13F/13G,Found
Travel Channel,1_0_16_65_251C_D5_820000_0_0_0.png,travelchannel.png,13.0E,(72) 13.0E KU-band Hotbird 13F/13G,Found
Travel Channel HD,1_0_1_194_1518_13E_820000_0_0_0.png,travelchannelhd.png,13.0E,(72) 13.0E KU-band Hotbird 13F/13G,Found
Travel Channel HD,1_0_19_3DD8_640_13E_820000_0_0_0.png,travelchannelhd.png,13.0E,(72) 13.0E KU-band Hotbird 13F/13G,Found
Tunisie Nationale,1_0_1_1C22_1C20_13E_820000_0_0_0.png,tunisienationale.png,13.0E,(72) 13.0E KU-band Hotbird 13F/13G,Found
Turbo Xtra Poland HD,1_0_19_3B6B_12C_13E_820000_0_0_0.png,turboxtrapolandhd.png,13.0E,(72) 13.0E KU-band Hotbird 13F/13G,Found
UATV,1_0_16_421C_2F44_13E_820000_0_0_0.png,uatv.png,13.0E,(72) 13.0E KU-band Hotbird 13F/13G,Found
UNINETTUNO UNIVERSITY TV,1_0_1_4536_30D4_13E_820000_0_0_0.png,uninettunouniversitytv.png,13.0E,(72) 13.0E KU-band Hotbird 13F/13G,Found
USHUAIA,1_0_1_58C_170C_13F_820000_0_0_0.png,ushuaia.png,13.0E,(72) 13.0E KU-band Hotbird 13F/13G,Found
VIDEOLINA,1_0_1_4260_3DB8_13E_820000_0_0_0.png,videolina.png,13.0E,(72) 13.0E KU-band Hotbird 13F/13G,Found
VIRGIN RADIO,1_0_19_76_4B0_110_820000_0_0_0.png,virginradio.png,13.0E,(72) 13.0E KU-band Hotbird 13F/13G,Found
VOA Persian TV,1_0_19_1C73_1C20_13E_820000_0_0_0.png,voapersiantv.png,13.0E,(72) 13.0E KU-band Hotbird 13F/13G,Found
VOD 205,1_0_1_3F_1964_13E_820000_0_0_0.png,vod205.png,13.0E,(72) 13.0E KU-band Hotbird 13F/13G,Found
VOD 206,1_0_1_40_1964_13E_820000_0_0_0.png,vod206.png,13.0E,(72) 13.0E KU-band Hotbird 13F/13G,Found
VOD 207,1_0_1_41_1964_13E_820000_0_0_0.png,vod207.png,13.0E,(72) 13.0E KU-band Hotbird 13F/13G,Found
VOD 208,1_0_1_42_1964_13E_820000_0_0_0.png,vod208.png,13.0E,(72) 13.0E KU-band Hotbird 13F/13G,Found
VOICE OF GREECE,1_0_2_13C_157C_13E_820000_0_0_0.png,voiceofgreece.png,13.0E,(72) 13.0E KU-band Hotbird 13F/13G,Found
VOICE OF GREECE,1_0_2_16D_1C84_13E_820000_0_0_0.png,voiceofgreece.png,13.0E,(72) 13.0E KU-band Hotbird 13F/13G,Found
Value 24,1_0_1_4234_2F44_13E_820000_0_0_0.png,value24.png,13.0E,(72) 13.0E KU-band Hotbird 13F/13G,Found
Vatican Media Europa,1_0_19_7D4_22C4_13E_820000_0_0_0.png,vaticanmediaeuropa.png,13.0E,(72) 13.0E KU-band Hotbird 13F/13G,Found
Viasat Explore,1_0_16_78_251C_D5_820000_0_0_0.png,viasatexplore.png,13.0E,(72) 13.0E KU-band Hotbird 13F/13G,Found
Viasat History,1_0_16_79_251C_D5_820000_0_0_0.png,viasathistory.png,13.0E,(72) 13.0E KU-band Hotbird 13F/13G,Found
Viasat Kino,1_0_16_7E_251C_D5_820000_0_0_0.png,viasatkino.png,13.0E,(72) 13.0E KU-band Hotbird 13F/13G,Found
Viasat True Crime,1_0_1_113C_2AF8_13E_820000_0_0_0.png,viasattruecrime.png,13.0E,(72) 13.0E KU-band Hotbird 13F/13G,Found
Videogames Collection,1_0_19_106C_2260_FBFF_820000_0_0_0.png,videogamescollection.png,13.0E,(72) 13.0E KU-band Hotbird 13F/13G,Found
Virgin radio,1_0_2_68_1770_BE_820000_0_0_0.png,virginradio.png,13.0E,(72) 13.0E KU-band Hotbird 13F/13G,Found
W9,1_0_1_51D_2E7C_13F_820000_0_0_0.png,w9.png,13.0E,(72) 13.0E KU-band Hotbird 13F/13G,Found
WP,1_0_1_3D5A_2C88_13E_820000_0_0_0.png,wp.png,13.0E,(72) 13.0E KU-band Hotbird 13F/13G,Found
WRN English Europe - Hotbird,1_0_1_6DA_3138_13E_820000_0_0_0.png,wrnenglisheuropehotbird.png,13.0E,(72) 13.0E KU-band Hotbird 13F/13G,Found
WRN Russkij,1_0_1_6D9_3138_13E_820000_0_0_0.png,wrnrusskij.png,13.0E,(72) 13.0E KU-band Hotbird 13F/13G,Found
WRN Sawt Al Alam,1_0_1_6DD_3138_13E_820000_0_0_0.png,wrnsawtalalam.png,13.0E,(72) 13.0E KU-band Hotbird 13F/13G,Found
Water Planet,1_0_1_423E_3DB8_13E_820000_0_0_0.png,waterplanet.png,13.0E,(72) 13.0E KU-band Hotbird 13F/13G,Found
Water Planet V1,1_0_1_423D_3DB8_13E_820000_0_0_0.png,waterplanetv1.png,13.0E,(72) 13.0E KU-band Hotbird 13F/13G,Found
WildTV,1_0_1_2C7_14B4_13E_820000_0_0_0.png,wildtv.png,13.0E,(72) 13.0E KU-band Hotbird 13F/13G,Found
World Fashion Channel,1_0_19_65_2_FFFF_DC92CB9_0_0_0.png,worldfashionchannel.png,13.0E,(72) 13.0E KU-band Hotbird 13F/13G,Found
World Fishing Network,1_0_1_2C8_14B4_13E_820000_0_0_0.png,worldfishingnetwork.png,13.0E,(72) 13.0E KU-band Hotbird 13F/13G,Found
World Poker Tour,1_0_1_2BD_14B4_13E_820000_0_0_0.png,worldpokertour.png,13.0E,(72) 13.0E KU-band Hotbird 13F/13G,Found
XXL,1_0_1_5BC_170C_13F_820000_0_0_0.png,xxl.png,13.0E,(72) 13.0E KU-band Hotbird 13F/13G,Found
ZAD TV,1_0_16_2525_13EF_13E_820000_0_0_0.png,zadtv.png,13.0E,(72) 13.0E KU-band Hotbird 13F/13G,Found
ZED TV,1_0_16_1201_2B5C_13E_820000_0_0_0.png,zedtv.png,13.0E,(72) 13.0E KU-band Hotbird 13F/13G,Found
Zlote Przeboje,1_0_1_1CAA_1CE8_71_820000_0_0_0.png,zloteprzeboje.png,13.0E,(72) 13.0E KU-band Hotbird 13F/13G,Found
Zlote Przeboje,1_0_2_1CA0_1CE8_71_820000_0_0_0.png,zloteprzeboje.png,13.0E,(72) 13.0E KU-band Hotbird 13F/13G,Found
Zoom TV,1_0_1_4291_2BC0_13E_820000_0_0_0.png,zoomtv.png,13.0E,(72) 13.0E KU-band Hotbird 13F/13G,Found
cielo,1_0_19_1018_1A90_FBFF_820000_0_0_0.png,cielo.png,13.0E,(72) 13.0E KU-band Hotbird 13F/13G,Found
cielo,1_0_19_1019_1A90_FBFF_820000_0_0_0.png,cielo.png,13.0E,(72) 13.0E KU-band Hotbird 13F/13G,Found
dizi,1_0_16_68_251C_D5_820000_0_0_0.png,dizi.png,13.0E,(72) 13.0E KU-band Hotbird 13F/13G,Found
ducktv,1_0_1_1BC0_17D4_13E_820000_0_0_0.png,ducktv.png,13.0E,(72) 13.0E KU-band Hotbird 13F/13G,Found
dvb-nip-vv,1_0_1_5DD_20D0_13E_820000_0_0_0.png,dvbnipvv.png,13.0E,(72) 13.0E KU-band Hotbird 13F/13G,Found
eQtv,1_0_16_72_2FA8_13E_820000_0_0_0.png,eqtv.png,13.0E,(72) 13.0E KU-band Hotbird 13F/13G,Found
legacy-pr,1_0_19_5DE_20D0_13E_820000_0_0_0.png,legacypr.png,13.0E,(72) 13.0E KU-band Hotbird 13F/13G,Found
mta-muslim tv,1_0_1_314_1B58_13E_820000_0_0_0.png,mtamuslimtv.png,13.0E,(72) 13.0E KU-band Hotbird 13F/13G,Found
nova MAD GREEKZ,1_0_1_13B_157C_13E_820000_0_0_0.png,novamadgreekz.png,13.0E,(72) 13.0E KU-band Hotbird 13F/13G,Found
redpath,1_0_1_2343_2328_13E_820000_0_0_0.png,redpath.png,13.0E,(72) 13.0E KU-band Hotbird 13F/13G,Found
wPolsce24,1_0_1_4279_2BC0_13E_820000_0_0_0.png,wpolsce24.png,13.0E,(72) 13.0E KU-band Hotbird 13F/13G,Found
wedo Big Stories,1_0_19_106_2C24_13E_820000_0_0_0.png,wedobigstories.png,13.0E,(72) 13.0E KU-band Hotbird 13F/13G,Found
wedo Movies,1_0_19_104_2C24_13E_820000_0_0_0.png,wedomovies.png,13.0E,(72) 13.0E KU-band Hotbird 13F/13G,Found
wedo Sports,1_0_19_105_2C24_13E_820000_0_0_0.png,wedosports.png,13.0E,(72) 13.0E KU-band Hotbird 13F/13G,Found
wedotv Movies,1_0_19_2C9_14B4_13E_820000_0_0_0.png,wedotvmovies.png,13.0E,(72) 13.0E KU-band Hotbird 13F/13G,Found
Βουλή,1_0_1_13F_157C_13E_820000_0_0_0.png,.png,13.0E,(72) 13.0E KU-band Hotbird 13F/13G,Found
ΕΡΤ NEWS,1_0_1_1BBD_17D4_13E_820000_0_0_0.png,news.png,13.0E,(72) 13.0E KU-band Hotbird 13F/13G,Found
ΕΡΤ1 HD,1_0_1_17A_1C84_13E_820000_0_0_0.png,1hd.png,13.0E,(72) 13.0E KU-band Hotbird 13F/13G,Found
ΕΡΤ2 ΣΠΟΡ,1_0_1_185_1C84_13E_820000_0_0_0.png,2.png,13.0E,(72) 13.0E KU-band Hotbird 13F/13G,Found
Εκκλησία της Ελλάδος,1_0_2_136_157C_13E_820000_0_0_0.png,.png,13.0E,(72) 13.0E KU-band Hotbird 13F/13G,Found
БНТ 2,1_0_16_72_251C_D5_820000_0_0_0.png,2.png,13.0E,(72) 13.0E KU-band Hotbird 13F/13G,Found
БНТ1 HD,1_0_19_67_251C_D5_820000_0_0_0.png,1hd.png,13.0E,(72) 13.0E KU-band Hotbird 13F/13G,Found
Диема HD,1_0_19_74_251C_D5_820000_0_0_0.png,hd.png,13.0E,(72) 13.0E KU-band Hotbird 13F/13G,Found
Диема Фемили HD,1_0_19_75_251C_D5_820000_0_0_0.png,hd.png,13.0E,(72) 13.0E KU-band Hotbird 13F/13G,Found
Ловно-рибарски клуб,1_0_16_86_251C_D5_820000_0_0_0.png,.png,13.0E,(72) 13.0E KU-band Hotbird 13F/13G,Found
,1_0_0_D04_2_40_A00000_0_0_0.png,.png,16.0E,(73) 16.0E KU-band Eutelsat 16A,Found
,1_0_2_70B_B_3_A00000_0_0_0.png,.png,16.0E,(73) 16.0E KU-band Eutelsat 16A,Found
,1_0_2_517_B_3_A00000_0_0_0.png,.png,16.0E,(73) 16.0E KU-band Eutelsat 16A,Found
,1_0_2_643_B_3_A00000_0_0_0.png,.png,16.0E,(73) 16.0E KU-band Eutelsat 16A,Found
,1_0_2_44F_B_3_A00000_0_0_0.png,.png,16.0E,(73) 16.0E KU-band Eutelsat 16A,Found
,1_0_2_57B_B_3_A00000_0_0_0.png,.png,16.0E,(73) 16.0E KU-band Eutelsat 16A,Found
,1_0_2_6A7_B_3_A00000_0_0_0.png,.png,16.0E,(73) 16.0E KU-band Eutelsat 16A,Found
,1_0_2_4B3_B_3_A00000_0_0_0.png,.png,16.0E,(73) 16.0E KU-band Eutelsat 16A,Found
,1_0_2_5DF_B_3_A00000_0_0_0.png,.png,16.0E,(73) 16.0E KU-band Eutelsat 16A,Found
,1_0_C_1838_C544_16E_A00000_0_0_0.png,.png,16.0E,(73) 16.0E KU-band Eutelsat 16A,Found
,1_0_C_1839_C544_16E_A00000_0_0_0.png,.png,16.0E,(73) 16.0E KU-band Eutelsat 16A,Found
,1_0_C_183A_C544_16E_A00000_0_0_0.png,.png,16.0E,(73) 16.0E KU-band Eutelsat 16A,Found
,1_0_C_1770_C544_16E_A00000_0_0_0.png,.png,16.0E,(73) 16.0E KU-band Eutelsat 16A,Found
,1_0_C_1771_C544_16E_A00000_0_0_0.png,.png,16.0E,(73) 16.0E KU-band Eutelsat 16A,Found
,1_0_C_1772_C544_16E_A00000_0_0_0.png,.png,16.0E,(73) 16.0E KU-band Eutelsat 16A,Found
,1_0_C_17D4_C544_16E_A00000_0_0_0.png,.png,16.0E,(73) 16.0E KU-band Eutelsat 16A,Found
,1_0_C_17D5_C544_16E_A00000_0_0_0.png,.png,16.0E,(73) 16.0E KU-band Eutelsat 16A,Found
,1_0_C_17D6_C544_16E_A00000_0_0_0.png,.png,16.0E,(73) 16.0E KU-band Eutelsat 16A,Found
101 - IPPICA1,1_0_1_65_65_FFFF_A031B4_0_0_0.png,101ippica1.png,16.0E,(73) 16.0E KU-band Eutelsat 16A,Found
102 - IPPICA2,1_0_1_66_65_FFFF_A031B4_0_0_0.png,102ippica2.png,16.0E,(73) 16.0E KU-band Eutelsat 16A,Found
1050 Kielce SuperNova,1_0_1_41A_1_1_A0318A_0_0_0.png,1050kielcesupernova.png,16.0E,(73) 16.0E KU-band Eutelsat 16A,Found
1070 Krakow SuperNova,1_0_1_42E_1_1_A0318A_0_0_0.png,1070krakowsupernova.png,16.0E,(73) 16.0E KU-band Eutelsat 16A,Found
1100 Lodz SuperNova,1_0_1_44C_1_1_A0318A_0_0_0.png,1100lodzsupernova.png,16.0E,(73) 16.0E KU-band Eutelsat 16A,Found
1120 Opole SuperNova,1_0_1_460_1_1_A0318A_0_0_0.png,1120opolesupernova.png,16.0E,(73) 16.0E KU-band Eutelsat 16A,Found
1150 Torun SuperNova,1_0_1_47E_1_1_A0318A_0_0_0.png,1150torunsupernova.png,16.0E,(73) 16.0E KU-band Eutelsat 16A,Found
1170 Gdansk SuperNova,1_0_1_492_1_1_A0318A_0_0_0.png,1170gdansksupernova.png,16.0E,(73) 16.0E KU-band Eutelsat 16A,Found
1180 Wroclaw SuperNova,1_0_1_49C_1_1_A0318A_0_0_0.png,1180wroclawsupernova.png,16.0E,(73) 16.0E KU-band Eutelsat 16A,Found
1240 Rzeszow SuperNova,1_0_1_4D8_1_1_A0318A_0_0_0.png,1240rzeszowsupernova.png,16.0E,(73) 16.0E KU-band Eutelsat 16A,Found
1260 Szczecin SuperNova,1_0_1_4EC_1_1_A0318A_0_0_0.png,1260szczecinsupernova.png,16.0E,(73) 16.0E KU-band Eutelsat 16A,Found
1290 Nowy-Sacz SuperNova,1_0_1_50A_1_1_A0318A_0_0_0.png,1290nowysaczsupernova.png,16.0E,(73) 16.0E KU-band Eutelsat 16A,Found
1370 Stalowa-Wola SuperNova,1_0_1_55A_1_1_A0318A_0_0_0.png,1370stalowawolasupernova.png,16.0E,(73) 16.0E KU-band Eutelsat 16A,Found
1380 Warszawa SuperNova,1_0_1_564_1_1_A0318A_0_0_0.png,1380warszawasupernova.png,16.0E,(73) 16.0E KU-band Eutelsat 16A,Found
1390 Biala-Podlaska SuperNova,1_0_1_56E_1_1_A0318A_0_0_0.png,1390bialapodlaskasupernova.png,16.0E,(73) 16.0E KU-band Eutelsat 16A,Found
1480 Jelenia-Gora SuperNova,1_0_1_5C8_1_1_A0318A_0_0_0.png,1480jeleniagorasupernova.png,16.0E,(73) 16.0E KU-band Eutelsat 16A,Found
1510 Trzebnica SuperNova,1_0_1_5E6_1_1_A0318A_0_0_0.png,1510trzebnicasupernova.png,16.0E,(73) 16.0E KU-band Eutelsat 16A,Found
1530 Paprotnia SuperNova,1_0_1_5FA_1_1_A0318A_0_0_0.png,1530paprotniasupernova.png,16.0E,(73) 16.0E KU-band Eutelsat 16A,Found
2000 ESKA SES,1_0_2_7D0_1_1_A0318A_0_0_0.png,2000eskases.png,16.0E,(73) 16.0E KU-band Eutelsat 16A,Found
2010 Belchatow ESKA,1_0_1_7DA_1_1_A0318A_0_0_0.png,2010belchatoweska.png,16.0E,(73) 16.0E KU-band Eutelsat 16A,Found
2020 Bialystok ESKA,1_0_1_7E4_1_1_A0318A_0_0_0.png,2020bialystokeska.png,16.0E,(73) 16.0E KU-band Eutelsat 16A,Found
2030 Bydgoszcz ESKA,1_0_1_7EE_1_1_A0318A_0_0_0.png,2030bydgoszczeska.png,16.0E,(73) 16.0E KU-band Eutelsat 16A,Found
2040 Gorzow ESKA,1_0_1_7F8_1_1_A0318A_0_0_0.png,2040gorzoweska.png,16.0E,(73) 16.0E KU-band Eutelsat 16A,Found
2050 Kielce ESKA,1_0_1_802_1_1_A0318A_0_0_0.png,2050kielceeska.png,16.0E,(73) 16.0E KU-band Eutelsat 16A,Found
2060 Siedlce ESKA,1_0_1_80C_1_1_A0318A_0_0_0.png,2060siedlceeska.png,16.0E,(73) 16.0E KU-band Eutelsat 16A,Found
2070 Krakow ESKA,1_0_1_816_1_1_A0318A_0_0_0.png,2070krakoweska.png,16.0E,(73) 16.0E KU-band Eutelsat 16A,Found
2080 Leszno ESKA,1_0_1_820_1_1_A0318A_0_0_0.png,2080lesznoeska.png,16.0E,(73) 16.0E KU-band Eutelsat 16A,Found
2090 Pila ESKA,1_0_1_82A_1_1_A0318A_0_0_0.png,2090pilaeska.png,16.0E,(73) 16.0E KU-band Eutelsat 16A,Found
2100 Lodz ESKA,1_0_1_834_1_1_A0318A_0_0_0.png,2100lodzeska.png,16.0E,(73) 16.0E KU-band Eutelsat 16A,Found
2110 Olsztyn ESKA,1_0_1_83E_1_1_A0318A_0_0_0.png,2110olsztyneska.png,16.0E,(73) 16.0E KU-band Eutelsat 16A,Found
2120 Opole ESKA,1_0_1_848_1_1_A0318A_0_0_0.png,2120opoleeska.png,16.0E,(73) 16.0E KU-band Eutelsat 16A,Found
2130 Lublin ESKA,1_0_1_852_1_1_A0318A_0_0_0.png,2130lublineska.png,16.0E,(73) 16.0E KU-band Eutelsat 16A,Found
2140 Poznan ESKA,1_0_1_85C_1_1_A0318A_0_0_0.png,2140poznaneska.png,16.0E,(73) 16.0E KU-band Eutelsat 16A,Found
2150 Torun ESKA,1_0_1_866_1_1_A0318A_0_0_0.png,2150toruneska.png,16.0E,(73) 16.0E KU-band Eutelsat 16A,Found
2160 Tarnow ESKA,1_0_1_870_1_1_A0318A_0_0_0.png,2160tarnoweska.png,16.0E,(73) 16.0E KU-band Eutelsat 16A,Found
2170 Trojmiasto ESKA,1_0_1_87A_1_1_A0318A_0_0_0.png,2170trojmiastoeska.png,16.0E,(73) 16.0E KU-band Eutelsat 16A,Found
2180 Wroclaw ESKA,1_0_1_884_1_1_A0318A_0_0_0.png,2180wroclaweska.png,16.0E,(73) 16.0E KU-band Eutelsat 16A,Found
2190 Zielona-Gora ESKA,1_0_1_88E_1_1_A0318A_0_0_0.png,2190zielonagoraeska.png,16.0E,(73) 16.0E KU-band Eutelsat 16A,Found
2200 Ostrow ESKA,1_0_1_898_1_1_A0318A_0_0_0.png,2200ostroweska.png,16.0E,(73) 16.0E KU-band Eutelsat 16A,Found
2210 Radom ESKA,1_0_1_8A2_1_1_A0318A_0_0_0.png,2210radomeska.png,16.0E,(73) 16.0E KU-band Eutelsat 16A,Found
2220 Slask ESKA,1_0_1_8AC_1_1_A0318A_0_0_0.png,2220slaskeska.png,16.0E,(73) 16.0E KU-band Eutelsat 16A,Found
2230 Zamosc ESKA,1_0_1_8B6_1_1_A0318A_0_0_0.png,2230zamosceska.png,16.0E,(73) 16.0E KU-band Eutelsat 16A,Found
2240 Rzeszow ESKA,1_0_1_8C0_1_1_A0318A_0_0_0.png,2240rzeszoweska.png,16.0E,(73) 16.0E KU-band Eutelsat 16A,Found
2250 Plock ESKA,1_0_1_8CA_1_1_A0318A_0_0_0.png,2250plockeska.png,16.0E,(73) 16.0E KU-band Eutelsat 16A,Found
2260 Szczecin ESKA,1_0_1_8D4_1_1_A0318A_0_0_0.png,2260szczecineska.png,16.0E,(73) 16.0E KU-band Eutelsat 16A,Found
2270 Koszalin ESKA,1_0_1_8DE_1_1_A0318A_0_0_0.png,2270koszalineska.png,16.0E,(73) 16.0E KU-band Eutelsat 16A,Found
2300 Beskidy/Zywiec ESKA,1_0_1_8FC_1_1_A0318A_0_0_0.png,2300beskidyzywieceska.png,16.0E,(73) 16.0E KU-band Eutelsat 16A,Found
2310 Szczecinek ESKA,1_0_1_906_1_1_A0318A_0_0_0.png,2310szczecinekeska.png,16.0E,(73) 16.0E KU-band Eutelsat 16A,Found
2320 Przemysl ESKA,1_0_1_910_1_1_A0318A_0_0_0.png,2320przemysleska.png,16.0E,(73) 16.0E KU-band Eutelsat 16A,Found
2330 Malopolska ESKA,1_0_1_91A_1_1_A0318A_0_0_0.png,2330malopolskaeska.png,16.0E,(73) 16.0E KU-band Eutelsat 16A,Found
2360 Krasnik ESKA,1_0_1_938_1_1_A0318A_0_0_0.png,2360krasnikeska.png,16.0E,(73) 16.0E KU-band Eutelsat 16A,Found
2380 Warszawa ESKA,1_0_1_94C_1_1_A0318A_0_0_0.png,2380warszawaeska.png,16.0E,(73) 16.0E KU-band Eutelsat 16A,Found
24 Kitchen HD,1_0_19_771_C6D4_16E_A00000_0_0_0.png,24kitchenhd.png,16.0E,(73) 16.0E KU-band Eutelsat 16A,Found
24 Kitchen.,1_0_1_66_3_40_A00000_0_0_0.png,24kitchen.png,16.0E,(73) 16.0E KU-band Eutelsat 16A,Found
2400 Starachowice ESKA,1_0_1_960_1_1_A0318A_0_0_0.png,2400starachowiceeska.png,16.0E,(73) 16.0E KU-band Eutelsat 16A,Found
2420 Zary ESKA,1_0_1_974_1_1_A0318A_0_0_0.png,2420zaryeska.png,16.0E,(73) 16.0E KU-band Eutelsat 16A,Found
2430 Elblag ESKA,1_0_1_97E_1_1_A0318A_0_0_0.png,2430elblageska.png,16.0E,(73) 16.0E KU-band Eutelsat 16A,Found
2440 Ilawa ESKA,1_0_1_988_1_1_A0318A_0_0_0.png,2440ilawaeska.png,16.0E,(73) 16.0E KU-band Eutelsat 16A,Found
2450 Grudziadz ESKA,1_0_1_992_1_1_A0318A_0_0_0.png,2450grudziadzeska.png,16.0E,(73) 16.0E KU-band Eutelsat 16A,Found
2460 Lomza ESKA,1_0_1_99C_1_1_A0318A_0_0_0.png,2460lomzaeska.png,16.0E,(73) 16.0E KU-band Eutelsat 16A,Found
2480 JG-Wroclaw ESKA,1_0_1_9B0_1_1_A0318A_0_0_0.png,2480jgwroclaweska.png,16.0E,(73) 16.0E KU-band Eutelsat 16A,Found
24Kitchen,1_0_16_3FD_51A4_16E_A00000_0_0_0.png,24kitchen.png,16.0E,(73) 16.0E KU-band Eutelsat 16A,Found
24Kitchen HD,1_0_1_6ED_C544_16E_A00000_0_0_0.png,24kitchenhd.png,16.0E,(73) 16.0E KU-band Eutelsat 16A,Found
2500 Ostrzeszow ESKA,1_0_1_9C4_1_1_A0318A_0_0_0.png,2500ostrzeszoweska.png,16.0E,(73) 16.0E KU-band Eutelsat 16A,Found
2520 Braniewo ESKA,1_0_1_9D8_1_1_A0318A_0_0_0.png,2520braniewoeska.png,16.0E,(73) 16.0E KU-band Eutelsat 16A,Found
2540 Suwalki ESKA,1_0_1_9EC_1_1_A0318A_0_0_0.png,2540suwalkieska.png,16.0E,(73) 16.0E KU-band Eutelsat 16A,Found
2570 Poludnie ESKA,1_0_1_A0A_1_1_A0318A_0_0_0.png,2570poludnieeska.png,16.0E,(73) 16.0E KU-band Eutelsat 16A,Found
3040 Gorzow VOX,1_0_1_BE0_1_1_A0318A_0_0_0.png,3040gorzowvox.png,16.0E,(73) 16.0E KU-band Eutelsat 16A,Found
3140 Poznan VOX,1_0_1_C44_1_1_A0318A_0_0_0.png,3140poznanvox.png,16.0E,(73) 16.0E KU-band Eutelsat 16A,Found
3210 Radom VOX,1_0_1_C8A_1_1_A0318A_0_0_0.png,3210radomvox.png,16.0E,(73) 16.0E KU-band Eutelsat 16A,Found
360 TuneBox HD,1_0_19_A9C_9DD0_16E_A00000_0_0_0.png,360tuneboxhd.png,16.0E,(73) 16.0E KU-band Eutelsat 16A,Found
360TuneBox,1_0_16_AA0_9DD0_16E_A00000_0_0_0.png,360tunebox.png,16.0E,(73) 16.0E KU-band Eutelsat 16A,Found
3990 VOX,1_0_1_F96_1_1_A0318A_0_0_0.png,3990vox.png,16.0E,(73) 16.0E KU-band Eutelsat 16A,Found
4000 PLUS SES,1_0_2_FA0_1_1_A0318A_0_0_0.png,4000plusses.png,16.0E,(73) 16.0E KU-band Eutelsat 16A,Found
4070 Krakow PLUS,1_0_1_FE6_1_1_A0318A_0_0_0.png,4070krakowplus.png,16.0E,(73) 16.0E KU-band Eutelsat 16A,Found
4100 Lodz PLUS,1_0_1_1004_1_1_A0318A_0_0_0.png,4100lodzplus.png,16.0E,(73) 16.0E KU-band Eutelsat 16A,Found
4110 Olsztyn PLUS,1_0_1_100E_1_1_A0318A_0_0_0.png,4110olsztynplus.png,16.0E,(73) 16.0E KU-band Eutelsat 16A,Found
4130 Lublin PLUS,1_0_1_1022_1_1_A0318A_0_0_0.png,4130lublinplus.png,16.0E,(73) 16.0E KU-band Eutelsat 16A,Found
4270 Koszalin PLUS,1_0_1_10AE_1_1_A0318A_0_0_0.png,4270koszalinplus.png,16.0E,(73) 16.0E KU-band Eutelsat 16A,Found
4340 Podhale PLUS,1_0_1_10F4_1_1_A0318A_0_0_0.png,4340podhaleplus.png,16.0E,(73) 16.0E KU-band Eutelsat 16A,Found
5380 Warszawa ERock,1_0_1_1504_1_1_A0318A_0_0_0.png,5380warszawaerock.png,16.0E,(73) 16.0E KU-band Eutelsat 16A,Found
5990 ERock,1_0_1_1766_1_1_A0318A_0_0_0.png,5990erock.png,16.0E,(73) 16.0E KU-band Eutelsat 16A,Found
8010 Radio Rodzina,1_0_1_1F4A_1_1_A0318A_0_0_0.png,8010radiorodzina.png,16.0E,(73) 16.0E KU-band Eutelsat 16A,Found
8020 Emaus,1_0_1_1F54_1_1_A0318A_0_0_0.png,8020emaus.png,16.0E,(73) 16.0E KU-band Eutelsat 16A,Found
:24,1_0_1F_4B5_76C1_16E_A00000_0_0_0.png,24.png,16.0E,(73) 16.0E KU-band Eutelsat 16A,Found
:Sport HD,1_0_1F_4C8_76C1_16E_A00000_0_0_0.png,sporthd.png,16.0E,(73) 16.0E KU-band Eutelsat 16A,Found
A2 CNN,1_0_19_CE4_5014_16E_A00000_0_0_0.png,a2cnn.png,16.0E,(73) 16.0E KU-band Eutelsat 16A,Found
ABC HD,1_0_19_CBC_51A4_16E_A00000_0_0_0.png,abchd.png,16.0E,(73) 16.0E KU-band Eutelsat 16A,Found
ADRIA MUSIC TELEVISION.,1_0_16_84_3_40_A00000_0_0_0.png,adriamusictelevision.png,16.0E,(73) 16.0E KU-band Eutelsat 16A,Found
ALBUK TV,1_0_16_622_51A4_16E_A00000_0_0_0.png,albuktv.png,16.0E,(73) 16.0E KU-band Eutelsat 16A,Found
AMC Balkan,1_0_16_76_1_16E_A00000_0_0_0.png,amcbalkan.png,16.0E,(73) 16.0E KU-band Eutelsat 16A,Found
AMC HD,1_0_1F_47F_76C0_16E_A00000_0_0_0.png,amchd.png,16.0E,(73) 16.0E KU-band Eutelsat 16A,Found
AMC.,1_0_16_12A_3_40_A00000_0_0_0.png,amc.png,16.0E,(73) 16.0E KU-band Eutelsat 16A,Found
ATV,1_0_1_675_9FC4_16E_A00000_0_0_0.png,atv.png,16.0E,(73) 16.0E KU-band Eutelsat 16A,Found
ATV,1_0_16_33_1_16E_A00000_0_0_0.png,atv.png,16.0E,(73) 16.0E KU-band Eutelsat 16A,Found
ATV,1_0_16_38E_4F4C_16E_A00000_0_0_0.png,atv.png,16.0E,(73) 16.0E KU-band Eutelsat 16A,Found
AXN,1_0_1F_4EA_76C1_16E_A00000_0_0_0.png,axn.png,16.0E,(73) 16.0E KU-band Eutelsat 16A,Found
AXN Adria,1_0_16_77B_C6D4_16E_A00000_0_0_0.png,axnadria.png,16.0E,(73) 16.0E KU-band Eutelsat 16A,Found
AXN Spin,1_0_16_77A_C6D4_16E_A00000_0_0_0.png,axnspin.png,16.0E,(73) 16.0E KU-band Eutelsat 16A,Found
Adria TV,1_0_1_1136_9CA4_16E_A00000_0_0_0.png,adriatv.png,16.0E,(73) 16.0E KU-band Eutelsat 16A,Found
Agro TV HD,1_0_1_119B_A028_16E_A00000_0_0_0.png,agrotvhd.png,16.0E,(73) 16.0E KU-band Eutelsat 16A,Found
Alfa,1_0_1_54A_75FB_16E_A00000_0_0_0.png,alfa.png,16.0E,(73) 16.0E KU-band Eutelsat 16A,Found
Alfa MKD,1_0_1_54F_75FB_16E_A00000_0_0_0.png,alfamkd.png,16.0E,(73) 16.0E KU-band Eutelsat 16A,Found
Alfa Omega TV,1_0_1_A38_427E_16E_A00000_0_0_0.png,alfaomegatv.png,16.0E,(73) 16.0E KU-band Eutelsat 16A,Found
Alsat M,1_0_16_111C_51A4_16E_A00000_0_0_0.png,alsatm.png,16.0E,(73) 16.0E KU-band Eutelsat 16A,Found
Animal Planet HD,1_0_19_125C_51A4_16E_A00000_0_0_0.png,animalplanethd.png,16.0E,(73) 16.0E KU-band Eutelsat 16A,Found
Antena Zagreb.,1_0_2_CB_2_40_A00000_0_0_0.png,antenazagreb.png,16.0E,(73) 16.0E KU-band Eutelsat 16A,Found
Arena 1x2,1_0_1_6D_9F60_16E_A00000_0_0_0.png,arena1x2.png,16.0E,(73) 16.0E KU-band Eutelsat 16A,Found
Arena Esport SRB,1_0_1_119D_A028_16E_A00000_0_0_0.png,arenaesportsrb.png,16.0E,(73) 16.0E KU-band Eutelsat 16A,Found
Arena Fight,1_0_1_5E5_4E84_16E_A00000_0_0_0.png,arenafight.png,16.0E,(73) 16.0E KU-band Eutelsat 16A,Found
Arena Fight,1_0_16_716_C5A8_16E_A00000_0_0_0.png,arenafight.png,16.0E,(73) 16.0E KU-band Eutelsat 16A,Found
Arena Premium 1,1_0_1_5AB_75FC_16E_A00000_0_0_0.png,arenapremium1.png,16.0E,(73) 16.0E KU-band Eutelsat 16A,Found
Arena Premium 1 HD,1_0_1_65_9F60_16E_A00000_0_0_0.png,arenapremium1hd.png,16.0E,(73) 16.0E KU-band Eutelsat 16A,Found
Arena Premium 2 HD,1_0_1_1195_A028_16E_A00000_0_0_0.png,arenapremium2hd.png,16.0E,(73) 16.0E KU-band Eutelsat 16A,Found
Arena Premium 3 HD,1_0_1_5DD_4E84_16E_A00000_0_0_0.png,arenapremium3hd.png,16.0E,(73) 16.0E KU-band Eutelsat 16A,Found
Arena Premium 4 HD,1_0_1_80_9F60_16E_A00000_0_0_0.png,arenapremium4hd.png,16.0E,(73) 16.0E KU-band Eutelsat 16A,Found
Arena Premium 5 HD,1_0_1_1196_A028_16E_A00000_0_0_0.png,arenapremium5hd.png,16.0E,(73) 16.0E KU-band Eutelsat 16A,Found
Arena Sport 1,1_0_1_5AD_75FC_16E_A00000_0_0_0.png,arenasport1.png,16.0E,(73) 16.0E KU-band Eutelsat 16A,Found
Arena Sport 1 HD,1_0_1_67_9F60_16E_A00000_0_0_0.png,arenasport1hd.png,16.0E,(73) 16.0E KU-band Eutelsat 16A,Found
Arena Sport 1 HD,1_0_19_485_76C0_16E_A00000_0_0_0.png,arenasport1hd.png,16.0E,(73) 16.0E KU-band Eutelsat 16A,Found
Arena Sport 1 HD.,1_0_19_19C_3_40_A00000_0_0_0.png,arenasport1hd.png,16.0E,(73) 16.0E KU-band Eutelsat 16A,Found
Arena Sport 1 HR,1_0_1_553_75FB_16E_A00000_0_0_0.png,arenasport1hr.png,16.0E,(73) 16.0E KU-band Eutelsat 16A,Found
Arena Sport 10 HD,1_0_1_6A_9F60_16E_A00000_0_0_0.png,arenasport10hd.png,16.0E,(73) 16.0E KU-band Eutelsat 16A,Found
Arena Sport 10 HD,1_0_19_778_C6D4_16E_A00000_0_0_0.png,arenasport10hd.png,16.0E,(73) 16.0E KU-band Eutelsat 16A,Found
Arena Sport 2,1_0_1_55C_75FB_16E_A00000_0_0_0.png,arenasport2.png,16.0E,(73) 16.0E KU-band Eutelsat 16A,Found
Arena Sport 2,1_0_16_4BA_76C1_16E_A00000_0_0_0.png,arenasport2.png,16.0E,(73) 16.0E KU-band Eutelsat 16A,Found
Arena Sport 2 HD,1_0_1_1197_A028_16E_A00000_0_0_0.png,arenasport2hd.png,16.0E,(73) 16.0E KU-band Eutelsat 16A,Found
Arena Sport 2 HD,1_0_19_710_C5A8_16E_A00000_0_0_0.png,arenasport2hd.png,16.0E,(73) 16.0E KU-band Eutelsat 16A,Found
Arena Sport 3 HD,1_0_1_5DF_4E84_16E_A00000_0_0_0.png,arenasport3hd.png,16.0E,(73) 16.0E KU-band Eutelsat 16A,Found
Arena Sport 4 HD,1_0_1_68_9F60_16E_A00000_0_0_0.png,arenasport4hd.png,16.0E,(73) 16.0E KU-band Eutelsat 16A,Found
Arena Sport 4 HD,1_0_19_718_C5A8_16E_A00000_0_0_0.png,arenasport4hd.png,16.0E,(73) 16.0E KU-band Eutelsat 16A,Found
Arena Sport 5 HD,1_0_1_1198_A028_16E_A00000_0_0_0.png,arenasport5hd.png,16.0E,(73) 16.0E KU-band Eutelsat 16A,Found
Arena Sport 5 HD.,1_0_19_BE_3_40_A00000_0_0_0.png,arenasport5hd.png,16.0E,(73) 16.0E KU-band Eutelsat 16A,Found
Arena Sport 5 HR,1_0_1_36A_C3B4_16E_A00000_0_0_0.png,arenasport5hr.png,16.0E,(73) 16.0E KU-band Eutelsat 16A,Found
Arena Sport 6 HD,1_0_1_5E0_4E84_16E_A00000_0_0_0.png,arenasport6hd.png,16.0E,(73) 16.0E KU-band Eutelsat 16A,Found
Arena Sport 6 HD,1_0_19_719_C5A8_16E_A00000_0_0_0.png,arenasport6hd.png,16.0E,(73) 16.0E KU-band Eutelsat 16A,Found
Arena Sport 7 HD,1_0_1_69_9F60_16E_A00000_0_0_0.png,arenasport7hd.png,16.0E,(73) 16.0E KU-band Eutelsat 16A,Found
Arena Sport 7 HD.,1_0_19_51_2_40_A00000_0_0_0.png,arenasport7hd.png,16.0E,(73) 16.0E KU-band Eutelsat 16A,Found
Arena Sport 8 HD,1_0_1_1199_A028_16E_A00000_0_0_0.png,arenasport8hd.png,16.0E,(73) 16.0E KU-band Eutelsat 16A,Found
Arena Sport 8 HD,1_0_19_71D_C5A8_16E_A00000_0_0_0.png,arenasport8hd.png,16.0E,(73) 16.0E KU-band Eutelsat 16A,Found
Arena Sport 9 HD,1_0_1_5E1_4E84_16E_A00000_0_0_0.png,arenasport9hd.png,16.0E,(73) 16.0E KU-band Eutelsat 16A,Found
Arena Sport 9 HD.,1_0_16_47_3_40_A00000_0_0_0.png,arenasport9hd.png,16.0E,(73) 16.0E KU-band Eutelsat 16A,Found
Arena Sport Adrenalin HD,1_0_1_119A_A028_16E_A00000_0_0_0.png,arenasportadrenalinhd.png,16.0E,(73) 16.0E KU-band Eutelsat 16A,Found
Arena Sport Tenis HD,1_0_1_5DE_4E84_16E_A00000_0_0_0.png,arenasporttenishd.png,16.0E,(73) 16.0E KU-band Eutelsat 16A,Found
Arta TV,1_0_16_5E6_50DC_16E_A00000_0_0_0.png,artatv.png,16.0E,(73) 16.0E KU-band Eutelsat 16A,Found
Astra TV,1_0_1_552_75FB_16E_A00000_0_0_0.png,astratv.png,16.0E,(73) 16.0E KU-band Eutelsat 16A,Found
AutoMotorSport HD,1_0_1F_491_76C0_16E_A00000_0_0_0.png,automotorsporthd.png,16.0E,(73) 16.0E KU-band Eutelsat 16A,Found
B92,1_0_1_6DA_C544_16E_A00000_0_0_0.png,b92.png,16.0E,(73) 16.0E KU-band Eutelsat 16A,Found
BBC Earth,1_0_1_119C_A028_16E_A00000_0_0_0.png,bbcearth.png,16.0E,(73) 16.0E KU-band Eutelsat 16A,Found
BBC Earth HD,1_0_19_713_C5A8_16E_A00000_0_0_0.png,bbcearthhd.png,16.0E,(73) 16.0E KU-band Eutelsat 16A,Found
BBC First HD,1_0_19_264_C418_16E_A00000_0_0_0.png,bbcfirsthd.png,16.0E,(73) 16.0E KU-band Eutelsat 16A,Found
BHT 1,1_0_1_357_C3B4_16E_A00000_0_0_0.png,bht1.png,16.0E,(73) 16.0E KU-band Eutelsat 16A,Found
BN 2,1_0_16_34_1_16E_A00000_0_0_0.png,bn2.png,16.0E,(73) 16.0E KU-band Eutelsat 16A,Found
BN HD,1_0_1_6C_9F60_16E_A00000_0_0_0.png,bnhd.png,16.0E,(73) 16.0E KU-band Eutelsat 16A,Found
BN Music,1_0_1_7F_9F60_16E_A00000_0_0_0.png,bnmusic.png,16.0E,(73) 16.0E KU-band Eutelsat 16A,Found
BN Radio,1_0_2_30F_9D08_16E_A00000_0_0_0.png,bnradio.png,16.0E,(73) 16.0E KU-band Eutelsat 16A,Found
BN TV,1_0_1_30E_9D08_16E_A00000_0_0_0.png,bntv.png,16.0E,(73) 16.0E KU-band Eutelsat 16A,Found
BNT,1_0_1_4_14B4_2064_A00000_0_0_0.png,bnt.png,16.0E,(73) 16.0E KU-band Eutelsat 16A,Found
BNT2,1_0_1_5_14B4_2064_A00000_0_0_0.png,bnt2.png,16.0E,(73) 16.0E KU-band Eutelsat 16A,Found
BNT3,1_0_1_6_14B4_2064_A00000_0_0_0.png,bnt3.png,16.0E,(73) 16.0E KU-band Eutelsat 16A,Found
BRIO,1_0_1_677_9FC4_16E_A00000_0_0_0.png,brio.png,16.0E,(73) 16.0E KU-band Eutelsat 16A,Found
BabesTV,1_0_16_782_C6D4_16E_A00000_0_0_0.png,babestv.png,16.0E,(73) 16.0E KU-band Eutelsat 16A,Found
Baby TV,1_0_16_26D_C418_16E_A00000_0_0_0.png,babytv.png,16.0E,(73) 16.0E KU-band Eutelsat 16A,Found
Baby TV,1_0_16_27F_C418_16E_A00000_0_0_0.png,babytv.png,16.0E,(73) 16.0E KU-band Eutelsat 16A,Found
Balkan Trip Srbija,1_0_1_6E_9F60_16E_A00000_0_0_0.png,balkantripsrbija.png,16.0E,(73) 16.0E KU-band Eutelsat 16A,Found
Balkan Trip.,1_0_16_5A_3_40_A00000_0_0_0.png,balkantrip.png,16.0E,(73) 16.0E KU-band Eutelsat 16A,Found
Bang Bang,1_0_16_410_4F4C_16E_A00000_0_0_0.png,bangbang.png,16.0E,(73) 16.0E KU-band Eutelsat 16A,Found
Barely Legal,1_0_16_77D_C6D4_16E_A00000_0_0_0.png,barelylegal.png,16.0E,(73) 16.0E KU-band Eutelsat 16A,Found
Big Brother VIP 1,1_0_19_1432_4F4C_16E_A00000_0_0_0.png,bigbrothervip1.png,16.0E,(73) 16.0E KU-band Eutelsat 16A,Found
Big Brother VIP 2,1_0_19_1450_5014_16E_A00000_0_0_0.png,bigbrothervip2.png,16.0E,(73) 16.0E KU-band Eutelsat 16A,Found
Blic TV HD,1_0_1_5E3_4E84_16E_A00000_0_0_0.png,blictvhd.png,16.0E,(73) 16.0E KU-band Eutelsat 16A,Found
Bloomberg Adria,1_0_1_119E_A028_16E_A00000_0_0_0.png,bloombergadria.png,16.0E,(73) 16.0E KU-band Eutelsat 16A,Found
BlueHustler.,1_0_16_BF_3_40_A00000_0_0_0.png,bluehustler.png,16.0E,(73) 16.0E KU-band Eutelsat 16A,Found
Bobar Radio,1_0_2_16_1_16E_A00000_0_0_0.png,bobarradio.png,16.0E,(73) 16.0E KU-band Eutelsat 16A,Found
Brainz,1_0_1_5B6_75FC_16E_A00000_0_0_0.png,brainz.png,16.0E,(73) 16.0E KU-band Eutelsat 16A,Found
Bravo Music,1_0_1_C1_CB2C_16E_A00000_0_0_0.png,bravomusic.png,16.0E,(73) 16.0E KU-band Eutelsat 16A,Found
BrazzersTV.,1_0_16_43_2_40_A00000_0_0_0.png,brazzerstv.png,16.0E,(73) 16.0E KU-band Eutelsat 16A,Found
Bulgaria on Air,1_0_1_8_14B4_2064_A00000_0_0_0.png,bulgariaonair.png,16.0E,(73) 16.0E KU-band Eutelsat 16A,Found
CARTOONITO,1_0_16_28A_C418_16E_A00000_0_0_0.png,cartoonito.png,16.0E,(73) 16.0E KU-band Eutelsat 16A,Found
CGTN Documentary.,1_0_16_83_2_40_A00000_0_0_0.png,cgtndocumentary.png,16.0E,(73) 16.0E KU-band Eutelsat 16A,Found
CGTN.,1_0_16_82_2_40_A00000_0_0_0.png,cgtn.png,16.0E,(73) 16.0E KU-band Eutelsat 16A,Found
CH 5 - Virtuali 2,1_0_1_5_65_1_A00000_0_0_0.png,ch5virtuali2.png,16.0E,(73) 16.0E KU-band Eutelsat 16A,Found
CH 57 - Virtuali 1,1_0_2_39_65_1_A00000_0_0_0.png,ch57virtuali1.png,16.0E,(73) 16.0E KU-band Eutelsat 16A,Found
CH55 - Virtuali 3,1_0_2_37_65_1_A00000_0_0_0.png,ch55virtuali3.png,16.0E,(73) 16.0E KU-band Eutelsat 16A,Found
CMC - Croatian Music Channel.,1_0_16_78_2_40_A00000_0_0_0.png,cmccroatianmusicchannel.png,16.0E,(73) 16.0E KU-band Eutelsat 16A,Found
CNA TV,1_0_16_2DA_4F4C_16E_A00000_0_0_0.png,cnatv.png,16.0E,(73) 16.0E KU-band Eutelsat 16A,Found
CNN.,1_0_16_8C_2_40_A00000_0_0_0.png,cnn.png,16.0E,(73) 16.0E KU-band Eutelsat 16A,Found
CS Mystery,1_0_1F_4B8_76C1_16E_A00000_0_0_0.png,csmystery.png,16.0E,(73) 16.0E KU-band Eutelsat 16A,Found
CT 1 HD,1_0_1F_481_76C0_16E_A00000_0_0_0.png,ct1hd.png,16.0E,(73) 16.0E KU-band Eutelsat 16A,Found
CT 2 HD,1_0_1F_484_76C0_16E_A00000_0_0_0.png,ct2hd.png,16.0E,(73) 16.0E KU-band Eutelsat 16A,Found
CT 24 HD,1_0_1F_482_76C0_16E_A00000_0_0_0.png,ct24hd.png,16.0E,(73) 16.0E KU-band Eutelsat 16A,Found
CT D/ art,1_0_1F_487_76C0_16E_A00000_0_0_0.png,ctdart.png,16.0E,(73) 16.0E KU-band Eutelsat 16A,Found
CineStar 1 HRV,1_0_1_551_75FB_16E_A00000_0_0_0.png,cinestar1hrv.png,16.0E,(73) 16.0E KU-band Eutelsat 16A,Found
CineStar 1 SRB,1_0_1_2FD_9D08_16E_A00000_0_0_0.png,cinestar1srb.png,16.0E,(73) 16.0E KU-band Eutelsat 16A,Found
CineStar 2,1_0_1_2F4_9D08_16E_A00000_0_0_0.png,cinestar2.png,16.0E,(73) 16.0E KU-band Eutelsat 16A,Found
CineStar Comedy,1_0_1_685_9FC4_16E_A00000_0_0_0.png,cinestarcomedy.png,16.0E,(73) 16.0E KU-band Eutelsat 16A,Found
CineStar Fantasy,1_0_16_73D_C5A8_16E_A00000_0_0_0.png,cinestarfantasy.png,16.0E,(73) 16.0E KU-band Eutelsat 16A,Found
CineStar TV 1,1_0_16_71E_C5A8_16E_A00000_0_0_0.png,cinestartv1.png,16.0E,(73) 16.0E KU-band Eutelsat 16A,Found
CineStar TV Premiere 1 HD,1_0_19_737_C5A8_16E_A00000_0_0_0.png,cinestartvpremiere1hd.png,16.0E,(73) 16.0E KU-band Eutelsat 16A,Found
CineStar TV Premiere 2,1_0_16_736_C5A8_16E_A00000_0_0_0.png,cinestartvpremiere2.png,16.0E,(73) 16.0E KU-band Eutelsat 16A,Found
Cinemania HD,1_0_1_682_9FC4_16E_A00000_0_0_0.png,cinemaniahd.png,16.0E,(73) 16.0E KU-band Eutelsat 16A,Found
Cinemax 2 HD,1_0_19_787_C6D4_16E_A00000_0_0_0.png,cinemax2hd.png,16.0E,(73) 16.0E KU-band Eutelsat 16A,Found
Cinemax 2 HD,1_0_19_792_C6D4_16E_A00000_0_0_0.png,cinemax2hd.png,16.0E,(73) 16.0E KU-band Eutelsat 16A,Found
Cinemax HD,1_0_19_786_C6D4_16E_A00000_0_0_0.png,cinemaxhd.png,16.0E,(73) 16.0E KU-band Eutelsat 16A,Found
Cinemax HD,1_0_19_79A_C6D4_16E_A00000_0_0_0.png,cinemaxhd.png,16.0E,(73) 16.0E KU-band Eutelsat 16A,Found
Cinestar Premiere 1,1_0_1_554_75FB_16E_A00000_0_0_0.png,cinestarpremiere1.png,16.0E,(73) 16.0E KU-band Eutelsat 16A,Found
Cinestar Premiere 2,1_0_1_556_75FB_16E_A00000_0_0_0.png,cinestarpremiere2.png,16.0E,(73) 16.0E KU-band Eutelsat 16A,Found
City Play,1_0_1_55_CB2B_16E_A00000_0_0_0.png,cityplay.png,16.0E,(73) 16.0E KU-band Eutelsat 16A,Found
Credo TV,1_0_1_A37_427E_16E_A00000_0_0_0.png,credotv.png,16.0E,(73) 16.0E KU-band Eutelsat 16A,Found
Cufo TV,1_0_16_83E_5014_16E_A00000_0_0_0.png,cufotv.png,16.0E,(73) 16.0E KU-band Eutelsat 16A,Found
DEFAULT,1_0_1_1_1_1_A02ACE_0_0_0.png,default.png,16.0E,(73) 16.0E KU-band Eutelsat 16A,Found
DEFAULT,1_0_1_2A_1_1_A02AD2_0_0_0.png,default.png,16.0E,(73) 16.0E KU-band Eutelsat 16A,Found
DIVA,1_0_16_717_C5A8_16E_A00000_0_0_0.png,diva.png,16.0E,(73) 16.0E KU-band Eutelsat 16A,Found
DJazz.tv.,1_0_16_7C_3_40_A00000_0_0_0.png,djazztv.png,16.0E,(73) 16.0E KU-band Eutelsat 16A,Found
DM-SAT,1_0_1_1_A78_1_A00000_0_0_0.png,dmsat.png,16.0E,(73) 16.0E KU-band Eutelsat 16A,Found
Da Vinci LEARNING HD,1_0_19_77F_C6D4_16E_A00000_0_0_0.png,davincilearninghd.png,16.0E,(73) 16.0E KU-band Eutelsat 16A,Found
Da Vinci Learning.,1_0_16_81_2_40_A00000_0_0_0.png,davincilearning.png,16.0E,(73) 16.0E KU-band Eutelsat 16A,Found
Dajto HD,1_0_1F_7D7_9E98_16E_A00000_0_0_0.png,dajtohd.png,16.0E,(73) 16.0E KU-band Eutelsat 16A,Found
Dexy TV,1_0_1_73_9F60_16E_A00000_0_0_0.png,dexytv.png,16.0E,(73) 16.0E KU-band Eutelsat 16A,Found
DigitALB 20,1_0_19_3EB_50DC_16E_A00000_0_0_0.png,digitalb20.png,16.0E,(73) 16.0E KU-band Eutelsat 16A,Found
Discovery,1_0_1F_48B_76C0_16E_A00000_0_0_0.png,discovery.png,16.0E,(73) 16.0E KU-band Eutelsat 16A,Found
Discovery HD,1_0_1_5B0_75FC_16E_A00000_0_0_0.png,discoveryhd.png,16.0E,(73) 16.0E KU-band Eutelsat 16A,Found
Disney Channel,1_0_16_4C2_76C1_16E_A00000_0_0_0.png,disneychannel.png,16.0E,(73) 16.0E KU-band Eutelsat 16A,Found
Disney Channel,1_0_1F_4C0_76C1_16E_A00000_0_0_0.png,disneychannel.png,16.0E,(73) 16.0E KU-band Eutelsat 16A,Found
Disney Channel Romania,1_0_16_774_C6D4_16E_A00000_0_0_0.png,disneychannelromania.png,16.0E,(73) 16.0E KU-band Eutelsat 16A,Found
Disney Junior,1_0_16_70A_C5A8_16E_A00000_0_0_0.png,disneyjunior.png,16.0E,(73) 16.0E KU-band Eutelsat 16A,Found
Diva,1_0_1_365_C3B4_16E_A00000_0_0_0.png,diva.png,16.0E,(73) 16.0E KU-band Eutelsat 16A,Found
Dizi HD,1_0_19_A8E_9DD0_16E_A00000_0_0_0.png,dizihd.png,16.0E,(73) 16.0E KU-band Eutelsat 16A,Found
Dizi HD,1_0_19_A8F_9DD0_16E_A00000_0_0_0.png,dizihd.png,16.0E,(73) 16.0E KU-band Eutelsat 16A,Found
Dizi HD,1_0_19_A90_9DD0_16E_A00000_0_0_0.png,dizihd.png,16.0E,(73) 16.0E KU-band Eutelsat 16A,Found
DocuBox HD,1_0_19_A97_9DD0_16E_A00000_0_0_0.png,docuboxhd.png,16.0E,(73) 16.0E KU-band Eutelsat 16A,Found
DocuBox HD,1_0_19_AAB_9DD0_16E_A00000_0_0_0.png,docuboxhd.png,16.0E,(73) 16.0E KU-band Eutelsat 16A,Found
Doku TV HD,1_0_1_364_C3B4_16E_A00000_0_0_0.png,dokutvhd.png,16.0E,(73) 16.0E KU-band Eutelsat 16A,Found
Dokumentarna TV,1_0_1_81_9F60_16E_A00000_0_0_0.png,dokumentarnatv.png,16.0E,(73) 16.0E KU-band Eutelsat 16A,Found
Doma HD,1_0_1F_7D5_9E98_16E_A00000_0_0_0.png,domahd.png,16.0E,(73) 16.0E KU-band Eutelsat 16A,Found
Doma TV.,1_0_16_126_3_40_A00000_0_0_0.png,domatv.png,16.0E,(73) 16.0E KU-band Eutelsat 16A,Found
Dorcel,1_0_1_7D_9F60_16E_A00000_0_0_0.png,dorcel.png,16.0E,(73) 16.0E KU-band Eutelsat 16A,Found
Dorcel TV HD,1_0_19_139C_4F4C_16E_A00000_0_0_0.png,dorceltvhd.png,16.0E,(73) 16.0E KU-band Eutelsat 16A,Found
Dorcel TV HD,1_0_19_13A1_4F4C_16E_A00000_0_0_0.png,dorceltvhd.png,16.0E,(73) 16.0E KU-band Eutelsat 16A,Found
Dorcel XXX HD,1_0_19_3EF_51A4_16E_A00000_0_0_0.png,dorcelxxxhd.png,16.0E,(73) 16.0E KU-band Eutelsat 16A,Found
Dox TV,1_0_1_5EA_4E84_16E_A00000_0_0_0.png,doxtv.png,16.0E,(73) 16.0E KU-band Eutelsat 16A,Found
Duck TV,1_0_16_26F_C418_16E_A00000_0_0_0.png,ducktv.png,16.0E,(73) 16.0E KU-band Eutelsat 16A,Found
Duck TV,1_0_16_280_C418_16E_A00000_0_0_0.png,ducktv.png,16.0E,(73) 16.0E KU-band Eutelsat 16A,Found
Duga Plus,1_0_16_74_1_16E_A00000_0_0_0.png,dugaplus.png,16.0E,(73) 16.0E KU-band Eutelsat 16A,Found
Dukagjini,1_0_16_1108_50DC_16E_A00000_0_0_0.png,dukagjini.png,16.0E,(73) 16.0E KU-band Eutelsat 16A,Found
Dusk! TV,1_0_1_558_75FB_16E_A00000_0_0_0.png,dusktv.png,16.0E,(73) 16.0E KU-band Eutelsat 16A,Found
Dvojka HD,1_0_1F_7D2_9E98_16E_A00000_0_0_0.png,dvojkahd.png,16.0E,(73) 16.0E KU-band Eutelsat 16A,Found
E!,1_0_1_2F7_9D08_16E_A00000_0_0_0.png,e.png,16.0E,(73) 16.0E KU-band Eutelsat 16A,Found
EPQ C1,1_0_1_1_1_1_A03195_0_0_0.png,epqc1.png,16.0E,(73) 16.0E KU-band Eutelsat 16A,Found
EPQ C2,1_0_2_28_65_1_A00000_0_0_0.png,epqc2.png,16.0E,(73) 16.0E KU-band Eutelsat 16A,Found
EXP histori,1_0_16_85C_5014_16E_A00000_0_0_0.png,exphistori.png,16.0E,(73) 16.0E KU-band Eutelsat 16A,Found
EXP natyra,1_0_16_852_5014_16E_A00000_0_0_0.png,expnatyra.png,16.0E,(73) 16.0E KU-band Eutelsat 16A,Found
EXP shkence,1_0_16_424_4F4C_16E_A00000_0_0_0.png,expshkence.png,16.0E,(73) 16.0E KU-band Eutelsat 16A,Found
Eko Vizija,1_0_1_6F_9F60_16E_A00000_0_0_0.png,ekovizija.png,16.0E,(73) 16.0E KU-band Eutelsat 16A,Found
Elita Live 1,1_0_16_42_CB2B_16E_A00000_0_0_0.png,elitalive1.png,16.0E,(73) 16.0E KU-band Eutelsat 16A,Found
Elita Live 2,1_0_16_52_CB2B_16E_A00000_0_0_0.png,elitalive2.png,16.0E,(73) 16.0E KU-band Eutelsat 16A,Found
Elita Live 3,1_0_16_54_CB2B_16E_A00000_0_0_0.png,elitalive3.png,16.0E,(73) 16.0E KU-band Eutelsat 16A,Found
Elita Live 4,1_0_16_5D_CB2B_16E_A00000_0_0_0.png,elitalive4.png,16.0E,(73) 16.0E KU-band Eutelsat 16A,Found
Enter ZG.,1_0_2_DB_2_40_A00000_0_0_0.png,enterzg.png,16.0E,(73) 16.0E KU-band Eutelsat 16A,Found
Epic Drama HD,1_0_19_453_526C_16E_A00000_0_0_0.png,epicdramahd.png,16.0E,(73) 16.0E KU-band Eutelsat 16A,Found
Epic Drama HD,1_0_19_458_526C_16E_A00000_0_0_0.png,epicdramahd.png,16.0E,(73) 16.0E KU-band Eutelsat 16A,Found
EroX,1_0_16_A9B_9DD0_16E_A00000_0_0_0.png,erox.png,16.0E,(73) 16.0E KU-band Eutelsat 16A,Found
EroXXX HD,1_0_19_A9A_9DD0_16E_A00000_0_0_0.png,eroxxxhd.png,16.0E,(73) 16.0E KU-band Eutelsat 16A,Found
EuroFilm,1_0_16_870_5014_16E_A00000_0_0_0.png,eurofilm.png,16.0E,(73) 16.0E KU-band Eutelsat 16A,Found
Euronews Albania,1_0_19_7D0_5014_16E_A00000_0_0_0.png,euronewsalbania.png,16.0E,(73) 16.0E KU-band Eutelsat 16A,Found
Euronews Srbija,1_0_1_5E6_4E84_16E_A00000_0_0_0.png,euronewssrbija.png,16.0E,(73) 16.0E KU-band Eutelsat 16A,Found
Eurosport 1 HD,1_0_19_25E_C418_16E_A00000_0_0_0.png,eurosport1hd.png,16.0E,(73) 16.0E KU-band Eutelsat 16A,Found
Eurosport 1 HD,1_0_19_25F_C418_16E_A00000_0_0_0.png,eurosport1hd.png,16.0E,(73) 16.0E KU-band Eutelsat 16A,Found
Eurosport 1 HD,1_0_19_282_C418_16E_A00000_0_0_0.png,eurosport1hd.png,16.0E,(73) 16.0E KU-band Eutelsat 16A,Found
Eurosport 2,1_0_16_71A_C5A8_16E_A00000_0_0_0.png,eurosport2.png,16.0E,(73) 16.0E KU-band Eutelsat 16A,Found
Eurosport 2 HD,1_0_1F_4B1_76C1_16E_A00000_0_0_0.png,eurosport2hd.png,16.0E,(73) 16.0E KU-band Eutelsat 16A,Found
Extasy 4K Platinum,1_0_1F_259_C418_16E_A00000_0_0_0.png,extasy4kplatinum.png,16.0E,(73) 16.0E KU-band Eutelsat 16A,Found
Extasy HD,1_0_19_4BB_76C1_16E_A00000_0_0_0.png,extasyhd.png,16.0E,(73) 16.0E KU-band Eutelsat 16A,Found
Extreme Sports.,1_0_16_5D_2_40_A00000_0_0_0.png,extremesports.png,16.0E,(73) 16.0E KU-band Eutelsat 16A,Found
FTV,1_0_16_36_1_16E_A00000_0_0_0.png,ftv.png,16.0E,(73) 16.0E KU-band Eutelsat 16A,Found
Face TV,1_0_16_35_1_16E_A00000_0_0_0.png,facetv.png,16.0E,(73) 16.0E KU-band Eutelsat 16A,Found
FashionBox,1_0_16_AA1_9DD0_16E_A00000_0_0_0.png,fashionbox.png,16.0E,(73) 16.0E KU-band Eutelsat 16A,Found
Favorit FM,1_0_1_17_64_64_A00000_0_0_0.png,favoritfm.png,16.0E,(73) 16.0E KU-band Eutelsat 16A,Found
Favorit TV,1_0_16_20_64_64_A00000_0_0_0.png,favorittv.png,16.0E,(73) 16.0E KU-band Eutelsat 16A,Found
Fax News,1_0_16_316_4F4C_16E_A00000_0_0_0.png,faxnews.png,16.0E,(73) 16.0E KU-band Eutelsat 16A,Found
Federalna TV,1_0_1_358_C3B4_16E_A00000_0_0_0.png,federalnatv.png,16.0E,(73) 16.0E KU-band Eutelsat 16A,Found
FightBox HD,1_0_19_A92_9DD0_16E_A00000_0_0_0.png,fightboxhd.png,16.0E,(73) 16.0E KU-band Eutelsat 16A,Found
FightBox HD,1_0_19_A99_9DD0_16E_A00000_0_0_0.png,fightboxhd.png,16.0E,(73) 16.0E KU-band Eutelsat 16A,Found
Film Aksion HD,1_0_19_5DC_4F4C_16E_A00000_0_0_0.png,filmaksionhd.png,16.0E,(73) 16.0E KU-band Eutelsat 16A,Found
Film Autor HD,1_0_19_1324_5014_16E_A00000_0_0_0.png,filmautorhd.png,16.0E,(73) 16.0E KU-band Eutelsat 16A,Found
Film Drame,1_0_16_898_5014_16E_A00000_0_0_0.png,filmdrame.png,16.0E,(73) 16.0E KU-band Eutelsat 16A,Found
Film Hits HD,1_0_19_5C8_4F4C_16E_A00000_0_0_0.png,filmhitshd.png,16.0E,(73) 16.0E KU-band Eutelsat 16A,Found
Film Komedi HD,1_0_19_1342_4F4C_16E_A00000_0_0_0.png,filmkomedihd.png,16.0E,(73) 16.0E KU-band Eutelsat 16A,Found
Film Thriller,1_0_16_88E_5014_16E_A00000_0_0_0.png,filmthriller.png,16.0E,(73) 16.0E KU-band Eutelsat 16A,Found
FilmBox Arthouse,1_0_16_A94_9DD0_16E_A00000_0_0_0.png,filmboxarthouse.png,16.0E,(73) 16.0E KU-band Eutelsat 16A,Found
FilmBox Baltic,1_0_16_AA3_9DD0_16E_A00000_0_0_0.png,filmboxbaltic.png,16.0E,(73) 16.0E KU-band Eutelsat 16A,Found
FilmBox Extra HD,1_0_16_AA8_9DD0_16E_A00000_0_0_0.png,filmboxextrahd.png,16.0E,(73) 16.0E KU-band Eutelsat 16A,Found
FilmBox Extra HD,1_0_19_A96_9DD0_16E_A00000_0_0_0.png,filmboxextrahd.png,16.0E,(73) 16.0E KU-band Eutelsat 16A,Found
FilmBox Premium HD,1_0_19_A8D_9DD0_16E_A00000_0_0_0.png,filmboxpremiumhd.png,16.0E,(73) 16.0E KU-band Eutelsat 16A,Found
FilmBox Premium HD,1_0_19_AAA_9DD0_16E_A00000_0_0_0.png,filmboxpremiumhd.png,16.0E,(73) 16.0E KU-band Eutelsat 16A,Found
FilmBox Stars,1_0_16_A95_9DD0_16E_A00000_0_0_0.png,filmboxstars.png,16.0E,(73) 16.0E KU-band Eutelsat 16A,Found
FilmBox Stars,1_0_16_AA7_9DD0_16E_A00000_0_0_0.png,filmboxstars.png,16.0E,(73) 16.0E KU-band Eutelsat 16A,Found
First Channel,1_0_16_532_51A4_16E_A00000_0_0_0.png,firstchannel.png,16.0E,(73) 16.0E KU-band Eutelsat 16A,Found
Fox News,1_0_1_5F5_4E84_16E_A00000_0_0_0.png,foxnews.png,16.0E,(73) 16.0E KU-band Eutelsat 16A,Found
FunBox UHD,1_0_1F_262_C418_16E_A00000_0_0_0.png,funboxuhd.png,16.0E,(73) 16.0E KU-band Eutelsat 16A,Found
GOLD HD,1_0_19_3E9_50DC_16E_A00000_0_0_0.png,goldhd.png,16.0E,(73) 16.0E KU-band Eutelsat 16A,Found
GP 1,1_0_16_731_C5A8_16E_A00000_0_0_0.png,gp1.png,16.0E,(73) 16.0E KU-band Eutelsat 16A,Found
Gametoon HD,1_0_19_A91_9DD0_16E_A00000_0_0_0.png,gametoonhd.png,16.0E,(73) 16.0E KU-band Eutelsat 16A,Found
Gametoon HD,1_0_19_AA9_9DD0_16E_A00000_0_0_0.png,gametoonhd.png,16.0E,(73) 16.0E KU-band Eutelsat 16A,Found
Gold TV,1_0_16_781_C6D4_16E_A00000_0_0_0.png,goldtv.png,16.0E,(73) 16.0E KU-band Eutelsat 16A,Found
Golica TV,1_0_1_2F8_9D08_16E_A00000_0_0_0.png,golicatv.png,16.0E,(73) 16.0E KU-band Eutelsat 16A,Found
Good Times HD,1_0_19_709_C5A8_16E_A00000_0_0_0.png,goodtimeshd.png,16.0E,(73) 16.0E KU-band Eutelsat 16A,Found
Grand,1_0_1_6E6_C544_16E_A00000_0_0_0.png,grand.png,16.0E,(73) 16.0E KU-band Eutelsat 16A,Found
Grand Nostalgija,1_0_1_5B5_75FC_16E_A00000_0_0_0.png,grandnostalgija.png,16.0E,(73) 16.0E KU-band Eutelsat 16A,Found
HA HA,1_0_1_67_CB2B_16E_A00000_0_0_0.png,haha.png,16.0E,(73) 16.0E KU-band Eutelsat 16A,Found
HBO 2 HD,1_0_1_5AF_75FC_16E_A00000_0_0_0.png,hbo2hd.png,16.0E,(73) 16.0E KU-band Eutelsat 16A,Found
HBO 2 HD,1_0_19_785_C6D4_16E_A00000_0_0_0.png,hbo2hd.png,16.0E,(73) 16.0E KU-band Eutelsat 16A,Found
HBO 3 HD,1_0_19_796_C6D4_16E_A00000_0_0_0.png,hbo3hd.png,16.0E,(73) 16.0E KU-band Eutelsat 16A,Found
HBO HD,1_0_1_5AE_75FC_16E_A00000_0_0_0.png,hbohd.png,16.0E,(73) 16.0E KU-band Eutelsat 16A,Found
HBO HD,1_0_19_784_C6D4_16E_A00000_0_0_0.png,hbohd.png,16.0E,(73) 16.0E KU-band Eutelsat 16A,Found
HBO HD,1_0_1F_486_76C0_16E_A00000_0_0_0.png,hbohd.png,16.0E,(73) 16.0E KU-band Eutelsat 16A,Found
HBO2 HD,1_0_1F_4B9_76C1_16E_A00000_0_0_0.png,hbo2hd.png,16.0E,(73) 16.0E KU-band Eutelsat 16A,Found
HBO3 HD,1_0_1F_4BC_76C1_16E_A00000_0_0_0.png,hbo3hd.png,16.0E,(73) 16.0E KU-band Eutelsat 16A,Found
HGTV HD,1_0_1_2FC_9D08_16E_A00000_0_0_0.png,hgtvhd.png,16.0E,(73) 16.0E KU-band Eutelsat 16A,Found
HRT 2,1_0_1_74_9F60_16E_A00000_0_0_0.png,hrt2.png,16.0E,(73) 16.0E KU-band Eutelsat 16A,Found
HRT 3,1_0_1_5EB_4E84_16E_A00000_0_0_0.png,hrt3.png,16.0E,(73) 16.0E KU-band Eutelsat 16A,Found
HRT-HR1,1_0_2_D53_C738_16E_A00000_0_0_0.png,hrthr1.png,16.0E,(73) 16.0E KU-band Eutelsat 16A,Found
HRT-HR2,1_0_2_D54_C738_16E_A00000_0_0_0.png,hrthr2.png,16.0E,(73) 16.0E KU-band Eutelsat 16A,Found
HRT-HR3,1_0_2_D55_C738_16E_A00000_0_0_0.png,hrthr3.png,16.0E,(73) 16.0E KU-band Eutelsat 16A,Found
HRT-TV1 HD,1_0_19_D49_C738_16E_A00000_0_0_0.png,hrttv1hd.png,16.0E,(73) 16.0E KU-band Eutelsat 16A,Found
HRT-TV2 HD,1_0_19_D4A_C738_16E_A00000_0_0_0.png,hrttv2hd.png,16.0E,(73) 16.0E KU-band Eutelsat 16A,Found
HRT-TV3 HD,1_0_19_D4B_C738_16E_A00000_0_0_0.png,hrttv3hd.png,16.0E,(73) 16.0E KU-band Eutelsat 16A,Found
HRT-TV4 HD,1_0_19_D4C_C738_16E_A00000_0_0_0.png,hrttv4hd.png,16.0E,(73) 16.0E KU-band Eutelsat 16A,Found
HRT1 HD.,1_0_16_127_2_40_A00000_0_0_0.png,hrt1hd.png,16.0E,(73) 16.0E KU-band Eutelsat 16A,Found
HRT2 HD.,1_0_19_64_2_40_A00000_0_0_0.png,hrt2hd.png,16.0E,(73) 16.0E KU-band Eutelsat 16A,Found
HRTInt. HD,1_0_19_D4E_C738_16E_A00000_0_0_0.png,hrtinthd.png,16.0E,(73) 16.0E KU-band Eutelsat 16A,Found
HTV3 HD,1_0_19_714_C5A8_16E_A00000_0_0_0.png,htv3hd.png,16.0E,(73) 16.0E KU-band Eutelsat 16A,Found
HTV4 HD,1_0_19_732_C5A8_16E_A00000_0_0_0.png,htv4hd.png,16.0E,(73) 16.0E KU-band Eutelsat 16A,Found
Happy,1_0_1_355_C3B4_16E_A00000_0_0_0.png,happy.png,16.0E,(73) 16.0E KU-band Eutelsat 16A,Found
Happy,1_0_1_359_C3B4_16E_A00000_0_0_0.png,happy.png,16.0E,(73) 16.0E KU-band Eutelsat 16A,Found
Happy FM.,1_0_2_D4_2_40_A00000_0_0_0.png,happyfm.png,16.0E,(73) 16.0E KU-band Eutelsat 16A,Found
Hayat 2,1_0_16_37_1_16E_A00000_0_0_0.png,hayat2.png,16.0E,(73) 16.0E KU-band Eutelsat 16A,Found
Hayat Folk,1_0_16_38_1_16E_A00000_0_0_0.png,hayatfolk.png,16.0E,(73) 16.0E KU-band Eutelsat 16A,Found
Hayat HD,1_0_19_3A_1_16E_A00000_0_0_0.png,hayathd.png,16.0E,(73) 16.0E KU-band Eutelsat 16A,Found
Hayat Music,1_0_16_39_1_16E_A00000_0_0_0.png,hayatmusic.png,16.0E,(73) 16.0E KU-band Eutelsat 16A,Found
Hayatovci,1_0_16_44_1_16E_A00000_0_0_0.png,hayatovci.png,16.0E,(73) 16.0E KU-band Eutelsat 16A,Found
History 2.,1_0_16_2D_3_40_A00000_0_0_0.png,history2.png,16.0E,(73) 16.0E KU-band Eutelsat 16A,Found
History Channel.,1_0_16_21_2_40_A00000_0_0_0.png,historychannel.png,16.0E,(73) 16.0E KU-band Eutelsat 16A,Found
History HD,1_0_19_76E_C6D4_16E_A00000_0_0_0.png,historyhd.png,16.0E,(73) 16.0E KU-band Eutelsat 16A,Found
History HD,1_0_19_775_C6D4_16E_A00000_0_0_0.png,historyhd.png,16.0E,(73) 16.0E KU-band Eutelsat 16A,Found
Hustler HD,1_0_19_711_C5A8_16E_A00000_0_0_0.png,hustlerhd.png,16.0E,(73) 16.0E KU-band Eutelsat 16A,Found
Hustler TV,1_0_16_712_C5A8_16E_A00000_0_0_0.png,hustlertv.png,16.0E,(73) 16.0E KU-band Eutelsat 16A,Found
Hype 2 TV,1_0_1_5ED_4E84_16E_A00000_0_0_0.png,hype2tv.png,16.0E,(73) 16.0E KU-band Eutelsat 16A,Found
Hype TV,1_0_1_11A1_A028_16E_A00000_0_0_0.png,hypetv.png,16.0E,(73) 16.0E KU-band Eutelsat 16A,Found
Hype TV.,1_0_16_C6_3_40_A00000_0_0_0.png,hypetv.png,16.0E,(73) 16.0E KU-band Eutelsat 16A,Found
ID HD,1_0_1_2F6_9D08_16E_A00000_0_0_0.png,idhd.png,16.0E,(73) 16.0E KU-band Eutelsat 16A,Found
ID Xtra HD,1_0_19_25B_C418_16E_A00000_0_0_0.png,idxtrahd.png,16.0E,(73) 16.0E KU-band Eutelsat 16A,Found
ID Xtra HD,1_0_19_27D_C418_16E_A00000_0_0_0.png,idxtrahd.png,16.0E,(73) 16.0E KU-band Eutelsat 16A,Found
IDJ Kids HD,1_0_1_5B8_75FC_16E_A00000_0_0_0.png,idjkidshd.png,16.0E,(73) 16.0E KU-band Eutelsat 16A,Found
IDJ TV HD,1_0_1_36C_C3B4_16E_A00000_0_0_0.png,idjtvhd.png,16.0E,(73) 16.0E KU-band Eutelsat 16A,Found
In-TV,1_0_16_29E_50DC_16E_A00000_0_0_0.png,intv.png,16.0E,(73) 16.0E KU-band Eutelsat 16A,Found
Informer TV,1_0_1_5E8_4E84_16E_A00000_0_0_0.png,informertv.png,16.0E,(73) 16.0E KU-band Eutelsat 16A,Found
Insajder TV,1_0_1_5B2_75FC_16E_A00000_0_0_0.png,insajdertv.png,16.0E,(73) 16.0E KU-band Eutelsat 16A,Found
Investigation Discovery HD,1_0_19_26E_C418_16E_A00000_0_0_0.png,investigationdiscoveryhd.png,16.0E,(73) 16.0E KU-band Eutelsat 16A,Found
JOJ 24,1_0_1F_492_76C0_16E_A00000_0_0_0.png,joj24.png,16.0E,(73) 16.0E KU-band Eutelsat 16A,Found
JOJ Cinema HD,1_0_1F_4C5_76C1_16E_A00000_0_0_0.png,jojcinemahd.png,16.0E,(73) 16.0E KU-band Eutelsat 16A,Found
JOJ HD,1_0_1F_7D4_9E98_16E_A00000_0_0_0.png,jojhd.png,16.0E,(73) 16.0E KU-band Eutelsat 16A,Found
JOJ Krimi HD,1_0_1F_4BF_76C1_16E_A00000_0_0_0.png,jojkrimihd.png,16.0E,(73) 16.0E KU-band Eutelsat 16A,Found
JOJ Plus HD,1_0_1F_7D6_9E98_16E_A00000_0_0_0.png,jojplushd.png,16.0E,(73) 16.0E KU-band Eutelsat 16A,Found
JOJ Sport 2 HD,1_0_19_490_76C0_16E_A00000_0_0_0.png,jojsport2hd.png,16.0E,(73) 16.0E KU-band Eutelsat 16A,Found
JOJ Sport HD,1_0_1F_7DB_9E98_16E_A00000_0_0_0.png,jojsporthd.png,16.0E,(73) 16.0E KU-band Eutelsat 16A,Found
JOJ Svet HD,1_0_1F_48C_76C0_16E_A00000_0_0_0.png,jojsvethd.png,16.0E,(73) 16.0E KU-band Eutelsat 16A,Found
Jednotka HD,1_0_1F_7D1_9E98_16E_A00000_0_0_0.png,jednotkahd.png,16.0E,(73) 16.0E KU-band Eutelsat 16A,Found
Jim Jam,1_0_16_4CF_76C1_16E_A00000_0_0_0.png,jimjam.png,16.0E,(73) 16.0E KU-band Eutelsat 16A,Found
Jojko,1_0_1F_4C9_76C1_16E_A00000_0_0_0.png,jojko.png,16.0E,(73) 16.0E KU-band Eutelsat 16A,Found
Junior TV,1_0_16_834_5014_16E_A00000_0_0_0.png,juniortv.png,16.0E,(73) 16.0E KU-band Eutelsat 16A,Found
K3,1_0_16_43_1_16E_A00000_0_0_0.png,k3.png,16.0E,(73) 16.0E KU-band Eutelsat 16A,Found
K::CN 1,1_0_1_547_75FB_16E_A00000_0_0_0.png,kcn1.png,16.0E,(73) 16.0E KU-band Eutelsat 16A,Found
K::CN Music 2,1_0_1_559_75FB_16E_A00000_0_0_0.png,kcnmusic2.png,16.0E,(73) 16.0E KU-band Eutelsat 16A,Found
KTV,1_0_16_190_50DC_16E_A00000_0_0_0.png,ktv.png,16.0E,(73) 16.0E KU-band Eutelsat 16A,Found
Kanal 10,1_0_16_10F4_51A4_16E_A00000_0_0_0.png,kanal10.png,16.0E,(73) 16.0E KU-band Eutelsat 16A,Found
Kanal A HD,1_0_1_683_9FC4_16E_A00000_0_0_0.png,kanalahd.png,16.0E,(73) 16.0E KU-band Eutelsat 16A,Found
Kanal1 HD,1_0_19_25A_C418_16E_A00000_0_0_0.png,kanal1hd.png,16.0E,(73) 16.0E KU-band Eutelsat 16A,Found
Kino,1_0_1_678_9FC4_16E_A00000_0_0_0.png,kino.png,16.0E,(73) 16.0E KU-band Eutelsat 16A,Found
Kino TV HD,1_0_19_723_C5A8_16E_A00000_0_0_0.png,kinotvhd.png,16.0E,(73) 16.0E KU-band Eutelsat 16A,Found
Klan Kosova HD,1_0_19_13D8_51A4_16E_A00000_0_0_0.png,klankosovahd.png,16.0E,(73) 16.0E KU-band Eutelsat 16A,Found
Klan Music,1_0_16_460_4F4C_16E_A00000_0_0_0.png,klanmusic.png,16.0E,(73) 16.0E KU-band Eutelsat 16A,Found
Klan News,1_0_16_8AC_5014_16E_A00000_0_0_0.png,klannews.png,16.0E,(73) 16.0E KU-band Eutelsat 16A,Found
Klan Plus,1_0_16_8B6_5014_16E_A00000_0_0_0.png,klanplus.png,16.0E,(73) 16.0E KU-band Eutelsat 16A,Found
Klan TV HD,1_0_19_7DA_5014_16E_A00000_0_0_0.png,klantvhd.png,16.0E,(73) 16.0E KU-band Eutelsat 16A,Found
Klasik TV,1_0_1_79_9F60_16E_A00000_0_0_0.png,klasiktv.png,16.0E,(73) 16.0E KU-band Eutelsat 16A,Found
Klasik.,1_0_16_D8_3_40_A00000_0_0_0.png,klasik.png,16.0E,(73) 16.0E KU-band Eutelsat 16A,Found
Koreni,1_0_1_7A_9F60_16E_A00000_0_0_0.png,koreni.png,16.0E,(73) 16.0E KU-band Eutelsat 16A,Found
Kurir TV,1_0_1_72_9F60_16E_A00000_0_0_0.png,kurirtv.png,16.0E,(73) 16.0E KU-band Eutelsat 16A,Found
LOL,1_0_1_68_CB2B_16E_A00000_0_0_0.png,lol.png,16.0E,(73) 16.0E KU-band Eutelsat 16A,Found
LaudatoTV.,1_0_16_D7_3_40_A00000_0_0_0.png,laudatotv.png,16.0E,(73) 16.0E KU-band Eutelsat 16A,Found
Lov i Ribolov,1_0_1_686_9FC4_16E_A00000_0_0_0.png,loviribolov.png,16.0E,(73) 16.0E KU-band Eutelsat 16A,Found
Love Nature HD,1_0_19_263_C418_16E_A00000_0_0_0.png,lovenaturehd.png,16.0E,(73) 16.0E KU-band Eutelsat 16A,Found
M1 Gold.,1_0_16_29_2_40_A00000_0_0_0.png,m1gold.png,16.0E,(73) 16.0E KU-band Eutelsat 16A,Found
M1.,1_0_16_128_3_40_A00000_0_0_0.png,m1.png,16.0E,(73) 16.0E KU-band Eutelsat 16A,Found
MAX HD,1_0_19_3EA_50DC_16E_A00000_0_0_0.png,maxhd.png,16.0E,(73) 16.0E KU-band Eutelsat 16A,Found
MAXSport 2.,1_0_19_50_2_40_A00000_0_0_0.png,maxsport2.png,16.0E,(73) 16.0E KU-band Eutelsat 16A,Found
MCM Top HD,1_0_19_7E0_9E98_16E_A00000_0_0_0.png,mcmtophd.png,16.0E,(73) 16.0E KU-band Eutelsat 16A,Found
MCN TV,1_0_16_604_50DC_16E_A00000_0_0_0.png,mcntv.png,16.0E,(73) 16.0E KU-band Eutelsat 16A,Found
MINIMAX,1_0_16_67_1_16E_A00000_0_0_0.png,minimax.png,16.0E,(73) 16.0E KU-band Eutelsat 16A,Found
MRT 1,1_0_1_67A_9FC4_16E_A00000_0_0_0.png,mrt1.png,16.0E,(73) 16.0E KU-band Eutelsat 16A,Found
MRT 2,1_0_1_301_9D08_16E_A00000_0_0_0.png,mrt2.png,16.0E,(73) 16.0E KU-band Eutelsat 16A,Found
MRT 3,1_0_1_680_9FC4_16E_A00000_0_0_0.png,mrt3.png,16.0E,(73) 16.0E KU-band Eutelsat 16A,Found
MRT 4,1_0_1_302_9D08_16E_A00000_0_0_0.png,mrt4.png,16.0E,(73) 16.0E KU-band Eutelsat 16A,Found
MRT 5,1_0_1_303_9D08_16E_A00000_0_0_0.png,mrt5.png,16.0E,(73) 16.0E KU-band Eutelsat 16A,Found
MRT Sobraniski,1_0_1_54E_75FB_16E_A00000_0_0_0.png,mrtsobraniski.png,16.0E,(73) 16.0E KU-band Eutelsat 16A,Found
MTV Adria,1_0_16_72E_C5A8_16E_A00000_0_0_0.png,mtvadria.png,16.0E,(73) 16.0E KU-band Eutelsat 16A,Found
MTV Europe,1_0_16_C80_51A4_16E_A00000_0_0_0.png,mtveurope.png,16.0E,(73) 16.0E KU-band Eutelsat 16A,Found
Maria Vision,1_0_16_7E5_3_40_A00000_0_0_0.png,mariavision.png,16.0E,(73) 16.0E KU-band Eutelsat 16A,Found
Markiza HD,1_0_1F_7D3_9E98_16E_A00000_0_0_0.png,markizahd.png,16.0E,(73) 16.0E KU-band Eutelsat 16A,Found
Markiza Klasik HD,1_0_1F_4B4_76C1_16E_A00000_0_0_0.png,markizaklasikhd.png,16.0E,(73) 16.0E KU-band Eutelsat 16A,Found
Markiza Krimi HD,1_0_1F_7D9_9E98_16E_A00000_0_0_0.png,markizakrimihd.png,16.0E,(73) 16.0E KU-band Eutelsat 16A,Found
Marquee TV HD,1_0_1_67D_9FC4_16E_A00000_0_0_0.png,marqueetvhd.png,16.0E,(73) 16.0E KU-band Eutelsat 16A,Found
Mediaset Italia,1_0_16_72C_C5A8_16E_A00000_0_0_0.png,mediasetitalia.png,16.0E,(73) 16.0E KU-band Eutelsat 16A,Found
Melody.TV,1_0_16_640_4F4C_16E_A00000_0_0_0.png,melodytv.png,16.0E,(73) 16.0E KU-band Eutelsat 16A,Found
Mini TV.,1_0_16_12D_3_40_A00000_0_0_0.png,minitv.png,16.0E,(73) 16.0E KU-band Eutelsat 16A,Found
Minimax,1_0_1F_4B7_76C1_16E_A00000_0_0_0.png,minimax.png,16.0E,(73) 16.0E KU-band Eutelsat 16A,Found
Moj Astrolog,1_0_16_42_1_16E_A00000_0_0_0.png,mojastrolog.png,16.0E,(73) 16.0E KU-band Eutelsat 16A,Found
My Music,1_0_16_848_5014_16E_A00000_0_0_0.png,mymusic.png,16.0E,(73) 16.0E KU-band Eutelsat 16A,Found
N1 BiH,1_0_1_6E7_C544_16E_A00000_0_0_0.png,n1bih.png,16.0E,(73) 16.0E KU-band Eutelsat 16A,Found
N1 HD,1_0_1_5BA_75FC_16E_A00000_0_0_0.png,n1hd.png,16.0E,(73) 16.0E KU-band Eutelsat 16A,Found
N1 Hrv,1_0_1_6E8_C544_16E_A00000_0_0_0.png,n1hrv.png,16.0E,(73) 16.0E KU-band Eutelsat 16A,Found
N24 Plus,1_0_16_16_64_64_A00000_0_0_0.png,n24plus.png,16.0E,(73) 16.0E KU-band Eutelsat 16A,Found
Narodna TV HD,1_0_19_6B_CB2C_16E_A00000_0_0_0.png,narodnatvhd.png,16.0E,(73) 16.0E KU-band Eutelsat 16A,Found
Nasa TV,1_0_1_7E_9F60_16E_A00000_0_0_0.png,nasatv.png,16.0E,(73) 16.0E KU-band Eutelsat 16A,Found
Nat Geographic HD,1_0_1_2F9_9D08_16E_A00000_0_0_0.png,natgeographichd.png,16.0E,(73) 16.0E KU-band Eutelsat 16A,Found
Nat Geographic HD,1_0_1_2FB_9D08_16E_A00000_0_0_0.png,natgeographichd.png,16.0E,(73) 16.0E KU-band Eutelsat 16A,Found
National FM,1_0_1_F_64_64_A00000_0_0_0.png,nationalfm.png,16.0E,(73) 16.0E KU-band Eutelsat 16A,Found
National FMx,1_0_1_B_64_64_A00000_0_0_0.png,nationalfmx.png,16.0E,(73) 16.0E KU-band Eutelsat 16A,Found
National Geographic Channel,1_0_1F_4C6_76C1_16E_A00000_0_0_0.png,nationalgeographicchannel.png,16.0E,(73) 16.0E KU-band Eutelsat 16A,Found
National Geographic Wild HD,1_0_19_25C_C418_16E_A00000_0_0_0.png,nationalgeographicwildhd.png,16.0E,(73) 16.0E KU-band Eutelsat 16A,Found
National Geographic Wild HD,1_0_1F_4BE_76C1_16E_A00000_0_0_0.png,nationalgeographicwildhd.png,16.0E,(73) 16.0E KU-band Eutelsat 16A,Found
NationalTV,1_0_16_A_64_64_A00000_0_0_0.png,nationaltv.png,16.0E,(73) 16.0E KU-band Eutelsat 16A,Found
News 24,1_0_16_4D8_4F4C_16E_A00000_0_0_0.png,news24.png,16.0E,(73) 16.0E KU-band Eutelsat 16A,Found
Newsmax Balkans,1_0_1_119F_A028_16E_A00000_0_0_0.png,newsmaxbalkans.png,16.0E,(73) 16.0E KU-band Eutelsat 16A,Found
Nick Jr.,1_0_1_2F2_9D08_16E_A00000_0_0_0.png,nickjr.png,16.0E,(73) 16.0E KU-band Eutelsat 16A,Found
Nickelodeon,1_0_1_2F0_9D08_16E_A00000_0_0_0.png,nickelodeon.png,16.0E,(73) 16.0E KU-band Eutelsat 16A,Found
Nickelodeon,1_0_16_403_51A4_16E_A00000_0_0_0.png,nickelodeon.png,16.0E,(73) 16.0E KU-band Eutelsat 16A,Found
Nickelodeon,1_0_1F_4C7_76C1_16E_A00000_0_0_0.png,nickelodeon.png,16.0E,(73) 16.0E KU-band Eutelsat 16A,Found
Nickelodeon Hrv,1_0_1_2F3_9D08_16E_A00000_0_0_0.png,nickelodeonhrv.png,16.0E,(73) 16.0E KU-band Eutelsat 16A,Found
Nicktoons,1_0_1_550_75FB_16E_A00000_0_0_0.png,nicktoons.png,16.0E,(73) 16.0E KU-band Eutelsat 16A,Found
Nicktoons,1_0_16_401_51A4_16E_A00000_0_0_0.png,nicktoons.png,16.0E,(73) 16.0E KU-band Eutelsat 16A,Found
Nis TV,1_0_1_5EF_4E84_16E_A00000_0_0_0.png,nistv.png,16.0E,(73) 16.0E KU-band Eutelsat 16A,Found
Nova BH HD,1_0_1_688_9FC4_16E_A00000_0_0_0.png,novabhhd.png,16.0E,(73) 16.0E KU-band Eutelsat 16A,Found
Nova HR HD,1_0_1_67E_9FC4_16E_A00000_0_0_0.png,novahrhd.png,16.0E,(73) 16.0E KU-band Eutelsat 16A,Found
Nova International HD,1_0_1F_4B3_76C1_16E_A00000_0_0_0.png,novainternationalhd.png,16.0E,(73) 16.0E KU-band Eutelsat 16A,Found
Nova M,1_0_1_687_9FC4_16E_A00000_0_0_0.png,novam.png,16.0E,(73) 16.0E KU-band Eutelsat 16A,Found
Nova Max,1_0_1_6DF_C544_16E_A00000_0_0_0.png,novamax.png,16.0E,(73) 16.0E KU-band Eutelsat 16A,Found
Nova S HD,1_0_1_6E4_C544_16E_A00000_0_0_0.png,novashd.png,16.0E,(73) 16.0E KU-band Eutelsat 16A,Found
Nova Series,1_0_1_368_C3B4_16E_A00000_0_0_0.png,novaseries.png,16.0E,(73) 16.0E KU-band Eutelsat 16A,Found
Nova Sport 1 HD,1_0_1F_488_76C0_16E_A00000_0_0_0.png,novasport1hd.png,16.0E,(73) 16.0E KU-band Eutelsat 16A,Found
Nova TV,1_0_16_3_14B4_2064_A00000_0_0_0.png,novatv.png,16.0E,(73) 16.0E KU-band Eutelsat 16A,Found
Nova24 TV.,1_0_16_57_3_40_A00000_0_0_0.png,nova24tv.png,16.0E,(73) 16.0E KU-band Eutelsat 16A,Found
Novosadska TV,1_0_1_7C_9F60_16E_A00000_0_0_0.png,novosadskatv.png,16.0E,(73) 16.0E KU-band Eutelsat 16A,Found
O Kanal,1_0_1_2EF_9D08_16E_A00000_0_0_0.png,okanal.png,16.0E,(73) 16.0E KU-band Eutelsat 16A,Found
OBN,1_0_1_6DB_C544_16E_A00000_0_0_0.png,obn.png,16.0E,(73) 16.0E KU-band Eutelsat 16A,Found
OBN,1_0_16_45_1_16E_A00000_0_0_0.png,obn.png,16.0E,(73) 16.0E KU-band Eutelsat 16A,Found
Ora News HD,1_0_19_5A0_4F4C_16E_A00000_0_0_0.png,oranewshd.png,16.0E,(73) 16.0E KU-band Eutelsat 16A,Found
Oto,1_0_1_55B_75FB_16E_A00000_0_0_0.png,oto.png,16.0E,(73) 16.0E KU-band Eutelsat 16A,Found
Otvoreni.,1_0_2_C9_2_40_A00000_0_0_0.png,otvoreni.png,16.0E,(73) 16.0E KU-band Eutelsat 16A,Found
POP TV HD,1_0_1_35A_C3B4_16E_A00000_0_0_0.png,poptvhd.png,16.0E,(73) 16.0E KU-band Eutelsat 16A,Found
PRO1,1_0_16_3AC_50DC_16E_A00000_0_0_0.png,pro1.png,16.0E,(73) 16.0E KU-band Eutelsat 16A,Found
Palma Plus,1_0_1_548_75FB_16E_A00000_0_0_0.png,palmaplus.png,16.0E,(73) 16.0E KU-band Eutelsat 16A,Found
Panon TV,1_0_1_5F1_4E84_16E_A00000_0_0_0.png,panontv.png,16.0E,(73) 16.0E KU-band Eutelsat 16A,Found
Pickbox,1_0_1_300_9D08_16E_A00000_0_0_0.png,pickbox.png,16.0E,(73) 16.0E KU-band Eutelsat 16A,Found
Pickbox 1.,1_0_16_38_3_40_A00000_0_0_0.png,pickbox1.png,16.0E,(73) 16.0E KU-band Eutelsat 16A,Found
Pikaboo,1_0_1_681_9FC4_16E_A00000_0_0_0.png,pikaboo.png,16.0E,(73) 16.0E KU-band Eutelsat 16A,Found
Pikaboo Slo/Hr,1_0_1_30B_9D08_16E_A00000_0_0_0.png,pikabooslohr.png,16.0E,(73) 16.0E KU-band Eutelsat 16A,Found
Pink Action,1_0_1_5F2_4E84_16E_A00000_0_0_0.png,pinkaction.png,16.0E,(73) 16.0E KU-band Eutelsat 16A,Found
Pink Action,1_0_16_7_CB2B_16E_A00000_0_0_0.png,pinkaction.png,16.0E,(73) 16.0E KU-band Eutelsat 16A,Found
Pink BH,1_0_1_69_CB2B_16E_A00000_0_0_0.png,pinkbh.png,16.0E,(73) 16.0E KU-band Eutelsat 16A,Found
Pink Classic,1_0_1_5B_CB2B_16E_A00000_0_0_0.png,pinkclassic.png,16.0E,(73) 16.0E KU-band Eutelsat 16A,Found
Pink Comedy,1_0_1_41_CB2C_16E_A00000_0_0_0.png,pinkcomedy.png,16.0E,(73) 16.0E KU-band Eutelsat 16A,Found
Pink Extra,1_0_1_2_CB2B_16E_A00000_0_0_0.png,pinkextra.png,16.0E,(73) 16.0E KU-band Eutelsat 16A,Found
Pink Family,1_0_16_C_CB2B_16E_A00000_0_0_0.png,pinkfamily.png,16.0E,(73) 16.0E KU-band Eutelsat 16A,Found
Pink Film,1_0_1_9_CB2B_16E_A00000_0_0_0.png,pinkfilm.png,16.0E,(73) 16.0E KU-band Eutelsat 16A,Found
Pink Folk,1_0_1_40_CB2C_16E_A00000_0_0_0.png,pinkfolk.png,16.0E,(73) 16.0E KU-band Eutelsat 16A,Found
Pink Folk 2,1_0_1_44_CB2C_16E_A00000_0_0_0.png,pinkfolk2.png,16.0E,(73) 16.0E KU-band Eutelsat 16A,Found
Pink HD,1_0_19_48_CB2C_16E_A00000_0_0_0.png,pinkhd.png,16.0E,(73) 16.0E KU-band Eutelsat 16A,Found
Pink Hits 1,1_0_1_B8_CB2C_16E_A00000_0_0_0.png,pinkhits1.png,16.0E,(73) 16.0E KU-band Eutelsat 16A,Found
Pink Hits 2,1_0_1_3E_CB2C_16E_A00000_0_0_0.png,pinkhits2.png,16.0E,(73) 16.0E KU-band Eutelsat 16A,Found
Pink Horror,1_0_1_43_CB2C_16E_A00000_0_0_0.png,pinkhorror.png,16.0E,(73) 16.0E KU-band Eutelsat 16A,Found
Pink Kids,1_0_1_50_CB2B_16E_A00000_0_0_0.png,pinkkids.png,16.0E,(73) 16.0E KU-band Eutelsat 16A,Found
Pink Koncert,1_0_1_3F_CB2C_16E_A00000_0_0_0.png,pinkkoncert.png,16.0E,(73) 16.0E KU-band Eutelsat 16A,Found
Pink Kuvar,1_0_1_65_CB2B_16E_A00000_0_0_0.png,pinkkuvar.png,16.0E,(73) 16.0E KU-band Eutelsat 16A,Found
Pink M,1_0_1_6A_CB2B_16E_A00000_0_0_0.png,pinkm.png,16.0E,(73) 16.0E KU-band Eutelsat 16A,Found
Pink Movies,1_0_1_8_CB2B_16E_A00000_0_0_0.png,pinkmovies.png,16.0E,(73) 16.0E KU-band Eutelsat 16A,Found
Pink Music,1_0_1_A_CB2B_16E_A00000_0_0_0.png,pinkmusic.png,16.0E,(73) 16.0E KU-band Eutelsat 16A,Found
Pink Music 2,1_0_1_53_CB2B_16E_A00000_0_0_0.png,pinkmusic2.png,16.0E,(73) 16.0E KU-band Eutelsat 16A,Found
Pink Pedia,1_0_1_3D_CB2C_16E_A00000_0_0_0.png,pinkpedia.png,16.0E,(73) 16.0E KU-band Eutelsat 16A,Found
Pink Plus,1_0_1_1_CB2B_16E_A00000_0_0_0.png,pinkplus.png,16.0E,(73) 16.0E KU-band Eutelsat 16A,Found
Pink Premium HD,1_0_19_39_CB2C_16E_A00000_0_0_0.png,pinkpremiumhd.png,16.0E,(73) 16.0E KU-band Eutelsat 16A,Found
Pink Reality,1_0_1_38_CB2C_16E_A00000_0_0_0.png,pinkreality.png,16.0E,(73) 16.0E KU-band Eutelsat 16A,Found
Pink Romance,1_0_1_36_CB2C_16E_A00000_0_0_0.png,pinkromance.png,16.0E,(73) 16.0E KU-band Eutelsat 16A,Found
Pink Serije,1_0_1_62_CB2B_16E_A00000_0_0_0.png,pinkserije.png,16.0E,(73) 16.0E KU-band Eutelsat 16A,Found
Pink Show,1_0_1_64_CB2B_16E_A00000_0_0_0.png,pinkshow.png,16.0E,(73) 16.0E KU-band Eutelsat 16A,Found
Pink Soap,1_0_1_3A_CB2C_16E_A00000_0_0_0.png,pinksoap.png,16.0E,(73) 16.0E KU-band Eutelsat 16A,Found
Pink Style,1_0_1_5C_CB2C_16E_A00000_0_0_0.png,pinkstyle.png,16.0E,(73) 16.0E KU-band Eutelsat 16A,Found
Pink Super Kids,1_0_1_66_CB2B_16E_A00000_0_0_0.png,pinksuperkids.png,16.0E,(73) 16.0E KU-band Eutelsat 16A,Found
Pink Thriller,1_0_1_34_CB2C_16E_A00000_0_0_0.png,pinkthriller.png,16.0E,(73) 16.0E KU-band Eutelsat 16A,Found
Pink Western,1_0_1_5A_CB2B_16E_A00000_0_0_0.png,pinkwestern.png,16.0E,(73) 16.0E KU-band Eutelsat 16A,Found
Pink World Cinema,1_0_1_63_CB2B_16E_A00000_0_0_0.png,pinkworldcinema.png,16.0E,(73) 16.0E KU-band Eutelsat 16A,Found
Pink Zabava,1_0_1_3C_CB2C_16E_A00000_0_0_0.png,pinkzabava.png,16.0E,(73) 16.0E KU-band Eutelsat 16A,Found
Planet TV,1_0_1_6EA_C544_16E_A00000_0_0_0.png,planettv.png,16.0E,(73) 16.0E KU-band Eutelsat 16A,Found
Playboy TV HD,1_0_19_CA8_51A4_16E_A00000_0_0_0.png,playboytvhd.png,16.0E,(73) 16.0E KU-band Eutelsat 16A,Found
Premier League TV HD,1_0_1_5E2_4E84_16E_A00000_0_0_0.png,premierleaguetvhd.png,16.0E,(73) 16.0E KU-band Eutelsat 16A,Found
Premium Channel,1_0_16_6B8_50DC_16E_A00000_0_0_0.png,premiumchannel.png,16.0E,(73) 16.0E KU-band Eutelsat 16A,Found
Premium HD,1_0_19_25D_C418_16E_A00000_0_0_0.png,premiumhd.png,16.0E,(73) 16.0E KU-band Eutelsat 16A,Found
Prima Cool SK HD,1_0_1F_489_76C0_16E_A00000_0_0_0.png,primacoolskhd.png,16.0E,(73) 16.0E KU-band Eutelsat 16A,Found
Prima Krimi SK,1_0_1F_483_76C0_16E_A00000_0_0_0.png,primakrimisk.png,16.0E,(73) 16.0E KU-band Eutelsat 16A,Found
Prima Love SK,1_0_1F_48A_76C0_16E_A00000_0_0_0.png,primalovesk.png,16.0E,(73) 16.0E KU-band Eutelsat 16A,Found
Prima SK HD,1_0_1F_48D_76C0_16E_A00000_0_0_0.png,primaskhd.png,16.0E,(73) 16.0E KU-band Eutelsat 16A,Found
PrivateTV.,1_0_16_C3_2_40_A00000_0_0_0.png,privatetv.png,16.0E,(73) 16.0E KU-band Eutelsat 16A,Found
Prva,1_0_1_353_C3B4_16E_A00000_0_0_0.png,prva.png,16.0E,(73) 16.0E KU-band Eutelsat 16A,Found
Prva CG,1_0_1_6DE_C544_16E_A00000_0_0_0.png,prvacg.png,16.0E,(73) 16.0E KU-band Eutelsat 16A,Found
Prva Kick,1_0_1_307_9D08_16E_A00000_0_0_0.png,prvakick.png,16.0E,(73) 16.0E KU-band Eutelsat 16A,Found
Prva MAX SD,1_0_1_11A5_A028_16E_A00000_0_0_0.png,prvamaxsd.png,16.0E,(73) 16.0E KU-band Eutelsat 16A,Found
Prva Plus,1_0_1_354_C3B4_16E_A00000_0_0_0.png,prvaplus.png,16.0E,(73) 16.0E KU-band Eutelsat 16A,Found
Prva World,1_0_1_6E3_C544_16E_A00000_0_0_0.png,prvaworld.png,16.0E,(73) 16.0E KU-band Eutelsat 16A,Found
Quad SOGEI,1_0_1_2_1_1_A03195_0_0_0.png,quadsogei.png,16.0E,(73) 16.0E KU-band Eutelsat 16A,Found
R. Mediaservis,1_0_2_DA_2_40_A00000_0_0_0.png,rmediaservis.png,16.0E,(73) 16.0E KU-band Eutelsat 16A,Found
R.Marija.,1_0_2_D3_2_40_A00000_0_0_0.png,rmarija.png,16.0E,(73) 16.0E KU-band Eutelsat 16A,Found
RTK-1,1_0_16_3E8_4F4C_16E_A00000_0_0_0.png,rtk1.png,16.0E,(73) 16.0E KU-band Eutelsat 16A,Found
RTL 2 CRO,1_0_1_11A6_A028_16E_A00000_0_0_0.png,rtl2cro.png,16.0E,(73) 16.0E KU-band Eutelsat 16A,Found
RTL Crime,1_0_16_71C_C5A8_16E_A00000_0_0_0.png,rtlcrime.png,16.0E,(73) 16.0E KU-band Eutelsat 16A,Found
RTL Crime.,1_0_16_C0_2_40_A00000_0_0_0.png,rtlcrime.png,16.0E,(73) 16.0E KU-band Eutelsat 16A,Found
RTL Croatia World,1_0_1_11A7_A028_16E_A00000_0_0_0.png,rtlcroatiaworld.png,16.0E,(73) 16.0E KU-band Eutelsat 16A,Found
RTL HD.,1_0_16_123_3_40_A00000_0_0_0.png,rtlhd.png,16.0E,(73) 16.0E KU-band Eutelsat 16A,Found
RTL Passion,1_0_16_71F_C5A8_16E_A00000_0_0_0.png,rtlpassion.png,16.0E,(73) 16.0E KU-band Eutelsat 16A,Found
RTL Passion.,1_0_16_A6_2_40_A00000_0_0_0.png,rtlpassion.png,16.0E,(73) 16.0E KU-band Eutelsat 16A,Found
RTL2.,1_0_16_125_3_40_A00000_0_0_0.png,rtl2.png,16.0E,(73) 16.0E KU-band Eutelsat 16A,Found
RTRS,1_0_1_75_9F60_16E_A00000_0_0_0.png,rtrs.png,16.0E,(73) 16.0E KU-band Eutelsat 16A,Found
RTRS,1_0_1_676_9FC4_16E_A00000_0_0_0.png,rtrs.png,16.0E,(73) 16.0E KU-band Eutelsat 16A,Found
RTRS Plus,1_0_1_5EC_4E84_16E_A00000_0_0_0.png,rtrsplus.png,16.0E,(73) 16.0E KU-band Eutelsat 16A,Found
RTS 1 HD,1_0_1_6D7_C544_16E_A00000_0_0_0.png,rts1hd.png,16.0E,(73) 16.0E KU-band Eutelsat 16A,Found
RTS 2 HD,1_0_1_6D8_C544_16E_A00000_0_0_0.png,rts2hd.png,16.0E,(73) 16.0E KU-band Eutelsat 16A,Found
RTS 3,1_0_1_674_9FC4_16E_A00000_0_0_0.png,rts3.png,16.0E,(73) 16.0E KU-band Eutelsat 16A,Found
RTS Drama,1_0_1_7B_9F60_16E_A00000_0_0_0.png,rtsdrama.png,16.0E,(73) 16.0E KU-band Eutelsat 16A,Found
RTS Klasika,1_0_1_1131_9CA4_16E_A00000_0_0_0.png,rtsklasika.png,16.0E,(73) 16.0E KU-band Eutelsat 16A,Found
RTS Kolo,1_0_1_1132_9CA4_16E_A00000_0_0_0.png,rtskolo.png,16.0E,(73) 16.0E KU-band Eutelsat 16A,Found
RTS Muzika,1_0_1_1133_9CA4_16E_A00000_0_0_0.png,rtsmuzika.png,16.0E,(73) 16.0E KU-band Eutelsat 16A,Found
RTS Nauka,1_0_1_5F3_4E84_16E_A00000_0_0_0.png,rtsnauka.png,16.0E,(73) 16.0E KU-band Eutelsat 16A,Found
RTS Poletarac,1_0_1_1134_9CA4_16E_A00000_0_0_0.png,rtspoletarac.png,16.0E,(73) 16.0E KU-band Eutelsat 16A,Found
RTS Svet HD,1_0_1_5E4_4E84_16E_A00000_0_0_0.png,rtssvethd.png,16.0E,(73) 16.0E KU-band Eutelsat 16A,Found
RTS Trezor,1_0_1_1135_9CA4_16E_A00000_0_0_0.png,rtstrezor.png,16.0E,(73) 16.0E KU-band Eutelsat 16A,Found
RTS Zivot,1_0_1_5F6_4E84_16E_A00000_0_0_0.png,rtszivot.png,16.0E,(73) 16.0E KU-band Eutelsat 16A,Found
RTSH 1,1_0_16_8A2_5014_16E_A00000_0_0_0.png,rtsh1.png,16.0E,(73) 16.0E KU-band Eutelsat 16A,Found
RTSH 2,1_0_16_3FD_50DC_16E_A00000_0_0_0.png,rtsh2.png,16.0E,(73) 16.0E KU-band Eutelsat 16A,Found
RTSH 24 HD,1_0_19_8C_1_16E_A00000_0_0_0.png,rtsh24hd.png,16.0E,(73) 16.0E KU-band Eutelsat 16A,Found
RTSH Muzike,1_0_16_A0_1_16E_A00000_0_0_0.png,rtshmuzike.png,16.0E,(73) 16.0E KU-band Eutelsat 16A,Found
RTSH SAT HD,1_0_19_6E_1_16E_A00000_0_0_0.png,rtshsathd.png,16.0E,(73) 16.0E KU-band Eutelsat 16A,Found
RTSH Shkolle HD,1_0_19_F0_1_16E_A00000_0_0_0.png,rtshshkollehd.png,16.0E,(73) 16.0E KU-band Eutelsat 16A,Found
RTSH Shqip,1_0_16_96_1_16E_A00000_0_0_0.png,rtshshqip.png,16.0E,(73) 16.0E KU-band Eutelsat 16A,Found
RTSH Shqip,1_0_16_10CC_51A4_16E_A00000_0_0_0.png,rtshshqip.png,16.0E,(73) 16.0E KU-band Eutelsat 16A,Found
RTSH Sport,1_0_16_884_5014_16E_A00000_0_0_0.png,rtshsport.png,16.0E,(73) 16.0E KU-band Eutelsat 16A,Found
RTV 1,1_0_1_356_C3B4_16E_A00000_0_0_0.png,rtv1.png,16.0E,(73) 16.0E KU-band Eutelsat 16A,Found
RTV 2,1_0_1_36B_C3B4_16E_A00000_0_0_0.png,rtv2.png,16.0E,(73) 16.0E KU-band Eutelsat 16A,Found
RTV 2,1_0_1_2F5_9D08_16E_A00000_0_0_0.png,rtv2.png,16.0E,(73) 16.0E KU-band Eutelsat 16A,Found
RTV21,1_0_16_64_50DC_16E_A00000_0_0_0.png,rtv21.png,16.0E,(73) 16.0E KU-band Eutelsat 16A,Found
RTV21M,1_0_16_550_4F4C_16E_A00000_0_0_0.png,rtv21m.png,16.0E,(73) 16.0E KU-band Eutelsat 16A,Found
Radio AS FM,1_0_1_11A8_A028_16E_A00000_0_0_0.png,radioasfm.png,16.0E,(73) 16.0E KU-band Eutelsat 16A,Found
Radio BG1,1_0_1_11A9_A028_16E_A00000_0_0_0.png,radiobg1.png,16.0E,(73) 16.0E KU-band Eutelsat 16A,Found
Radio BG2,1_0_1_11AA_A028_16E_A00000_0_0_0.png,radiobg2.png,16.0E,(73) 16.0E KU-band Eutelsat 16A,Found
Radio Beograd 202,1_0_1_11AB_A028_16E_A00000_0_0_0.png,radiobeograd202.png,16.0E,(73) 16.0E KU-band Eutelsat 16A,Found
Radio Romania Actualitati,1_0_A_15_C8_1_A00000_0_0_0.png,radioromaniaactualitati.png,16.0E,(73) 16.0E KU-band Eutelsat 16A,Found
Radio Romania Cultural,1_0_A_16_C8_1_A00000_0_0_0.png,radioromaniacultural.png,16.0E,(73) 16.0E KU-band Eutelsat 16A,Found
Radio Romania Muzical,1_0_A_17_C8_1_A00000_0_0_0.png,radioromaniamuzical.png,16.0E,(73) 16.0E KU-band Eutelsat 16A,Found
Radio Rovinj.,1_0_2_DF_2_40_A00000_0_0_0.png,radiorovinj.png,16.0E,(73) 16.0E KU-band Eutelsat 16A,Found
Reality Kings HD,1_0_19_783_C6D4_16E_A00000_0_0_0.png,realitykingshd.png,16.0E,(73) 16.0E KU-band Eutelsat 16A,Found
Red HD,1_0_19_4E_CB2C_16E_A00000_0_0_0.png,redhd.png,16.0E,(73) 16.0E KU-band Eutelsat 16A,Found
Report TV,1_0_16_407_51A4_16E_A00000_0_0_0.png,reporttv.png,16.0E,(73) 16.0E KU-band Eutelsat 16A,Found
RiC,1_0_16_70B_C5A8_16E_A00000_0_0_0.png,ric.png,16.0E,(73) 16.0E KU-band Eutelsat 16A,Found
RiC.today HD,1_0_19_770_C6D4_16E_A00000_0_0_0.png,rictodayhd.png,16.0E,(73) 16.0E KU-band Eutelsat 16A,Found
RiK TV HD,1_0_19_261_C418_16E_A00000_0_0_0.png,riktvhd.png,16.0E,(73) 16.0E KU-band Eutelsat 16A,Found
SK 1 HR,1_0_1_362_C3B4_16E_A00000_0_0_0.png,sk1hr.png,16.0E,(73) 16.0E KU-band Eutelsat 16A,Found
SK 1 SLO,1_0_1_360_C3B4_16E_A00000_0_0_0.png,sk1slo.png,16.0E,(73) 16.0E KU-band Eutelsat 16A,Found
SK 2,1_0_1_684_9FC4_16E_A00000_0_0_0.png,sk2.png,16.0E,(73) 16.0E KU-band Eutelsat 16A,Found
SK 2 HR,1_0_1_5AC_75FC_16E_A00000_0_0_0.png,sk2hr.png,16.0E,(73) 16.0E KU-band Eutelsat 16A,Found
SK 3,1_0_1_2F1_9D08_16E_A00000_0_0_0.png,sk3.png,16.0E,(73) 16.0E KU-band Eutelsat 16A,Found
SK 3 HR,1_0_1_68A_9FC4_16E_A00000_0_0_0.png,sk3hr.png,16.0E,(73) 16.0E KU-band Eutelsat 16A,Found
SK 4,1_0_1_55D_75FB_16E_A00000_0_0_0.png,sk4.png,16.0E,(73) 16.0E KU-band Eutelsat 16A,Found
SK Esports,1_0_1_555_75FB_16E_A00000_0_0_0.png,skesports.png,16.0E,(73) 16.0E KU-band Eutelsat 16A,Found
SK Fight,1_0_1_673_9FC4_16E_A00000_0_0_0.png,skfight.png,16.0E,(73) 16.0E KU-band Eutelsat 16A,Found
SK Golf,1_0_1_6E2_C544_16E_A00000_0_0_0.png,skgolf.png,16.0E,(73) 16.0E KU-band Eutelsat 16A,Found
SLO 1 HD,1_0_1_36D_C3B4_16E_A00000_0_0_0.png,slo1hd.png,16.0E,(73) 16.0E KU-band Eutelsat 16A,Found
SLO 2 HD,1_0_1_36E_C3B4_16E_A00000_0_0_0.png,slo2hd.png,16.0E,(73) 16.0E KU-band Eutelsat 16A,Found
SLO 3 HD,1_0_1_36F_C3B4_16E_A00000_0_0_0.png,slo3hd.png,16.0E,(73) 16.0E KU-band Eutelsat 16A,Found
SNAI TV Audio Unico,1_0_1_4D_65_1_A00000_0_0_0.png,snaitvaudiounico.png,16.0E,(73) 16.0E KU-band Eutelsat 16A,Found
SNAI TV Virtuali 1,1_0_1_7_65_1_A00000_0_0_0.png,snaitvvirtuali1.png,16.0E,(73) 16.0E KU-band Eutelsat 16A,Found
SOS Kanal Plus,1_0_1_78_9F60_16E_A00000_0_0_0.png,soskanalplus.png,16.0E,(73) 16.0E KU-band Eutelsat 16A,Found
SPTV.,1_0_16_1AE_3_40_A00000_0_0_0.png,sptv.png,16.0E,(73) 16.0E KU-band Eutelsat 16A,Found
SS-1 HD,1_0_19_3EC_50DC_16E_A00000_0_0_0.png,ss1hd.png,16.0E,(73) 16.0E KU-band Eutelsat 16A,Found
SS-2 HD,1_0_19_3ED_50DC_16E_A00000_0_0_0.png,ss2hd.png,16.0E,(73) 16.0E KU-band Eutelsat 16A,Found
SS-3 HD,1_0_19_3EE_50DC_16E_A00000_0_0_0.png,ss3hd.png,16.0E,(73) 16.0E KU-band Eutelsat 16A,Found
SS-4 HD,1_0_19_3EF_50DC_16E_A00000_0_0_0.png,ss4hd.png,16.0E,(73) 16.0E KU-band Eutelsat 16A,Found
SS-5 HD,1_0_19_7E4_5014_16E_A00000_0_0_0.png,ss5hd.png,16.0E,(73) 16.0E KU-band Eutelsat 16A,Found
SS-6 HD,1_0_19_7EE_5014_16E_A00000_0_0_0.png,ss6hd.png,16.0E,(73) 16.0E KU-band Eutelsat 16A,Found
SS-7 HD,1_0_19_58C_4F4C_16E_A00000_0_0_0.png,ss7hd.png,16.0E,(73) 16.0E KU-band Eutelsat 16A,Found
STAR,1_0_16_3FE_51A4_16E_A00000_0_0_0.png,star.png,16.0E,(73) 16.0E KU-band Eutelsat 16A,Found
STAR Channel HD,1_0_1_689_9FC4_16E_A00000_0_0_0.png,starchannelhd.png,16.0E,(73) 16.0E KU-band Eutelsat 16A,Found
STAR Channel.,1_0_16_C5_2_40_A00000_0_0_0.png,starchannel.png,16.0E,(73) 16.0E KU-band Eutelsat 16A,Found
STAR Crime HD,1_0_1_6EC_C544_16E_A00000_0_0_0.png,starcrimehd.png,16.0E,(73) 16.0E KU-band Eutelsat 16A,Found
STAR Life,1_0_16_402_51A4_16E_A00000_0_0_0.png,starlife.png,16.0E,(73) 16.0E KU-band Eutelsat 16A,Found
STAR Life HD,1_0_1_5B7_75FC_16E_A00000_0_0_0.png,starlifehd.png,16.0E,(73) 16.0E KU-band Eutelsat 16A,Found
STAR Movies,1_0_16_116C_50DC_16E_A00000_0_0_0.png,starmovies.png,16.0E,(73) 16.0E KU-band Eutelsat 16A,Found
STAR Movies HD,1_0_1_5B1_75FC_16E_A00000_0_0_0.png,starmovieshd.png,16.0E,(73) 16.0E KU-band Eutelsat 16A,Found
STAR Movies HD,1_0_19_288_C418_16E_A00000_0_0_0.png,starmovieshd.png,16.0E,(73) 16.0E KU-band Eutelsat 16A,Found
STAR Movies Slo,1_0_1_2FA_9D08_16E_A00000_0_0_0.png,starmoviesslo.png,16.0E,(73) 16.0E KU-band Eutelsat 16A,Found
STAR Movies.,1_0_16_98_2_40_A00000_0_0_0.png,starmovies.png,16.0E,(73) 16.0E KU-band Eutelsat 16A,Found
STAR PLUS TV,1_0_16_1040_50DC_16E_A00000_0_0_0.png,starplustv.png,16.0E,(73) 16.0E KU-band Eutelsat 16A,Found
Scan TV,1_0_16_3FF_50DC_16E_A00000_0_0_0.png,scantv.png,16.0E,(73) 16.0E KU-band Eutelsat 16A,Found
SciFi HD,1_0_1_5B9_75FC_16E_A00000_0_0_0.png,scifihd.png,16.0E,(73) 16.0E KU-band Eutelsat 16A,Found
Senzi TV,1_0_1F_4BD_76C1_16E_A00000_0_0_0.png,senzitv.png,16.0E,(73) 16.0E KU-band Eutelsat 16A,Found
Sitel,1_0_1_67F_9FC4_16E_A00000_0_0_0.png,sitel.png,16.0E,(73) 16.0E KU-band Eutelsat 16A,Found
Sky News,1_0_1_54B_75FB_16E_A00000_0_0_0.png,skynews.png,16.0E,(73) 16.0E KU-band Eutelsat 16A,Found
Spektrum,1_0_1F_4CA_76C1_16E_A00000_0_0_0.png,spektrum.png,16.0E,(73) 16.0E KU-band Eutelsat 16A,Found
Spektrum Home,1_0_1F_4CB_76C1_16E_A00000_0_0_0.png,spektrumhome.png,16.0E,(73) 16.0E KU-band Eutelsat 16A,Found
Sport 1 HD,1_0_1F_48E_76C0_16E_A00000_0_0_0.png,sport1hd.png,16.0E,(73) 16.0E KU-band Eutelsat 16A,Found
Sport 2 HD,1_0_1F_4CC_76C1_16E_A00000_0_0_0.png,sport2hd.png,16.0E,(73) 16.0E KU-band Eutelsat 16A,Found
Sport TV 1,1_0_1_306_9D08_16E_A00000_0_0_0.png,sporttv1.png,16.0E,(73) 16.0E KU-band Eutelsat 16A,Found
Stinet,1_0_16_488_4F4C_16E_A00000_0_0_0.png,stinet.png,16.0E,(73) 16.0E KU-band Eutelsat 16A,Found
Studio B,1_0_1_11A3_A028_16E_A00000_0_0_0.png,studiob.png,16.0E,(73) 16.0E KU-band Eutelsat 16A,Found
Superstar 2 TV,1_0_1_11A0_A028_16E_A00000_0_0_0.png,superstar2tv.png,16.0E,(73) 16.0E KU-band Eutelsat 16A,Found
Superstar 3,1_0_1_5E7_4E84_16E_A00000_0_0_0.png,superstar3.png,16.0E,(73) 16.0E KU-band Eutelsat 16A,Found
Superstar TV HD,1_0_1_6B_9F60_16E_A00000_0_0_0.png,superstartvhd.png,16.0E,(73) 16.0E KU-band Eutelsat 16A,Found
Suryoyo Sat,1_0_19_265_C418_16E_A00000_0_0_0.png,suryoyosat.png,16.0E,(73) 16.0E KU-band Eutelsat 16A,Found
Syri TV,1_0_16_438_4F4C_16E_A00000_0_0_0.png,syritv.png,16.0E,(73) 16.0E KU-band Eutelsat 16A,Found
T HD,1_0_19_578_4F4C_16E_A00000_0_0_0.png,thd.png,16.0E,(73) 16.0E KU-band Eutelsat 16A,Found
T7,1_0_16_334_51A4_16E_A00000_0_0_0.png,t7.png,16.0E,(73) 16.0E KU-band Eutelsat 16A,Found
TA3 HD,1_0_1F_7DC_9E98_16E_A00000_0_0_0.png,ta3hd.png,16.0E,(73) 16.0E KU-band Eutelsat 16A,Found
TEST 1,1_0_19_13F6_51A4_16E_A00000_0_0_0.png,test1.png,16.0E,(73) 16.0E KU-band Eutelsat 16A,Found
TEST 2,1_0_19_1414_51A4_16E_A00000_0_0_0.png,test2.png,16.0E,(73) 16.0E KU-band Eutelsat 16A,Found
TLC,1_0_16_272_C418_16E_A00000_0_0_0.png,tlc.png,16.0E,(73) 16.0E KU-band Eutelsat 16A,Found
TLC,1_0_16_27E_C418_16E_A00000_0_0_0.png,tlc.png,16.0E,(73) 16.0E KU-band Eutelsat 16A,Found
TLC,1_0_1F_48F_76C0_16E_A00000_0_0_0.png,tlc.png,16.0E,(73) 16.0E KU-band Eutelsat 16A,Found
TLC HD,1_0_1_308_9D08_16E_A00000_0_0_0.png,tlchd.png,16.0E,(73) 16.0E KU-band Eutelsat 16A,Found
TTV Lav Plus TV,1_0_1_5F7_4E84_16E_A00000_0_0_0.png,ttvlavplustv.png,16.0E,(73) 16.0E KU-band Eutelsat 16A,Found
TV 3 Medias,1_0_1_679_9FC4_16E_A00000_0_0_0.png,tv3medias.png,16.0E,(73) 16.0E KU-band Eutelsat 16A,Found
TV 5 Uzice,1_0_16_3F_1_16E_A00000_0_0_0.png,tv5uzice.png,16.0E,(73) 16.0E KU-band Eutelsat 16A,Found
TV Barrandov HD,1_0_1F_480_76C0_16E_A00000_0_0_0.png,tvbarrandovhd.png,16.0E,(73) 16.0E KU-band Eutelsat 16A,Found
TV E,1_0_1_5B4_75FC_16E_A00000_0_0_0.png,tve.png,16.0E,(73) 16.0E KU-band Eutelsat 16A,Found
TV Hram,1_0_1_5F0_4E84_16E_A00000_0_0_0.png,tvhram.png,16.0E,(73) 16.0E KU-band Eutelsat 16A,Found
TV K1,1_0_1_71_9F60_16E_A00000_0_0_0.png,tvk1.png,16.0E,(73) 16.0E KU-band Eutelsat 16A,Found
TV Kazbuka,1_0_1_5E9_4E84_16E_A00000_0_0_0.png,tvkazbuka.png,16.0E,(73) 16.0E KU-band Eutelsat 16A,Found
TV Koper,1_0_16_44_3_40_A00000_0_0_0.png,tvkoper.png,16.0E,(73) 16.0E KU-band Eutelsat 16A,Found
TV Lux,1_0_1F_4B2_76C1_16E_A00000_0_0_0.png,tvlux.png,16.0E,(73) 16.0E KU-band Eutelsat 16A,Found
TV Mreza Most,1_0_16_3D_1_16E_A00000_0_0_0.png,tvmrezamost.png,16.0E,(73) 16.0E KU-band Eutelsat 16A,Found
TV Novi Pazar,1_0_16_41_1_16E_A00000_0_0_0.png,tvnovipazar.png,16.0E,(73) 16.0E KU-band Eutelsat 16A,Found
TV Paprika,1_0_1F_4CD_76C1_16E_A00000_0_0_0.png,tvpaprika.png,16.0E,(73) 16.0E KU-band Eutelsat 16A,Found
TV Sonce,1_0_1_54D_75FB_16E_A00000_0_0_0.png,tvsonce.png,16.0E,(73) 16.0E KU-band Eutelsat 16A,Found
TV Vijesti,1_0_1_5B3_75FC_16E_A00000_0_0_0.png,tvvijesti.png,16.0E,(73) 16.0E KU-band Eutelsat 16A,Found
TV Zona Plus,1_0_16_3C_1_16E_A00000_0_0_0.png,tvzonaplus.png,16.0E,(73) 16.0E KU-band Eutelsat 16A,Found
TV1000 Balkan HD,1_0_19_450_526C_16E_A00000_0_0_0.png,tv1000balkanhd.png,16.0E,(73) 16.0E KU-band Eutelsat 16A,Found
TV1000 Russian Kino Global,1_0_16_451_526C_16E_A00000_0_0_0.png,tv1000russiankinoglobal.png,16.0E,(73) 16.0E KU-band Eutelsat 16A,Found
TVCG 1 HD,1_0_1_6DC_C544_16E_A00000_0_0_0.png,tvcg1hd.png,16.0E,(73) 16.0E KU-band Eutelsat 16A,Found
TVCG 2 HD,1_0_1_6DD_C544_16E_A00000_0_0_0.png,tvcg2hd.png,16.0E,(73) 16.0E KU-band Eutelsat 16A,Found
TVCG 3,1_0_1_549_75FB_16E_A00000_0_0_0.png,tvcg3.png,16.0E,(73) 16.0E KU-band Eutelsat 16A,Found
TVCG MNE.,1_0_16_9B_2_40_A00000_0_0_0.png,tvcgmne.png,16.0E,(73) 16.0E KU-band Eutelsat 16A,Found
TVR 1 HD,1_0_1_F_C8_1_A00000_0_0_0.png,tvr1hd.png,16.0E,(73) 16.0E KU-band Eutelsat 16A,Found
TVR 2 HD,1_0_1_11_C8_1_A00000_0_0_0.png,tvr2hd.png,16.0E,(73) 16.0E KU-band Eutelsat 16A,Found
TVR 3,1_0_1_3_C8_1_A00000_0_0_0.png,tvr3.png,16.0E,(73) 16.0E KU-band Eutelsat 16A,Found
TVR CULTURAL,1_0_1_13_C8_1_A00000_0_0_0.png,tvrcultural.png,16.0E,(73) 16.0E KU-band Eutelsat 16A,Found
TVR Cluj,1_0_1_7_C8_1_A00000_0_0_0.png,tvrcluj.png,16.0E,(73) 16.0E KU-band Eutelsat 16A,Found
TVR Craiova,1_0_1_8_C8_1_A00000_0_0_0.png,tvrcraiova.png,16.0E,(73) 16.0E KU-band Eutelsat 16A,Found
TVR FOLCLOR,1_0_1_14_C8_1_A00000_0_0_0.png,tvrfolclor.png,16.0E,(73) 16.0E KU-band Eutelsat 16A,Found
TVR INFO,1_0_1_12_C8_1_A00000_0_0_0.png,tvrinfo.png,16.0E,(73) 16.0E KU-band Eutelsat 16A,Found
TVR Iasi,1_0_1_9_C8_1_A00000_0_0_0.png,tvriasi.png,16.0E,(73) 16.0E KU-band Eutelsat 16A,Found
TVR International,1_0_1_6_C8_1_A00000_0_0_0.png,tvrinternational.png,16.0E,(73) 16.0E KU-band Eutelsat 16A,Found
TVR Moldova,1_0_1_4_C8_1_A00000_0_0_0.png,tvrmoldova.png,16.0E,(73) 16.0E KU-band Eutelsat 16A,Found
TVR SPORT HD,1_0_19_D_C8_1_A00000_0_0_0.png,tvrsporthd.png,16.0E,(73) 16.0E KU-band Eutelsat 16A,Found
TVR Tg Mures,1_0_1_B_C8_1_A00000_0_0_0.png,tvrtgmures.png,16.0E,(73) 16.0E KU-band Eutelsat 16A,Found
TVR Timisoara,1_0_1_A_C8_1_A00000_0_0_0.png,tvrtimisoara.png,16.0E,(73) 16.0E KU-band Eutelsat 16A,Found
Tanjug TV,1_0_1_70_9F60_16E_A00000_0_0_0.png,tanjugtv.png,16.0E,(73) 16.0E KU-band Eutelsat 16A,Found
Telemark,1_0_16_40_1_16E_A00000_0_0_0.png,telemark.png,16.0E,(73) 16.0E KU-band Eutelsat 16A,Found
Televizija 24,1_0_1_54C_75FB_16E_A00000_0_0_0.png,televizija24.png,16.0E,(73) 16.0E KU-band Eutelsat 16A,Found
Test,1_0_1_383_C3B4_16E_A00000_0_0_0.png,test.png,16.0E,(73) 16.0E KU-band Eutelsat 16A,Found
Top Albania Radio,1_0_2_708_4F4C_16E_A00000_0_0_0.png,topalbaniaradio.png,16.0E,(73) 16.0E KU-band Eutelsat 16A,Found
Top Channel HD,1_0_19_604_4F4C_16E_A00000_0_0_0.png,topchannelhd.png,16.0E,(73) 16.0E KU-band Eutelsat 16A,Found
Top News HD,1_0_19_5F0_4F4C_16E_A00000_0_0_0.png,topnewshd.png,16.0E,(73) 16.0E KU-band Eutelsat 16A,Found
Top Radio TV,1_0_19_1216_5014_16E_A00000_0_0_0.png,topradiotv.png,16.0E,(73) 16.0E KU-band Eutelsat 16A,Found
Toxic Folk,1_0_1_77_9F60_16E_A00000_0_0_0.png,toxicfolk.png,16.0E,(73) 16.0E KU-band Eutelsat 16A,Found
Toxic Folk,1_0_16_70C_C5A8_16E_A00000_0_0_0.png,toxicfolk.png,16.0E,(73) 16.0E KU-band Eutelsat 16A,Found
Toxic Rap,1_0_1_11A2_A028_16E_A00000_0_0_0.png,toxicrap.png,16.0E,(73) 16.0E KU-band Eutelsat 16A,Found
Toxic TV,1_0_1_5EE_4E84_16E_A00000_0_0_0.png,toxictv.png,16.0E,(73) 16.0E KU-band Eutelsat 16A,Found
Toxic TV,1_0_16_70D_C5A8_16E_A00000_0_0_0.png,toxictv.png,16.0E,(73) 16.0E KU-band Eutelsat 16A,Found
Travel Channel HD,1_0_19_E74_50DC_16E_A00000_0_0_0.png,travelchannelhd.png,16.0E,(73) 16.0E KU-band Eutelsat 16A,Found
Travelxp HD,1_0_19_772_C6D4_16E_A00000_0_0_0.png,travelxphd.png,16.0E,(73) 16.0E KU-band Eutelsat 16A,Found
Tring Sport 1 HD,1_0_19_13BA_5014_16E_A00000_0_0_0.png,tringsport1hd.png,16.0E,(73) 16.0E KU-band Eutelsat 16A,Found
Tring Sport 2 HD,1_0_19_146E_5014_16E_A00000_0_0_0.png,tringsport2hd.png,16.0E,(73) 16.0E KU-band Eutelsat 16A,Found
Tring Sport 3 HD,1_0_19_148C_5014_16E_A00000_0_0_0.png,tringsport3hd.png,16.0E,(73) 16.0E KU-band Eutelsat 16A,Found
Tring Sport 4 HD,1_0_19_14AA_51A4_16E_A00000_0_0_0.png,tringsport4hd.png,16.0E,(73) 16.0E KU-band Eutelsat 16A,Found
Tring Sport 5 HD,1_0_19_14C8_51A4_16E_A00000_0_0_0.png,tringsport5hd.png,16.0E,(73) 16.0E KU-band Eutelsat 16A,Found
Tring Sport 6 HD,1_0_19_14E6_50DC_16E_A00000_0_0_0.png,tringsport6hd.png,16.0E,(73) 16.0E KU-band Eutelsat 16A,Found
Tring Sport 7 HD,1_0_19_1504_50DC_16E_A00000_0_0_0.png,tringsport7hd.png,16.0E,(73) 16.0E KU-band Eutelsat 16A,Found
Tring Sport News,1_0_19_1360_50DC_16E_A00000_0_0_0.png,tringsportnews.png,16.0E,(73) 16.0E KU-band Eutelsat 16A,Found
True Crime HD,1_0_19_455_526C_16E_A00000_0_0_0.png,truecrimehd.png,16.0E,(73) 16.0E KU-band Eutelsat 16A,Found
Turizam Plus,1_0_1_11A4_A028_16E_A00000_0_0_0.png,turizamplus.png,16.0E,(73) 16.0E KU-band Eutelsat 16A,Found
Una TV,1_0_1_76_9F60_16E_A00000_0_0_0.png,unatv.png,16.0E,(73) 16.0E KU-band Eutelsat 16A,Found
V5,1_0_16_3B_1_16E_A00000_0_0_0.png,v5.png,16.0E,(73) 16.0E KU-band Eutelsat 16A,Found
Vesti HD,1_0_19_33_CB2C_16E_A00000_0_0_0.png,vestihd.png,16.0E,(73) 16.0E KU-band Eutelsat 16A,Found
Viasat Explore HD,1_0_19_454_526C_16E_A00000_0_0_0.png,viasatexplorehd.png,16.0E,(73) 16.0E KU-band Eutelsat 16A,Found
Viasat Explore HD,1_0_19_45B_526C_16E_A00000_0_0_0.png,viasatexplorehd.png,16.0E,(73) 16.0E KU-band Eutelsat 16A,Found
Viasat Explore SD,1_0_16_44E_526C_16E_A00000_0_0_0.png,viasatexploresd.png,16.0E,(73) 16.0E KU-band Eutelsat 16A,Found
Viasat History HD,1_0_19_452_526C_16E_A00000_0_0_0.png,viasathistoryhd.png,16.0E,(73) 16.0E KU-band Eutelsat 16A,Found
Viasat History HD,1_0_19_45C_526C_16E_A00000_0_0_0.png,viasathistoryhd.png,16.0E,(73) 16.0E KU-band Eutelsat 16A,Found
Viasat History SD,1_0_16_44F_526C_16E_A00000_0_0_0.png,viasathistorysd.png,16.0E,(73) 16.0E KU-band Eutelsat 16A,Found
Viasat Kino,1_0_1_363_C3B4_16E_A00000_0_0_0.png,viasatkino.png,16.0E,(73) 16.0E KU-band Eutelsat 16A,Found
Viasat Nature HD,1_0_19_45A_526C_16E_A00000_0_0_0.png,viasatnaturehd.png,16.0E,(73) 16.0E KU-band Eutelsat 16A,Found
Viasat Nature SD,1_0_16_44D_526C_16E_A00000_0_0_0.png,viasatnaturesd.png,16.0E,(73) 16.0E KU-band Eutelsat 16A,Found
Viasat Nature.,1_0_16_59_3_40_A00000_0_0_0.png,viasatnature.png,16.0E,(73) 16.0E KU-band Eutelsat 16A,Found
Virtuali 4,1_0_2_1_65_1_A00000_0_0_0.png,virtuali4.png,16.0E,(73) 16.0E KU-band Eutelsat 16A,Found
Vivid Red.,1_0_16_5B_3_40_A00000_0_0_0.png,vividred.png,16.0E,(73) 16.0E KU-band Eutelsat 16A,Found
Vivid TV.,1_0_16_22_3_40_A00000_0_0_0.png,vividtv.png,16.0E,(73) 16.0E KU-band Eutelsat 16A,Found
Vivid Touch.,1_0_16_C1_2_40_A00000_0_0_0.png,vividtouch.png,16.0E,(73) 16.0E KU-band Eutelsat 16A,Found
Vizion Plus HD,1_0_19_1306_51A4_16E_A00000_0_0_0.png,vizionplushd.png,16.0E,(73) 16.0E KU-band Eutelsat 16A,Found
X1,1_0_16_4EC_4F4C_16E_A00000_0_0_0.png,x1.png,16.0E,(73) 16.0E KU-band Eutelsat 16A,Found
Zico TV,1_0_16_514_51A4_16E_A00000_0_0_0.png,zicotv.png,16.0E,(73) 16.0E KU-band Eutelsat 16A,Found
Zjarr TV,1_0_16_8CA_5014_16E_A00000_0_0_0.png,zjarrtv.png,16.0E,(73) 16.0E KU-band Eutelsat 16A,Found
bTV,1_0_1_2_14B4_2064_A00000_0_0_0.png,btv.png,16.0E,(73) 16.0E KU-band Eutelsat 16A,Found
bravo!.,1_0_2_CA_2_40_A00000_0_0_0.png,bravo.png,16.0E,(73) 16.0E KU-band Eutelsat 16A,Found
hirTV,1_0_1_2_1_1_A03192_0_0_0.png,hirtv.png,16.0E,(73) 16.0E KU-band Eutelsat 16A,Found
mSAT Info,1_0_1_5F4_4E84_16E_A00000_0_0_0.png,msatinfo.png,16.0E,(73) 16.0E KU-band Eutelsat 16A,Found
pol-053_enc2,1_0_1_481_BBF_3_A00000_0_0_0.png,pol053enc2.png,16.0E,(73) 16.0E KU-band Eutelsat 16A,Found
,1_0_1_75A6_422_1_C00000_0_0_0.png,.png,19.2E,(1) 19.2E KU-band Astra 1KR/1M/1N/1P,Found
,1_0_1_75AA_422_1_C00000_0_0_0.png,.png,19.2E,(1) 19.2E KU-band Astra 1KR/1M/1N/1P,Found
,1_0_1_75AB_422_1_C00000_0_0_0.png,.png,19.2E,(1) 19.2E KU-band Astra 1KR/1M/1N/1P,Found
,1_0_1_75AF_422_1_C00000_0_0_0.png,.png,19.2E,(1) 19.2E KU-band Astra 1KR/1M/1N/1P,Found
,1_0_1_75C7_422_1_C00000_0_0_0.png,.png,19.2E,(1) 19.2E KU-band Astra 1KR/1M/1N/1P,Found
,1_0_1_75CA_422_1_C00000_0_0_0.png,.png,19.2E,(1) 19.2E KU-band Astra 1KR/1M/1N/1P,Found
,1_0_1_75CF_422_1_C00000_0_0_0.png,.png,19.2E,(1) 19.2E KU-band Astra 1KR/1M/1N/1P,Found
,1_0_1_75EE_422_1_C00000_0_0_0.png,.png,19.2E,(1) 19.2E KU-band Astra 1KR/1M/1N/1P,Found
,1_0_1_75EF_422_1_C00000_0_0_0.png,.png,19.2E,(1) 19.2E KU-band Astra 1KR/1M/1N/1P,Found
,1_0_1_75F1_422_1_C00000_0_0_0.png,.png,19.2E,(1) 19.2E KU-band Astra 1KR/1M/1N/1P,Found
,1_0_1_75F2_422_1_C00000_0_0_0.png,.png,19.2E,(1) 19.2E KU-band Astra 1KR/1M/1N/1P,Found
,1_0_1_75F3_422_1_C00000_0_0_0.png,.png,19.2E,(1) 19.2E KU-band Astra 1KR/1M/1N/1P,Found
,1_0_1_75F5_422_1_C00000_0_0_0.png,.png,19.2E,(1) 19.2E KU-band Astra 1KR/1M/1N/1P,Found
.,1_0_1_300_7_85_C00000_0_0_0.png,.png,19.2E,(1) 19.2E KU-band Astra 1KR/1M/1N/1P,Found
.,1_0_1_27_F_85_C00000_0_0_0.png,.png,19.2E,(1) 19.2E KU-band Astra 1KR/1M/1N/1P,Found
.,1_0_1_35_7_85_C00000_0_0_0.png,.png,19.2E,(1) 19.2E KU-band Astra 1KR/1M/1N/1P,Found
.,1_0_1_38_F_85_C00000_0_0_0.png,.png,19.2E,(1) 19.2E KU-band Astra 1KR/1M/1N/1P,Found
.,1_0_1_3B_F_85_C00000_0_0_0.png,.png,19.2E,(1) 19.2E KU-band Astra 1KR/1M/1N/1P,Found
.,1_0_1_3C_7_85_C00000_0_0_0.png,.png,19.2E,(1) 19.2E KU-band Astra 1KR/1M/1N/1P,Found
.,1_0_1_3D_7_85_C00000_0_0_0.png,.png,19.2E,(1) 19.2E KU-band Astra 1KR/1M/1N/1P,Found
.,1_0_1_46_7_85_C00000_0_0_0.png,.png,19.2E,(1) 19.2E KU-band Astra 1KR/1M/1N/1P,Found
.,1_0_1_48_7_85_C00000_0_0_0.png,.png,19.2E,(1) 19.2E KU-band Astra 1KR/1M/1N/1P,Found
.,1_0_1_3070_3F5_1_C00000_0_0_0.png,.png,19.2E,(1) 19.2E KU-band Astra 1KR/1M/1N/1P,Found
.,1_0_2_AB_5_85_C00000_0_0_0.png,.png,19.2E,(1) 19.2E KU-band Astra 1KR/1M/1N/1P,Found
.,1_0_2_AE_5_85_C00000_0_0_0.png,.png,19.2E,(1) 19.2E KU-band Astra 1KR/1M/1N/1P,Found
.,1_0_2_AF_5_85_C00000_0_0_0.png,.png,19.2E,(1) 19.2E KU-band Astra 1KR/1M/1N/1P,Found
.,1_0_16_25_F_85_C00000_0_0_0.png,.png,19.2E,(1) 19.2E KU-band Astra 1KR/1M/1N/1P,Found
.,1_0_16_39_F_85_C00000_0_0_0.png,.png,19.2E,(1) 19.2E KU-band Astra 1KR/1M/1N/1P,Found
.,1_0_16_3A_F_85_C00000_0_0_0.png,.png,19.2E,(1) 19.2E KU-band Astra 1KR/1M/1N/1P,Found
.,1_0_16_5278_41D_1_C00000_0_0_0.png,.png,19.2E,(1) 19.2E KU-band Astra 1KR/1M/1N/1P,Found
.,1_0_16_5279_41D_1_C00000_0_0_0.png,.png,19.2E,(1) 19.2E KU-band Astra 1KR/1M/1N/1P,Found
.,1_0_19_37_F_85_C00000_0_0_0.png,.png,19.2E,(1) 19.2E KU-band Astra 1KR/1M/1N/1P,Found
.,1_0_19_2775_409_1_C00000_0_0_0.png,.png,19.2E,(1) 19.2E KU-band Astra 1KR/1M/1N/1P,Found
.,1_0_19_2777_409_1_C00000_0_0_0.png,.png,19.2E,(1) 19.2E KU-band Astra 1KR/1M/1N/1P,Found
.,1_0_19_527D_41D_1_C00000_0_0_0.png,.png,19.2E,(1) 19.2E KU-band Astra 1KR/1M/1N/1P,Found
.,1_0_19_2781_409_1_C00000_0_0_0.png,.png,19.2E,(1) 19.2E KU-band Astra 1KR/1M/1N/1P,Found
.,1_0_C9_239D_44A_1_C00000_0_0_0.png,.png,19.2E,(1) 19.2E KU-band Astra 1KR/1M/1N/1P,Found
1-2-3.tv,1_0_1_296_5_85_C00000_0_0_0.png,123tv.png,19.2E,(1) 19.2E KU-band Astra 1KR/1M/1N/1P,Found
1-2-3.tv HD,1_0_19_157E_41F_1_C00000_0_0_0.png,123tvhd.png,19.2E,(1) 19.2E KU-band Astra 1KR/1M/1N/1P,Found
10847V SID 0x759b,1_0_C_759B_422_1_C00000_0_0_0.png,10847vsid0x759b.png,19.2E,(1) 19.2E KU-band Astra 1KR/1M/1N/1P,Found
10847V SID 0x75f4,1_0_1_75F4_422_1_C00000_0_0_0.png,10847vsid0x75f4.png,19.2E,(1) 19.2E KU-band Astra 1KR/1M/1N/1P,Found
11097V SID 0x7573,1_0_1_7573_412_1_C00000_0_0_0.png,11097vsid0x7573.png,19.2E,(1) 19.2E KU-band Astra 1KR/1M/1N/1P,Found
12363V SID 0x2391,1_0_1_2391_44A_1_C00000_0_0_0.png,12363vsid0x2391.png,19.2E,(1) 19.2E KU-band Astra 1KR/1M/1N/1P,Found
12363V SID 0x2392,1_0_1_2392_44A_1_C00000_0_0_0.png,12363vsid0x2392.png,19.2E,(1) 19.2E KU-band Astra 1KR/1M/1N/1P,Found
12363V SID 0x2393,1_0_1_2393_44A_1_C00000_0_0_0.png,12363vsid0x2393.png,19.2E,(1) 19.2E KU-band Astra 1KR/1M/1N/1P,Found
12363V SID 0x2394,1_0_1_2394_44A_1_C00000_0_0_0.png,12363vsid0x2394.png,19.2E,(1) 19.2E KU-band Astra 1KR/1M/1N/1P,Found
12363V SID 0x23bc,1_0_1_23BC_44A_1_C00000_0_0_0.png,12363vsid0x23bc.png,19.2E,(1) 19.2E KU-band Astra 1KR/1M/1N/1P,Found
12363V SID 0x23d2,1_0_1_23D2_44A_1_C00000_0_0_0.png,12363vsid0x23d2.png,19.2E,(1) 19.2E KU-band Astra 1KR/1M/1N/1P,Found
12363V SID 0x23ec,1_0_1_23EC_44A_1_C00000_0_0_0.png,12363vsid0x23ec.png,19.2E,(1) 19.2E KU-band Astra 1KR/1M/1N/1P,Found
13th Street,1_0_19_7F_D_85_C00000_0_0_0.png,13thstreet.png,19.2E,(1) 19.2E KU-band Astra 1KR/1M/1N/1P,Found
24 HORAS,1_0_1_7738_416_1_C00000_0_0_0.png,24horas.png,19.2E,(1) 19.2E KU-band Astra 1KR/1M/1N/1P,Found
3sat HD,1_0_19_2B8E_3F2_1_C00000_0_0_0.png,3sathd.png,19.2E,(1) 19.2E KU-band Astra 1KR/1M/1N/1P,Found
6 Ter,1_0_19_428F_446_1_C00000_0_0_0.png,6ter.png,19.2E,(1) 19.2E KU-band Astra 1KR/1M/1N/1P,Found
A LA UNE,1_0_19_2712_44C_1_C00000_0_0_0.png,alaune.png,19.2E,(1) 19.2E KU-band Astra 1KR/1M/1N/1P,Found
AB1,1_0_19_427D_446_1_C00000_0_0_0.png,ab1.png,19.2E,(1) 19.2E KU-band Astra 1KR/1M/1N/1P,Found
ACTION,1_0_19_4286_446_1_C00000_0_0_0.png,action.png,19.2E,(1) 19.2E KU-band Astra 1KR/1M/1N/1P,Found
ANIMAUX,1_0_19_427E_446_1_C00000_0_0_0.png,animaux.png,19.2E,(1) 19.2E KU-band Astra 1KR/1M/1N/1P,Found
ANTENA 3,1_0_1_772C_416_1_C00000_0_0_0.png,antena3.png,19.2E,(1) 19.2E KU-band Astra 1KR/1M/1N/1P,Found
ANTENNE BAYERN,1_0_A_AA_7_85_C00000_0_0_0.png,antennebayern.png,19.2E,(1) 19.2E KU-band Astra 1KR/1M/1N/1P,Found
ARAGON TV INT,1_0_1_7473_3F0_1_C00000_0_0_0.png,aragontvint.png,19.2E,(1) 19.2E KU-band Astra 1KR/1M/1N/1P,Found
ARD alpha HD,1_0_19_2889_40F_1_C00000_0_0_0.png,ardalphahd.png,19.2E,(1) 19.2E KU-band Astra 1KR/1M/1N/1P,Found
ARD-Test-1,1_0_19_2897_40F_1_C00000_0_0_0.png,ardtest1.png,19.2E,(1) 19.2E KU-band Astra 1KR/1M/1N/1P,Found
ARD-Test-R,1_0_19_2896_40F_1_C00000_0_0_0.png,ardtestr.png,19.2E,(1) 19.2E KU-band Astra 1KR/1M/1N/1P,Found
ARTE,1_0_19_2081_432_1_C00000_0_0_0.png,arte.png,19.2E,(1) 19.2E KU-band Astra 1KR/1M/1N/1P,Found
ASSOCIATION MATERIEL,1_0_19_23A4_44A_1_C00000_0_0_0.png,associationmateriel.png,19.2E,(1) 19.2E KU-band Astra 1KR/1M/1N/1P,Found
ATV HD,1_0_19_33AC_3EB_1_C00000_0_0_0.png,atvhd.png,19.2E,(1) 19.2E KU-band Astra 1KR/1M/1N/1P,Found
AUTOMOTO la chaine,1_0_19_427C_446_1_C00000_0_0_0.png,automotolachaine.png,19.2E,(1) 19.2E KU-band Astra 1KR/1M/1N/1P,Found
AXN,1_0_1_7477_3F0_1_C00000_0_0_0.png,axn.png,19.2E,(1) 19.2E KU-band Astra 1KR/1M/1N/1P,Found
AXN MOVIES,1_0_1_757F_412_1_C00000_0_0_0.png,axnmovies.png,19.2E,(1) 19.2E KU-band Astra 1KR/1M/1N/1P,Found
Al Jazeera English HD,1_0_19_13A7_3EA_1_C00000_0_0_0.png,aljazeeraenglishhd.png,19.2E,(1) 19.2E KU-band Astra 1KR/1M/1N/1P,Found
Anewz,1_0_19_7A4D_410_1_C00000_0_0_0.png,anewz.png,19.2E,(1) 19.2E KU-band Astra 1KR/1M/1N/1P,Found
Anixe+,1_0_19_2FC_5_85_C00000_0_0_0.png,anixe.png,19.2E,(1) 19.2E KU-band Astra 1KR/1M/1N/1P,Found
AnixeHD Serie,1_0_19_526C_41D_1_C00000_0_0_0.png,anixehdserie.png,19.2E,(1) 19.2E KU-band Astra 1KR/1M/1N/1P,Found
Antig. ALQUILER G1,1_0_1_75B0_422_1_C00000_0_0_0.png,antigalquilerg1.png,19.2E,(1) 19.2E KU-band Astra 1KR/1M/1N/1P,Found
Aristo TV,1_0_16_33FF_3ED_1_C00000_0_0_0.png,aristotv.png,19.2E,(1) 19.2E KU-band Astra 1KR/1M/1N/1P,Found
Astra 1 Service 1,1_0_1_1_0_1_C0AE29_0_0_0.png,astra1service1.png,19.2E,(1) 19.2E KU-band Astra 1KR/1M/1N/1P,Found
Astra 1 Service 2,1_0_19_2_0_1_C0AE29_0_0_0.png,astra1service2.png,19.2E,(1) 19.2E KU-band Astra 1KR/1M/1N/1P,Found
Astra 1 Service 3,1_0_1_3_0_1_C0AE29_0_0_0.png,astra1service3.png,19.2E,(1) 19.2E KU-band Astra 1KR/1M/1N/1P,Found
Astra Demo,1_0_1_6D66_437_1_C00000_0_0_0.png,astrademo.png,19.2E,(1) 19.2E KU-band Astra 1KR/1M/1N/1P,Found
Astra Demo,1_0_1_6D67_437_1_C00000_0_0_0.png,astrademo.png,19.2E,(1) 19.2E KU-band Astra 1KR/1M/1N/1P,Found
Astra Demo,1_0_1_6D68_437_1_C00000_0_0_0.png,astrademo.png,19.2E,(1) 19.2E KU-band Astra 1KR/1M/1N/1P,Found
Astra Demo,1_0_1_6D6B_437_1_C00000_0_0_0.png,astrademo.png,19.2E,(1) 19.2E KU-band Astra 1KR/1M/1N/1P,Found
Astra Demo,1_0_1_6D6E_437_1_C00000_0_0_0.png,astrademo.png,19.2E,(1) 19.2E KU-band Astra 1KR/1M/1N/1P,Found
Astra Demo,1_0_1_6E92_4B1_1_C00000_0_0_0.png,astrademo.png,19.2E,(1) 19.2E KU-band Astra 1KR/1M/1N/1P,Found
Astra Demo,1_0_1_6E93_4B1_1_C00000_0_0_0.png,astrademo.png,19.2E,(1) 19.2E KU-band Astra 1KR/1M/1N/1P,Found
Astra Demo,1_0_1_6E94_4B1_1_C00000_0_0_0.png,astrademo.png,19.2E,(1) 19.2E KU-band Astra 1KR/1M/1N/1P,Found
Astra Demo,1_0_1_6E95_4B1_1_C00000_0_0_0.png,astrademo.png,19.2E,(1) 19.2E KU-band Astra 1KR/1M/1N/1P,Found
Astra Demo,1_0_1_6E96_4B1_1_C00000_0_0_0.png,astrademo.png,19.2E,(1) 19.2E KU-band Astra 1KR/1M/1N/1P,Found
Astra Demo,1_0_1_6E97_4B1_1_C00000_0_0_0.png,astrademo.png,19.2E,(1) 19.2E KU-band Astra 1KR/1M/1N/1P,Found
Astra Demo,1_0_1_6EE1_4B1_1_C00000_0_0_0.png,astrademo.png,19.2E,(1) 19.2E KU-band Astra 1KR/1M/1N/1P,Found
Astra Demo,1_0_1_6EE2_4B1_1_C00000_0_0_0.png,astrademo.png,19.2E,(1) 19.2E KU-band Astra 1KR/1M/1N/1P,Found
BAJO DEMANDA,1_0_1_759E_422_1_C00000_0_0_0.png,bajodemanda.png,19.2E,(1) 19.2E KU-band Astra 1KR/1M/1N/1P,Found
BARKER COLLECTIVITES SD4,1_0_1_245F_440_1_C00000_0_0_0.png,barkercollectivitessd4.png,19.2E,(1) 19.2E KU-band Astra 1KR/1M/1N/1P,Found
BAYERN 3,1_0_A_28A2_40F_1_C00000_0_0_0.png,bayern3.png,19.2E,(1) 19.2E KU-band Astra 1KR/1M/1N/1P,Found
BBC ARABIC,1_0_2_23B7_446_1_C00000_0_0_0.png,bbcarabic.png,19.2E,(1) 19.2E KU-band Astra 1KR/1M/1N/1P,Found
BBC EARTH,1_0_1_76C4_40E_1_C00000_0_0_0.png,bbcearth.png,19.2E,(1) 19.2E KU-band Astra 1KR/1M/1N/1P,Found
BBC FOOD,1_0_1_76CE_40E_1_C00000_0_0_0.png,bbcfood.png,19.2E,(1) 19.2E KU-band Astra 1KR/1M/1N/1P,Found
BBC HISTORY,1_0_1_7731_416_1_C00000_0_0_0.png,bbchistory.png,19.2E,(1) 19.2E KU-band Astra 1KR/1M/1N/1P,Found
BBC LIFESTYLE,1_0_1_76C3_40E_1_C00000_0_0_0.png,bbclifestyle.png,19.2E,(1) 19.2E KU-band Astra 1KR/1M/1N/1P,Found
BBC News,1_0_1_1389_3EA_1_C00000_0_0_0.png,bbcnews.png,19.2E,(1) 19.2E KU-band Astra 1KR/1M/1N/1P,Found
BBC TOP GEAR,1_0_1_7795_424_1_C00000_0_0_0.png,bbctopgear.png,19.2E,(1) 19.2E KU-band Astra 1KR/1M/1N/1P,Found
BE MAD,1_0_1_7891_414_1_C00000_0_0_0.png,bemad.png,19.2E,(1) 19.2E KU-band Astra 1KR/1M/1N/1P,Found
BEIN SPORTS 1,1_0_19_2462_440_1_C00000_0_0_0.png,beinsports1.png,19.2E,(1) 19.2E KU-band Astra 1KR/1M/1N/1P,Found
BEIN SPORTS 2,1_0_19_2012_430_1_C00000_0_0_0.png,beinsports2.png,19.2E,(1) 19.2E KU-band Astra 1KR/1M/1N/1P,Found
BEIN SPORTS 3,1_0_19_2013_430_1_C00000_0_0_0.png,beinsports3.png,19.2E,(1) 19.2E KU-band Astra 1KR/1M/1N/1P,Found
BEIN SPORTS MAX 10,1_0_19_2588_448_1_C00000_0_0_0.png,beinsportsmax10.png,19.2E,(1) 19.2E KU-band Astra 1KR/1M/1N/1P,Found
BEIN SPORTS MAX 4,1_0_19_2582_448_1_C00000_0_0_0.png,beinsportsmax4.png,19.2E,(1) 19.2E KU-band Astra 1KR/1M/1N/1P,Found
BEIN SPORTS MAX 5,1_0_19_2583_448_1_C00000_0_0_0.png,beinsportsmax5.png,19.2E,(1) 19.2E KU-band Astra 1KR/1M/1N/1P,Found
BEIN SPORTS MAX 6,1_0_19_2584_448_1_C00000_0_0_0.png,beinsportsmax6.png,19.2E,(1) 19.2E KU-band Astra 1KR/1M/1N/1P,Found
BEIN SPORTS MAX 7,1_0_19_2585_448_1_C00000_0_0_0.png,beinsportsmax7.png,19.2E,(1) 19.2E KU-band Astra 1KR/1M/1N/1P,Found
BEIN SPORTS MAX 8,1_0_19_2586_448_1_C00000_0_0_0.png,beinsportsmax8.png,19.2E,(1) 19.2E KU-band Astra 1KR/1M/1N/1P,Found
BEIN SPORTS MAX 9,1_0_19_2587_448_1_C00000_0_0_0.png,beinsportsmax9.png,19.2E,(1) 19.2E KU-band Astra 1KR/1M/1N/1P,Found
BEUR FM,1_0_2_23EE_446_1_C00000_0_0_0.png,beurfm.png,19.2E,(1) 19.2E KU-band Astra 1KR/1M/1N/1P,Found
BFM TV,1_0_19_206D_432_1_C00000_0_0_0.png,bfmtv.png,19.2E,(1) 19.2E KU-band Astra 1KR/1M/1N/1P,Found
BOING,1_0_1_7888_414_1_C00000_0_0_0.png,boing.png,19.2E,(1) 19.2E KU-band Astra 1KR/1M/1N/1P,Found
BR Schlager,1_0_A_28A6_40F_1_C00000_0_0_0.png,brschlager.png,19.2E,(1) 19.2E KU-band Astra 1KR/1M/1N/1P,Found
BR-Heimat,1_0_A_28A8_40F_1_C00000_0_0_0.png,brheimat.png,19.2E,(1) 19.2E KU-band Astra 1KR/1M/1N/1P,Found
BR-KLASSIK,1_0_A_28A3_40F_1_C00000_0_0_0.png,brklassik.png,19.2E,(1) 19.2E KU-band Astra 1KR/1M/1N/1P,Found
BR24,1_0_A_28A4_40F_1_C00000_0_0_0.png,br24.png,19.2E,(1) 19.2E KU-band Astra 1KR/1M/1N/1P,Found
BR24live,1_0_A_28A5_40F_1_C00000_0_0_0.png,br24live.png,19.2E,(1) 19.2E KU-band Astra 1KR/1M/1N/1P,Found
BabyTV,1_0_1_778A_424_1_C00000_0_0_0.png,babytv.png,19.2E,(1) 19.2E KU-band Astra 1KR/1M/1N/1P,Found
Bayern 1,1_0_A_28A0_40F_1_C00000_0_0_0.png,bayern1.png,19.2E,(1) 19.2E KU-band Astra 1KR/1M/1N/1P,Found
Bayern 2,1_0_A_28A1_40F_1_C00000_0_0_0.png,bayern2.png,19.2E,(1) 19.2E KU-band Astra 1KR/1M/1N/1P,Found
Beate Uhse,1_0_19_85_2_85_C00000_0_0_0.png,beateuhse.png,19.2E,(1) 19.2E KU-band Astra 1KR/1M/1N/1P,Found
Bibel TV HD,1_0_19_33A8_3EB_1_C00000_0_0_0.png,bibeltvhd.png,19.2E,(1) 19.2E KU-band Astra 1KR/1M/1N/1P,Found
Bremen Eins,1_0_A_28BA_40F_1_C00000_0_0_0.png,bremeneins.png,19.2E,(1) 19.2E KU-band Astra 1KR/1M/1N/1P,Found
Bremen NEXT,1_0_A_28BD_40F_1_C00000_0_0_0.png,bremennext.png,19.2E,(1) 19.2E KU-band Astra 1KR/1M/1N/1P,Found
Bremen Vier,1_0_A_28BC_40F_1_C00000_0_0_0.png,bremenvier.png,19.2E,(1) 19.2E KU-band Astra 1KR/1M/1N/1P,Found
Bremen Zwei,1_0_A_28BB_40F_1_C00000_0_0_0.png,bremenzwei.png,19.2E,(1) 19.2E KU-band Astra 1KR/1M/1N/1P,Found
CALLE 13,1_0_1_7790_424_1_C00000_0_0_0.png,calle13.png,19.2E,(1) 19.2E KU-band Astra 1KR/1M/1N/1P,Found
CANAL SUR A.,1_0_1_7729_416_1_C00000_0_0_0.png,canalsura.png,19.2E,(1) 19.2E KU-band Astra 1KR/1M/1N/1P,Found
CANAL VOD,1_0_C9_23AB_44A_1_C00000_0_0_0.png,canalvod.png,19.2E,(1) 19.2E KU-band Astra 1KR/1M/1N/1P,Found
CAZA Y PESCA,1_0_1_772B_416_1_C00000_0_0_0.png,cazaypesca.png,19.2E,(1) 19.2E KU-band Astra 1KR/1M/1N/1P,Found
CAZAyPESCA HD,1_0_19_78B8_3EC_1_C00000_0_0_0.png,cazaypescahd.png,19.2E,(1) 19.2E KU-band Astra 1KR/1M/1N/1P,Found
CGTN Documentary,1_0_19_18EE_3F4_1_C00000_0_0_0.png,cgtndocumentary.png,19.2E,(1) 19.2E KU-band Astra 1KR/1M/1N/1P,Found
CGTN Francais,1_0_19_18EF_3F4_1_C00000_0_0_0.png,cgtnfrancais.png,19.2E,(1) 19.2E KU-band Astra 1KR/1M/1N/1P,Found
CHAINE EVENEMENT,1_0_19_271C_44C_1_C00000_0_0_0.png,chaineevenement.png,19.2E,(1) 19.2E KU-band Astra 1KR/1M/1N/1P,Found
CHASSE ET PECHE,1_0_19_428C_446_1_C00000_0_0_0.png,chasseetpeche.png,19.2E,(1) 19.2E KU-band Astra 1KR/1M/1N/1P,Found
CHERIE FM,1_0_2_23E1_446_1_C00000_0_0_0.png,cheriefm.png,19.2E,(1) 19.2E KU-band Astra 1KR/1M/1N/1P,Found
CLAN TVE,1_0_1_76C1_40E_1_C00000_0_0_0.png,clantve.png,19.2E,(1) 19.2E KU-band Astra 1KR/1M/1N/1P,Found
CLASSICA,1_0_1_7577_412_1_C00000_0_0_0.png,classica.png,19.2E,(1) 19.2E KU-band Astra 1KR/1M/1N/1P,Found
CNBC HD,1_0_1_18F5_3F4_1_C00000_0_0_0.png,cnbchd.png,19.2E,(1) 19.2E KU-band Astra 1KR/1M/1N/1P,Found
CNEWS,1_0_19_2336_442_1_C00000_0_0_0.png,cnews.png,19.2E,(1) 19.2E KU-band Astra 1KR/1M/1N/1P,Found
CNN Int.,1_0_1_164E_42C_1_C00000_0_0_0.png,cnnint.png,19.2E,(1) 19.2E KU-band Astra 1KR/1M/1N/1P,Found
COMEDY CENTRAL,1_0_1_76C8_40E_1_C00000_0_0_0.png,comedycentral.png,19.2E,(1) 19.2E KU-band Astra 1KR/1M/1N/1P,Found
CONTACT FM,1_0_2_23DC_446_1_C00000_0_0_0.png,contactfm.png,19.2E,(1) 19.2E KU-band Astra 1KR/1M/1N/1P,Found
CONTRATO,1_0_1_75D9_422_1_C00000_0_0_0.png,contrato.png,19.2E,(1) 19.2E KU-band Astra 1KR/1M/1N/1P,Found
COSMO,1_0_1_7730_416_1_C00000_0_0_0.png,cosmo.png,19.2E,(1) 19.2E KU-band Astra 1KR/1M/1N/1P,Found
COSMO,1_0_A_28D8_40F_1_C00000_0_0_0.png,cosmo.png,19.2E,(1) 19.2E KU-band Astra 1KR/1M/1N/1P,Found
CSTAR,1_0_19_2335_442_1_C00000_0_0_0.png,cstar.png,19.2E,(1) 19.2E KU-band Astra 1KR/1M/1N/1P,Found
CUATRO,1_0_1_7792_424_1_C00000_0_0_0.png,cuatro.png,19.2E,(1) 19.2E KU-band Astra 1KR/1M/1N/1P,Found
Canal J,1_0_19_428E_446_1_C00000_0_0_0.png,canalj.png,19.2E,(1) 19.2E KU-band Astra 1KR/1M/1N/1P,Found
Cartoonito,1_0_16_1C_C_85_C00000_0_0_0.png,cartoonito.png,19.2E,(1) 19.2E KU-band Astra 1KR/1M/1N/1P,Found
Channel21,1_0_1_301_7_85_C00000_0_0_0.png,channel21.png,19.2E,(1) 19.2E KU-band Astra 1KR/1M/1N/1P,Found
Channel21 HD,1_0_19_2778_409_1_C00000_0_0_0.png,channel21hd.png,19.2E,(1) 19.2E KU-band Astra 1KR/1M/1N/1P,Found
ClipMyHorse.TV,1_0_19_10D1_418_1_C00000_0_0_0.png,clipmyhorsetv.png,19.2E,(1) 19.2E KU-band Astra 1KR/1M/1N/1P,Found
Comedy Central,1_0_1_7004_436_1_C00000_0_0_0.png,comedycentral.png,19.2E,(1) 19.2E KU-band Astra 1KR/1M/1N/1P,Found
Comedy Central HD,1_0_19_6FEC_436_1_C00000_0_0_0.png,comedycentralhd.png,19.2E,(1) 19.2E KU-band Astra 1KR/1M/1N/1P,Found
Comedy Central HD AT,1_0_19_6FED_436_1_C00000_0_0_0.png,comedycentralhdat.png,19.2E,(1) 19.2E KU-band Astra 1KR/1M/1N/1P,Found
Crime + Investigation,1_0_16_192_2_85_C00000_0_0_0.png,crimeinvestigation.png,19.2E,(1) 19.2E KU-band Astra 1KR/1M/1N/1P,Found
Crime Time,1_0_1_6E46_431_1_C00000_0_0_0.png,crimetime.png,19.2E,(1) 19.2E KU-band Astra 1KR/1M/1N/1P,Found
Cubavision Internacional,1_0_19_1647_42C_1_C00000_0_0_0.png,cubavisioninternacional.png,19.2E,(1) 19.2E KU-band Astra 1KR/1M/1N/1P,Found
DATASYSTEM,1_0_C_2007_434_1_C00000_0_0_0.png,datasystem.png,19.2E,(1) 19.2E KU-band Astra 1KR/1M/1N/1P,Found
DATASYSTEM,1_0_C_238B_442_1_C00000_0_0_0.png,datasystem.png,19.2E,(1) 19.2E KU-band Astra 1KR/1M/1N/1P,Found
DATASYSTEM,1_0_C_24B7_440_1_C00000_0_0_0.png,datasystem.png,19.2E,(1) 19.2E KU-band Astra 1KR/1M/1N/1P,Found
DATASYSTEM,1_0_C_22C3_438_1_C00000_0_0_0.png,datasystem.png,19.2E,(1) 19.2E KU-band Astra 1KR/1M/1N/1P,Found
DAZN 1,1_0_1_76A4_41E_1_C00000_0_0_0.png,dazn1.png,19.2E,(1) 19.2E KU-band Astra 1KR/1M/1N/1P,Found
DAZN 1 BAR,1_0_1_7574_412_1_C00000_0_0_0.png,dazn1bar.png,19.2E,(1) 19.2E KU-band Astra 1KR/1M/1N/1P,Found
DAZN 2,1_0_1_772A_416_1_C00000_0_0_0.png,dazn2.png,19.2E,(1) 19.2E KU-band Astra 1KR/1M/1N/1P,Found
DAZN 2 BAR,1_0_1_7582_412_1_C00000_0_0_0.png,dazn2bar.png,19.2E,(1) 19.2E KU-band Astra 1KR/1M/1N/1P,Found
DAZN F1,1_0_1_7732_416_1_C00000_0_0_0.png,daznf1.png,19.2E,(1) 19.2E KU-band Astra 1KR/1M/1N/1P,Found
DAZN LALIGA,1_0_1_76C9_40E_1_C00000_0_0_0.png,daznlaliga.png,19.2E,(1) 19.2E KU-band Astra 1KR/1M/1N/1P,Found
DAZN LALIGA 2,1_0_1_7691_41E_1_C00000_0_0_0.png,daznlaliga2.png,19.2E,(1) 19.2E KU-band Astra 1KR/1M/1N/1P,Found
DAZN LALIGA 2 HD,1_0_19_749D_41C_1_C00000_0_0_0.png,daznlaliga2hd.png,19.2E,(1) 19.2E KU-band Astra 1KR/1M/1N/1P,Found
DAZNBaloncesto2,1_0_1_7568_412_1_C00000_0_0_0.png,daznbaloncesto2.png,19.2E,(1) 19.2E KU-band Astra 1KR/1M/1N/1P,Found
DAZNBaloncesto3,1_0_1_7695_41E_1_C00000_0_0_0.png,daznbaloncesto3.png,19.2E,(1) 19.2E KU-band Astra 1KR/1M/1N/1P,Found
DELUXE MUSIC,1_0_1_41_7_85_C00000_0_0_0.png,deluxemusic.png,19.2E,(1) 19.2E KU-band Astra 1KR/1M/1N/1P,Found
DEUTSCHE GRAMMOPHON+,1_0_C9_23A2_44A_1_C00000_0_0_0.png,deutschegrammophon.png,19.2E,(1) 19.2E KU-band Astra 1KR/1M/1N/1P,Found
DF1 HD,1_0_19_1332_3EF_1_C00000_0_0_0.png,df1hd.png,19.2E,(1) 19.2E KU-band Astra 1KR/1M/1N/1P,Found
DISCOVERY,1_0_1_772F_416_1_C00000_0_0_0.png,discovery.png,19.2E,(1) 19.2E KU-band Astra 1KR/1M/1N/1P,Found
DISNEY JR,1_0_1_746B_3F0_1_C00000_0_0_0.png,disneyjr.png,19.2E,(1) 19.2E KU-band Astra 1KR/1M/1N/1P,Found
DIVINITY,1_0_1_788B_414_1_C00000_0_0_0.png,divinity.png,19.2E,(1) 19.2E KU-band Astra 1KR/1M/1N/1P,Found
DMAX Austria,1_0_1_49_7_85_C00000_0_0_0.png,dmaxaustria.png,19.2E,(1) 19.2E KU-band Astra 1KR/1M/1N/1P,Found
DMAX HD,1_0_19_7E4_449_1_C00000_0_0_0.png,dmaxhd.png,19.2E,(1) 19.2E KU-band Astra 1KR/1M/1N/1P,Found
DMAX HD Austria,1_0_19_7E6_449_1_C00000_0_0_0.png,dmaxhdaustria.png,19.2E,(1) 19.2E KU-band Astra 1KR/1M/1N/1P,Found
DMF,1_0_1_308_5_85_C00000_0_0_0.png,dmf.png,19.2E,(1) 19.2E KU-band Astra 1KR/1M/1N/1P,Found
DW English HD,1_0_1_1644_42C_1_C00000_0_0_0.png,dwenglishhd.png,19.2E,(1) 19.2E KU-band Astra 1KR/1M/1N/1P,Found
DYN Sport Mix,1_0_19_6E3D_431_1_C00000_0_0_0.png,dynsportmix.png,19.2E,(1) 19.2E KU-band Astra 1KR/1M/1N/1P,Found
Daystar Espanol,1_0_1_18F7_3F4_1_C00000_0_0_0.png,daystarespanol.png,19.2E,(1) 19.2E KU-band Astra 1KR/1M/1N/1P,Found
Deluxe Dance by Kontor,1_0_1_6E42_431_1_C00000_0_0_0.png,deluxedancebykontor.png,19.2E,(1) 19.2E KU-band Astra 1KR/1M/1N/1P,Found
Deluxe Music HD,1_0_19_157F_41F_1_C00000_0_0_0.png,deluxemusichd.png,19.2E,(1) 19.2E KU-band Astra 1KR/1M/1N/1P,Found
Deluxe Music HD Austria,1_0_19_1589_41F_1_C00000_0_0_0.png,deluxemusichdaustria.png,19.2E,(1) 19.2E KU-band Astra 1KR/1M/1N/1P,Found
Deluxe Rap,1_0_1_6E41_431_1_C00000_0_0_0.png,deluxerap.png,19.2E,(1) 19.2E KU-band Astra 1KR/1M/1N/1P,Found
Descarga Cisco,1_0_1_74A9_41C_1_C00000_0_0_0.png,descargacisco.png,19.2E,(1) 19.2E KU-band Astra 1KR/1M/1N/1P,Found
Die Neue Zeit TV,1_0_1_7A48_410_1_C00000_0_0_0.png,dieneuezeittv.png,19.2E,(1) 19.2E KU-band Astra 1KR/1M/1N/1P,Found
Disney Channel,1_0_1_701_5_85_C00000_0_0_0.png,disneychannel.png,19.2E,(1) 19.2E KU-band Astra 1KR/1M/1N/1P,Found
Disney Channel HD,1_0_19_157C_41F_1_C00000_0_0_0.png,disneychannelhd.png,19.2E,(1) 19.2E KU-band Astra 1KR/1M/1N/1P,Found
Disney Channel HD Austria,1_0_19_1586_41F_1_C00000_0_0_0.png,disneychannelhdaustria.png,19.2E,(1) 19.2E KU-band Astra 1KR/1M/1N/1P,Found
ENERGY,1_0_1_7889_414_1_C00000_0_0_0.png,energy.png,19.2E,(1) 19.2E KU-band Astra 1KR/1M/1N/1P,Found
EQUIDIA,1_0_19_2717_44C_1_C00000_0_0_0.png,equidia.png,19.2E,(1) 19.2E KU-band Astra 1KR/1M/1N/1P,Found
EURONEWS GERMAN SD PAL,1_0_1_18F4_3F4_1_C00000_0_0_0.png,euronewsgermansdpal.png,19.2E,(1) 19.2E KU-band Astra 1KR/1M/1N/1P,Found
EUROPE 1,1_0_2_23CE_446_1_C00000_0_0_0.png,europe1.png,19.2E,(1) 19.2E KU-band Astra 1KR/1M/1N/1P,Found
EUROPE 2 POP TV,1_0_19_271E_44C_1_C00000_0_0_0.png,europe2poptv.png,19.2E,(1) 19.2E KU-band Astra 1KR/1M/1N/1P,Found
EUROSPORT 1,1_0_1_772D_416_1_C00000_0_0_0.png,eurosport1.png,19.2E,(1) 19.2E KU-band Astra 1KR/1M/1N/1P,Found
EUROSPORT 1,1_0_19_2461_440_1_C00000_0_0_0.png,eurosport1.png,19.2E,(1) 19.2E KU-band Astra 1KR/1M/1N/1P,Found
EUROSPORT 2,1_0_1_76A5_41E_1_C00000_0_0_0.png,eurosport2.png,19.2E,(1) 19.2E KU-band Astra 1KR/1M/1N/1P,Found
EUROSPORT1HD,1_0_19_7535_426_1_C00000_0_0_0.png,eurosport1hd.png,19.2E,(1) 19.2E KU-band Astra 1KR/1M/1N/1P,Found
EVENEMENT SPORT UHD HDR,1_0_1F_2339_442_1_C00000_0_0_0.png,evenementsportuhdhdr.png,19.2E,(1) 19.2E KU-band Astra 1KR/1M/1N/1P,Found
EWTN katholisches TV,1_0_1_3E_5_85_C00000_0_0_0.png,ewtnkatholischestv.png,19.2E,(1) 19.2E KU-band Astra 1KR/1M/1N/1P,Found
Eurosport 1 Deutschland,1_0_1_79E0_443_1_C00000_0_0_0.png,eurosport1deutschland.png,19.2E,(1) 19.2E KU-band Astra 1KR/1M/1N/1P,Found
Eurosport 1 HD,1_0_19_7D0_449_1_C00000_0_0_0.png,eurosport1hd.png,19.2E,(1) 19.2E KU-band Astra 1KR/1M/1N/1P,Found
Eurosport 1 HD Austria,1_0_19_7D2_449_1_C00000_0_0_0.png,eurosport1hdaustria.png,19.2E,(1) 19.2E KU-band Astra 1KR/1M/1N/1P,Found
F3 ALPES,1_0_1_22DB_434_1_C00000_0_0_0.png,f3alpes.png,19.2E,(1) 19.2E KU-band Astra 1KR/1M/1N/1P,Found
F3 ALSACE,1_0_1_22D1_434_1_C00000_0_0_0.png,f3alsace.png,19.2E,(1) 19.2E KU-band Astra 1KR/1M/1N/1P,Found
F3 AQUITAINE,1_0_1_207B_432_1_C00000_0_0_0.png,f3aquitaine.png,19.2E,(1) 19.2E KU-band Astra 1KR/1M/1N/1P,Found
F3 BOURGOGNE,1_0_1_22DA_434_1_C00000_0_0_0.png,f3bourgogne.png,19.2E,(1) 19.2E KU-band Astra 1KR/1M/1N/1P,Found
F3 BRETAGNE,1_0_1_200F_430_1_C00000_0_0_0.png,f3bretagne.png,19.2E,(1) 19.2E KU-band Astra 1KR/1M/1N/1P,Found
F3 CENTRE,1_0_1_22E0_434_1_C00000_0_0_0.png,f3centre.png,19.2E,(1) 19.2E KU-band Astra 1KR/1M/1N/1P,Found
F3 CHAMP ARDENNE,1_0_1_22CF_434_1_C00000_0_0_0.png,f3champardenne.png,19.2E,(1) 19.2E KU-band Astra 1KR/1M/1N/1P,Found
F3 CORSEVIASTELLA,1_0_1_2270_438_1_C00000_0_0_0.png,f3corseviastella.png,19.2E,(1) 19.2E KU-band Astra 1KR/1M/1N/1P,Found
F3 COTE D'AZUR,1_0_1_22E1_434_1_C00000_0_0_0.png,f3cotedazur.png,19.2E,(1) 19.2E KU-band Astra 1KR/1M/1N/1P,Found
F3 FRANCHE COMTE,1_0_1_22D9_434_1_C00000_0_0_0.png,f3franchecomte.png,19.2E,(1) 19.2E KU-band Astra 1KR/1M/1N/1P,Found
F3 LANGUEDOCROUS,1_0_1_2464_440_1_C00000_0_0_0.png,f3languedocrous.png,19.2E,(1) 19.2E KU-band Astra 1KR/1M/1N/1P,Found
F3 LIMOUSIN,1_0_1_22DC_434_1_C00000_0_0_0.png,f3limousin.png,19.2E,(1) 19.2E KU-band Astra 1KR/1M/1N/1P,Found
F3 LORRAINE,1_0_1_22DD_434_1_C00000_0_0_0.png,f3lorraine.png,19.2E,(1) 19.2E KU-band Astra 1KR/1M/1N/1P,Found
F3 MIDI PYRENEES,1_0_1_22D2_434_1_C00000_0_0_0.png,f3midipyrenees.png,19.2E,(1) 19.2E KU-band Astra 1KR/1M/1N/1P,Found
F3 NOA,1_0_1_22DF_434_1_C00000_0_0_0.png,f3noa.png,19.2E,(1) 19.2E KU-band Astra 1KR/1M/1N/1P,Found
F3 NORMANDIE B,1_0_1_232F_442_1_C00000_0_0_0.png,f3normandieb.png,19.2E,(1) 19.2E KU-band Astra 1KR/1M/1N/1P,Found
F3 NORMANDIE H,1_0_1_22D0_434_1_C00000_0_0_0.png,f3normandieh.png,19.2E,(1) 19.2E KU-band Astra 1KR/1M/1N/1P,Found
F3 PARIS IDF,1_0_1_22CA_434_1_C00000_0_0_0.png,f3parisidf.png,19.2E,(1) 19.2E KU-band Astra 1KR/1M/1N/1P,Found
F3 PAYS DE LA LOIRE,1_0_1_2333_442_1_C00000_0_0_0.png,f3paysdelaloire.png,19.2E,(1) 19.2E KU-band Astra 1KR/1M/1N/1P,Found
F3 PICARDIE,1_0_1_22C9_434_1_C00000_0_0_0.png,f3picardie.png,19.2E,(1) 19.2E KU-band Astra 1KR/1M/1N/1P,Found
F3 POITOU CHARENT,1_0_1_22CC_434_1_C00000_0_0_0.png,f3poitoucharent.png,19.2E,(1) 19.2E KU-band Astra 1KR/1M/1N/1P,Found
F3 RHONE ALPES,1_0_1_2469_440_1_C00000_0_0_0.png,f3rhonealpes.png,19.2E,(1) 19.2E KU-band Astra 1KR/1M/1N/1P,Found
FIP,1_0_2_23C3_446_1_C00000_0_0_0.png,fip.png,19.2E,(1) 19.2E KU-band Astra 1KR/1M/1N/1P,Found
FOLX MUSIC TELEVISION,1_0_1_306_7_85_C00000_0_0_0.png,folxmusictelevision.png,19.2E,(1) 19.2E KU-band Astra 1KR/1M/1N/1P,Found
FRANCE 2,1_0_19_245A_440_1_C00000_0_0_0.png,france2.png,19.2E,(1) 19.2E KU-band Astra 1KR/1M/1N/1P,Found
FRANCE 2 UHD HDR,1_0_1F_2016_430_1_C00000_0_0_0.png,france2uhdhdr.png,19.2E,(1) 19.2E KU-band Astra 1KR/1M/1N/1P,Found
FRANCE 3,1_0_19_245D_440_1_C00000_0_0_0.png,france3.png,19.2E,(1) 19.2E KU-band Astra 1KR/1M/1N/1P,Found
FRANCE 4,1_0_19_2468_440_1_C00000_0_0_0.png,france4.png,19.2E,(1) 19.2E KU-band Astra 1KR/1M/1N/1P,Found
FRANCE 5,1_0_19_2330_442_1_C00000_0_0_0.png,france5.png,19.2E,(1) 19.2E KU-band Astra 1KR/1M/1N/1P,Found
FRANCE BLEU,1_0_2_23C7_446_1_C00000_0_0_0.png,francebleu.png,19.2E,(1) 19.2E KU-band Astra 1KR/1M/1N/1P,Found
FRANCE CULTURE,1_0_2_23C6_446_1_C00000_0_0_0.png,franceculture.png,19.2E,(1) 19.2E KU-band Astra 1KR/1M/1N/1P,Found
FRANCE INFO,1_0_2_23C4_446_1_C00000_0_0_0.png,franceinfo.png,19.2E,(1) 19.2E KU-band Astra 1KR/1M/1N/1P,Found
FRANCE INTER,1_0_2_23C5_446_1_C00000_0_0_0.png,franceinter.png,19.2E,(1) 19.2E KU-band Astra 1KR/1M/1N/1P,Found
FRANCE MUSIQUE,1_0_2_23C2_446_1_C00000_0_0_0.png,francemusique.png,19.2E,(1) 19.2E KU-band Astra 1KR/1M/1N/1P,Found
FUN RADIO,1_0_2_23B4_446_1_C00000_0_0_0.png,funradio.png,19.2E,(1) 19.2E KU-band Astra 1KR/1M/1N/1P,Found
France Info:,1_0_19_4290_446_1_C00000_0_0_0.png,franceinfo.png,19.2E,(1) 19.2E KU-band Astra 1KR/1M/1N/1P,Found
GFD Service,1_0_1_DAD_4_85_C00000_0_0_0.png,gfdservice.png,19.2E,(1) 19.2E KU-band Astra 1KR/1M/1N/1P,Found
GOL,1_0_1_7890_414_1_C00000_0_0_0.png,gol.png,19.2E,(1) 19.2E KU-band Astra 1KR/1M/1N/1P,Found
GOLF+,1_0_19_200D_430_1_C00000_0_0_0.png,golf.png,19.2E,(1) 19.2E KU-band Astra 1KR/1M/1N/1P,Found
GULLI,1_0_19_2083_432_1_C00000_0_0_0.png,gulli.png,19.2E,(1) 19.2E KU-band Astra 1KR/1M/1N/1P,Found
HGTV,1_0_1_26_F_85_C00000_0_0_0.png,hgtv.png,19.2E,(1) 19.2E KU-band Astra 1KR/1M/1N/1P,Found
HGTV HD,1_0_19_802_449_1_C00000_0_0_0.png,hgtvhd.png,19.2E,(1) 19.2E KU-band Astra 1KR/1M/1N/1P,Found
HSE Extra,1_0_1_79EA_443_1_C00000_0_0_0.png,hseextra.png,19.2E,(1) 19.2E KU-band Astra 1KR/1M/1N/1P,Found
HSE HD,1_0_19_5270_41D_1_C00000_0_0_0.png,hsehd.png,19.2E,(1) 19.2E KU-band Astra 1KR/1M/1N/1P,Found
Handystar TV,1_0_1_293_5_85_C00000_0_0_0.png,handystartv.png,19.2E,(1) 19.2E KU-band Astra 1KR/1M/1N/1P,Found
Handystar TV HD,1_0_19_2776_409_1_C00000_0_0_0.png,handystartvhd.png,19.2E,(1) 19.2E KU-band Astra 1KR/1M/1N/1P,Found
Heimatkanal,1_0_16_16_2_85_C00000_0_0_0.png,heimatkanal.png,19.2E,(1) 19.2E KU-band Astra 1KR/1M/1N/1P,Found
Histoire,1_0_19_428D_446_1_C00000_0_0_0.png,histoire.png,19.2E,(1) 19.2E KU-band Astra 1KR/1M/1N/1P,Found
Hope TV,1_0_19_33AB_3EB_1_C00000_0_0_0.png,hopetv.png,19.2E,(1) 19.2E KU-band Astra 1KR/1M/1N/1P,Found
IBERALIA TV,1_0_1_746A_3F0_1_C00000_0_0_0.png,iberaliatv.png,19.2E,(1) 19.2E KU-band Astra 1KR/1M/1N/1P,Found
INFOSPORT+,1_0_19_2332_442_1_C00000_0_0_0.png,infosport.png,19.2E,(1) 19.2E KU-band Astra 1KR/1M/1N/1P,Found
Immer etwas Neues TV,1_0_1_202_7_85_C00000_0_0_0.png,immeretwasneuestv.png,19.2E,(1) 19.2E KU-band Astra 1KR/1M/1N/1P,Found
Just Cooking,1_0_1_6E43_431_1_C00000_0_0_0.png,justcooking.png,19.2E,(1) 19.2E KU-band Astra 1KR/1M/1N/1P,Found
Just Fishing,1_0_1_6E44_431_1_C00000_0_0_0.png,justfishing.png,19.2E,(1) 19.2E KU-band Astra 1KR/1M/1N/1P,Found
Kabel 1 Austria,1_0_1_4E24_43A_1_C00000_0_0_0.png,kabel1austria.png,19.2E,(1) 19.2E KU-band Astra 1KR/1M/1N/1P,Found
KiKA HD,1_0_19_2B98_3F2_1_C00000_0_0_0.png,kikahd.png,19.2E,(1) 19.2E KU-band Astra 1KR/1M/1N/1P,Found
Klassik Radio,1_0_2_AD_5_85_C00000_0_0_0.png,klassikradio.png,19.2E,(1) 19.2E KU-band Astra 1KR/1M/1N/1P,Found
L'EQUIPE,1_0_19_2076_432_1_C00000_0_0_0.png,lequipe.png,19.2E,(1) 19.2E KU-band Astra 1KR/1M/1N/1P,Found
LA 1,1_0_1_76C2_40E_1_C00000_0_0_0.png,la1.png,19.2E,(1) 19.2E KU-band Astra 1KR/1M/1N/1P,Found
LA 2,1_0_1_7474_3F0_1_C00000_0_0_0.png,la2.png,19.2E,(1) 19.2E KU-band Astra 1KR/1M/1N/1P,Found
LA CHAINE METEO,1_0_19_2591_448_1_C00000_0_0_0.png,lachainemeteo.png,19.2E,(1) 19.2E KU-band Astra 1KR/1M/1N/1P,Found
LA SEXTA,1_0_1_769E_41E_1_C00000_0_0_0.png,lasexta.png,19.2E,(1) 19.2E KU-band Astra 1KR/1M/1N/1P,Found
LALIGA TV BAR,1_0_1_7793_424_1_C00000_0_0_0.png,laligatvbar.png,19.2E,(1) 19.2E KU-band Astra 1KR/1M/1N/1P,Found
LALIGA TV BAR 2,1_0_1_76C5_40E_1_C00000_0_0_0.png,laligatvbar2.png,19.2E,(1) 19.2E KU-band Astra 1KR/1M/1N/1P,Found
LALIGA TV BAR 3,1_0_1_769A_41E_1_C00000_0_0_0.png,laligatvbar3.png,19.2E,(1) 19.2E KU-band Astra 1KR/1M/1N/1P,Found
LALIGA TV HYPERMOTION,1_0_19_749B_41C_1_C00000_0_0_0.png,laligatvhypermotion.png,19.2E,(1) 19.2E KU-band Astra 1KR/1M/1N/1P,Found
LCI,1_0_19_2331_442_1_C00000_0_0_0.png,lci.png,19.2E,(1) 19.2E KU-band Astra 1KR/1M/1N/1P,Found
LCP,1_0_19_245C_440_1_C00000_0_0_0.png,lcp.png,19.2E,(1) 19.2E KU-band Astra 1KR/1M/1N/1P,Found
LILO.TV,1_0_1_33A6_3EB_1_C00000_0_0_0.png,lilotv.png,19.2E,(1) 19.2E KU-band Astra 1KR/1M/1N/1P,Found
La 7 HD,1_0_1F_109A_3EE_1_C00000_0_0_0.png,la7hd.png,19.2E,(1) 19.2E KU-band Astra 1KR/1M/1N/1P,Found
M+GOLF 2,1_0_1_756D_412_1_C00000_0_0_0.png,mgolf2.png,19.2E,(1) 19.2E KU-band Astra 1KR/1M/1N/1P,Found
M6,1_0_19_2457_440_1_C00000_0_0_0.png,m6.png,19.2E,(1) 19.2E KU-band Astra 1KR/1M/1N/1P,Found
MAN X,1_0_19_2719_44C_1_C00000_0_0_0.png,manx.png,19.2E,(1) 19.2E KU-band Astra 1KR/1M/1N/1P,Found
MDR AKTUELL,1_0_A_28F0_425_1_C00000_0_0_0.png,mdraktuell.png,19.2E,(1) 19.2E KU-band Astra 1KR/1M/1N/1P,Found
MDR JUMP,1_0_A_28EE_425_1_C00000_0_0_0.png,mdrjump.png,19.2E,(1) 19.2E KU-band Astra 1KR/1M/1N/1P,Found
MDR KLASSIK,1_0_A_28F1_425_1_C00000_0_0_0.png,mdrklassik.png,19.2E,(1) 19.2E KU-band Astra 1KR/1M/1N/1P,Found
MDR KULTUR,1_0_A_28ED_425_1_C00000_0_0_0.png,mdrkultur.png,19.2E,(1) 19.2E KU-band Astra 1KR/1M/1N/1P,Found
MDR S-Anhalt HD,1_0_19_2871_425_1_C00000_0_0_0.png,mdrsanhalthd.png,19.2E,(1) 19.2E KU-band Astra 1KR/1M/1N/1P,Found
MDR SPUTNIK,1_0_A_28EF_425_1_C00000_0_0_0.png,mdrsputnik.png,19.2E,(1) 19.2E KU-band Astra 1KR/1M/1N/1P,Found
MDR Sachsen HD,1_0_19_2870_425_1_C00000_0_0_0.png,mdrsachsenhd.png,19.2E,(1) 19.2E KU-band Astra 1KR/1M/1N/1P,Found
MEZZO,1_0_1_7699_41E_1_C00000_0_0_0.png,mezzo.png,19.2E,(1) 19.2E KU-band Astra 1KR/1M/1N/1P,Found
MEZZO,1_0_19_22D6_434_1_C00000_0_0_0.png,mezzo.png,19.2E,(1) 19.2E KU-band Astra 1KR/1M/1N/1P,Found
MEZZO LIVE,1_0_19_2718_44C_1_C00000_0_0_0.png,mezzolive.png,19.2E,(1) 19.2E KU-band Astra 1KR/1M/1N/1P,Found
MEZZO LIVE,1_0_19_74A2_41C_1_C00000_0_0_0.png,mezzolive.png,19.2E,(1) 19.2E KU-band Astra 1KR/1M/1N/1P,Found
MOUV,1_0_2_23C1_446_1_C00000_0_0_0.png,mouv.png,19.2E,(1) 19.2E KU-band Astra 1KR/1M/1N/1P,Found
MTV,1_0_1_7006_436_1_C00000_0_0_0.png,mtv.png,19.2E,(1) 19.2E KU-band Astra 1KR/1M/1N/1P,Found
MTV,1_0_1_6FFF_436_1_C00000_0_0_0.png,mtv.png,19.2E,(1) 19.2E KU-band Astra 1KR/1M/1N/1P,Found
MTV,1_0_19_22C5_434_1_C00000_0_0_0.png,mtv.png,19.2E,(1) 19.2E KU-band Astra 1KR/1M/1N/1P,Found
MTV HD,1_0_19_6FEE_436_1_C00000_0_0_0.png,mtvhd.png,19.2E,(1) 19.2E KU-band Astra 1KR/1M/1N/1P,Found
MTV HD AT,1_0_19_6FEF_436_1_C00000_0_0_0.png,mtvhdat.png,19.2E,(1) 19.2E KU-band Astra 1KR/1M/1N/1P,Found
MULTIDEPORTE,1_0_1_7692_41E_1_C00000_0_0_0.png,multideporte.png,19.2E,(1) 19.2E KU-band Astra 1KR/1M/1N/1P,Found
MULTIDEPORTE,1_0_1_76A3_41E_1_C00000_0_0_0.png,multideporte.png,19.2E,(1) 19.2E KU-band Astra 1KR/1M/1N/1P,Found
MediaShop- Meine Einkaufswelt,1_0_1_307_7_85_C00000_0_0_0.png,mediashopmeineeinkaufswelt.png,19.2E,(1) 19.2E KU-band Astra 1KR/1M/1N/1P,Found
Melodie TV NEU,1_0_16_3405_3ED_1_C00000_0_0_0.png,melodietvneu.png,19.2E,(1) 19.2E KU-band Astra 1KR/1M/1N/1P,Found
Movistar Plus+,1_0_1_7588_412_1_C00000_0_0_0.png,movistarplus.png,19.2E,(1) 19.2E KU-band Astra 1KR/1M/1N/1P,Found
N24 DOKU,1_0_1_30_5_85_C00000_0_0_0.png,n24doku.png,19.2E,(1) 19.2E KU-band Astra 1KR/1M/1N/1P,Found
NAIZ irratia,1_0_2_18F6_3F4_1_C00000_0_0_0.png,naizirratia.png,19.2E,(1) 19.2E KU-band Astra 1KR/1M/1N/1P,Found
NAT GEO WILD,1_0_1_7472_3F0_1_C00000_0_0_0.png,natgeowild.png,19.2E,(1) 19.2E KU-band Astra 1KR/1M/1N/1P,Found
NAT GEOGRAPH,1_0_1_778D_424_1_C00000_0_0_0.png,natgeograph.png,19.2E,(1) 19.2E KU-band Astra 1KR/1M/1N/1P,Found
"NDR 90,3",1_0_A_28B0_40F_1_C00000_0_0_0.png,ndr903.png,19.2E,(1) 19.2E KU-band Astra 1KR/1M/1N/1P,Found
NDR Blue,1_0_A_28B5_40F_1_C00000_0_0_0.png,ndrblue.png,19.2E,(1) 19.2E KU-band Astra 1KR/1M/1N/1P,Found
NDR Info Spezial,1_0_A_28B4_40F_1_C00000_0_0_0.png,ndrinfospezial.png,19.2E,(1) 19.2E KU-band Astra 1KR/1M/1N/1P,Found
NDR Kultur,1_0_A_28AD_40F_1_C00000_0_0_0.png,ndrkultur.png,19.2E,(1) 19.2E KU-band Astra 1KR/1M/1N/1P,Found
NDR Schlager,1_0_A_28B6_40F_1_C00000_0_0_0.png,ndrschlager.png,19.2E,(1) 19.2E KU-band Astra 1KR/1M/1N/1P,Found
NEOX,1_0_1_7587_412_1_C00000_0_0_0.png,neox.png,19.2E,(1) 19.2E KU-band Astra 1KR/1M/1N/1P,Found
NETFLIX,1_0_C9_23A5_44A_1_C00000_0_0_0.png,netflix.png,19.2E,(1) 19.2E KU-band Astra 1KR/1M/1N/1P,Found
NHK WORLD-JPN,1_0_19_139D_3EA_1_C00000_0_0_0.png,nhkworldjpn.png,19.2E,(1) 19.2E KU-band Astra 1KR/1M/1N/1P,Found
NICER DICER TV,1_0_16_36_7_85_C00000_0_0_0.png,nicerdicertv.png,19.2E,(1) 19.2E KU-band Astra 1KR/1M/1N/1P,Found
NICK JR,1_0_1_7697_41E_1_C00000_0_0_0.png,nickjr.png,19.2E,(1) 19.2E KU-band Astra 1KR/1M/1N/1P,Found
NICKELODEON,1_0_1_772E_416_1_C00000_0_0_0.png,nickelodeon.png,19.2E,(1) 19.2E KU-band Astra 1KR/1M/1N/1P,Found
NICKELODEON JUNIOR,1_0_19_2716_44C_1_C00000_0_0_0.png,nickelodeonjunior.png,19.2E,(1) 19.2E KU-band Astra 1KR/1M/1N/1P,Found
NICKTOONS,1_0_19_2715_44C_1_C00000_0_0_0.png,nicktoons.png,19.2E,(1) 19.2E KU-band Astra 1KR/1M/1N/1P,Found
NITRO,1_0_1_2F1D_441_1_C00000_0_0_0.png,nitro.png,19.2E,(1) 19.2E KU-band Astra 1KR/1M/1N/1P,Found
NOSTALGIE,1_0_2_23DD_446_1_C00000_0_0_0.png,nostalgie.png,19.2E,(1) 19.2E KU-band Astra 1KR/1M/1N/1P,Found
NOVA,1_0_1_7469_3F0_1_C00000_0_0_0.png,nova.png,19.2E,(1) 19.2E KU-band Astra 1KR/1M/1N/1P,Found
NOVA,1_0_2_23DA_446_1_C00000_0_0_0.png,nova.png,19.2E,(1) 19.2E KU-band Astra 1KR/1M/1N/1P,Found
NOVELAS TV,1_0_19_2590_448_1_C00000_0_0_0.png,novelastv.png,19.2E,(1) 19.2E KU-band Astra 1KR/1M/1N/1P,Found
NOVO19,1_0_19_22DE_434_1_C00000_0_0_0.png,novo19.png,19.2E,(1) 19.2E KU-band Astra 1KR/1M/1N/1P,Found
NRJ,1_0_2_23DE_446_1_C00000_0_0_0.png,nrj.png,19.2E,(1) 19.2E KU-band Astra 1KR/1M/1N/1P,Found
NRJ HITS,1_0_19_200C_430_1_C00000_0_0_0.png,nrjhits.png,19.2E,(1) 19.2E KU-band Astra 1KR/1M/1N/1P,Found
NatGeo Wild,1_0_19_77_4_85_C00000_0_0_0.png,natgeowild.png,19.2E,(1) 19.2E KU-band Astra 1KR/1M/1N/1P,Found
Nick Jr..,1_0_1_6FF7_436_1_C00000_0_0_0.png,nickjr.png,19.2E,(1) 19.2E KU-band Astra 1KR/1M/1N/1P,Found
Nick Junior Global,1_0_1_6FF9_436_1_C00000_0_0_0.png,nickjuniorglobal.png,19.2E,(1) 19.2E KU-band Astra 1KR/1M/1N/1P,Found
Nick.Jr.,1_0_1_6FFB_436_1_C00000_0_0_0.png,nickjr.png,19.2E,(1) 19.2E KU-band Astra 1KR/1M/1N/1P,Found
Nicktoons,1_0_16_1B_D_85_C00000_0_0_0.png,nicktoons.png,19.2E,(1) 19.2E KU-band Astra 1KR/1M/1N/1P,Found
OCS,1_0_19_2456_440_1_C00000_0_0_0.png,ocs.png,19.2E,(1) 19.2E KU-band Astra 1KR/1M/1N/1P,Found
OLYMPIA TV,1_0_19_2581_448_1_C00000_0_0_0.png,olympiatv.png,19.2E,(1) 19.2E KU-band Astra 1KR/1M/1N/1P,Found
ONE HD,1_0_19_2888_40F_1_C00000_0_0_0.png,onehd.png,19.2E,(1) 19.2E KU-band Astra 1KR/1M/1N/1P,Found
ORF HITRADIO OE3 VISUAL,1_0_19_1335_3EF_1_C00000_0_0_0.png,orfhitradiooe3visual.png,19.2E,(1) 19.2E KU-band Astra 1KR/1M/1N/1P,Found
ORF III HD,1_0_19_33FC_3ED_1_C00000_0_0_0.png,orfiiihd.png,19.2E,(1) 19.2E KU-band Astra 1KR/1M/1N/1P,Found
ORF1 HD,1_0_19_132F_3EF_1_C00000_0_0_0.png,orf1hd.png,19.2E,(1) 19.2E KU-band Astra 1KR/1M/1N/1P,Found
One Terra,1_0_1_6E40_431_1_C00000_0_0_0.png,oneterra.png,19.2E,(1) 19.2E KU-band Astra 1KR/1M/1N/1P,Found
PARIS PREMIERE,1_0_19_232C_442_1_C00000_0_0_0.png,parispremiere.png,19.2E,(1) 19.2E KU-band Astra 1KR/1M/1N/1P,Found
PINK X,1_0_19_271B_44C_1_C00000_0_0_0.png,pinkx.png,19.2E,(1) 19.2E KU-band Astra 1KR/1M/1N/1P,Found
PLAYBOY TV,1_0_1_778B_424_1_C00000_0_0_0.png,playboytv.png,19.2E,(1) 19.2E KU-band Astra 1KR/1M/1N/1P,Found
POLAR+,1_0_19_2714_44C_1_C00000_0_0_0.png,polar.png,19.2E,(1) 19.2E KU-band Astra 1KR/1M/1N/1P,Found
PORTADA,1_0_1_759C_422_1_C00000_0_0_0.png,portada.png,19.2E,(1) 19.2E KU-band Astra 1KR/1M/1N/1P,Found
PORTADA,1_0_1_75C6_422_1_C00000_0_0_0.png,portada.png,19.2E,(1) 19.2E KU-band Astra 1KR/1M/1N/1P,Found
PULS 4 Austria,1_0_1_4E27_43A_1_C00000_0_0_0.png,puls4austria.png,19.2E,(1) 19.2E KU-band Astra 1KR/1M/1N/1P,Found
Prime Sportsbar,1_0_19_155_4_85_C00000_0_0_0.png,primesportsbar.png,19.2E,(1) 19.2E KU-band Astra 1KR/1M/1N/1P,Found
Pro7Sat.1 UHD,1_0_1F_183D_40B_1_C00000_0_0_0.png,pro7sat1uhd.png,19.2E,(1) 19.2E KU-band Astra 1KR/1M/1N/1P,Found
ProSieben Austria,1_0_1_4E22_43A_1_C00000_0_0_0.png,prosiebenaustria.png,19.2E,(1) 19.2E KU-band Astra 1KR/1M/1N/1P,Found
QVC,1_0_1_702_5_85_C00000_0_0_0.png,qvc.png,19.2E,(1) 19.2E KU-band Astra 1KR/1M/1N/1P,Found
QVC HD,1_0_19_526F_41D_1_C00000_0_0_0.png,qvchd.png,19.2E,(1) 19.2E KU-band Astra 1KR/1M/1N/1P,Found
QVC STYLE HD,1_0_19_2779_409_1_C00000_0_0_0.png,qvcstylehd.png,19.2E,(1) 19.2E KU-band Astra 1KR/1M/1N/1P,Found
QVC UHD,1_0_1F_1086_3EE_1_C00000_0_0_0.png,qvcuhd.png,19.2E,(1) 19.2E KU-band Astra 1KR/1M/1N/1P,Found
QVC ZWEI HD,1_0_19_1580_41F_1_C00000_0_0_0.png,qvczweihd.png,19.2E,(1) 19.2E KU-band Astra 1KR/1M/1N/1P,Found
R9 Oesterreich HD,1_0_19_3400_3ED_1_C00000_0_0_0.png,r9oesterreichhd.png,19.2E,(1) 19.2E KU-band Astra 1KR/1M/1N/1P,Found
RFM,1_0_2_23DF_446_1_C00000_0_0_0.png,rfm.png,19.2E,(1) 19.2E KU-band Astra 1KR/1M/1N/1P,Found
RIRE ET CHANSONS,1_0_2_23D0_446_1_C00000_0_0_0.png,rireetchansons.png,19.2E,(1) 19.2E KU-band Astra 1KR/1M/1N/1P,Found
RMC DECOUVERTE,1_0_19_2011_430_1_C00000_0_0_0.png,rmcdecouverte.png,19.2E,(1) 19.2E KU-band Astra 1KR/1M/1N/1P,Found
RMC STORY,1_0_19_2075_432_1_C00000_0_0_0.png,rmcstory.png,19.2E,(1) 19.2E KU-band Astra 1KR/1M/1N/1P,Found
ROCK ANTENNE,1_0_A_A0_7_85_C00000_0_0_0.png,rockantenne.png,19.2E,(1) 19.2E KU-band Astra 1KR/1M/1N/1P,Found
RTL,1_0_2_23CD_446_1_C00000_0_0_0.png,rtl.png,19.2E,(1) 19.2E KU-band Astra 1KR/1M/1N/1P,Found
RTL Austria,1_0_1_7080_443_1_C00000_0_0_0.png,rtlaustria.png,19.2E,(1) 19.2E KU-band Astra 1KR/1M/1N/1P,Found
RTL Bayern,1_0_1_2EE6_441_1_C00000_0_0_0.png,rtlbayern.png,19.2E,(1) 19.2E KU-band Astra 1KR/1M/1N/1P,Found
RTL HB NDS,1_0_1_2EE5_441_1_C00000_0_0_0.png,rtlhbnds.png,19.2E,(1) 19.2E KU-band Astra 1KR/1M/1N/1P,Found
RTL HD,1_0_19_EF10_421_1_C00000_0_0_0.png,rtlhd.png,19.2E,(1) 19.2E KU-band Astra 1KR/1M/1N/1P,Found
RTL HH SH,1_0_1_2EE9_441_1_C00000_0_0_0.png,rtlhhsh.png,19.2E,(1) 19.2E KU-band Astra 1KR/1M/1N/1P,Found
RTL Regional NRW,1_0_1_2EE4_441_1_C00000_0_0_0.png,rtlregionalnrw.png,19.2E,(1) 19.2E KU-band Astra 1KR/1M/1N/1P,Found
RTL Television,1_0_1_2EE3_441_1_C00000_0_0_0.png,rtltelevision.png,19.2E,(1) 19.2E KU-band Astra 1KR/1M/1N/1P,Found
RTL UHD,1_0_1F_307A_3F5_1_C00000_0_0_0.png,rtluhd.png,19.2E,(1) 19.2E KU-band Astra 1KR/1M/1N/1P,Found
RTL2,1_0_2_23E2_446_1_C00000_0_0_0.png,rtl2.png,19.2E,(1) 19.2E KU-band Astra 1KR/1M/1N/1P,Found
RTL9,1_0_19_428B_446_1_C00000_0_0_0.png,rtl9.png,19.2E,(1) 19.2E KU-band Astra 1KR/1M/1N/1P,Found
RTLZWEI,1_0_1_2EF4_441_1_C00000_0_0_0.png,rtlzwei.png,19.2E,(1) 19.2E KU-band Astra 1KR/1M/1N/1P,Found
RTLZWEI Austria,1_0_1_708A_443_1_C00000_0_0_0.png,rtlzweiaustria.png,19.2E,(1) 19.2E KU-band Astra 1KR/1M/1N/1P,Found
RTLZWEI HD,1_0_19_EF15_421_1_C00000_0_0_0.png,rtlzweihd.png,19.2E,(1) 19.2E KU-band Astra 1KR/1M/1N/1P,Found
RTLup,1_0_1_2F30_441_1_C00000_0_0_0.png,rtlup.png,19.2E,(1) 19.2E KU-band Astra 1KR/1M/1N/1P,Found
RTLup Austria,1_0_16_33AD_3EB_1_C00000_0_0_0.png,rtlupaustria.png,19.2E,(1) 19.2E KU-band Astra 1KR/1M/1N/1P,Found
RTLup HD,1_0_19_EF16_421_1_C00000_0_0_0.png,rtluphd.png,19.2E,(1) 19.2E KU-band Astra 1KR/1M/1N/1P,Found
Radio Bremen HD,1_0_19_288B_40F_1_C00000_0_0_0.png,radiobremenhd.png,19.2E,(1) 19.2E KU-band Astra 1KR/1M/1N/1P,Found
RiC NEU,1_0_16_1342_3EF_1_C00000_0_0_0.png,ricneu.png,19.2E,(1) 19.2E KU-band Astra 1KR/1M/1N/1P,Found
Romance TV,1_0_19_206_2_85_C00000_0_0_0.png,romancetv.png,19.2E,(1) 19.2E KU-band Astra 1KR/1M/1N/1P,Found
SACHSEN EINS,1_0_1_7A4C_410_1_C00000_0_0_0.png,sachseneins.png,19.2E,(1) 19.2E KU-band Astra 1KR/1M/1N/1P,Found
SAT.1 A,1_0_1_4E25_43A_1_C00000_0_0_0.png,sat1a.png,19.2E,(1) 19.2E KU-band Astra 1KR/1M/1N/1P,Found
SAT.1 HH/SH,1_0_1_4E28_43A_1_C00000_0_0_0.png,sat1hhsh.png,19.2E,(1) 19.2E KU-band Astra 1KR/1M/1N/1P,Found
SAT.1 NS/Bremen,1_0_1_4E29_43A_1_C00000_0_0_0.png,sat1nsbremen.png,19.2E,(1) 19.2E KU-band Astra 1KR/1M/1N/1P,Found
SAT.1 RhlPf/Hessen,1_0_1_4E2A_43A_1_C00000_0_0_0.png,sat1rhlpfhessen.png,19.2E,(1) 19.2E KU-band Astra 1KR/1M/1N/1P,Found
SDMS Service 1,1_0_1_DAE_4_85_C00000_0_0_0.png,sdmsservice1.png,19.2E,(1) 19.2E KU-band Astra 1KR/1M/1N/1P,Found
SDMS Service 2,1_0_1_DAF_4_85_C00000_0_0_0.png,sdmsservice2.png,19.2E,(1) 19.2E KU-band Astra 1KR/1M/1N/1P,Found
SENDER NEU JERUSALEM,1_0_1_7A4A_410_1_C00000_0_0_0.png,senderneujerusalem.png,19.2E,(1) 19.2E KU-band Astra 1KR/1M/1N/1P,Found
SERIE CLUB,1_0_19_258C_448_1_C00000_0_0_0.png,serieclub.png,19.2E,(1) 19.2E KU-band Astra 1KR/1M/1N/1P,Found
SES 75,1_0_16_5277_41D_1_C00000_0_0_0.png,ses75.png,19.2E,(1) 19.2E KU-band Astra 1KR/1M/1N/1P,Found
SES UHD Demo Channel,1_0_1F_1_40B_1_C00000_0_0_0.png,sesuhddemochannel.png,19.2E,(1) 19.2E KU-band Astra 1KR/1M/1N/1P,Found
SES UHD Demo Channel 06,1_0_1F_7_40B_1_C00000_0_0_0.png,sesuhddemochannel06.png,19.2E,(1) 19.2E KU-band Astra 1KR/1M/1N/1P,Found
SKYROCK,1_0_2_23E3_446_1_C00000_0_0_0.png,skyrock.png,19.2E,(1) 19.2E KU-band Astra 1KR/1M/1N/1P,Found
SPORT1 HD,1_0_19_1581_41F_1_C00000_0_0_0.png,sport1hd.png,19.2E,(1) 19.2E KU-band Astra 1KR/1M/1N/1P,Found
SPORTDIGITAL FUSSBALL HD,1_0_19_10CC_418_1_C00000_0_0_0.png,sportdigitalfussballhd.png,19.2E,(1) 19.2E KU-band Astra 1KR/1M/1N/1P,Found
SR 1 Europawelle,1_0_A_28C0_40F_1_C00000_0_0_0.png,sr1europawelle.png,19.2E,(1) 19.2E KU-band Astra 1KR/1M/1N/1P,Found
SR 3 Saarlandwelle,1_0_A_28C2_40F_1_C00000_0_0_0.png,sr3saarlandwelle.png,19.2E,(1) 19.2E KU-band Astra 1KR/1M/1N/1P,Found
SR Fernsehen HD,1_0_19_288A_40F_1_C00000_0_0_0.png,srfernsehenhd.png,19.2E,(1) 19.2E KU-band Astra 1KR/1M/1N/1P,Found
STAR Channel,1_0_1_746F_3F0_1_C00000_0_0_0.png,starchannel.png,19.2E,(1) 19.2E KU-band Astra 1KR/1M/1N/1P,Found
STEST1,1_0_16_320_10_85_C00000_0_0_0.png,stest1.png,19.2E,(1) 19.2E KU-band Astra 1KR/1M/1N/1P,Found
STEST2,1_0_16_321_C_85_C00000_0_0_0.png,stest2.png,19.2E,(1) 19.2E KU-band Astra 1KR/1M/1N/1P,Found
SUD RADIO,1_0_2_2395_446_1_C00000_0_0_0.png,sudradio.png,19.2E,(1) 19.2E KU-band Astra 1KR/1M/1N/1P,Found
SUPER RTL,1_0_1_2F08_441_1_C00000_0_0_0.png,superrtl.png,19.2E,(1) 19.2E KU-band Astra 1KR/1M/1N/1P,Found
SUPER RTL A,1_0_1_708F_443_1_C00000_0_0_0.png,superrtla.png,19.2E,(1) 19.2E KU-band Astra 1KR/1M/1N/1P,Found
SWR Aktuell,1_0_A_28CF_40F_1_C00000_0_0_0.png,swraktuell.png,19.2E,(1) 19.2E KU-band Astra 1KR/1M/1N/1P,Found
SWR3,1_0_A_28CB_40F_1_C00000_0_0_0.png,swr3.png,19.2E,(1) 19.2E KU-band Astra 1KR/1M/1N/1P,Found
SYFY,1_0_1_7796_424_1_C00000_0_0_0.png,syfy.png,19.2E,(1) 19.2E KU-band Astra 1KR/1M/1N/1P,Found
Schlager Deluxe,1_0_1_23_F_85_C00000_0_0_0.png,schlagerdeluxe.png,19.2E,(1) 19.2E KU-band Astra 1KR/1M/1N/1P,Found
Seasons,1_0_19_4285_446_1_C00000_0_0_0.png,seasons.png,19.2E,(1) 19.2E KU-band Astra 1KR/1M/1N/1P,Found
Service 13226,1_0_1_33AA_3EB_1_C00000_0_0_0.png,service13226.png,19.2E,(1) 19.2E KU-band Astra 1KR/1M/1N/1P,Found
Service 13233,1_0_1_33B1_3EB_1_C00000_0_0_0.png,service13233.png,19.2E,(1) 19.2E KU-band Astra 1KR/1M/1N/1P,Found
ServusTV HD Oesterreich,1_0_19_1331_3EF_1_C00000_0_0_0.png,servustvhdoesterreich.png,19.2E,(1) 19.2E KU-band Astra 1KR/1M/1N/1P,Found
ShopLC HD,1_0_19_5273_41D_1_C00000_0_0_0.png,shoplchd.png,19.2E,(1) 19.2E KU-band Astra 1KR/1M/1N/1P,Found
Sky Atlantic,1_0_19_6E_D_85_C00000_0_0_0.png,skyatlantic.png,19.2E,(1) 19.2E KU-band Astra 1KR/1M/1N/1P,Found
Sky Cinema Action,1_0_19_74_4_85_C00000_0_0_0.png,skycinemaaction.png,19.2E,(1) 19.2E KU-band Astra 1KR/1M/1N/1P,Found
Sky Cinema Classics,1_0_19_6B_C_85_C00000_0_0_0.png,skycinemaclassics.png,19.2E,(1) 19.2E KU-band Astra 1KR/1M/1N/1P,Found
Sky Cinema Family,1_0_19_8B_2_85_C00000_0_0_0.png,skycinemafamily.png,19.2E,(1) 19.2E KU-band Astra 1KR/1M/1N/1P,Found
Sky Cinema Highlights,1_0_19_6F_D_85_C00000_0_0_0.png,skycinemahighlights.png,19.2E,(1) 19.2E KU-band Astra 1KR/1M/1N/1P,Found
Sky Documentaries,1_0_19_70_D_85_C00000_0_0_0.png,skydocumentaries.png,19.2E,(1) 19.2E KU-band Astra 1KR/1M/1N/1P,Found
Sky Krimi,1_0_19_17_4_85_C00000_0_0_0.png,skykrimi.png,19.2E,(1) 19.2E KU-band Astra 1KR/1M/1N/1P,Found
Sky One,1_0_19_93_2_85_C00000_0_0_0.png,skyone.png,19.2E,(1) 19.2E KU-band Astra 1KR/1M/1N/1P,Found
Sky Replay,1_0_19_7C_C_85_C00000_0_0_0.png,skyreplay.png,19.2E,(1) 19.2E KU-band Astra 1KR/1M/1N/1P,Found
Sky Sci-Fi,1_0_19_7E_C_85_C00000_0_0_0.png,skyscifi.png,19.2E,(1) 19.2E KU-band Astra 1KR/1M/1N/1P,Found
Sky Sport 2,1_0_19_116_2_85_C00000_0_0_0.png,skysport2.png,19.2E,(1) 19.2E KU-band Astra 1KR/1M/1N/1P,Found
Sky Sport 3,1_0_19_120_C_85_C00000_0_0_0.png,skysport3.png,19.2E,(1) 19.2E KU-band Astra 1KR/1M/1N/1P,Found
Sky Sport 4,1_0_19_12A_4_85_C00000_0_0_0.png,skysport4.png,19.2E,(1) 19.2E KU-band Astra 1KR/1M/1N/1P,Found
Sky Sport 5,1_0_19_134_4_85_C00000_0_0_0.png,skysport5.png,19.2E,(1) 19.2E KU-band Astra 1KR/1M/1N/1P,Found
Sky Sport 7,1_0_19_148_C_85_C00000_0_0_0.png,skysport7.png,19.2E,(1) 19.2E KU-band Astra 1KR/1M/1N/1P,Found
Sky Sport 8,1_0_19_152_10_85_C00000_0_0_0.png,skysport8.png,19.2E,(1) 19.2E KU-band Astra 1KR/1M/1N/1P,Found
Sky Sport Austria 1,1_0_19_8F_4_85_C00000_0_0_0.png,skysportaustria1.png,19.2E,(1) 19.2E KU-band Astra 1KR/1M/1N/1P,Found
Sky Sport Austria 2,1_0_19_149_D_85_C00000_0_0_0.png,skysportaustria2.png,19.2E,(1) 19.2E KU-band Astra 1KR/1M/1N/1P,Found
Sky Sport Austria 3,1_0_19_153_2_85_C00000_0_0_0.png,skysportaustria3.png,19.2E,(1) 19.2E KU-band Astra 1KR/1M/1N/1P,Found
Sky Sport Austria 6,1_0_19_156_10_85_C00000_0_0_0.png,skysportaustria6.png,19.2E,(1) 19.2E KU-band Astra 1KR/1M/1N/1P,Found
Sky Sport Austria 7,1_0_19_105_C_85_C00000_0_0_0.png,skysportaustria7.png,19.2E,(1) 19.2E KU-band Astra 1KR/1M/1N/1P,Found
Sky Sport Bundesliga,1_0_19_69_C_85_C00000_0_0_0.png,skysportbundesliga.png,19.2E,(1) 19.2E KU-band Astra 1KR/1M/1N/1P,Found
Sky Sport Bundesliga 2,1_0_19_115_2_85_C00000_0_0_0.png,skysportbundesliga2.png,19.2E,(1) 19.2E KU-band Astra 1KR/1M/1N/1P,Found
Sky Sport Bundesliga 3,1_0_19_11F_C_85_C00000_0_0_0.png,skysportbundesliga3.png,19.2E,(1) 19.2E KU-band Astra 1KR/1M/1N/1P,Found
Sky Sport Bundesliga 4,1_0_19_129_4_85_C00000_0_0_0.png,skysportbundesliga4.png,19.2E,(1) 19.2E KU-band Astra 1KR/1M/1N/1P,Found
Sky Sport Bundesliga 5,1_0_19_133_4_85_C00000_0_0_0.png,skysportbundesliga5.png,19.2E,(1) 19.2E KU-band Astra 1KR/1M/1N/1P,Found
Sky Sport Bundesliga 7,1_0_19_147_C_85_C00000_0_0_0.png,skysportbundesliga7.png,19.2E,(1) 19.2E KU-band Astra 1KR/1M/1N/1P,Found
Sky Sport Bundesliga 8,1_0_19_151_10_85_C00000_0_0_0.png,skysportbundesliga8.png,19.2E,(1) 19.2E KU-band Astra 1KR/1M/1N/1P,Found
Sky Sport Bundesliga UHD,1_0_1F_228_10_85_C00000_0_0_0.png,skysportbundesligauhd.png,19.2E,(1) 19.2E KU-band Astra 1KR/1M/1N/1P,Found
Sky Sport Golf,1_0_19_90_D_85_C00000_0_0_0.png,skysportgolf.png,19.2E,(1) 19.2E KU-band Astra 1KR/1M/1N/1P,Found
Sky Sport Mix,1_0_19_8D_2_85_C00000_0_0_0.png,skysportmix.png,19.2E,(1) 19.2E KU-band Astra 1KR/1M/1N/1P,Found
Sky Sport News,1_0_19_6C_C_85_C00000_0_0_0.png,skysportnews.png,19.2E,(1) 19.2E KU-band Astra 1KR/1M/1N/1P,Found
Sky Sport Premier League,1_0_19_91_4_85_C00000_0_0_0.png,skysportpremierleague.png,19.2E,(1) 19.2E KU-band Astra 1KR/1M/1N/1P,Found
Sky Sport Tennis,1_0_19_72_D_85_C00000_0_0_0.png,skysporttennis.png,19.2E,(1) 19.2E KU-band Astra 1KR/1M/1N/1P,Found
Sky Sport UHD,1_0_1F_229_10_85_C00000_0_0_0.png,skysportuhd.png,19.2E,(1) 19.2E KU-band Astra 1KR/1M/1N/1P,Found
Stimmungsgarten TV,1_0_16_3404_3ED_1_C00000_0_0_0.png,stimmungsgartentv.png,19.2E,(1) 19.2E KU-band Astra 1KR/1M/1N/1P,Found
T18,1_0_19_232A_442_1_C00000_0_0_0.png,t18.png,19.2E,(1) 19.2E KU-band Astra 1KR/1M/1N/1P,Found
TCM,1_0_1_76C7_40E_1_C00000_0_0_0.png,tcm.png,19.2E,(1) 19.2E KU-band Astra 1KR/1M/1N/1P,Found
TELE 5 HD,1_0_19_7EE_449_1_C00000_0_0_0.png,tele5hd.png,19.2E,(1) 19.2E KU-band Astra 1KR/1M/1N/1P,Found
TELE 5 HD Austria,1_0_19_7F0_449_1_C00000_0_0_0.png,tele5hdaustria.png,19.2E,(1) 19.2E KU-band Astra 1KR/1M/1N/1P,Found
TELECINCO,1_0_1_778C_424_1_C00000_0_0_0.png,telecinco.png,19.2E,(1) 19.2E KU-band Astra 1KR/1M/1N/1P,Found
TELEDEPORTE,1_0_1_76CC_40E_1_C00000_0_0_0.png,teledeporte.png,19.2E,(1) 19.2E KU-band Astra 1KR/1M/1N/1P,Found
TEST 2 TXP 44,1_0_1_7882_414_1_C00000_0_0_0.png,test2txp44.png,19.2E,(1) 19.2E KU-band Astra 1KR/1M/1N/1P,Found
TEST 3 TXP 44,1_0_1_788C_414_1_C00000_0_0_0.png,test3txp44.png,19.2E,(1) 19.2E KU-band Astra 1KR/1M/1N/1P,Found
TEST 4 TXP 44,1_0_1_7894_414_1_C00000_0_0_0.png,test4txp44.png,19.2E,(1) 19.2E KU-band Astra 1KR/1M/1N/1P,Found
TEST 5 TXP 44,1_0_1_7884_414_1_C00000_0_0_0.png,test5txp44.png,19.2E,(1) 19.2E KU-band Astra 1KR/1M/1N/1P,Found
TEST DZ5.,1_0_1_74A0_41C_1_C00000_0_0_0.png,testdz5.png,19.2E,(1) 19.2E KU-band Astra 1KR/1M/1N/1P,Found
TEST F1,1_0_1_76A7_41E_1_C00000_0_0_0.png,testf1.png,19.2E,(1) 19.2E KU-band Astra 1KR/1M/1N/1P,Found
TEST RA,1_0_1_7596_422_1_C00000_0_0_0.png,testra.png,19.2E,(1) 19.2E KU-band Astra 1KR/1M/1N/1P,Found
TEST TOROS,1_0_1_7570_412_1_C00000_0_0_0.png,testtoros.png,19.2E,(1) 19.2E KU-band Astra 1KR/1M/1N/1P,Found
TEST TXP60,1_0_1_7798_424_1_C00000_0_0_0.png,testtxp60.png,19.2E,(1) 19.2E KU-band Astra 1KR/1M/1N/1P,Found
TEST_CSD1,1_0_1_75DE_422_1_C00000_0_0_0.png,testcsd1.png,19.2E,(1) 19.2E KU-band Astra 1KR/1M/1N/1P,Found
TEST_CSD2,1_0_1_75DF_422_1_C00000_0_0_0.png,testcsd2.png,19.2E,(1) 19.2E KU-band Astra 1KR/1M/1N/1P,Found
TEST_CSD3,1_0_1_75E0_422_1_C00000_0_0_0.png,testcsd3.png,19.2E,(1) 19.2E KU-band Astra 1KR/1M/1N/1P,Found
TEST_CSD4,1_0_1_75E1_422_1_C00000_0_0_0.png,testcsd4.png,19.2E,(1) 19.2E KU-band Astra 1KR/1M/1N/1P,Found
TEST_CSD5,1_0_1_75E2_422_1_C00000_0_0_0.png,testcsd5.png,19.2E,(1) 19.2E KU-band Astra 1KR/1M/1N/1P,Found
TEVA,1_0_19_271A_44C_1_C00000_0_0_0.png,teva.png,19.2E,(1) 19.2E KU-band Astra 1KR/1M/1N/1P,Found
TF1,1_0_19_2460_440_1_C00000_0_0_0.png,tf1.png,19.2E,(1) 19.2E KU-band Astra 1KR/1M/1N/1P,Found
TF1 Serie Films,1_0_19_4291_446_1_C00000_0_0_0.png,tf1seriefilms.png,19.2E,(1) 19.2E KU-band Astra 1KR/1M/1N/1P,Found
TFX,1_0_19_2014_430_1_C00000_0_0_0.png,tfx.png,19.2E,(1) 19.2E KU-band Astra 1KR/1M/1N/1P,Found
TJ,1_0_1_75E3_422_1_C00000_0_0_0.png,tj.png,19.2E,(1) 19.2E KU-band Astra 1KR/1M/1N/1P,Found
TLC,1_0_1_304_5_85_C00000_0_0_0.png,tlc.png,19.2E,(1) 19.2E KU-band Astra 1KR/1M/1N/1P,Found
TLC Austria,1_0_1_47_7_85_C00000_0_0_0.png,tlcaustria.png,19.2E,(1) 19.2E KU-band Astra 1KR/1M/1N/1P,Found
TLC HD,1_0_19_2774_409_1_C00000_0_0_0.png,tlchd.png,19.2E,(1) 19.2E KU-band Astra 1KR/1M/1N/1P,Found
TLC HD,1_0_19_7F8_449_1_C00000_0_0_0.png,tlchd.png,19.2E,(1) 19.2E KU-band Astra 1KR/1M/1N/1P,Found
TLC HD Austria,1_0_19_277E_409_1_C00000_0_0_0.png,tlchdaustria.png,19.2E,(1) 19.2E KU-band Astra 1KR/1M/1N/1P,Found
TLC HD Austria,1_0_19_7FA_449_1_C00000_0_0_0.png,tlchdaustria.png,19.2E,(1) 19.2E KU-band Astra 1KR/1M/1N/1P,Found
TMC,1_0_19_2015_430_1_C00000_0_0_0.png,tmc.png,19.2E,(1) 19.2E KU-band Astra 1KR/1M/1N/1P,Found
TOGGO Radio,1_0_2_2F3B_441_1_C00000_0_0_0.png,toggoradio.png,19.2E,(1) 19.2E KU-band Astra 1KR/1M/1N/1P,Found
TOGGO plus,1_0_1_2EFE_441_1_C00000_0_0_0.png,toggoplus.png,19.2E,(1) 19.2E KU-band Astra 1KR/1M/1N/1P,Found
TSF JAZZ,1_0_2_23D7_446_1_C00000_0_0_0.png,tsfjazz.png,19.2E,(1) 19.2E KU-band Astra 1KR/1M/1N/1P,Found
TV Berlin,1_0_16_1344_3EF_1_C00000_0_0_0.png,tvberlin.png,19.2E,(1) 19.2E KU-band Astra 1KR/1M/1N/1P,Found
TV Trwam,1_0_19_1090_3EE_1_C00000_0_0_0.png,tvtrwam.png,19.2E,(1) 19.2E KU-band Astra 1KR/1M/1N/1P,Found
TV1 OOE NEU,1_0_16_3403_3ED_1_C00000_0_0_0.png,tv1ooeneu.png,19.2E,(1) 19.2E KU-band Astra 1KR/1M/1N/1P,Found
TV5 MONDE,1_0_19_22C6_434_1_C00000_0_0_0.png,tv5monde.png,19.2E,(1) 19.2E KU-band Astra 1KR/1M/1N/1P,Found
TVMonaco,1_0_1_1645_42C_1_C00000_0_0_0.png,tvmonaco.png,19.2E,(1) 19.2E KU-band Astra 1KR/1M/1N/1P,Found
Telesur English,1_0_19_18F9_3F4_1_C00000_0_0_0.png,telesurenglish.png,19.2E,(1) 19.2E KU-band Astra 1KR/1M/1N/1P,Found
Telesur HD,1_0_19_7A49_410_1_C00000_0_0_0.png,telesurhd.png,19.2E,(1) 19.2E KU-band Astra 1KR/1M/1N/1P,Found
Toute L Histoire,1_0_19_4282_446_1_C00000_0_0_0.png,toutelhistoire.png,19.2E,(1) 19.2E KU-band Astra 1KR/1M/1N/1P,Found
UNIONTV,1_0_19_258E_448_1_C00000_0_0_0.png,uniontv.png,19.2E,(1) 19.2E KU-band Astra 1KR/1M/1N/1P,Found
USHUAIA TV,1_0_19_2459_440_1_C00000_0_0_0.png,ushuaiatv.png,19.2E,(1) 19.2E KU-band Astra 1KR/1M/1N/1P,Found
Universal TV,1_0_19_65_10_85_C00000_0_0_0.png,universaltv.png,19.2E,(1) 19.2E KU-band Astra 1KR/1M/1N/1P,Found
VIXEN,1_0_19_258D_448_1_C00000_0_0_0.png,vixen.png,19.2E,(1) 19.2E KU-band Astra 1KR/1M/1N/1P,Found
VOX,1_0_1_2F1C_441_1_C00000_0_0_0.png,vox.png,19.2E,(1) 19.2E KU-band Astra 1KR/1M/1N/1P,Found
VOX Austria,1_0_1_7085_443_1_C00000_0_0_0.png,voxaustria.png,19.2E,(1) 19.2E KU-band Astra 1KR/1M/1N/1P,Found
VOX HD,1_0_19_EF11_421_1_C00000_0_0_0.png,voxhd.png,19.2E,(1) 19.2E KU-band Astra 1KR/1M/1N/1P,Found
VOXup,1_0_1_7094_443_1_C00000_0_0_0.png,voxup.png,19.2E,(1) 19.2E KU-band Astra 1KR/1M/1N/1P,Found
VOXup HD,1_0_19_EF17_421_1_C00000_0_0_0.png,voxuphd.png,19.2E,(1) 19.2E KU-band Astra 1KR/1M/1N/1P,Found
Vamos Bar HD,1_0_1_7589_412_1_C00000_0_0_0.png,vamosbarhd.png,19.2E,(1) 19.2E KU-band Astra 1KR/1M/1N/1P,Found
W9,1_0_19_2458_440_1_C00000_0_0_0.png,w9.png,19.2E,(1) 19.2E KU-band Astra 1KR/1M/1N/1P,Found
WAIDWERK,1_0_19_10D0_418_1_C00000_0_0_0.png,waidwerk.png,19.2E,(1) 19.2E KU-band Astra 1KR/1M/1N/1P,Found
WARNERTV,1_0_1_76CB_40E_1_C00000_0_0_0.png,warnertv.png,19.2E,(1) 19.2E KU-band Astra 1KR/1M/1N/1P,Found
WDR 2,1_0_A_28D4_40F_1_C00000_0_0_0.png,wdr2.png,19.2E,(1) 19.2E KU-band Astra 1KR/1M/1N/1P,Found
WDR 3,1_0_A_28D5_40F_1_C00000_0_0_0.png,wdr3.png,19.2E,(1) 19.2E KU-band Astra 1KR/1M/1N/1P,Found
WDR 4,1_0_A_28D6_40F_1_C00000_0_0_0.png,wdr4.png,19.2E,(1) 19.2E KU-band Astra 1KR/1M/1N/1P,Found
WDR 5,1_0_A_28D7_40F_1_C00000_0_0_0.png,wdr5.png,19.2E,(1) 19.2E KU-band Astra 1KR/1M/1N/1P,Found
WDR Event,1_0_A_28DB_40F_1_C00000_0_0_0.png,wdrevent.png,19.2E,(1) 19.2E KU-band Astra 1KR/1M/1N/1P,Found
WELT HD,1_0_19_5274_41D_1_C00000_0_0_0.png,welthd.png,19.2E,(1) 19.2E KU-band Astra 1KR/1M/1N/1P,Found
WELT HD Austria,1_0_19_527E_41D_1_C00000_0_0_0.png,welthdaustria.png,19.2E,(1) 19.2E KU-band Astra 1KR/1M/1N/1P,Found
Warner TV Film,1_0_19_8C_4_85_C00000_0_0_0.png,warnertvfilm.png,19.2E,(1) 19.2E KU-band Astra 1KR/1M/1N/1P,Found
Warner TV Serie,1_0_19_7B_10_85_C00000_0_0_0.png,warnertvserie.png,19.2E,(1) 19.2E KU-band Astra 1KR/1M/1N/1P,Found
XXL,1_0_19_2338_442_1_C00000_0_0_0.png,xxl.png,19.2E,(1) 19.2E KU-band Astra 1KR/1M/1N/1P,Found
Xplore,1_0_1_6E2D_431_1_C00000_0_0_0.png,xplore.png,19.2E,(1) 19.2E KU-band Astra 1KR/1M/1N/1P,Found
YOU FM,1_0_A_28E5_425_1_C00000_0_0_0.png,youfm.png,19.2E,(1) 19.2E KU-band Astra 1KR/1M/1N/1P,Found
ZDF HD,1_0_19_2B66_3F3_1_C00000_0_0_0.png,zdfhd.png,19.2E,(1) 19.2E KU-band Astra 1KR/1M/1N/1P,Found
ZDFinfo HD,1_0_19_2BA2_3F2_1_C00000_0_0_0.png,zdfinfohd.png,19.2E,(1) 19.2E KU-band Astra 1KR/1M/1N/1P,Found
eSportsOne,1_0_19_10CE_418_1_C00000_0_0_0.png,esportsone.png,19.2E,(1) 19.2E KU-band Astra 1KR/1M/1N/1P,Found
egoFM,1_0_2_AC_5_85_C00000_0_0_0.png,egofm.png,19.2E,(1) 19.2E KU-band Astra 1KR/1M/1N/1P,Found
hr INFO,1_0_A_28E6_425_1_C00000_0_0_0.png,hrinfo.png,19.2E,(1) 19.2E KU-band Astra 1KR/1M/1N/1P,Found
hr-fernsehen HD,1_0_19_2873_425_1_C00000_0_0_0.png,hrfernsehenhd.png,19.2E,(1) 19.2E KU-band Astra 1KR/1M/1N/1P,Found
hr1,1_0_A_28E1_425_1_C00000_0_0_0.png,hr1.png,19.2E,(1) 19.2E KU-band Astra 1KR/1M/1N/1P,Found
hr3,1_0_A_28E3_425_1_C00000_0_0_0.png,hr3.png,19.2E,(1) 19.2E KU-band Astra 1KR/1M/1N/1P,Found
hr4,1_0_A_28E4_425_1_C00000_0_0_0.png,hr4.png,19.2E,(1) 19.2E KU-band Astra 1KR/1M/1N/1P,Found
krone.tv,1_0_16_3401_3ED_1_C00000_0_0_0.png,kronetv.png,19.2E,(1) 19.2E KU-band Astra 1KR/1M/1N/1P,Found
ntv,1_0_1_2F3A_441_1_C00000_0_0_0.png,ntv.png,19.2E,(1) 19.2E KU-band Astra 1KR/1M/1N/1P,Found
ntv HD,1_0_19_EF14_421_1_C00000_0_0_0.png,ntvhd.png,19.2E,(1) 19.2E KU-band Astra 1KR/1M/1N/1P,Found
oe24.TV HD,1_0_19_3402_3ED_1_C00000_0_0_0.png,oe24tvhd.png,19.2E,(1) 19.2E KU-band Astra 1KR/1M/1N/1P,Found
pearl.tv Shop,1_0_1_2FD_7_85_C00000_0_0_0.png,pearltvshop.png,19.2E,(1) 19.2E KU-band Astra 1KR/1M/1N/1P,Found
rbb Berlin HD,1_0_19_286F_425_1_C00000_0_0_0.png,rbbberlinhd.png,19.2E,(1) 19.2E KU-band Astra 1KR/1M/1N/1P,Found
rbb Brandenburg HD,1_0_19_286E_425_1_C00000_0_0_0.png,rbbbrandenburghd.png,19.2E,(1) 19.2E KU-band Astra 1KR/1M/1N/1P,Found
sportdigital EDGE,1_0_19_10CF_418_1_C00000_0_0_0.png,sportdigitaledge.png,19.2E,(1) 19.2E KU-band Astra 1KR/1M/1N/1P,Found
tagesschau24 HD,1_0_19_2887_40F_1_C00000_0_0_0.png,tagesschau24hd.png,19.2E,(1) 19.2E KU-band Astra 1KR/1M/1N/1P,Found
zdf_neo HD,1_0_19_2B7A_3F3_1_C00000_0_0_0.png,zdfneohd.png,19.2E,(1) 19.2E KU-band Astra 1KR/1M/1N/1P,Found
Al Maghribia,1_0_1_160D_26D_1_C90000_0_0_0.png,almaghribia.png,20.1E,(100) 20.0E C-band Arabsat 5C,Found
Al-EKhbaria,1_0_1_13C8_26D_1_C90000_0_0_0.png,alekhbaria.png,20.1E,(100) 20.0E C-band Arabsat 5C,Found
Canal Algerie,1_0_1_13D8_26D_1_C90000_0_0_0.png,canalalgerie.png,20.1E,(100) 20.0E C-band Arabsat 5C,Found
Digital 1,1_0_1_1_1_0_C91061_0_0_0.png,digital1.png,20.1E,(100) 20.0E C-band Arabsat 5C,Found
ERI TV,1_0_1_13BC_26D_1_C90000_0_0_0.png,eritv.png,20.1E,(100) 20.0E C-band Arabsat 5C,Found
HITRADIO MAROC,1_0_2_2710_1_1_C90F1A_0_0_0.png,hitradiomaroc.png,20.1E,(100) 20.0E C-band Arabsat 5C,Found
Libya Al Watanya,1_0_1_DBE_A28_2BE_C90000_0_0_0.png,libyaalwatanya.png,20.1E,(100) 20.0E C-band Arabsat 5C,Found
Nile TV,1_0_1_89D_26D_1_C90000_0_0_0.png,niletv.png,20.1E,(100) 20.0E C-band Arabsat 5C,Found
Oman TV,1_0_1_BBC_A28_2BE_C90000_0_0_0.png,omantv.png,20.1E,(100) 20.0E C-band Arabsat 5C,Found
Saudi 2,1_0_1_13C9_26D_1_C90000_0_0_0.png,saudi2.png,20.1E,(100) 20.0E C-band Arabsat 5C,Found
Saudi Sunnah,1_0_1_C27_A28_2BE_C90000_0_0_0.png,saudisunnah.png,20.1E,(100) 20.0E C-band Arabsat 5C,Found
Saudi TV,1_0_1_BC0_A28_2BE_C90000_0_0_0.png,sauditv.png,20.1E,(100) 20.0E C-band Arabsat 5C,Found
Saudi-Quran,1_0_1_BC3_A28_2BE_C90000_0_0_0.png,saudiquran.png,20.1E,(100) 20.0E C-band Arabsat 5C,Found
Service-1,1_0_1_1_1_FFFF_C98FE5_0_0_0.png,service1.png,20.1E,(100) 20.0E C-band Arabsat 5C,Found
Sharjah TV,1_0_1_BC2_A28_2BE_C90000_0_0_0.png,sharjahtv.png,20.1E,(100) 20.0E C-band Arabsat 5C,Found
Sudan TV,1_0_1_BEB_A28_2BE_C90000_0_0_0.png,sudantv.png,20.1E,(100) 20.0E C-band Arabsat 5C,Found
ZAD TV,1_0_1_A_26D_1_C90000_0_0_0.png,zadtv.png,20.1E,(100) 20.0E C-band Arabsat 5C,Found
,1_0_0_1_0_0_D7AD81_0_0_0.png,.png,21.5E,(2) 21.5E KU-band Eutelsat 21B,Found
AHTV-HD,1_0_1_44_2_0_D7AAA7_0_0_0.png,ahtvhd.png,21.5E,(2) 21.5E KU-band Eutelsat 21B,Found
Alarabiy Alhadath,1_0_1_1_5_1_D70000_0_0_0.png,alarabiyalhadath.png,21.5E,(2) 21.5E KU-band Eutelsat 21B,Found
Animal Planet CAAC SD,1_0_16_1004_1_1_D7A9E3_0_0_0.png,animalplanetcaacsd.png,21.5E,(2) 21.5E KU-band Eutelsat 21B,Found
CCTV1-HD,1_0_1_33_2_0_D7AAA7_0_0_0.png,cctv1hd.png,21.5E,(2) 21.5E KU-band Eutelsat 21B,Found
CCTV13-HD,1_0_1_3C_2_0_D7AAA7_0_0_0.png,cctv13hd.png,21.5E,(2) 21.5E KU-band Eutelsat 21B,Found
CCTV2-HD,1_0_1_34_2_0_D7AAA7_0_0_0.png,cctv2hd.png,21.5E,(2) 21.5E KU-band Eutelsat 21B,Found
CCTV3-HD,1_0_1_35_2_0_D7AAA7_0_0_0.png,cctv3hd.png,21.5E,(2) 21.5E KU-band Eutelsat 21B,Found
CCTV6-HD,1_0_1_3D_2_0_D7AAA7_0_0_0.png,cctv6hd.png,21.5E,(2) 21.5E KU-band Eutelsat 21B,Found
CCTV7-HD,1_0_1_3B_2_0_D7AAA7_0_0_0.png,cctv7hd.png,21.5E,(2) 21.5E KU-band Eutelsat 21B,Found
CCTV8-HD,1_0_1_3A_2_0_D7AAA7_0_0_0.png,cctv8hd.png,21.5E,(2) 21.5E KU-band Eutelsat 21B,Found
CCTV9-HD,1_0_1_3E_2_0_D7AAA7_0_0_0.png,cctv9hd.png,21.5E,(2) 21.5E KU-band Eutelsat 21B,Found
CHC-F,1_0_1_3F_2_0_D7AAA7_0_0_0.png,chcf.png,21.5E,(2) 21.5E KU-band Eutelsat 21B,Found
CHC-HD,1_0_1_38_2_0_D7AAA7_0_0_0.png,chchd.png,21.5E,(2) 21.5E KU-band Eutelsat 21B,Found
Cartoon Network Central Europe SD,1_0_16_12C0_1_1_D7A9E3_0_0_0.png,cartoonnetworkcentraleuropesd.png,21.5E,(2) 21.5E KU-band Eutelsat 21B,Found
Cartoonito CEE SD,1_0_16_1194_1_1_D7A9E3_0_0_0.png,cartoonitoceesd.png,21.5E,(2) 21.5E KU-band Eutelsat 21B,Found
Discovery Central Europe SD,1_0_16_FA0_1_1_D7A9E3_0_0_0.png,discoverycentraleuropesd.png,21.5E,(2) 21.5E KU-band Eutelsat 21B,Found
ERICSSON,1_0_1_2_1_FFFF_D7ACE4_0_0_0.png,ericsson.png,21.5E,(2) 21.5E KU-band Eutelsat 21B,Found
ERICSSON,1_0_1_2_1_FFFF_D7ACE6_0_0_0.png,ericsson.png,21.5E,(2) 21.5E KU-band Eutelsat 21B,Found
Eurosport 1 NEE HD,1_0_19_11F8_1_1_D7A9E3_0_0_0.png,eurosport1neehd.png,21.5E,(2) 21.5E KU-band Eutelsat 21B,Found
Eurosport 2 NEE HD,1_0_19_125C_1_1_D7A9E3_0_0_0.png,eurosport2neehd.png,21.5E,(2) 21.5E KU-band Eutelsat 21B,Found
ID CAAC SD,1_0_16_1068_1_1_D7A9E3_0_0_0.png,idcaacsd.png,21.5E,(2) 21.5E KU-band Eutelsat 21B,Found
JSTV-HD,1_0_1_42_2_0_D7AAA7_0_0_0.png,jstvhd.png,21.5E,(2) 21.5E KU-band Eutelsat 21B,Found
LNTV-HD,1_0_1_45_2_0_D7AAA7_0_0_0.png,lntvhd.png,21.5E,(2) 21.5E KU-band Eutelsat 21B,Found
MBC DQ FM Main,1_0_1F_1_0_0_D7AD2F_0_0_0.png,mbcdqfmmain.png,21.5E,(2) 21.5E KU-band Eutelsat 21B,Found
MBC FEED HD,1_0_19_1_41_800_D70000_0_0_0.png,mbcfeedhd.png,21.5E,(2) 21.5E KU-band Eutelsat 21B,Found
MBC HOTBIRD,1_0_1_1_1_1_D7AD3F_0_0_0.png,mbchotbird.png,21.5E,(2) 21.5E KU-band Eutelsat 21B,Found
PHX Info HD,1_0_1_46_2_0_D7AAA7_0_0_0.png,phxinfohd.png,21.5E,(2) 21.5E KU-band Eutelsat 21B,Found
SBN-HD,1_0_1_40_2_0_D7AAA7_0_0_0.png,sbnhd.png,21.5E,(2) 21.5E KU-band Eutelsat 21B,Found
SPORT+HD,1_0_1_39_2_0_D7AAA7_0_0_0.png,sporthd.png,21.5E,(2) 21.5E KU-band Eutelsat 21B,Found
SPORT-HD,1_0_1_37_2_0_D7AAA7_0_0_0.png,sporthd.png,21.5E,(2) 21.5E KU-band Eutelsat 21B,Found
Service 01,1_0_1_1_1_1_D72CE9_0_0_0.png,service01.png,21.5E,(2) 21.5E KU-band Eutelsat 21B,Found
Service 01,1_0_1_1_1_1_D72CEC_0_0_0.png,service01.png,21.5E,(2) 21.5E KU-band Eutelsat 21B,Found
Service-1,1_0_1_1_1_FFFF_D72D00_0_0_0.png,service1.png,21.5E,(2) 21.5E KU-band Eutelsat 21B,Found
Service-1,1_0_1_1_1_FFFF_D7AD52_0_0_0.png,service1.png,21.5E,(2) 21.5E KU-band Eutelsat 21B,Found
Service-1,1_0_1_1_1_FFFF_D7AD94_0_0_0.png,service1.png,21.5E,(2) 21.5E KU-band Eutelsat 21B,Found
Service-H,1_0_1_1_1_FFFF_D7ADB0_0_0_0.png,serviceh.png,21.5E,(2) 21.5E KU-band Eutelsat 21B,Found
TLC CAAC SD,1_0_16_10CC_1_1_D7A9E3_0_0_0.png,tlccaacsd.png,21.5E,(2) 21.5E KU-band Eutelsat 21B,Found
ZJTV-HD,1_0_1_43_2_0_D7AAA7_0_0_0.png,zjtvhd.png,21.5E,(2) 21.5E KU-band Eutelsat 21B,Found
,1_0_2_70B_B_3_EB0000_0_0_0.png,.png,23.5E,(3) 23.5E KU-band Astra 3B/3C,Found
,1_0_2_517_B_3_EB0000_0_0_0.png,.png,23.5E,(3) 23.5E KU-band Astra 3B/3C,Found
,1_0_2_643_B_3_EB0000_0_0_0.png,.png,23.5E,(3) 23.5E KU-band Astra 3B/3C,Found
,1_0_2_44F_B_3_EB0000_0_0_0.png,.png,23.5E,(3) 23.5E KU-band Astra 3B/3C,Found
,1_0_2_57B_B_3_EB0000_0_0_0.png,.png,23.5E,(3) 23.5E KU-band Astra 3B/3C,Found
,1_0_2_6A7_B_3_EB0000_0_0_0.png,.png,23.5E,(3) 23.5E KU-band Astra 3B/3C,Found
,1_0_2_4B3_B_3_EB0000_0_0_0.png,.png,23.5E,(3) 23.5E KU-band Astra 3B/3C,Found
,1_0_2_5DF_B_3_EB0000_0_0_0.png,.png,23.5E,(3) 23.5E KU-band Astra 3B/3C,Found
.,1_0_19_17D4_C91_3_EB0000_0_0_0.png,.png,23.5E,(3) 23.5E KU-band Astra 3B/3C,Found
1+1,1_0_16_1E5B_C9E_3_EB0000_0_0_0.png,11.png,23.5E,(3) 23.5E KU-band Astra 3B/3C,Found
1050 Kielce SuperNova,1_0_1_41A_0_1_EB0000_0_0_0.png,1050kielcesupernova.png,23.5E,(3) 23.5E KU-band Astra 3B/3C,Found
1070 Krakow SuperNova,1_0_1_42E_0_1_EB0000_0_0_0.png,1070krakowsupernova.png,23.5E,(3) 23.5E KU-band Astra 3B/3C,Found
1100 Lodz SuperNova,1_0_1_44C_0_1_EB0000_0_0_0.png,1100lodzsupernova.png,23.5E,(3) 23.5E KU-band Astra 3B/3C,Found
1120 Opole SuperNova,1_0_1_460_0_1_EB0000_0_0_0.png,1120opolesupernova.png,23.5E,(3) 23.5E KU-band Astra 3B/3C,Found
1150 Torun SuperNova,1_0_1_47E_0_1_EB0000_0_0_0.png,1150torunsupernova.png,23.5E,(3) 23.5E KU-band Astra 3B/3C,Found
1170 Gdansk SuperNova,1_0_1_492_0_1_EB0000_0_0_0.png,1170gdansksupernova.png,23.5E,(3) 23.5E KU-band Astra 3B/3C,Found
1180 Wroclaw SuperNova,1_0_1_49C_0_1_EB0000_0_0_0.png,1180wroclawsupernova.png,23.5E,(3) 23.5E KU-band Astra 3B/3C,Found
1240 Rzeszow SuperNova,1_0_1_4D8_0_1_EB0000_0_0_0.png,1240rzeszowsupernova.png,23.5E,(3) 23.5E KU-band Astra 3B/3C,Found
12441V SID 0x4e46,1_0_1_4E46_5_0_EB0000_0_0_0.png,12441vsid0x4e46.png,23.5E,(3) 23.5E KU-band Astra 3B/3C,Found
12441V SID 0x4e57,1_0_1_4E57_5_0_EB0000_0_0_0.png,12441vsid0x4e57.png,23.5E,(3) 23.5E KU-band Astra 3B/3C,Found
1260 Szczecin SuperNova,1_0_1_4EC_0_1_EB0000_0_0_0.png,1260szczecinsupernova.png,23.5E,(3) 23.5E KU-band Astra 3B/3C,Found
1290 Nowy-Sacz SuperNova,1_0_1_50A_0_1_EB0000_0_0_0.png,1290nowysaczsupernova.png,23.5E,(3) 23.5E KU-band Astra 3B/3C,Found
1370 Stalowa-Wola SuperNova,1_0_1_55A_0_1_EB0000_0_0_0.png,1370stalowawolasupernova.png,23.5E,(3) 23.5E KU-band Astra 3B/3C,Found
1380 Warszawa SuperNova,1_0_1_564_0_1_EB0000_0_0_0.png,1380warszawasupernova.png,23.5E,(3) 23.5E KU-band Astra 3B/3C,Found
1390 Biala-Podlaska SuperNova,1_0_1_56E_0_1_EB0000_0_0_0.png,1390bialapodlaskasupernova.png,23.5E,(3) 23.5E KU-band Astra 3B/3C,Found
1480 Jelenia-Gora SuperNova,1_0_1_5C8_0_1_EB0000_0_0_0.png,1480jeleniagorasupernova.png,23.5E,(3) 23.5E KU-band Astra 3B/3C,Found
1510 Trzebnica SuperNova,1_0_1_5E6_0_1_EB0000_0_0_0.png,1510trzebnicasupernova.png,23.5E,(3) 23.5E KU-band Astra 3B/3C,Found
1530 Paprotnia SuperNova,1_0_1_5FA_0_1_EB0000_0_0_0.png,1530paprotniasupernova.png,23.5E,(3) 23.5E KU-band Astra 3B/3C,Found
192TV,1_0_16_177F_C82_3_EB0000_0_0_0.png,192tv.png,23.5E,(3) 23.5E KU-band Astra 3B/3C,Found
2000 SES ESKA,1_0_1_7D0_0_1_EB0000_0_0_0.png,2000seseska.png,23.5E,(3) 23.5E KU-band Astra 3B/3C,Found
2010 Belchatow ESKA,1_0_1_7DA_0_1_EB0000_0_0_0.png,2010belchatoweska.png,23.5E,(3) 23.5E KU-band Astra 3B/3C,Found
2020 Bialystok ESKA,1_0_1_7E4_0_1_EB0000_0_0_0.png,2020bialystokeska.png,23.5E,(3) 23.5E KU-band Astra 3B/3C,Found
2030 Bydgoszcz ESKA,1_0_1_7EE_0_1_EB0000_0_0_0.png,2030bydgoszczeska.png,23.5E,(3) 23.5E KU-band Astra 3B/3C,Found
2040 Gorzow ESKA,1_0_1_7F8_0_1_EB0000_0_0_0.png,2040gorzoweska.png,23.5E,(3) 23.5E KU-band Astra 3B/3C,Found
2050 Kielce ESKA,1_0_1_802_0_1_EB0000_0_0_0.png,2050kielceeska.png,23.5E,(3) 23.5E KU-band Astra 3B/3C,Found
2060 Siedlce ESKA,1_0_1_80C_0_1_EB0000_0_0_0.png,2060siedlceeska.png,23.5E,(3) 23.5E KU-band Astra 3B/3C,Found
2070 Krakow ESKA,1_0_1_816_0_1_EB0000_0_0_0.png,2070krakoweska.png,23.5E,(3) 23.5E KU-band Astra 3B/3C,Found
2080 Leszno ESKA,1_0_1_820_0_1_EB0000_0_0_0.png,2080lesznoeska.png,23.5E,(3) 23.5E KU-band Astra 3B/3C,Found
2090 Pila ESKA,1_0_1_82A_0_1_EB0000_0_0_0.png,2090pilaeska.png,23.5E,(3) 23.5E KU-band Astra 3B/3C,Found
2100 Lodz ESKA,1_0_1_834_0_1_EB0000_0_0_0.png,2100lodzeska.png,23.5E,(3) 23.5E KU-band Astra 3B/3C,Found
2110 Olsztyn ESKA,1_0_1_83E_0_1_EB0000_0_0_0.png,2110olsztyneska.png,23.5E,(3) 23.5E KU-band Astra 3B/3C,Found
2120 Opole ESKA,1_0_1_848_0_1_EB0000_0_0_0.png,2120opoleeska.png,23.5E,(3) 23.5E KU-band Astra 3B/3C,Found
2130 Lublin ESKA,1_0_1_852_0_1_EB0000_0_0_0.png,2130lublineska.png,23.5E,(3) 23.5E KU-band Astra 3B/3C,Found
2140 Poznan ESKA,1_0_1_85C_0_1_EB0000_0_0_0.png,2140poznaneska.png,23.5E,(3) 23.5E KU-band Astra 3B/3C,Found
2150 Torun ESKA,1_0_1_866_0_1_EB0000_0_0_0.png,2150toruneska.png,23.5E,(3) 23.5E KU-band Astra 3B/3C,Found
2160 Tarnow ESKA,1_0_1_870_0_1_EB0000_0_0_0.png,2160tarnoweska.png,23.5E,(3) 23.5E KU-band Astra 3B/3C,Found
2170 Trojmiasto ESKA,1_0_1_87A_0_1_EB0000_0_0_0.png,2170trojmiastoeska.png,23.5E,(3) 23.5E KU-band Astra 3B/3C,Found
2180 Wroclaw ESKA,1_0_1_884_0_1_EB0000_0_0_0.png,2180wroclaweska.png,23.5E,(3) 23.5E KU-band Astra 3B/3C,Found
2190 Zielona-Gora ESKA,1_0_1_88E_0_1_EB0000_0_0_0.png,2190zielonagoraeska.png,23.5E,(3) 23.5E KU-band Astra 3B/3C,Found
2200 Ostrow ESKA,1_0_1_898_0_1_EB0000_0_0_0.png,2200ostroweska.png,23.5E,(3) 23.5E KU-band Astra 3B/3C,Found
2210 Radom ESKA,1_0_1_8A2_0_1_EB0000_0_0_0.png,2210radomeska.png,23.5E,(3) 23.5E KU-band Astra 3B/3C,Found
2220 Slask ESKA,1_0_1_8AC_0_1_EB0000_0_0_0.png,2220slaskeska.png,23.5E,(3) 23.5E KU-band Astra 3B/3C,Found
2230 Zamosc ESKA,1_0_1_8B6_0_1_EB0000_0_0_0.png,2230zamosceska.png,23.5E,(3) 23.5E KU-band Astra 3B/3C,Found
2240 Rzeszow ESKA,1_0_1_8C0_0_1_EB0000_0_0_0.png,2240rzeszoweska.png,23.5E,(3) 23.5E KU-band Astra 3B/3C,Found
2250 Plock ESKA,1_0_1_8CA_0_1_EB0000_0_0_0.png,2250plockeska.png,23.5E,(3) 23.5E KU-band Astra 3B/3C,Found
2260 Szczecin ESKA,1_0_1_8D4_0_1_EB0000_0_0_0.png,2260szczecineska.png,23.5E,(3) 23.5E KU-band Astra 3B/3C,Found
2270 Koszalin ESKA,1_0_1_8DE_0_1_EB0000_0_0_0.png,2270koszalineska.png,23.5E,(3) 23.5E KU-band Astra 3B/3C,Found
2300 Beskidy/Zywiec ESKA,1_0_1_8FC_0_1_EB0000_0_0_0.png,2300beskidyzywieceska.png,23.5E,(3) 23.5E KU-band Astra 3B/3C,Found
2310 Szczecinek ESKA,1_0_1_906_0_1_EB0000_0_0_0.png,2310szczecinekeska.png,23.5E,(3) 23.5E KU-band Astra 3B/3C,Found
2320 Przemysl ESKA,1_0_1_910_0_1_EB0000_0_0_0.png,2320przemysleska.png,23.5E,(3) 23.5E KU-band Astra 3B/3C,Found
2330 Malopolska ESKA,1_0_1_91A_0_1_EB0000_0_0_0.png,2330malopolskaeska.png,23.5E,(3) 23.5E KU-band Astra 3B/3C,Found
2360 Krasnik ESKA,1_0_1_938_0_1_EB0000_0_0_0.png,2360krasnikeska.png,23.5E,(3) 23.5E KU-band Astra 3B/3C,Found
2400 Starachowice ESKA,1_0_1_960_0_1_EB0000_0_0_0.png,2400starachowiceeska.png,23.5E,(3) 23.5E KU-band Astra 3B/3C,Found
2420 Zary ESKA,1_0_1_974_0_1_EB0000_0_0_0.png,2420zaryeska.png,23.5E,(3) 23.5E KU-band Astra 3B/3C,Found
2430 Elblag ESKA,1_0_1_97E_0_1_EB0000_0_0_0.png,2430elblageska.png,23.5E,(3) 23.5E KU-band Astra 3B/3C,Found
2440 Ilawa ESKA,1_0_1_988_0_1_EB0000_0_0_0.png,2440ilawaeska.png,23.5E,(3) 23.5E KU-band Astra 3B/3C,Found
2450 Grudziadz ESKA,1_0_1_992_0_1_EB0000_0_0_0.png,2450grudziadzeska.png,23.5E,(3) 23.5E KU-band Astra 3B/3C,Found
2460 Lomza ESKA,1_0_1_99C_0_1_EB0000_0_0_0.png,2460lomzaeska.png,23.5E,(3) 23.5E KU-band Astra 3B/3C,Found
2480 JG-Wroclaw ESKA,1_0_1_9B0_0_1_EB0000_0_0_0.png,2480jgwroclaweska.png,23.5E,(3) 23.5E KU-band Astra 3B/3C,Found
24Kitchen,1_0_1_4EAC_CA4_3_EB0000_0_0_0.png,24kitchen.png,23.5E,(3) 23.5E KU-band Astra 3B/3C,Found
24Kitchen,1_0_16_523F_C99_3_EB0000_0_0_0.png,24kitchen.png,23.5E,(3) 23.5E KU-band Astra 3B/3C,Found
24Kitchen Adria,1_0_1_4F38_CA6_3_EB0000_0_0_0.png,24kitchenadria.png,23.5E,(3) 23.5E KU-band Astra 3B/3C,Found
2500 Ostrzeszow ESKA,1_0_1_9C4_0_1_EB0000_0_0_0.png,2500ostrzeszoweska.png,23.5E,(3) 23.5E KU-band Astra 3B/3C,Found
2520 Braniewo ESKA,1_0_1_9D8_0_1_EB0000_0_0_0.png,2520braniewoeska.png,23.5E,(3) 23.5E KU-band Astra 3B/3C,Found
3040 Gorzow VOX,1_0_1_BE0_0_1_EB0000_0_0_0.png,3040gorzowvox.png,23.5E,(3) 23.5E KU-band Astra 3B/3C,Found
3140 Poznan VOX,1_0_1_C44_0_1_EB0000_0_0_0.png,3140poznanvox.png,23.5E,(3) 23.5E KU-band Astra 3B/3C,Found
3210 Radom VOX,1_0_1_C8A_0_1_EB0000_0_0_0.png,3210radomvox.png,23.5E,(3) 23.5E KU-band Astra 3B/3C,Found
3990 VOX,1_0_1_F96_0_1_EB0000_0_0_0.png,3990vox.png,23.5E,(3) 23.5E KU-band Astra 3B/3C,Found
4000 SES PLUS,1_0_1_FA0_0_1_EB0000_0_0_0.png,4000sesplus.png,23.5E,(3) 23.5E KU-band Astra 3B/3C,Found
4070 Krakow PLUS,1_0_1_FE6_0_1_EB0000_0_0_0.png,4070krakowplus.png,23.5E,(3) 23.5E KU-band Astra 3B/3C,Found
4110 Olsztyn PLUS,1_0_1_100E_0_1_EB0000_0_0_0.png,4110olsztynplus.png,23.5E,(3) 23.5E KU-band Astra 3B/3C,Found
4130 Lublin PLUS,1_0_1_1022_0_1_EB0000_0_0_0.png,4130lublinplus.png,23.5E,(3) 23.5E KU-band Astra 3B/3C,Found
4270 Koszalin PLUS,1_0_1_10AE_0_1_EB0000_0_0_0.png,4270koszalinplus.png,23.5E,(3) 23.5E KU-band Astra 3B/3C,Found
4340 Podhale PLUS,1_0_1_10F4_0_1_EB0000_0_0_0.png,4340podhaleplus.png,23.5E,(3) 23.5E KU-band Astra 3B/3C,Found
5000 - Testowy 1,1_0_1_1388_0_1_EB0000_0_0_0.png,5000testowy1.png,23.5E,(3) 23.5E KU-band Astra 3B/3C,Found
7990,1_0_1_1F36_0_1_EB0000_0_0_0.png,7990.png,23.5E,(3) 23.5E KU-band Astra 3B/3C,Found
8010 Radio Rodzina,1_0_1_1F4A_0_1_EB0000_0_0_0.png,8010radiorodzina.png,23.5E,(3) 23.5E KU-band Astra 3B/3C,Found
8020 Emaus,1_0_1_1F54_0_1_EB0000_0_0_0.png,8020emaus.png,23.5E,(3) 23.5E KU-band Astra 3B/3C,Found
A11,1_0_16_312_C94_3_EB0000_0_0_0.png,a11.png,23.5E,(3) 23.5E KU-band Astra 3B/3C,Found
AMC,1_0_1_4E5A_C9C_3_EB0000_0_0_0.png,amc.png,23.5E,(3) 23.5E KU-band Astra 3B/3C,Found
AMC,1_0_1_4E5A_CA8_3_EB0000_0_0_0.png,amc.png,23.5E,(3) 23.5E KU-band Astra 3B/3C,Found
AMC,1_0_16_36FB_C8C_3_EB0000_0_0_0.png,amc.png,23.5E,(3) 23.5E KU-band Astra 3B/3C,Found
AMC SK,1_0_16_372B_C8E_3_EB0000_0_0_0.png,amcsk.png,23.5E,(3) 23.5E KU-band Astra 3B/3C,Found
ARMY FM,1_0_2_1E2A_C9E_3_EB0000_0_0_0.png,armyfm.png,23.5E,(3) 23.5E KU-band Astra 3B/3C,Found
ATV,1_0_1_4E8F_CA4_3_EB0000_0_0_0.png,atv.png,23.5E,(3) 23.5E KU-band Astra 3B/3C,Found
AXN Black Central Europe,1_0_16_3D00_C95_3_EB0000_0_0_0.png,axnblackcentraleurope.png,23.5E,(3) 23.5E KU-band Astra 3B/3C,Found
AXN CZ,1_0_16_315_C94_3_EB0000_0_0_0.png,axncz.png,23.5E,(3) 23.5E KU-band Astra 3B/3C,Found
AXN White Central Europe,1_0_16_3D01_C95_3_EB0000_0_0_0.png,axnwhitecentraleurope.png,23.5E,(3) 23.5E KU-band Astra 3B/3C,Found
Adria TV,1_0_1_4F1B_CA5_3_EB0000_0_0_0.png,adriatv.png,23.5E,(3) 23.5E KU-band Astra 3B/3C,Found
Agro TV HD,1_0_19_4E32_C8B_3_EB0000_0_0_0.png,agrotvhd.png,23.5E,(3) 23.5E KU-band Astra 3B/3C,Found
Al Jazeera,1_0_1_4E86_CA8_3_EB0000_0_0_0.png,aljazeera.png,23.5E,(3) 23.5E KU-band Astra 3B/3C,Found
Alfa TV,1_0_1_4F32_CA6_3_EB0000_0_0_0.png,alfatv.png,23.5E,(3) 23.5E KU-band Astra 3B/3C,Found
Alsat M,1_0_1_4F33_CA6_3_EB0000_0_0_0.png,alsatm.png,23.5E,(3) 23.5E KU-band Astra 3B/3C,Found
Animal Planet,1_0_1_4E9A_CA4_3_EB0000_0_0_0.png,animalplanet.png,23.5E,(3) 23.5E KU-band Astra 3B/3C,Found
Arena 1x2,1_0_1_4EBD_CA4_3_EB0000_0_0_0.png,arena1x2.png,23.5E,(3) 23.5E KU-band Astra 3B/3C,Found
Arena Adrenalin,1_0_1_4E9A_C9F_3_EB0000_0_0_0.png,arenaadrenalin.png,23.5E,(3) 23.5E KU-band Astra 3B/3C,Found
Arena ESport,1_0_1_4E52_CA7_3_EB0000_0_0_0.png,arenaesport.png,23.5E,(3) 23.5E KU-band Astra 3B/3C,Found
Arena Fight,1_0_1_4E6B_CA5_3_EB0000_0_0_0.png,arenafight.png,23.5E,(3) 23.5E KU-band Astra 3B/3C,Found
Arena Premium 1,1_0_1_4EAF_CA4_3_EB0000_0_0_0.png,arenapremium1.png,23.5E,(3) 23.5E KU-band Astra 3B/3C,Found
Arena Premium 2,1_0_1_4E5B_CA8_3_EB0000_0_0_0.png,arenapremium2.png,23.5E,(3) 23.5E KU-band Astra 3B/3C,Found
Arena Premium 3,1_0_1_4ECA_CA5_3_EB0000_0_0_0.png,arenapremium3.png,23.5E,(3) 23.5E KU-band Astra 3B/3C,Found
Arena Premium 4 HD,1_0_1_4F23_C9C_3_EB0000_0_0_0.png,arenapremium4hd.png,23.5E,(3) 23.5E KU-band Astra 3B/3C,Found
Arena Premium 5 HD,1_0_1_4F2F_C9F_3_EB0000_0_0_0.png,arenapremium5hd.png,23.5E,(3) 23.5E KU-band Astra 3B/3C,Found
Arena Premium_1,1_0_1_4EA9_CA4_3_EB0000_0_0_0.png,arenapremium1.png,23.5E,(3) 23.5E KU-band Astra 3B/3C,Found
Arena Premium_2,1_0_19_4EA0_CA4_3_EB0000_0_0_0.png,arenapremium2.png,23.5E,(3) 23.5E KU-band Astra 3B/3C,Found
Arena Premium_3,1_0_1_4F08_CA5_3_EB0000_0_0_0.png,arenapremium3.png,23.5E,(3) 23.5E KU-band Astra 3B/3C,Found
Arena Sport 1 HD,1_0_19_3C29_C90_3_EB0000_0_0_0.png,arenasport1hd.png,23.5E,(3) 23.5E KU-band Astra 3B/3C,Found
Arena Sport 1 HD,1_0_19_4E34_CA7_3_EB0000_0_0_0.png,arenasport1hd.png,23.5E,(3) 23.5E KU-band Astra 3B/3C,Found
Arena Sport 1 HD CG,1_0_1_4EE9_CA5_3_EB0000_0_0_0.png,arenasport1hdcg.png,23.5E,(3) 23.5E KU-band Astra 3B/3C,Found
Arena Sport 10 HD,1_0_1_4EAE_CA4_3_EB0000_0_0_0.png,arenasport10hd.png,23.5E,(3) 23.5E KU-band Astra 3B/3C,Found
Arena Sport 2 HD,1_0_19_3724_C8E_3_EB0000_0_0_0.png,arenasport2hd.png,23.5E,(3) 23.5E KU-band Astra 3B/3C,Found
Arena Sport 2 HD,1_0_19_4E35_CA7_3_EB0000_0_0_0.png,arenasport2hd.png,23.5E,(3) 23.5E KU-band Astra 3B/3C,Found
Arena Sport 3 HD,1_0_19_4E36_CA7_3_EB0000_0_0_0.png,arenasport3hd.png,23.5E,(3) 23.5E KU-band Astra 3B/3C,Found
Arena Sport 4 HD,1_0_19_4E37_CA7_3_EB0000_0_0_0.png,arenasport4hd.png,23.5E,(3) 23.5E KU-band Astra 3B/3C,Found
Arena Sport 5 HD,1_0_19_4E38_CA7_3_EB0000_0_0_0.png,arenasport5hd.png,23.5E,(3) 23.5E KU-band Astra 3B/3C,Found
Arena Sport 6 HD,1_0_1_4EEB_CA8_3_EB0000_0_0_0.png,arenasport6hd.png,23.5E,(3) 23.5E KU-band Astra 3B/3C,Found
Arena Sport 7 HD,1_0_1_4EEC_CA8_3_EB0000_0_0_0.png,arenasport7hd.png,23.5E,(3) 23.5E KU-band Astra 3B/3C,Found
Arena Sport 8 HD,1_0_1_4EED_CA4_3_EB0000_0_0_0.png,arenasport8hd.png,23.5E,(3) 23.5E KU-band Astra 3B/3C,Found
Arena Sport 9 HD,1_0_1_4F3A_CA6_3_EB0000_0_0_0.png,arenasport9hd.png,23.5E,(3) 23.5E KU-band Astra 3B/3C,Found
Arena Sport_1 HD,1_0_1_4EE8_CA5_3_EB0000_0_0_0.png,arenasport1hd.png,23.5E,(3) 23.5E KU-band Astra 3B/3C,Found
Arena Sport_2 HD,1_0_1_4E46_CA6_3_EB0000_0_0_0.png,arenasport2hd.png,23.5E,(3) 23.5E KU-band Astra 3B/3C,Found
Arena Sport_3 HD,1_0_1_4E57_CA6_3_EB0000_0_0_0.png,arenasport3hd.png,23.5E,(3) 23.5E KU-band Astra 3B/3C,Found
Arena Sport_4 HD,1_0_1_4E4A_CA6_3_EB0000_0_0_0.png,arenasport4hd.png,23.5E,(3) 23.5E KU-band Astra 3B/3C,Found
Arena Tenis HD,1_0_1_4E43_C9C_3_EB0000_0_0_0.png,arenatenishd.png,23.5E,(3) 23.5E KU-band Astra 3B/3C,Found
Arena_Sport 4,1_0_1_4EFB_CA5_3_EB0000_0_0_0.png,arenasport4.png,23.5E,(3) 23.5E KU-band Astra 3B/3C,Found
Arena_Sport 5,1_0_1_4EF3_C8B_3_EB0000_0_0_0.png,arenasport5.png,23.5E,(3) 23.5E KU-band Astra 3B/3C,Found
Arena_Sport 6,1_0_1_4F09_CA5_3_EB0000_0_0_0.png,arenasport6.png,23.5E,(3) 23.5E KU-band Astra 3B/3C,Found
Arrow Classic Rock,1_0_2_17F0_C82_3_EB0000_0_0_0.png,arrowclassicrock.png,23.5E,(3) 23.5E KU-band Astra 3B/3C,Found
AutoMotorSport HD,1_0_19_17D0_C82_3_EB0000_0_0_0.png,automotorsporthd.png,23.5E,(3) 23.5E KU-band Astra 3B/3C,Found
AutoMotorSport HD,1_0_19_17D7_C91_3_EB0000_0_0_0.png,automotorsporthd.png,23.5E,(3) 23.5E KU-band Astra 3B/3C,Found
B92,1_0_1_4E26_CA7_3_EB0000_0_0_0.png,b92.png,23.5E,(3) 23.5E KU-band Astra 3B/3C,Found
BBC Earth,1_0_1_4E99_CA4_3_EB0000_0_0_0.png,bbcearth.png,23.5E,(3) 23.5E KU-band Astra 3B/3C,Found
BBC NL,1_0_19_52B0_C99_3_EB0000_0_0_0.png,bbcnl.png,23.5E,(3) 23.5E KU-band Astra 3B/3C,Found
BBC News,1_0_1_4F17_C9F_3_EB0000_0_0_0.png,bbcnews.png,23.5E,(3) 23.5E KU-band Astra 3B/3C,Found
BEAT JZ,1_0_1_134F_CA2_3_EB0000_0_0_0.png,beatjz.png,23.5E,(3) 23.5E KU-band Astra 3B/3C,Found
BEAT SV,1_0_1_1350_CA2_3_EB0000_0_0_0.png,beatsv.png,23.5E,(3) 23.5E KU-band Astra 3B/3C,Found
BHTV,1_0_1_4E90_CA8_3_EB0000_0_0_0.png,bhtv.png,23.5E,(3) 23.5E KU-band Astra 3B/3C,Found
BN 2,1_0_1_4E87_CA8_3_EB0000_0_0_0.png,bn2.png,23.5E,(3) 23.5E KU-band Astra 3B/3C,Found
BN HD,1_0_1_4E88_CA8_3_EB0000_0_0_0.png,bnhd.png,23.5E,(3) 23.5E KU-band Astra 3B/3C,Found
BN Music,1_0_1_4EBA_CA4_3_EB0000_0_0_0.png,bnmusic.png,23.5E,(3) 23.5E KU-band Astra 3B/3C,Found
BN radio,1_0_2_5157_CA6_3_EB0000_0_0_0.png,bnradio.png,23.5E,(3) 23.5E KU-band Astra 3B/3C,Found
BNR Nieuwsradio,1_0_2_4ED1_C99_3_EB0000_0_0_0.png,bnrnieuwsradio.png,23.5E,(3) 23.5E KU-band Astra 3B/3C,Found
Baby TV,1_0_1_4F24_C9C_3_EB0000_0_0_0.png,babytv.png,23.5E,(3) 23.5E KU-band Astra 3B/3C,Found
Baby TV,1_0_1_4F24_CA5_3_EB0000_0_0_0.png,babytv.png,23.5E,(3) 23.5E KU-band Astra 3B/3C,Found
Balkan Sport 2,1_0_1_4EA5_CA4_3_EB0000_0_0_0.png,balkansport2.png,23.5E,(3) 23.5E KU-band Astra 3B/3C,Found
Balkan Trip,1_0_1_4E56_CA5_3_EB0000_0_0_0.png,balkantrip.png,23.5E,(3) 23.5E KU-band Astra 3B/3C,Found
Barrandov Krimi,1_0_16_31E_C94_3_EB0000_0_0_0.png,barrandovkrimi.png,23.5E,(3) 23.5E KU-band Astra 3B/3C,Found
Blic TV HD,1_0_1_4EC4_C8B_3_EB0000_0_0_0.png,blictvhd.png,23.5E,(3) 23.5E KU-band Astra 3B/3C,Found
Bloomberg Adria,1_0_1_4E6D_CA6_3_EB0000_0_0_0.png,bloombergadria.png,23.5E,(3) 23.5E KU-band Astra 3B/3C,Found
Bor TV,1_0_1_4EFD_C9C_3_EB0000_0_0_0.png,bortv.png,23.5E,(3) 23.5E KU-band Astra 3B/3C,Found
Bravo Music,1_0_1_4EBF_C9F_3_EB0000_0_0_0.png,bravomusic.png,23.5E,(3) 23.5E KU-band Astra 3B/3C,Found
Bravo music,1_0_1_4EBF_CA6_3_EB0000_0_0_0.png,bravomusic.png,23.5E,(3) 23.5E KU-band Astra 3B/3C,Found
Brazzers,1_0_1_4ED5_CA4_3_EB0000_0_0_0.png,brazzers.png,23.5E,(3) 23.5E KU-band Astra 3B/3C,Found
CD Infokanaal,1_0_16_17E0_C82_3_EB0000_0_0_0.png,cdinfokanaal.png,23.5E,(3) 23.5E KU-band Astra 3B/3C,Found
CNN,1_0_1_4EC5_CA4_3_EB0000_0_0_0.png,cnn.png,23.5E,(3) 23.5E KU-band Astra 3B/3C,Found
CNN Prima News HD,1_0_19_36FF_C8C_3_EB0000_0_0_0.png,cnnprimanewshd.png,23.5E,(3) 23.5E KU-band Astra 3B/3C,Found
COUNTRY JZ,1_0_1_1352_CA2_3_EB0000_0_0_0.png,countryjz.png,23.5E,(3) 23.5E KU-band Astra 3B/3C,Found
COUNTRY SV,1_0_1_1353_CA2_3_EB0000_0_0_0.png,countrysv.png,23.5E,(3) 23.5E KU-band Astra 3B/3C,Found
CS Film,1_0_16_36EA_C8C_3_EB0000_0_0_0.png,csfilm.png,23.5E,(3) 23.5E KU-band Astra 3B/3C,Found
CS History,1_0_16_335A_C93_3_EB0000_0_0_0.png,cshistory.png,23.5E,(3) 23.5E KU-band Astra 3B/3C,Found
CS Horror,1_0_16_36EB_C8C_3_EB0000_0_0_0.png,cshorror.png,23.5E,(3) 23.5E KU-band Astra 3B/3C,Found
CS Mystery,1_0_16_334D_C93_3_EB0000_0_0_0.png,csmystery.png,23.5E,(3) 23.5E KU-band Astra 3B/3C,Found
CT 1 JM HD,1_0_19_1F48_CA1_3_EB0000_0_0_0.png,ct1jmhd.png,23.5E,(3) 23.5E KU-band Astra 3B/3C,Found
CT 1 JZC HD,1_0_19_1F4C_CA1_3_EB0000_0_0_0.png,ct1jzchd.png,23.5E,(3) 23.5E KU-band Astra 3B/3C,Found
CT 1 PHA HD,1_0_19_1F41_CA1_3_EB0000_0_0_0.png,ct1phahd.png,23.5E,(3) 23.5E KU-band Astra 3B/3C,Found
CT 1 SM HD,1_0_19_1F47_CA1_3_EB0000_0_0_0.png,ct1smhd.png,23.5E,(3) 23.5E KU-band Astra 3B/3C,Found
CT 1 SVC HD,1_0_19_1F4A_CA1_3_EB0000_0_0_0.png,ct1svchd.png,23.5E,(3) 23.5E KU-band Astra 3B/3C,Found
CT 2 HD,1_0_19_1F42_CA1_3_EB0000_0_0_0.png,ct2hd.png,23.5E,(3) 23.5E KU-band Astra 3B/3C,Found
CT 24 HD,1_0_19_1F43_CA1_3_EB0000_0_0_0.png,ct24hd.png,23.5E,(3) 23.5E KU-band Astra 3B/3C,Found
CT sport HD,1_0_19_1F44_CA1_3_EB0000_0_0_0.png,ctsporthd.png,23.5E,(3) 23.5E KU-band Astra 3B/3C,Found
Cartoon Network,1_0_1_4E93_C9F_3_EB0000_0_0_0.png,cartoonnetwork.png,23.5E,(3) 23.5E KU-band Astra 3B/3C,Found
Cartoon Network CZ,1_0_16_36F5_C8C_3_EB0000_0_0_0.png,cartoonnetworkcz.png,23.5E,(3) 23.5E KU-band Astra 3B/3C,Found
Cartoonito,1_0_1_4EC9_C9C_3_EB0000_0_0_0.png,cartoonito.png,23.5E,(3) 23.5E KU-band Astra 3B/3C,Found
Cartoonito,1_0_16_30B_C94_3_EB0000_0_0_0.png,cartoonito.png,23.5E,(3) 23.5E KU-band Astra 3B/3C,Found
Chamber TV HD,1_0_1_1469_C98_3_EB0000_0_0_0.png,chambertvhd.png,23.5E,(3) 23.5E KU-band Astra 3B/3C,Found
Cinemax,1_0_19_4E69_CA8_3_EB0000_0_0_0.png,cinemax.png,23.5E,(3) 23.5E KU-band Astra 3B/3C,Found
Cinemax 2,1_0_19_4E6A_CA8_3_EB0000_0_0_0.png,cinemax2.png,23.5E,(3) 23.5E KU-band Astra 3B/3C,Found
Cinemax HD,1_0_19_3C2C_C90_3_EB0000_0_0_0.png,cinemaxhd.png,23.5E,(3) 23.5E KU-band Astra 3B/3C,Found
Cinemax2 HD,1_0_19_3CF6_C95_3_EB0000_0_0_0.png,cinemax2hd.png,23.5E,(3) 23.5E KU-band Astra 3B/3C,Found
City Play,1_0_1_4EBE_C9C_3_EB0000_0_0_0.png,cityplay.png,23.5E,(3) 23.5E KU-band Astra 3B/3C,Found
City Play,1_0_1_4EBE_CA4_3_EB0000_0_0_0.png,cityplay.png,23.5E,(3) 23.5E KU-band Astra 3B/3C,Found
Comedy Central Hungary,1_0_16_317_C94_3_EB0000_0_0_0.png,comedycentralhungary.png,23.5E,(3) 23.5E KU-band Astra 3B/3C,Found
Comedy Central Hungary,1_0_16_3CFA_C95_3_EB0000_0_0_0.png,comedycentralhungary.png,23.5E,(3) 23.5E KU-band Astra 3B/3C,Found
Comedy Central NL,1_0_16_5275_C99_3_EB0000_0_0_0.png,comedycentralnl.png,23.5E,(3) 23.5E KU-band Astra 3B/3C,Found
Cool,1_0_16_1C17_C88_3_EB0000_0_0_0.png,cool.png,23.5E,(3) 23.5E KU-band Astra 3B/3C,Found
Cool TV,1_0_1_4F01_CA5_3_EB0000_0_0_0.png,cooltv.png,23.5E,(3) 23.5E KU-band Astra 3B/3C,Found
Crime and Investigation,1_0_1_4EEE_C9F_3_EB0000_0_0_0.png,crimeandinvestigation.png,23.5E,(3) 23.5E KU-band Astra 3B/3C,Found
Crime+Investigation,1_0_16_1B97_C88_3_EB0000_0_0_0.png,crimeinvestigation.png,23.5E,(3) 23.5E KU-band Astra 3B/3C,Found
DAJTO HD,1_0_19_3397_C9D_3_EB0000_0_0_0.png,dajtohd.png,23.5E,(3) 23.5E KU-band Astra 3B/3C,Found
DAZN Pro League 1 NL,1_0_16_52EC_C96_3_EB0000_0_0_0.png,daznproleague1nl.png,23.5E,(3) 23.5E KU-band Astra 3B/3C,Found
DIM TV,1_0_1_1E41_C9E_3_EB0000_0_0_0.png,dimtv.png,23.5E,(3) 23.5E KU-band Astra 3B/3C,Found
DIVA,1_0_1_4E5F_C9C_3_EB0000_0_0_0.png,diva.png,23.5E,(3) 23.5E KU-band Astra 3B/3C,Found
DIVA,1_0_1_4E5F_CA8_3_EB0000_0_0_0.png,diva.png,23.5E,(3) 23.5E KU-band Astra 3B/3C,Found
DM SAT,1_0_1_4EBB_C9F_3_EB0000_0_0_0.png,dmsat.png,23.5E,(3) 23.5E KU-band Astra 3B/3C,Found
DM SAT,1_0_1_4EBB_CA4_3_EB0000_0_0_0.png,dmsat.png,23.5E,(3) 23.5E KU-band Astra 3B/3C,Found
DOCUBOX,1_0_16_36E3_C8C_3_EB0000_0_0_0.png,docubox.png,23.5E,(3) 23.5E KU-band Astra 3B/3C,Found
DOMA HD,1_0_19_3732_C8E_3_EB0000_0_0_0.png,domahd.png,23.5E,(3) 23.5E KU-band Astra 3B/3C,Found
DW English,1_0_1_4EC7_CA4_3_EB0000_0_0_0.png,dwenglish.png,23.5E,(3) 23.5E KU-band Astra 3B/3C,Found
Da Vinci,1_0_1_4E65_CA7_3_EB0000_0_0_0.png,davinci.png,23.5E,(3) 23.5E KU-band Astra 3B/3C,Found
DaVinci,1_0_1_4E65_C9F_3_EB0000_0_0_0.png,davinci.png,23.5E,(3) 23.5E KU-band Astra 3B/3C,Found
Daystar,1_0_16_30D_C94_3_EB0000_0_0_0.png,daystar.png,23.5E,(3) 23.5E KU-band Astra 3B/3C,Found
Dexy TV,1_0_1_4E33_C8B_3_EB0000_0_0_0.png,dexytv.png,23.5E,(3) 23.5E KU-band Astra 3B/3C,Found
Digi 24,1_0_1_4F02_C9F_3_EB0000_0_0_0.png,digi24.png,23.5E,(3) 23.5E KU-band Astra 3B/3C,Found
Digi 24,1_0_1_4F02_CA5_3_EB0000_0_0_0.png,digi24.png,23.5E,(3) 23.5E KU-band Astra 3B/3C,Found
Discovery Channel,1_0_1_4E98_CA4_3_EB0000_0_0_0.png,discoverychannel.png,23.5E,(3) 23.5E KU-band Astra 3B/3C,Found
Disney,1_0_1_4E45_CA7_3_EB0000_0_0_0.png,disney.png,23.5E,(3) 23.5E KU-band Astra 3B/3C,Found
Disney CZ,1_0_16_36FC_C8C_3_EB0000_0_0_0.png,disneycz.png,23.5E,(3) 23.5E KU-band Astra 3B/3C,Found
Disney Channel,1_0_16_17B1_C82_3_EB0000_0_0_0.png,disneychannel.png,23.5E,(3) 23.5E KU-band Astra 3B/3C,Found
Disney Jr,1_0_1_4E47_CA7_3_EB0000_0_0_0.png,disneyjr.png,23.5E,(3) 23.5E KU-band Astra 3B/3C,Found
Dokumentarna TV,1_0_1_4F3C_C9C_3_EB0000_0_0_0.png,dokumentarnatv.png,23.5E,(3) 23.5E KU-band Astra 3B/3C,Found
Dorcel,1_0_1_4ED4_CA5_3_EB0000_0_0_0.png,dorcel.png,23.5E,(3) 23.5E KU-band Astra 3B/3C,Found
Dox TV,1_0_1_4EA3_C8B_3_EB0000_0_0_0.png,doxtv.png,23.5E,(3) 23.5E KU-band Astra 3B/3C,Found
DreamWorks,1_0_16_1B62_C88_3_EB0000_0_0_0.png,dreamworks.png,23.5E,(3) 23.5E KU-band Astra 3B/3C,Found
Duga Plus,1_0_1_4EC2_C9F_3_EB0000_0_0_0.png,dugaplus.png,23.5E,(3) 23.5E KU-band Astra 3B/3C,Found
Duga plus,1_0_1_4EC2_CA4_3_EB0000_0_0_0.png,dugaplus.png,23.5E,(3) 23.5E KU-band Astra 3B/3C,Found
Duna,1_0_1_4EF9_C8B_3_EB0000_0_0_0.png,duna.png,23.5E,(3) 23.5E KU-band Astra 3B/3C,Found
Duna SD,1_0_16_1C16_C88_3_EB0000_0_0_0.png,dunasd.png,23.5E,(3) 23.5E KU-band Astra 3B/3C,Found
Duna world,1_0_1_4EFA_C8B_3_EB0000_0_0_0.png,dunaworld.png,23.5E,(3) 23.5E KU-band Astra 3B/3C,Found
Dvojka HD,1_0_19_3C3D_C90_3_EB0000_0_0_0.png,dvojkahd.png,23.5E,(3) 23.5E KU-band Astra 3B/3C,Found
ESPN 2 HD,1_0_19_1BFC_C88_3_EB0000_0_0_0.png,espn2hd.png,23.5E,(3) 23.5E KU-band Astra 3B/3C,Found
ESPN 4 HD,1_0_19_17B4_C82_3_EB0000_0_0_0.png,espn4hd.png,23.5E,(3) 23.5E KU-band Astra 3B/3C,Found
ESPN HD,1_0_19_17CC_C82_3_EB0000_0_0_0.png,espnhd.png,23.5E,(3) 23.5E KU-band Astra 3B/3C,Found
Eclips TV,1_0_16_51DA_C96_3_EB0000_0_0_0.png,eclipstv.png,23.5E,(3) 23.5E KU-band Astra 3B/3C,Found
Eko Vizija,1_0_1_4ED0_CA6_3_EB0000_0_0_0.png,ekovizija.png,23.5E,(3) 23.5E KU-band Astra 3B/3C,Found
Elita live 1,1_0_1_4F1F_C9C_3_EB0000_0_0_0.png,elitalive1.png,23.5E,(3) 23.5E KU-band Astra 3B/3C,Found
Elita live 2,1_0_1_4F20_C9F_3_EB0000_0_0_0.png,elitalive2.png,23.5E,(3) 23.5E KU-band Astra 3B/3C,Found
Elita live 3,1_0_1_4F21_C9C_3_EB0000_0_0_0.png,elitalive3.png,23.5E,(3) 23.5E KU-band Astra 3B/3C,Found
Elita live 4,1_0_1_4F22_C9F_3_EB0000_0_0_0.png,elitalive4.png,23.5E,(3) 23.5E KU-band Astra 3B/3C,Found
Epic Drama,1_0_1_4F19_C9F_3_EB0000_0_0_0.png,epicdrama.png,23.5E,(3) 23.5E KU-band Astra 3B/3C,Found
Epic Drama HD,1_0_19_3700_C8C_3_EB0000_0_0_0.png,epicdramahd.png,23.5E,(3) 23.5E KU-band Astra 3B/3C,Found
Etno,1_0_1_4F06_CA5_3_EB0000_0_0_0.png,etno.png,23.5E,(3) 23.5E KU-band Astra 3B/3C,Found
Euro Cinema 1,1_0_1_4ED8_C9C_3_EB0000_0_0_0.png,eurocinema1.png,23.5E,(3) 23.5E KU-band Astra 3B/3C,Found
Euro Cinema 2,1_0_1_4ED9_C9F_3_EB0000_0_0_0.png,eurocinema2.png,23.5E,(3) 23.5E KU-band Astra 3B/3C,Found
Euro Cinema 3,1_0_1_4EDB_C9C_3_EB0000_0_0_0.png,eurocinema3.png,23.5E,(3) 23.5E KU-band Astra 3B/3C,Found
Euro Cinema 4,1_0_1_4EDC_C9F_3_EB0000_0_0_0.png,eurocinema4.png,23.5E,(3) 23.5E KU-band Astra 3B/3C,Found
EuroCinema 4,1_0_1_4EC1_CA4_3_EB0000_0_0_0.png,eurocinema4.png,23.5E,(3) 23.5E KU-band Astra 3B/3C,Found
Euronews,1_0_1_4EC6_CA4_3_EB0000_0_0_0.png,euronews.png,23.5E,(3) 23.5E KU-band Astra 3B/3C,Found
Euronews Montenegro,1_0_1_4F3B_C9C_3_EB0000_0_0_0.png,euronewsmontenegro.png,23.5E,(3) 23.5E KU-band Astra 3B/3C,Found
Euronews Serbia,1_0_1_4E41_CA7_3_EB0000_0_0_0.png,euronewsserbia.png,23.5E,(3) 23.5E KU-band Astra 3B/3C,Found
Eurosport 1 HD,1_0_19_4E3A_CA7_3_EB0000_0_0_0.png,eurosport1hd.png,23.5E,(3) 23.5E KU-band Astra 3B/3C,Found
Eurosport 2 HD,1_0_19_4E3B_CA7_3_EB0000_0_0_0.png,eurosport2hd.png,23.5E,(3) 23.5E KU-band Astra 3B/3C,Found
FEM3,1_0_16_319_C94_3_EB0000_0_0_0.png,fem3.png,23.5E,(3) 23.5E KU-band Astra 3B/3C,Found
FIGHTBOX,1_0_16_17EA_C82_3_EB0000_0_0_0.png,fightbox.png,23.5E,(3) 23.5E KU-band Astra 3B/3C,Found
FOX News,1_0_1_4ECB_CA5_3_EB0000_0_0_0.png,foxnews.png,23.5E,(3) 23.5E KU-band Astra 3B/3C,Found
FTV,1_0_1_4E91_CA8_3_EB0000_0_0_0.png,ftv.png,23.5E,(3) 23.5E KU-band Astra 3B/3C,Found
Face TV,1_0_1_4F14_CA5_3_EB0000_0_0_0.png,facetv.png,23.5E,(3) 23.5E KU-band Astra 3B/3C,Found
Fashion TV,1_0_1_4EF1_C9C_3_EB0000_0_0_0.png,fashiontv.png,23.5E,(3) 23.5E KU-band Astra 3B/3C,Found
Favorit TV,1_0_1_4F07_CA5_3_EB0000_0_0_0.png,favorittv.png,23.5E,(3) 23.5E KU-band Astra 3B/3C,Found
Film 4,1_0_1_4EFE_CA5_3_EB0000_0_0_0.png,film4.png,23.5E,(3) 23.5E KU-band Astra 3B/3C,Found
Film Europe HD,1_0_19_3C2D_C90_3_EB0000_0_0_0.png,filmeuropehd.png,23.5E,(3) 23.5E KU-band Astra 3B/3C,Found
Film Europe+ HD,1_0_19_3CF7_C95_3_EB0000_0_0_0.png,filmeuropehd.png,23.5E,(3) 23.5E KU-band Astra 3B/3C,Found
Film1 Action,1_0_16_51B8_C96_3_EB0000_0_0_0.png,film1action.png,23.5E,(3) 23.5E KU-band Astra 3B/3C,Found
Film1 Drama,1_0_16_51B3_C96_3_EB0000_0_0_0.png,film1drama.png,23.5E,(3) 23.5E KU-band Astra 3B/3C,Found
Film1 Family,1_0_16_51AE_C96_3_EB0000_0_0_0.png,film1family.png,23.5E,(3) 23.5E KU-band Astra 3B/3C,Found
Film1 Premiere HD,1_0_19_51DB_C96_3_EB0000_0_0_0.png,film1premierehd.png,23.5E,(3) 23.5E KU-band Astra 3B/3C,Found
FilmBox,1_0_16_36F2_C8C_3_EB0000_0_0_0.png,filmbox.png,23.5E,(3) 23.5E KU-band Astra 3B/3C,Found
FilmBox Premium,1_0_1_4ED3_C9F_3_EB0000_0_0_0.png,filmboxpremium.png,23.5E,(3) 23.5E KU-band Astra 3B/3C,Found
Filmbox Extra HD,1_0_19_3C2E_C90_3_EB0000_0_0_0.png,filmboxextrahd.png,23.5E,(3) 23.5E KU-band Astra 3B/3C,Found
Filmbox Family,1_0_16_3C34_C90_3_EB0000_0_0_0.png,filmboxfamily.png,23.5E,(3) 23.5E KU-band Astra 3B/3C,Found
Filmbox HD,1_0_19_36E9_C8C_3_EB0000_0_0_0.png,filmboxhd.png,23.5E,(3) 23.5E KU-band Astra 3B/3C,Found
Filmbox NL HD,1_0_19_17CE_C82_3_EB0000_0_0_0.png,filmboxnlhd.png,23.5E,(3) 23.5E KU-band Astra 3B/3C,Found
Filmbox Premium HD,1_0_19_3CF5_C95_3_EB0000_0_0_0.png,filmboxpremiumhd.png,23.5E,(3) 23.5E KU-band Astra 3B/3C,Found
Filmbox Stars,1_0_16_3CF9_C95_3_EB0000_0_0_0.png,filmboxstars.png,23.5E,(3) 23.5E KU-band Astra 3B/3C,Found
Fishing and Hunting,1_0_16_314_C94_3_EB0000_0_0_0.png,fishingandhunting.png,23.5E,(3) 23.5E KU-band Astra 3B/3C,Found
France 24,1_0_1_4F18_C9C_3_EB0000_0_0_0.png,france24.png,23.5E,(3) 23.5E KU-band Astra 3B/3C,Found
Galaxy4,1_0_16_31F_C94_3_EB0000_0_0_0.png,galaxy4.png,23.5E,(3) 23.5E KU-band Astra 3B/3C,Found
Galaxy4,1_0_16_371F_C8E_3_EB0000_0_0_0.png,galaxy4.png,23.5E,(3) 23.5E KU-band Astra 3B/3C,Found
Golf Channel,1_0_16_311_C94_3_EB0000_0_0_0.png,golfchannel.png,23.5E,(3) 23.5E KU-band Astra 3B/3C,Found
HBO 2 HD,1_0_19_4E67_CA8_3_EB0000_0_0_0.png,hbo2hd.png,23.5E,(3) 23.5E KU-band Astra 3B/3C,Found
HBO 3,1_0_19_4E68_CA8_3_EB0000_0_0_0.png,hbo3.png,23.5E,(3) 23.5E KU-band Astra 3B/3C,Found
HBO HD,1_0_19_307_C94_3_EB0000_0_0_0.png,hbohd.png,23.5E,(3) 23.5E KU-band Astra 3B/3C,Found
HBO HD,1_0_19_4E66_CA8_3_EB0000_0_0_0.png,hbohd.png,23.5E,(3) 23.5E KU-band Astra 3B/3C,Found
HBO2 HD,1_0_19_3CF3_C95_3_EB0000_0_0_0.png,hbo2hd.png,23.5E,(3) 23.5E KU-band Astra 3B/3C,Found
HBO3 HD,1_0_19_3CF4_C95_3_EB0000_0_0_0.png,hbo3hd.png,23.5E,(3) 23.5E KU-band Astra 3B/3C,Found
HGTV,1_0_1_4F1E_CA6_3_EB0000_0_0_0.png,hgtv.png,23.5E,(3) 23.5E KU-band Astra 3B/3C,Found
HRT 1,1_0_1_4E48_CA7_3_EB0000_0_0_0.png,hrt1.png,23.5E,(3) 23.5E KU-band Astra 3B/3C,Found
HRT 2,1_0_1_4E49_CA7_3_EB0000_0_0_0.png,hrt2.png,23.5E,(3) 23.5E KU-band Astra 3B/3C,Found
HRT 3,1_0_1_4E4B_CA7_3_EB0000_0_0_0.png,hrt3.png,23.5E,(3) 23.5E KU-band Astra 3B/3C,Found
Happy TV,1_0_1_4E27_CA7_3_EB0000_0_0_0.png,happytv.png,23.5E,(3) 23.5E KU-band Astra 3B/3C,Found
HirTV,1_0_16_17E3_C82_3_EB0000_0_0_0.png,hirtv.png,23.5E,(3) 23.5E KU-band Astra 3B/3C,Found
History,1_0_1_4E94_C9F_3_EB0000_0_0_0.png,history.png,23.5E,(3) 23.5E KU-band Astra 3B/3C,Found
History,1_0_1_4E94_CA8_3_EB0000_0_0_0.png,history.png,23.5E,(3) 23.5E KU-band Astra 3B/3C,Found
History 2,1_0_19_4E9D_CA4_3_EB0000_0_0_0.png,history2.png,23.5E,(3) 23.5E KU-band Astra 3B/3C,Found
History HD,1_0_19_3CFF_C95_3_EB0000_0_0_0.png,historyhd.png,23.5E,(3) 23.5E KU-band Astra 3B/3C,Found
History NL,1_0_16_5273_C96_3_EB0000_0_0_0.png,historynl.png,23.5E,(3) 23.5E KU-band Astra 3B/3C,Found
Hobby TV,1_0_16_3C30_C90_3_EB0000_0_0_0.png,hobbytv.png,23.5E,(3) 23.5E KU-band Astra 3B/3C,Found
Hustler,1_0_1_4EDA_CA5_3_EB0000_0_0_0.png,hustler.png,23.5E,(3) 23.5E KU-band Astra 3B/3C,Found
Hustler TV,1_0_1_4EDA_C9C_3_EB0000_0_0_0.png,hustlertv.png,23.5E,(3) 23.5E KU-band Astra 3B/3C,Found
Hype 2 TV,1_0_1_4E5E_CA8_3_EB0000_0_0_0.png,hype2tv.png,23.5E,(3) 23.5E KU-band Astra 3B/3C,Found
Hype TV,1_0_1_4E44_CA7_3_EB0000_0_0_0.png,hypetv.png,23.5E,(3) 23.5E KU-band Astra 3B/3C,Found
ICTV,1_0_16_1E64_C9E_3_EB0000_0_0_0.png,ictv.png,23.5E,(3) 23.5E KU-band Astra 3B/3C,Found
ID,1_0_1_4EA4_CA4_3_EB0000_0_0_0.png,id.png,23.5E,(3) 23.5E KU-band Astra 3B/3C,Found
Informer TV,1_0_1_4F04_CA5_3_EB0000_0_0_0.png,informertv.png,23.5E,(3) 23.5E KU-band Astra 3B/3C,Found
Inter HD,1_0_19_1E50_C9E_3_EB0000_0_0_0.png,interhd.png,23.5E,(3) 23.5E KU-band Astra 3B/3C,Found
Izaura TV,1_0_16_17E4_C82_3_EB0000_0_0_0.png,izauratv.png,23.5E,(3) 23.5E KU-band Astra 3B/3C,Found
JOJ 24 HD,1_0_19_33A0_C9D_3_EB0000_0_0_0.png,joj24hd.png,23.5E,(3) 23.5E KU-band Astra 3B/3C,Found
JOJ Cinema HD,1_0_19_3359_C93_3_EB0000_0_0_0.png,jojcinemahd.png,23.5E,(3) 23.5E KU-band Astra 3B/3C,Found
JOJ Family HD,1_0_19_3350_C93_3_EB0000_0_0_0.png,jojfamilyhd.png,23.5E,(3) 23.5E KU-band Astra 3B/3C,Found
JOJ PLUS HD,1_0_19_3399_C9D_3_EB0000_0_0_0.png,jojplushd.png,23.5E,(3) 23.5E KU-band Astra 3B/3C,Found
JOJ Sport 2 HD,1_0_19_30C_C94_3_EB0000_0_0_0.png,jojsport2hd.png,23.5E,(3) 23.5E KU-band Astra 3B/3C,Found
JOJ Sport HD,1_0_19_339E_C9D_3_EB0000_0_0_0.png,jojsporthd.png,23.5E,(3) 23.5E KU-band Astra 3B/3C,Found
JOJ Svet HD,1_0_19_1F4F_CA1_3_EB0000_0_0_0.png,jojsvethd.png,23.5E,(3) 23.5E KU-band Astra 3B/3C,Found
Jednotka HD,1_0_19_3C3C_C90_3_EB0000_0_0_0.png,jednotkahd.png,23.5E,(3) 23.5E KU-band Astra 3B/3C,Found
JimJam,1_0_1_4EC1_C9F_3_EB0000_0_0_0.png,jimjam.png,23.5E,(3) 23.5E KU-band Astra 3B/3C,Found
JimJam CZ,1_0_16_3C37_C90_3_EB0000_0_0_0.png,jimjamcz.png,23.5E,(3) 23.5E KU-band Astra 3B/3C,Found
Joe,1_0_2_17EF_C82_3_EB0000_0_0_0.png,joe.png,23.5E,(3) 23.5E KU-band Astra 3B/3C,Found
Jojko,1_0_16_339A_C9D_3_EB0000_0_0_0.png,jojko.png,23.5E,(3) 23.5E KU-band Astra 3B/3C,Found
Junior,1_0_2_1341_CA2_3_EB0000_0_0_0.png,junior.png,23.5E,(3) 23.5E KU-band Astra 3B/3C,Found
K1,1_0_1_4E77_CA8_3_EB0000_0_0_0.png,k1.png,23.5E,(3) 23.5E KU-band Astra 3B/3C,Found
K3,1_0_1_4F16_CA5_3_EB0000_0_0_0.png,k3.png,23.5E,(3) 23.5E KU-band Astra 3B/3C,Found
KCN 1,1_0_1_4EA6_CA4_3_EB0000_0_0_0.png,kcn1.png,23.5E,(3) 23.5E KU-band Astra 3B/3C,Found
KCN 3 Svet plus,1_0_1_4E5C_CA6_3_EB0000_0_0_0.png,kcn3svetplus.png,23.5E,(3) 23.5E KU-band Astra 3B/3C,Found
KCN Music 2,1_0_1_4EF5_CA6_3_EB0000_0_0_0.png,kcnmusic2.png,23.5E,(3) 23.5E KU-band Astra 3B/3C,Found
Kanal 1,1_0_16_3CFE_C95_3_EB0000_0_0_0.png,kanal1.png,23.5E,(3) 23.5E KU-band Astra 3B/3C,Found
Kanal 5,1_0_1_4F34_CA6_3_EB0000_0_0_0.png,kanal5.png,23.5E,(3) 23.5E KU-band Astra 3B/3C,Found
Kazbuka,1_0_1_4E79_CA8_3_EB0000_0_0_0.png,kazbuka.png,23.5E,(3) 23.5E KU-band Astra 3B/3C,Found
Ketnet,1_0_16_5278_C96_3_EB0000_0_0_0.png,ketnet.png,23.5E,(3) 23.5E KU-band Astra 3B/3C,Found
Kino Barrandov,1_0_16_31D_C94_3_EB0000_0_0_0.png,kinobarrandov.png,23.5E,(3) 23.5E KU-band Astra 3B/3C,Found
Klan Macedonia,1_0_1_4F2F_CA6_3_EB0000_0_0_0.png,klanmacedonia.png,23.5E,(3) 23.5E KU-band Astra 3B/3C,Found
Klara,1_0_2_52DC_C96_3_EB0000_0_0_0.png,klara.png,23.5E,(3) 23.5E KU-band Astra 3B/3C,Found
Klasik TV,1_0_1_4E6C_CA7_3_EB0000_0_0_0.png,klasiktv.png,23.5E,(3) 23.5E KU-band Astra 3B/3C,Found
Koreni,1_0_1_4E92_CA6_3_EB0000_0_0_0.png,koreni.png,23.5E,(3) 23.5E KU-band Astra 3B/3C,Found
Kurir TV,1_0_1_4E4D_CA5_3_EB0000_0_0_0.png,kurirtv.png,23.5E,(3) 23.5E KU-band Astra 3B/3C,Found
Kuvo TV,1_0_1_4E72_C9C_3_EB0000_0_0_0.png,kuvotv.png,23.5E,(3) 23.5E KU-band Astra 3B/3C,Found
LALA TV,1_0_16_3C2A_C90_3_EB0000_0_0_0.png,lalatv.png,23.5E,(3) 23.5E KU-band Astra 3B/3C,Found
LFCTV,1_0_1_4E54_C9F_3_EB0000_0_0_0.png,lfctv.png,23.5E,(3) 23.5E KU-band Astra 3B/3C,Found
LX9SES,1_0_1_14A2_C98_3_EB0000_0_0_0.png,lx9ses.png,23.5E,(3) 23.5E KU-band Astra 3B/3C,Found
Leo TV (22-06),1_0_16_3CFC_C95_3_EB0000_0_0_0.png,leotv2206.png,23.5E,(3) 23.5E KU-band Astra 3B/3C,Found
Love Nature,1_0_1_4EEF_C9C_3_EB0000_0_0_0.png,lovenature.png,23.5E,(3) 23.5E KU-band Astra 3B/3C,Found
Love Nature HD BNL,1_0_19_31B_C94_3_EB0000_0_0_0.png,lovenaturehdbnl.png,23.5E,(3) 23.5E KU-band Astra 3B/3C,Found
Love Nature HD CZ,1_0_19_30F_C94_3_EB0000_0_0_0.png,lovenaturehdcz.png,23.5E,(3) 23.5E KU-band Astra 3B/3C,Found
Love Nature HD INT,1_0_19_31A_C94_3_EB0000_0_0_0.png,lovenaturehdint.png,23.5E,(3) 23.5E KU-band Astra 3B/3C,Found
M1,1_0_1_4EF2_C8B_3_EB0000_0_0_0.png,m1.png,23.5E,(3) 23.5E KU-band Astra 3B/3C,Found
M1,1_0_16_17E5_C82_3_EB0000_0_0_0.png,m1.png,23.5E,(3) 23.5E KU-band Astra 3B/3C,Found
M2,1_0_1_4E59_CA8_3_EB0000_0_0_0.png,m2.png,23.5E,(3) 23.5E KU-band Astra 3B/3C,Found
M2 / Petofi,1_0_16_17E6_C82_3_EB0000_0_0_0.png,m2petofi.png,23.5E,(3) 23.5E KU-band Astra 3B/3C,Found
M4,1_0_16_17E7_C82_3_EB0000_0_0_0.png,m4.png,23.5E,(3) 23.5E KU-band Astra 3B/3C,Found
M5,1_0_16_1F51_CA1_3_EB0000_0_0_0.png,m5.png,23.5E,(3) 23.5E KU-band Astra 3B/3C,Found
MNM,1_0_2_52DA_C96_3_EB0000_0_0_0.png,mnm.png,23.5E,(3) 23.5E KU-band Astra 3B/3C,Found
MRT 1,1_0_1_4F25_CA6_3_EB0000_0_0_0.png,mrt1.png,23.5E,(3) 23.5E KU-band Astra 3B/3C,Found
MRT 2,1_0_1_4F27_CA6_3_EB0000_0_0_0.png,mrt2.png,23.5E,(3) 23.5E KU-band Astra 3B/3C,Found
MRT 3,1_0_1_4F28_CA6_3_EB0000_0_0_0.png,mrt3.png,23.5E,(3) 23.5E KU-band Astra 3B/3C,Found
MRT 4,1_0_1_4F29_CA6_3_EB0000_0_0_0.png,mrt4.png,23.5E,(3) 23.5E KU-band Astra 3B/3C,Found
MRT 5,1_0_1_4F2A_CA6_3_EB0000_0_0_0.png,mrt5.png,23.5E,(3) 23.5E KU-band Astra 3B/3C,Found
MTV Europe CZ,1_0_16_30C_C94_3_EB0000_0_0_0.png,mtveuropecz.png,23.5E,(3) 23.5E KU-band Astra 3B/3C,Found
MTV NL,1_0_16_528C_C99_3_EB0000_0_0_0.png,mtvnl.png,23.5E,(3) 23.5E KU-band Astra 3B/3C,Found
Man-X,1_0_16_5284_C96_3_EB0000_0_0_0.png,manx.png,23.5E,(3) 23.5E KU-band Astra 3B/3C,Found
Markiza HD,1_0_19_3731_C8E_3_EB0000_0_0_0.png,markizahd.png,23.5E,(3) 23.5E KU-band Astra 3B/3C,Found
Markiza International,1_0_16_3720_C8E_3_EB0000_0_0_0.png,markizainternational.png,23.5E,(3) 23.5E KU-band Astra 3B/3C,Found
Markiza Klasik,1_0_16_3C2B_C90_3_EB0000_0_0_0.png,markizaklasik.png,23.5E,(3) 23.5E KU-band Astra 3B/3C,Found
Markiza Krimi HD,1_0_19_339F_C9D_3_EB0000_0_0_0.png,markizakrimihd.png,23.5E,(3) 23.5E KU-band Astra 3B/3C,Found
Ment Pop,1_0_16_51D5_C96_3_EB0000_0_0_0.png,mentpop.png,23.5E,(3) 23.5E KU-band Astra 3B/3C,Found
Mezzo,1_0_16_1816_C82_3_EB0000_0_0_0.png,mezzo.png,23.5E,(3) 23.5E KU-band Astra 3B/3C,Found
Minimax,1_0_1_4E3F_CA7_3_EB0000_0_0_0.png,minimax.png,23.5E,(3) 23.5E KU-band Astra 3B/3C,Found
Minimax,1_0_16_3CFB_C95_3_EB0000_0_0_0.png,minimax.png,23.5E,(3) 23.5E KU-band Astra 3B/3C,Found
Moj Astrolog,1_0_1_4E6E_CA6_3_EB0000_0_0_0.png,mojastrolog.png,23.5E,(3) 23.5E KU-band Astra 3B/3C,Found
Moja Happy Muzika,1_0_1_4EFC_C9F_3_EB0000_0_0_0.png,mojahappymuzika.png,23.5E,(3) 23.5E KU-band Astra 3B/3C,Found
Muzsika TV,1_0_1_4E5D_CA8_3_EB0000_0_0_0.png,muzsikatv.png,23.5E,(3) 23.5E KU-band Astra 3B/3C,Found
Muzsika TV,1_0_16_52F3_C96_3_EB0000_0_0_0.png,muzsikatv.png,23.5E,(3) 23.5E KU-band Astra 3B/3C,Found
NBA TV,1_0_1_4E39_C9C_3_EB0000_0_0_0.png,nbatv.png,23.5E,(3) 23.5E KU-band Astra 3B/3C,Found
NET5 HD,1_0_19_521C_C99_3_EB0000_0_0_0.png,net5hd.png,23.5E,(3) 23.5E KU-band Astra 3B/3C,Found
NGC HD,1_0_19_51E5_C96_3_EB0000_0_0_0.png,ngchd.png,23.5E,(3) 23.5E KU-band Astra 3B/3C,Found
NOVY CHANNEL,1_0_16_1E66_C9E_3_EB0000_0_0_0.png,novychannel.png,23.5E,(3) 23.5E KU-band Astra 3B/3C,Found
NPO 3FM,1_0_2_525A_C99_3_EB0000_0_0_0.png,npo3fm.png,23.5E,(3) 23.5E KU-band Astra 3B/3C,Found
NPO Politiek en Nieuws,1_0_16_177A_C82_3_EB0000_0_0_0.png,npopolitiekennieuws.png,23.5E,(3) 23.5E KU-band Astra 3B/3C,Found
NPO Radio1,1_0_2_5258_C99_3_EB0000_0_0_0.png,nporadio1.png,23.5E,(3) 23.5E KU-band Astra 3B/3C,Found
NPO Radio2,1_0_2_5259_C99_3_EB0000_0_0_0.png,nporadio2.png,23.5E,(3) 23.5E KU-band Astra 3B/3C,Found
NPO Radio5,1_0_2_525C_C99_3_EB0000_0_0_0.png,nporadio5.png,23.5E,(3) 23.5E KU-band Astra 3B/3C,Found
NPO1 HD,1_0_19_5225_C99_3_EB0000_0_0_0.png,npo1hd.png,23.5E,(3) 23.5E KU-band Astra 3B/3C,Found
NPO2 HD,1_0_19_17C0_C82_3_EB0000_0_0_0.png,npo2hd.png,23.5E,(3) 23.5E KU-band Astra 3B/3C,Found
NPO3 HD,1_0_19_5230_C99_3_EB0000_0_0_0.png,npo3hd.png,23.5E,(3) 23.5E KU-band Astra 3B/3C,Found
Narodna TV,1_0_1_4ECF_CA6_3_EB0000_0_0_0.png,narodnatv.png,23.5E,(3) 23.5E KU-band Astra 3B/3C,Found
Nasha TV,1_0_1_4F2C_CA6_3_EB0000_0_0_0.png,nashatv.png,23.5E,(3) 23.5E KU-band Astra 3B/3C,Found
Nat Geo Adria,1_0_1_4F37_CA6_3_EB0000_0_0_0.png,natgeoadria.png,23.5E,(3) 23.5E KU-band Astra 3B/3C,Found
Nat Geo HD,1_0_19_302_C94_3_EB0000_0_0_0.png,natgeohd.png,23.5E,(3) 23.5E KU-band Astra 3B/3C,Found
Nat Geo HD CZ,1_0_19_303_C94_3_EB0000_0_0_0.png,natgeohdcz.png,23.5E,(3) 23.5E KU-band Astra 3B/3C,Found
National Geographic,1_0_1_4E9B_CA4_3_EB0000_0_0_0.png,nationalgeographic.png,23.5E,(3) 23.5E KU-band Astra 3B/3C,Found
National Geographic Wild,1_0_19_4E9C_CA4_3_EB0000_0_0_0.png,nationalgeographicwild.png,23.5E,(3) 23.5E KU-band Astra 3B/3C,Found
National Geographic Wild HD,1_0_19_304_C94_3_EB0000_0_0_0.png,nationalgeographicwildhd.png,23.5E,(3) 23.5E KU-band Astra 3B/3C,Found
National Geographic Wild HD CZ,1_0_19_305_C94_3_EB0000_0_0_0.png,nationalgeographicwildhdcz.png,23.5E,(3) 23.5E KU-band Astra 3B/3C,Found
National Geographic Wild HD DUT,1_0_19_306_C94_3_EB0000_0_0_0.png,nationalgeographicwildhddut.png,23.5E,(3) 23.5E KU-band Astra 3B/3C,Found
Nautical HD,1_0_19_1BFD_C88_3_EB0000_0_0_0.png,nauticalhd.png,23.5E,(3) 23.5E KU-band Astra 3B/3C,Found
Newsmax Balkans,1_0_1_4E75_CA8_3_EB0000_0_0_0.png,newsmaxbalkans.png,23.5E,(3) 23.5E KU-band Astra 3B/3C,Found
Nick Jr Czech,1_0_16_36F0_C8C_3_EB0000_0_0_0.png,nickjrczech.png,23.5E,(3) 23.5E KU-band Astra 3B/3C,Found
Nickelodeon,1_0_1_4E3E_CA7_3_EB0000_0_0_0.png,nickelodeon.png,23.5E,(3) 23.5E KU-band Astra 3B/3C,Found
Nickelodeon,1_0_16_5274_C99_3_EB0000_0_0_0.png,nickelodeon.png,23.5E,(3) 23.5E KU-band Astra 3B/3C,Found
Nickelodeon CZ,1_0_16_335C_C93_3_EB0000_0_0_0.png,nickelodeoncz.png,23.5E,(3) 23.5E KU-band Astra 3B/3C,Found
Nickelodeon Junior,1_0_1_4E40_CA7_3_EB0000_0_0_0.png,nickelodeonjunior.png,23.5E,(3) 23.5E KU-band Astra 3B/3C,Found
Nicktoons,1_0_1_4EA5_C9C_3_EB0000_0_0_0.png,nicktoons.png,23.5E,(3) 23.5E KU-band Astra 3B/3C,Found
Nicktoons CZ,1_0_16_36F7_C8C_3_EB0000_0_0_0.png,nicktoonscz.png,23.5E,(3) 23.5E KU-band Astra 3B/3C,Found
Nova Action HD,1_0_19_3394_C9D_3_EB0000_0_0_0.png,novaactionhd.png,23.5E,(3) 23.5E KU-band Astra 3B/3C,Found
Nova BH,1_0_1_4EB6_CA4_3_EB0000_0_0_0.png,novabh.png,23.5E,(3) 23.5E KU-band Astra 3B/3C,Found
Nova Cinema HD,1_0_19_3395_C9D_3_EB0000_0_0_0.png,novacinemahd.png,23.5E,(3) 23.5E KU-band Astra 3B/3C,Found
Nova Fun HD,1_0_19_3722_C8E_3_EB0000_0_0_0.png,novafunhd.png,23.5E,(3) 23.5E KU-band Astra 3B/3C,Found
Nova HD,1_0_19_3391_C9D_3_EB0000_0_0_0.png,novahd.png,23.5E,(3) 23.5E KU-band Astra 3B/3C,Found
Nova International,1_0_16_339B_C9D_3_EB0000_0_0_0.png,novainternational.png,23.5E,(3) 23.5E KU-band Astra 3B/3C,Found
Nova Krimi,1_0_16_3721_C8E_3_EB0000_0_0_0.png,novakrimi.png,23.5E,(3) 23.5E KU-band Astra 3B/3C,Found
Nova Lady,1_0_16_3723_C8E_3_EB0000_0_0_0.png,novalady.png,23.5E,(3) 23.5E KU-band Astra 3B/3C,Found
Nova Sport 1 HD,1_0_19_3393_C9D_3_EB0000_0_0_0.png,novasport1hd.png,23.5E,(3) 23.5E KU-band Astra 3B/3C,Found
Nova Sport 2 HD,1_0_19_371E_C8E_3_EB0000_0_0_0.png,novasport2hd.png,23.5E,(3) 23.5E KU-band Astra 3B/3C,Found
Nova Sport 3 HD,1_0_19_36E6_C8C_3_EB0000_0_0_0.png,novasport3hd.png,23.5E,(3) 23.5E KU-band Astra 3B/3C,Found
Nova Sport 4 HD,1_0_19_36E7_C8C_3_EB0000_0_0_0.png,novasport4hd.png,23.5E,(3) 23.5E KU-band Astra 3B/3C,Found
Nova Sport 5 HD (CZ),1_0_19_372C_C8E_3_EB0000_0_0_0.png,novasport5hdcz.png,23.5E,(3) 23.5E KU-band Astra 3B/3C,Found
Nova Sport 5 HD (SK),1_0_19_5316_C96_3_EB0000_0_0_0.png,novasport5hdsk.png,23.5E,(3) 23.5E KU-band Astra 3B/3C,Found
Novi Pazar,1_0_1_4ECE_C9F_3_EB0000_0_0_0.png,novipazar.png,23.5E,(3) 23.5E KU-band Astra 3B/3C,Found
Novi Pazar,1_0_1_4ECE_CA5_3_EB0000_0_0_0.png,novipazar.png,23.5E,(3) 23.5E KU-band Astra 3B/3C,Found
Novosadska TV,1_0_1_4EE1_CA5_3_EB0000_0_0_0.png,novosadskatv.png,23.5E,(3) 23.5E KU-band Astra 3B/3C,Found
OBN,1_0_1_4F11_CA5_3_EB0000_0_0_0.png,obn.png,23.5E,(3) 23.5E KU-band Astra 3B/3C,Found
OCKO,1_0_16_308_C94_3_EB0000_0_0_0.png,ocko.png,23.5E,(3) 23.5E KU-band Astra 3B/3C,Found
OCKO STAR,1_0_16_309_C94_3_EB0000_0_0_0.png,ockostar.png,23.5E,(3) 23.5E KU-band Astra 3B/3C,Found
ONS,1_0_16_17B3_C82_3_EB0000_0_0_0.png,ons.png,23.5E,(3) 23.5E KU-band Astra 3B/3C,Found
Omroep Brabant Televisie,1_0_16_5268_C99_3_EB0000_0_0_0.png,omroepbrabanttelevisie.png,23.5E,(3) 23.5E KU-band Astra 3B/3C,Found
Omrop Fryslan Televisie,1_0_16_524D_C99_3_EB0000_0_0_0.png,omropfryslantelevisie.png,23.5E,(3) 23.5E KU-band Astra 3B/3C,Found
Oost,1_0_16_5252_C99_3_EB0000_0_0_0.png,oost.png,23.5E,(3) 23.5E KU-band Astra 3B/3C,Found
Panon TV,1_0_1_4EE0_C9F_3_EB0000_0_0_0.png,panontv.png,23.5E,(3) 23.5E KU-band Astra 3B/3C,Found
Panon TV,1_0_1_4EE0_CA5_3_EB0000_0_0_0.png,panontv.png,23.5E,(3) 23.5E KU-band Astra 3B/3C,Found
Paramount Network,1_0_16_528B_C99_3_EB0000_0_0_0.png,paramountnetwork.png,23.5E,(3) 23.5E KU-band Astra 3B/3C,Found
Paramount Network,1_0_16_36E4_C8C_3_EB0000_0_0_0.png,paramountnetwork.png,23.5E,(3) 23.5E KU-band Astra 3B/3C,Found
Penthouse Gold,1_0_19_1BFE_C88_3_EB0000_0_0_0.png,penthousegold.png,23.5E,(3) 23.5E KU-band Astra 3B/3C,Found
Penthouse Gold CZ,1_0_19_1C0C_C88_3_EB0000_0_0_0.png,penthousegoldcz.png,23.5E,(3) 23.5E KU-band Astra 3B/3C,Found
Penthouse Reality TV,1_0_19_1BFF_C88_3_EB0000_0_0_0.png,penthouserealitytv.png,23.5E,(3) 23.5E KU-band Astra 3B/3C,Found
Penthouse Reality TV CZ,1_0_19_1C0D_C88_3_EB0000_0_0_0.png,penthouserealitytvcz.png,23.5E,(3) 23.5E KU-band Astra 3B/3C,Found
Pershiy,1_0_1_1E33_C9E_3_EB0000_0_0_0.png,pershiy.png,23.5E,(3) 23.5E KU-band Astra 3B/3C,Found
Pink Action,1_0_1_4E4E_CA7_3_EB0000_0_0_0.png,pinkaction.png,23.5E,(3) 23.5E KU-band Astra 3B/3C,Found
Pink BiH,1_0_1_4F13_CA5_3_EB0000_0_0_0.png,pinkbih.png,23.5E,(3) 23.5E KU-band Astra 3B/3C,Found
Pink Classic,1_0_1_4E73_CA8_3_EB0000_0_0_0.png,pinkclassic.png,23.5E,(3) 23.5E KU-band Astra 3B/3C,Found
Pink Comedy,1_0_1_4E51_CA7_3_EB0000_0_0_0.png,pinkcomedy.png,23.5E,(3) 23.5E KU-band Astra 3B/3C,Found
Pink Film,1_0_1_4E58_CA8_3_EB0000_0_0_0.png,pinkfilm.png,23.5E,(3) 23.5E KU-band Astra 3B/3C,Found
Pink Folk,1_0_1_4EAD_C9F_3_EB0000_0_0_0.png,pinkfolk.png,23.5E,(3) 23.5E KU-band Astra 3B/3C,Found
Pink Folk,1_0_1_4EAD_CA4_3_EB0000_0_0_0.png,pinkfolk.png,23.5E,(3) 23.5E KU-band Astra 3B/3C,Found
Pink Hits 1,1_0_1_4EB8_CA4_3_EB0000_0_0_0.png,pinkhits1.png,23.5E,(3) 23.5E KU-band Astra 3B/3C,Found
Pink Movies,1_0_1_4E78_CA8_3_EB0000_0_0_0.png,pinkmovies.png,23.5E,(3) 23.5E KU-band Astra 3B/3C,Found
Pink Music 2,1_0_1_4EC0_C9F_3_EB0000_0_0_0.png,pinkmusic2.png,23.5E,(3) 23.5E KU-band Astra 3B/3C,Found
Pink Premium,1_0_1_4E4C_CA7_3_EB0000_0_0_0.png,pinkpremium.png,23.5E,(3) 23.5E KU-band Astra 3B/3C,Found
Pink Reality,1_0_1_4E96_CA8_3_EB0000_0_0_0.png,pinkreality.png,23.5E,(3) 23.5E KU-band Astra 3B/3C,Found
Pink Romance,1_0_1_4E42_C9C_3_EB0000_0_0_0.png,pinkromance.png,23.5E,(3) 23.5E KU-band Astra 3B/3C,Found
Pink Romance,1_0_1_4E42_CA7_3_EB0000_0_0_0.png,pinkromance.png,23.5E,(3) 23.5E KU-band Astra 3B/3C,Found
Pink Serije,1_0_1_4E71_CA8_3_EB0000_0_0_0.png,pinkserije.png,23.5E,(3) 23.5E KU-band Astra 3B/3C,Found
Pink Thriller,1_0_1_4E4F_CA7_3_EB0000_0_0_0.png,pinkthriller.png,23.5E,(3) 23.5E KU-band Astra 3B/3C,Found
Pink Western,1_0_1_4E53_C9F_3_EB0000_0_0_0.png,pinkwestern.png,23.5E,(3) 23.5E KU-band Astra 3B/3C,Found
Pink Western,1_0_1_4E53_CA7_3_EB0000_0_0_0.png,pinkwestern.png,23.5E,(3) 23.5E KU-band Astra 3B/3C,Found
Pink World Cinema,1_0_1_4E74_C9F_3_EB0000_0_0_0.png,pinkworldcinema.png,23.5E,(3) 23.5E KU-band Astra 3B/3C,Found
Pink family,1_0_1_4E70_CA6_3_EB0000_0_0_0.png,pinkfamily.png,23.5E,(3) 23.5E KU-band Astra 3B/3C,Found
Pink music,1_0_1_4EB7_CA6_3_EB0000_0_0_0.png,pinkmusic.png,23.5E,(3) 23.5E KU-band Astra 3B/3C,Found
Pink music 2,1_0_1_4EC0_CA6_3_EB0000_0_0_0.png,pinkmusic2.png,23.5E,(3) 23.5E KU-band Astra 3B/3C,Found
Pink n Roll,1_0_1_4EB9_C9C_3_EB0000_0_0_0.png,pinknroll.png,23.5E,(3) 23.5E KU-band Astra 3B/3C,Found
Pink world Cinema,1_0_1_4E74_CA8_3_EB0000_0_0_0.png,pinkworldcinema.png,23.5E,(3) 23.5E KU-band Astra 3B/3C,Found
Play,1_0_19_1B91_C88_3_EB0000_0_0_0.png,play.png,23.5E,(3) 23.5E KU-band Astra 3B/3C,Found
Play Actie,1_0_16_1B95_C88_3_EB0000_0_0_0.png,playactie.png,23.5E,(3) 23.5E KU-band Astra 3B/3C,Found
Play Fictie,1_0_16_5286_C96_3_EB0000_0_0_0.png,playfictie.png,23.5E,(3) 23.5E KU-band Astra 3B/3C,Found
Play Reality,1_0_16_5287_C96_3_EB0000_0_0_0.png,playreality.png,23.5E,(3) 23.5E KU-band Astra 3B/3C,Found
Premier League TV HD,1_0_1_4F39_CA6_3_EB0000_0_0_0.png,premierleaguetvhd.png,23.5E,(3) 23.5E KU-band Astra 3B/3C,Found
Premium,1_0_16_30A_C94_3_EB0000_0_0_0.png,premium.png,23.5E,(3) 23.5E KU-band Astra 3B/3C,Found
Prima COOL HD,1_0_19_3396_C9D_3_EB0000_0_0_0.png,primacoolhd.png,23.5E,(3) 23.5E KU-band Astra 3B/3C,Found
Prima COOL HD SK,1_0_19_3725_C8E_3_EB0000_0_0_0.png,primacoolhdsk.png,23.5E,(3) 23.5E KU-band Astra 3B/3C,Found
Prima HD,1_0_19_3392_C9D_3_EB0000_0_0_0.png,primahd.png,23.5E,(3) 23.5E KU-band Astra 3B/3C,Found
Prima Love,1_0_16_36EF_C8C_3_EB0000_0_0_0.png,primalove.png,23.5E,(3) 23.5E KU-band Astra 3B/3C,Found
Prima Love HD SK,1_0_19_3726_C8E_3_EB0000_0_0_0.png,primalovehdsk.png,23.5E,(3) 23.5E KU-band Astra 3B/3C,Found
Prima MAX HD,1_0_19_36E5_C8C_3_EB0000_0_0_0.png,primamaxhd.png,23.5E,(3) 23.5E KU-band Astra 3B/3C,Found
Prima SK,1_0_19_1F49_CA1_3_EB0000_0_0_0.png,primask.png,23.5E,(3) 23.5E KU-band Astra 3B/3C,Found
Prima STAR,1_0_16_36ED_C8C_3_EB0000_0_0_0.png,primastar.png,23.5E,(3) 23.5E KU-band Astra 3B/3C,Found
Prima Show,1_0_16_36EE_C8C_3_EB0000_0_0_0.png,primashow.png,23.5E,(3) 23.5E KU-band Astra 3B/3C,Found
Prima ZOOM HD,1_0_19_36E8_C8C_3_EB0000_0_0_0.png,primazoomhd.png,23.5E,(3) 23.5E KU-band Astra 3B/3C,Found
Prime,1_0_16_5313_C96_3_EB0000_0_0_0.png,prime.png,23.5E,(3) 23.5E KU-band Astra 3B/3C,Found
Private TV,1_0_1_4ED6_C9C_3_EB0000_0_0_0.png,privatetv.png,23.5E,(3) 23.5E KU-band Astra 3B/3C,Found
Pro TV International,1_0_1_4F03_CA5_3_EB0000_0_0_0.png,protvinternational.png,23.5E,(3) 23.5E KU-band Astra 3B/3C,Found
Proglas,1_0_2_3746_C8E_3_EB0000_0_0_0.png,proglas.png,23.5E,(3) 23.5E KU-band Astra 3B/3C,Found
Prva,1_0_1_4E25_CA7_3_EB0000_0_0_0.png,prva.png,23.5E,(3) 23.5E KU-band Astra 3B/3C,Found
Prva Kick,1_0_1_4EDD_C9C_3_EB0000_0_0_0.png,prvakick.png,23.5E,(3) 23.5E KU-band Astra 3B/3C,Found
Prva MAX,1_0_1_4E2E_CA7_3_EB0000_0_0_0.png,prvamax.png,23.5E,(3) 23.5E KU-band Astra 3B/3C,Found
Prva Max,1_0_1_4E2E_C9F_3_EB0000_0_0_0.png,prvamax.png,23.5E,(3) 23.5E KU-band Astra 3B/3C,Found
Prva Plus,1_0_1_4EE5_C9F_3_EB0000_0_0_0.png,prvaplus.png,23.5E,(3) 23.5E KU-band Astra 3B/3C,Found
Prva World,1_0_1_4E76_C9F_3_EB0000_0_0_0.png,prvaworld.png,23.5E,(3) 23.5E KU-band Astra 3B/3C,Found
Prva World,1_0_1_4E76_CA8_3_EB0000_0_0_0.png,prvaworld.png,23.5E,(3) 23.5E KU-band Astra 3B/3C,Found
Q-Music,1_0_2_17EE_C82_3_EB0000_0_0_0.png,qmusic.png,23.5E,(3) 23.5E KU-band Astra 3B/3C,Found
RAI 1,1_0_1_4F0E_C9F_3_EB0000_0_0_0.png,rai1.png,23.5E,(3) 23.5E KU-band Astra 3B/3C,Found
RT,1_0_1_4EC8_CA4_3_EB0000_0_0_0.png,rt.png,23.5E,(3) 23.5E KU-band Astra 3B/3C,Found
RTL,1_0_1_4F12_CA5_3_EB0000_0_0_0.png,rtl.png,23.5E,(3) 23.5E KU-band Astra 3B/3C,Found
RTL,1_0_1_4EF4_C8B_3_EB0000_0_0_0.png,rtl.png,23.5E,(3) 23.5E KU-band Astra 3B/3C,Found
RTL,1_0_16_17E8_C82_3_EB0000_0_0_0.png,rtl.png,23.5E,(3) 23.5E KU-band Astra 3B/3C,Found
RTL 2,1_0_1_4F15_CA5_3_EB0000_0_0_0.png,rtl2.png,23.5E,(3) 23.5E KU-band Astra 3B/3C,Found
RTL Croatia,1_0_1_4EB0_CA4_3_EB0000_0_0_0.png,rtlcroatia.png,23.5E,(3) 23.5E KU-band Astra 3B/3C,Found
RTL GOLD,1_0_16_5314_C96_3_EB0000_0_0_0.png,rtlgold.png,23.5E,(3) 23.5E KU-band Astra 3B/3C,Found
RTL Gold,1_0_1_4F0A_CA5_3_EB0000_0_0_0.png,rtlgold.png,23.5E,(3) 23.5E KU-band Astra 3B/3C,Found
RTL HAROM,1_0_16_529F_C99_3_EB0000_0_0_0.png,rtlharom.png,23.5E,(3) 23.5E KU-band Astra 3B/3C,Found
RTL Harom,1_0_1_4EFF_CA5_3_EB0000_0_0_0.png,rtlharom.png,23.5E,(3) 23.5E KU-band Astra 3B/3C,Found
RTL KETTO,1_0_16_52A0_C99_3_EB0000_0_0_0.png,rtlketto.png,23.5E,(3) 23.5E KU-band Astra 3B/3C,Found
RTL Tele Letzebuerg 23.5,1_0_1_1478_C98_3_EB0000_0_0_0.png,rtlteleletzebuerg235.png,23.5E,(3) 23.5E KU-band Astra 3B/3C,Found
RTL Z,1_0_16_1B92_C88_3_EB0000_0_0_0.png,rtlz.png,23.5E,(3) 23.5E KU-band Astra 3B/3C,Found
RTL4 HD,1_0_19_1B6C_C88_3_EB0000_0_0_0.png,rtl4hd.png,23.5E,(3) 23.5E KU-band Astra 3B/3C,Found
RTL5 HD,1_0_19_1B6F_C88_3_EB0000_0_0_0.png,rtl5hd.png,23.5E,(3) 23.5E KU-band Astra 3B/3C,Found
RTL7 HD,1_0_19_1B73_C88_3_EB0000_0_0_0.png,rtl7hd.png,23.5E,(3) 23.5E KU-band Astra 3B/3C,Found
RTL8 HD,1_0_19_1B7C_C88_3_EB0000_0_0_0.png,rtl8hd.png,23.5E,(3) 23.5E KU-band Astra 3B/3C,Found
RTR Planeta,1_0_1_4EC3_CA4_3_EB0000_0_0_0.png,rtrplaneta.png,23.5E,(3) 23.5E KU-band Astra 3B/3C,Found
RTRS,1_0_1_4E85_CA8_3_EB0000_0_0_0.png,rtrs.png,23.5E,(3) 23.5E KU-band Astra 3B/3C,Found
RTRS Plus,1_0_1_4E97_CA4_3_EB0000_0_0_0.png,rtrsplus.png,23.5E,(3) 23.5E KU-band Astra 3B/3C,Found
RTS 1 HD,1_0_19_4E21_C8B_3_EB0000_0_0_0.png,rts1hd.png,23.5E,(3) 23.5E KU-band Astra 3B/3C,Found
RTS 2 HD,1_0_19_4E22_C8B_3_EB0000_0_0_0.png,rts2hd.png,23.5E,(3) 23.5E KU-band Astra 3B/3C,Found
RTS 3 HD,1_0_1_4E82_C8B_3_EB0000_0_0_0.png,rts3hd.png,23.5E,(3) 23.5E KU-band Astra 3B/3C,Found
RTS Drama,1_0_1_4E7B_C8B_3_EB0000_0_0_0.png,rtsdrama.png,23.5E,(3) 23.5E KU-band Astra 3B/3C,Found
RTS Klasika,1_0_1_4E6F_C8B_3_EB0000_0_0_0.png,rtsklasika.png,23.5E,(3) 23.5E KU-band Astra 3B/3C,Found
RTS Kolo,1_0_1_4E7C_C8B_3_EB0000_0_0_0.png,rtskolo.png,23.5E,(3) 23.5E KU-band Astra 3B/3C,Found
RTS Muzika,1_0_1_4E7E_C8B_3_EB0000_0_0_0.png,rtsmuzika.png,23.5E,(3) 23.5E KU-band Astra 3B/3C,Found
RTS Nauka,1_0_1_4E84_C91_3_EB0000_0_0_0.png,rtsnauka.png,23.5E,(3) 23.5E KU-band Astra 3B/3C,Found
RTS Nauka,1_0_1_4E84_CA2_3_EB0000_0_0_0.png,rtsnauka.png,23.5E,(3) 23.5E KU-band Astra 3B/3C,Found
RTS Nauka,1_0_1_1389_CA2_3_EB0000_0_0_0.png,rtsnauka.png,23.5E,(3) 23.5E KU-band Astra 3B/3C,Found
RTS Poletarac,1_0_1_4E7F_C8B_3_EB0000_0_0_0.png,rtspoletarac.png,23.5E,(3) 23.5E KU-band Astra 3B/3C,Found
RTS Poletarac 2,1_0_1_4F26_C91_3_EB0000_0_0_0.png,rtspoletarac2.png,23.5E,(3) 23.5E KU-band Astra 3B/3C,Found
RTS Poletarac 2,1_0_1_4F26_CA2_3_EB0000_0_0_0.png,rtspoletarac2.png,23.5E,(3) 23.5E KU-band Astra 3B/3C,Found
RTS Poletarac 2,1_0_1_138A_CA2_3_EB0000_0_0_0.png,rtspoletarac2.png,23.5E,(3) 23.5E KU-band Astra 3B/3C,Found
RTS Svet HD,1_0_19_4E83_C8B_3_EB0000_0_0_0.png,rtssvethd.png,23.5E,(3) 23.5E KU-band Astra 3B/3C,Found
RTS Trezor,1_0_1_4E7D_C8B_3_EB0000_0_0_0.png,rtstrezor.png,23.5E,(3) 23.5E KU-band Astra 3B/3C,Found
RTV 1,1_0_1_4E80_CA8_3_EB0000_0_0_0.png,rtv1.png,23.5E,(3) 23.5E KU-band Astra 3B/3C,Found
RTV 2,1_0_1_4E81_CA8_3_EB0000_0_0_0.png,rtv2.png,23.5E,(3) 23.5E KU-band Astra 3B/3C,Found
RTV 21 M,1_0_1_4F2D_CA6_3_EB0000_0_0_0.png,rtv21m.png,23.5E,(3) 23.5E KU-band Astra 3B/3C,Found
RTVS SPORT HD,1_0_19_3C3F_C90_3_EB0000_0_0_0.png,rtvssporthd.png,23.5E,(3) 23.5E KU-band Astra 3B/3C,Found
Radio Beograd 202,1_0_2_5156_C8B_3_EB0000_0_0_0.png,radiobeograd202.png,23.5E,(3) 23.5E KU-band Astra 3B/3C,Found
Red TV,1_0_1_4E2A_CA7_3_EB0000_0_0_0.png,redtv.png,23.5E,(3) 23.5E KU-band Astra 3B/3C,Found
Retro Music TV,1_0_16_3C3A_C90_3_EB0000_0_0_0.png,retromusictv.png,23.5E,(3) 23.5E KU-band Astra 3B/3C,Found
SBS6 HD,1_0_19_17CA_C82_3_EB0000_0_0_0.png,sbs6hd.png,23.5E,(3) 23.5E KU-band Astra 3B/3C,Found
SBS9,1_0_19_51D1_C96_3_EB0000_0_0_0.png,sbs9.png,23.5E,(3) 23.5E KU-band Astra 3B/3C,Found
SES Demo HD,1_0_19_17DE_C91_3_EB0000_0_0_0.png,sesdemohd.png,23.5E,(3) 23.5E KU-band Astra 3B/3C,Found
SES_LCN2,1_0_1_1455_C98_3_EB0000_0_0_0.png,seslcn2.png,23.5E,(3) 23.5E KU-band Astra 3B/3C,Found
SONCE,1_0_16_1E6E_C9E_3_EB0000_0_0_0.png,sonce.png,23.5E,(3) 23.5E KU-band Astra 3B/3C,Found
SOS Kanal Plus,1_0_1_4E3D_CA7_3_EB0000_0_0_0.png,soskanalplus.png,23.5E,(3) 23.5E KU-band Astra 3B/3C,Found
SOS kanal,1_0_1_4E3D_C9C_3_EB0000_0_0_0.png,soskanal.png,23.5E,(3) 23.5E KU-band Astra 3B/3C,Found
STB,1_0_16_1E65_C9E_3_EB0000_0_0_0.png,stb.png,23.5E,(3) 23.5E KU-band Astra 3B/3C,Found
STORY4 HU,1_0_16_1F50_CA1_3_EB0000_0_0_0.png,story4hu.png,23.5E,(3) 23.5E KU-band Astra 3B/3C,Found
SUPERSTAR TV HD,1_0_19_4E23_C8B_3_EB0000_0_0_0.png,superstartvhd.png,23.5E,(3) 23.5E KU-band Astra 3B/3C,Found
Sci Fi,1_0_1_4ED2_C9C_3_EB0000_0_0_0.png,scifi.png,23.5E,(3) 23.5E KU-band Astra 3B/3C,Found
Senzi,1_0_16_36F1_C8C_3_EB0000_0_0_0.png,senzi.png,23.5E,(3) 23.5E KU-band Astra 3B/3C,Found
Service 801,1_0_1_321_C9E_3_EB0000_0_0_0.png,service801.png,23.5E,(3) 23.5E KU-band Astra 3B/3C,Found
Service 801,1_0_C_321_C9E_3_EB0000_0_0_0.png,service801.png,23.5E,(3) 23.5E KU-band Astra 3B/3C,Found
Seznam.cz HD,1_0_19_335B_C93_3_EB0000_0_0_0.png,seznamczhd.png,23.5E,(3) 23.5E KU-band Astra 3B/3C,Found
Sitel,1_0_1_4F30_CA6_3_EB0000_0_0_0.png,sitel.png,23.5E,(3) 23.5E KU-band Astra 3B/3C,Found
Skymusic Entertaiment,1_0_1_4EE7_C9C_3_EB0000_0_0_0.png,skymusicentertaiment.png,23.5E,(3) 23.5E KU-band Astra 3B/3C,Found
Slager Muzika,1_0_16_339D_C9D_3_EB0000_0_0_0.png,slagermuzika.png,23.5E,(3) 23.5E KU-band Astra 3B/3C,Found
Slager Original,1_0_16_334E_C93_3_EB0000_0_0_0.png,slageroriginal.png,23.5E,(3) 23.5E KU-band Astra 3B/3C,Found
Slager TV,1_0_16_52F5_C96_3_EB0000_0_0_0.png,slagertv.png,23.5E,(3) 23.5E KU-band Astra 3B/3C,Found
Sobraniski Kanal,1_0_1_4F2B_CA6_3_EB0000_0_0_0.png,sobraniskikanal.png,23.5E,(3) 23.5E KU-band Astra 3B/3C,Found
Spektrum Home,1_0_16_36F6_C8C_3_EB0000_0_0_0.png,spektrumhome.png,23.5E,(3) 23.5E KU-band Astra 3B/3C,Found
Sport 1 SK HD,1_0_19_334B_C93_3_EB0000_0_0_0.png,sport1skhd.png,23.5E,(3) 23.5E KU-band Astra 3B/3C,Found
Sport 10,1_0_16_52ED_C96_3_EB0000_0_0_0.png,sport10.png,23.5E,(3) 23.5E KU-band Astra 3B/3C,Found
Sport 2 HD,1_0_19_318_C94_3_EB0000_0_0_0.png,sport2hd.png,23.5E,(3) 23.5E KU-band Astra 3B/3C,Found
Star Adria,1_0_1_4F35_CA6_3_EB0000_0_0_0.png,staradria.png,23.5E,(3) 23.5E KU-band Astra 3B/3C,Found
Star Channel,1_0_16_178E_C82_3_EB0000_0_0_0.png,starchannel.png,23.5E,(3) 23.5E KU-band Astra 3B/3C,Found
Star Crime Adria,1_0_1_4F36_CA6_3_EB0000_0_0_0.png,starcrimeadria.png,23.5E,(3) 23.5E KU-band Astra 3B/3C,Found
Star Crime HD,1_0_1_4E64_CA4_3_EB0000_0_0_0.png,starcrimehd.png,23.5E,(3) 23.5E KU-band Astra 3B/3C,Found
Star HD,1_0_1_4E61_CA8_3_EB0000_0_0_0.png,starhd.png,23.5E,(3) 23.5E KU-band Astra 3B/3C,Found
Star Life HD,1_0_1_4E63_CA4_3_EB0000_0_0_0.png,starlifehd.png,23.5E,(3) 23.5E KU-band Astra 3B/3C,Found
Star Movies HD,1_0_1_4E62_CA8_3_EB0000_0_0_0.png,starmovieshd.png,23.5E,(3) 23.5E KU-band Astra 3B/3C,Found
Stingray CMusic CZ,1_0_16_30E_C94_3_EB0000_0_0_0.png,stingraycmusiccz.png,23.5E,(3) 23.5E KU-band Astra 3B/3C,Found
Story 4,1_0_1_4EF6_C8B_3_EB0000_0_0_0.png,story4.png,23.5E,(3) 23.5E KU-band Astra 3B/3C,Found
Story 4,1_0_1_4EF6_C9C_3_EB0000_0_0_0.png,story4.png,23.5E,(3) 23.5E KU-band Astra 3B/3C,Found
Studio B,1_0_1_4E28_CA7_3_EB0000_0_0_0.png,studiob.png,23.5E,(3) 23.5E KU-band Astra 3B/3C,Found
Studio Brussel,1_0_2_52DB_C96_3_EB0000_0_0_0.png,studiobrussel.png,23.5E,(3) 23.5E KU-band Astra 3B/3C,Found
Summertime,1_0_1_4EAA_CA6_3_EB0000_0_0_0.png,summertime.png,23.5E,(3) 23.5E KU-band Astra 3B/3C,Found
Super TV2,1_0_1_4F0D_CA5_3_EB0000_0_0_0.png,supertv2.png,23.5E,(3) 23.5E KU-band Astra 3B/3C,Found
SuperTV2,1_0_16_372E_C8E_3_EB0000_0_0_0.png,supertv2.png,23.5E,(3) 23.5E KU-band Astra 3B/3C,Found
Superstar 2,1_0_1_4E2C_C8B_3_EB0000_0_0_0.png,superstar2.png,23.5E,(3) 23.5E KU-band Astra 3B/3C,Found
Superstar 3,1_0_1_4E2D_CA7_3_EB0000_0_0_0.png,superstar3.png,23.5E,(3) 23.5E KU-band Astra 3B/3C,Found
Superstar TV_HD,1_0_1_4EEA_CA5_3_EB0000_0_0_0.png,superstartvhd.png,23.5E,(3) 23.5E KU-band Astra 3B/3C,Found
Suspilne Kultura,1_0_1_1E35_C9E_3_EB0000_0_0_0.png,suspilnekultura.png,23.5E,(3) 23.5E KU-band Astra 3B/3C,Found
Suspilne News,1_0_1_1E37_C9E_3_EB0000_0_0_0.png,suspilnenews.png,23.5E,(3) 23.5E KU-band Astra 3B/3C,Found
TA3 HD,1_0_19_1328_CA2_3_EB0000_0_0_0.png,ta3hd.png,23.5E,(3) 23.5E KU-band Astra 3B/3C,Found
TBN Ukraine,1_0_1_143C_CA2_3_EB0000_0_0_0.png,tbnukraine.png,23.5E,(3) 23.5E KU-band Astra 3B/3C,Found
TLC,1_0_1_4E95_C9C_3_EB0000_0_0_0.png,tlc.png,23.5E,(3) 23.5E KU-band Astra 3B/3C,Found
TLC,1_0_1_4E95_CA8_3_EB0000_0_0_0.png,tlc.png,23.5E,(3) 23.5E KU-band Astra 3B/3C,Found
TV 2,1_0_1_4F0C_CA5_3_EB0000_0_0_0.png,tv2.png,23.5E,(3) 23.5E KU-band Astra 3B/3C,Found
TV 24,1_0_1_4F2E_CA6_3_EB0000_0_0_0.png,tv24.png,23.5E,(3) 23.5E KU-band Astra 3B/3C,Found
TV 5,1_0_1_4EE4_C9C_3_EB0000_0_0_0.png,tv5.png,23.5E,(3) 23.5E KU-band Astra 3B/3C,Found
TV 5,1_0_1_4EE4_CA5_3_EB0000_0_0_0.png,tv5.png,23.5E,(3) 23.5E KU-band Astra 3B/3C,Found
TV Barrandov,1_0_16_31C_C94_3_EB0000_0_0_0.png,tvbarrandov.png,23.5E,(3) 23.5E KU-band Astra 3B/3C,Found
TV Budva,1_0_1_4F1D_CA6_3_EB0000_0_0_0.png,tvbudva.png,23.5E,(3) 23.5E KU-band Astra 3B/3C,Found
TV Drenthe,1_0_16_524F_C99_3_EB0000_0_0_0.png,tvdrenthe.png,23.5E,(3) 23.5E KU-band Astra 3B/3C,Found
TV Galaksija 32,1_0_1_4EE3_C9F_3_EB0000_0_0_0.png,tvgalaksija32.png,23.5E,(3) 23.5E KU-band Astra 3B/3C,Found
TV Galaksija 32,1_0_1_4EE3_CA6_3_EB0000_0_0_0.png,tvgalaksija32.png,23.5E,(3) 23.5E KU-band Astra 3B/3C,Found
TV Gelderland,1_0_16_5250_C99_3_EB0000_0_0_0.png,tvgelderland.png,23.5E,(3) 23.5E KU-band Astra 3B/3C,Found
TV Hayat,1_0_1_4EB1_CA4_3_EB0000_0_0_0.png,tvhayat.png,23.5E,(3) 23.5E KU-band Astra 3B/3C,Found
TV Hayat 2,1_0_1_4EB2_CA4_3_EB0000_0_0_0.png,tvhayat2.png,23.5E,(3) 23.5E KU-band Astra 3B/3C,Found
TV Hayat Folk Box,1_0_1_4EB4_CA4_3_EB0000_0_0_0.png,tvhayatfolkbox.png,23.5E,(3) 23.5E KU-band Astra 3B/3C,Found
TV Hayat Music Box,1_0_1_4EB5_CA4_3_EB0000_0_0_0.png,tvhayatmusicbox.png,23.5E,(3) 23.5E KU-band Astra 3B/3C,Found
TV Hayatovci,1_0_1_4EB3_CA4_3_EB0000_0_0_0.png,tvhayatovci.png,23.5E,(3) 23.5E KU-band Astra 3B/3C,Found
TV Hram,1_0_1_4E89_C9C_3_EB0000_0_0_0.png,tvhram.png,23.5E,(3) 23.5E KU-band Astra 3B/3C,Found
TV Hram,1_0_1_4E89_CA8_3_EB0000_0_0_0.png,tvhram.png,23.5E,(3) 23.5E KU-band Astra 3B/3C,Found
TV JOJ HD,1_0_19_3398_C9D_3_EB0000_0_0_0.png,tvjojhd.png,23.5E,(3) 23.5E KU-band Astra 3B/3C,Found
TV Lux HD,1_0_19_1F4E_CA1_3_EB0000_0_0_0.png,tvluxhd.png,23.5E,(3) 23.5E KU-band Astra 3B/3C,Found
TV Mreza Most,1_0_1_4F10_C9C_3_EB0000_0_0_0.png,tvmrezamost.png,23.5E,(3) 23.5E KU-band Astra 3B/3C,Found
TV Mreza Most,1_0_1_4F10_CA5_3_EB0000_0_0_0.png,tvmrezamost.png,23.5E,(3) 23.5E KU-band Astra 3B/3C,Found
TV NOE,1_0_19_132E_CA2_3_EB0000_0_0_0.png,tvnoe.png,23.5E,(3) 23.5E KU-band Astra 3B/3C,Found
TV Niksic,1_0_1_4F1A_CA5_3_EB0000_0_0_0.png,tvniksic.png,23.5E,(3) 23.5E KU-band Astra 3B/3C,Found
TV Noord,1_0_16_5265_C99_3_EB0000_0_0_0.png,tvnoord.png,23.5E,(3) 23.5E KU-band Astra 3B/3C,Found
TV Oranje,1_0_16_5292_C99_3_EB0000_0_0_0.png,tvoranje.png,23.5E,(3) 23.5E KU-band Astra 3B/3C,Found
TV Palma,1_0_1_4EDF_CA6_3_EB0000_0_0_0.png,tvpalma.png,23.5E,(3) 23.5E KU-band Astra 3B/3C,Found
TV Paprika,1_0_16_36FE_C8C_3_EB0000_0_0_0.png,tvpaprika.png,23.5E,(3) 23.5E KU-band Astra 3B/3C,Found
TV Pink,1_0_1_4E24_CA7_3_EB0000_0_0_0.png,tvpink.png,23.5E,(3) 23.5E KU-band Astra 3B/3C,Found
TV Pink M,1_0_1_4E8E_CA8_3_EB0000_0_0_0.png,tvpinkm.png,23.5E,(3) 23.5E KU-band Astra 3B/3C,Found
TV Pljevlja,1_0_1_4F1C_CA5_3_EB0000_0_0_0.png,tvpljevlja.png,23.5E,(3) 23.5E KU-band Astra 3B/3C,Found
TV Prva (Crna Gora),1_0_1_4E8D_CA8_3_EB0000_0_0_0.png,tvprvacrnagora.png,23.5E,(3) 23.5E KU-band Astra 3B/3C,Found
TV Rain,1_0_1_1446_CA2_3_EB0000_0_0_0.png,tvrain.png,23.5E,(3) 23.5E KU-band Astra 3B/3C,Found
TV Vijesti,1_0_1_4E8C_CA8_3_EB0000_0_0_0.png,tvvijesti.png,23.5E,(3) 23.5E KU-band Astra 3B/3C,Found
TV2,1_0_16_17E9_C82_3_EB0000_0_0_0.png,tv2.png,23.5E,(3) 23.5E KU-band Astra 3B/3C,Found
TV8,1_0_16_3CFD_C95_3_EB0000_0_0_0.png,tv8.png,23.5E,(3) 23.5E KU-band Astra 3B/3C,Found
TVCG1,1_0_1_4E8A_CA8_3_EB0000_0_0_0.png,tvcg1.png,23.5E,(3) 23.5E KU-band Astra 3B/3C,Found
TVCG2,1_0_1_4E8B_CA8_3_EB0000_0_0_0.png,tvcg2.png,23.5E,(3) 23.5E KU-band Astra 3B/3C,Found
TVCG3,1_0_1_4ECD_CA5_3_EB0000_0_0_0.png,tvcg3.png,23.5E,(3) 23.5E KU-band Astra 3B/3C,Found
TVE International,1_0_1_4F0F_C9C_3_EB0000_0_0_0.png,tveinternational.png,23.5E,(3) 23.5E KU-band Astra 3B/3C,Found
TVGE Internacional,1_0_1_17D8_C91_3_EB0000_0_0_0.png,tvgeinternacional.png,23.5E,(3) 23.5E KU-band Astra 3B/3C,Found
TVV Infokanaal,1_0_16_17E1_C82_3_EB0000_0_0_0.png,tvvinfokanaal.png,23.5E,(3) 23.5E KU-band Astra 3B/3C,Found
Tanjug TV,1_0_1_4ECC_CA5_3_EB0000_0_0_0.png,tanjugtv.png,23.5E,(3) 23.5E KU-band Astra 3B/3C,Found
Telemark,1_0_1_4EE6_C9C_3_EB0000_0_0_0.png,telemark.png,23.5E,(3) 23.5E KU-band Astra 3B/3C,Found
Telemark,1_0_1_4EE6_CA4_3_EB0000_0_0_0.png,telemark.png,23.5E,(3) 23.5E KU-band Astra 3B/3C,Found
Telma,1_0_1_4F31_CA6_3_EB0000_0_0_0.png,telma.png,23.5E,(3) 23.5E KU-band Astra 3B/3C,Found
Test,1_0_1_5315_C96_3_EB0000_0_0_0.png,test.png,23.5E,(3) 23.5E KU-band Astra 3B/3C,Found
Test kanal,1_0_1_4F4B_CA5_3_EB0000_0_0_0.png,testkanal.png,23.5E,(3) 23.5E KU-band Astra 3B/3C,Found
Test service 1,1_0_1_4F43_C9C_3_EB0000_0_0_0.png,testservice1.png,23.5E,(3) 23.5E KU-band Astra 3B/3C,Found
Test service 2,1_0_1_4F44_C9F_3_EB0000_0_0_0.png,testservice2.png,23.5E,(3) 23.5E KU-band Astra 3B/3C,Found
Test service 3,1_0_1_4F45_C9C_3_EB0000_0_0_0.png,testservice3.png,23.5E,(3) 23.5E KU-band Astra 3B/3C,Found
Test service 4,1_0_1_4F46_C9F_3_EB0000_0_0_0.png,testservice4.png,23.5E,(3) 23.5E KU-band Astra 3B/3C,Found
TimlessDiziChannel,1_0_1_4ED7_C9F_3_EB0000_0_0_0.png,timlessdizichannel.png,23.5E,(3) 23.5E KU-band Astra 3B/3C,Found
Toxic,1_0_1_4E60_CA5_3_EB0000_0_0_0.png,toxic.png,23.5E,(3) 23.5E KU-band Astra 3B/3C,Found
Toxic Folk,1_0_1_4EA7_CA4_3_EB0000_0_0_0.png,toxicfolk.png,23.5E,(3) 23.5E KU-band Astra 3B/3C,Found
Toxic Rap,1_0_1_4EBC_CA4_3_EB0000_0_0_0.png,toxicrap.png,23.5E,(3) 23.5E KU-band Astra 3B/3C,Found
Travel XP,1_0_16_17AE_C82_3_EB0000_0_0_0.png,travelxp.png,23.5E,(3) 23.5E KU-band Astra 3B/3C,Found
Travel XP BNL,1_0_16_17AF_C82_3_EB0000_0_0_0.png,travelxpbnl.png,23.5E,(3) 23.5E KU-band Astra 3B/3C,Found
Travelxp,1_0_1_4EF0_C9F_3_EB0000_0_0_0.png,travelxp.png,23.5E,(3) 23.5E KU-band Astra 3B/3C,Found
Tring Action,1_0_1_4EAB_CA6_3_EB0000_0_0_0.png,tringaction.png,23.5E,(3) 23.5E KU-band Astra 3B/3C,Found
Tring Tring,1_0_1_4EA2_CA6_3_EB0000_0_0_0.png,tringtring.png,23.5E,(3) 23.5E KU-band Astra 3B/3C,Found
Trinitas,1_0_1_4F05_CA5_3_EB0000_0_0_0.png,trinitas.png,23.5E,(3) 23.5E KU-band Astra 3B/3C,Found
Turizam,1_0_1_4EA1_CA6_3_EB0000_0_0_0.png,turizam.png,23.5E,(3) 23.5E KU-band Astra 3B/3C,Found
UNA TV,1_0_1_4E30_CA5_3_EB0000_0_0_0.png,unatv.png,23.5E,(3) 23.5E KU-band Astra 3B/3C,Found
V5,1_0_1_4EE2_CA6_3_EB0000_0_0_0.png,v5.png,23.5E,(3) 23.5E KU-band Astra 3B/3C,Found
VRT 1,1_0_19_5221_C99_3_EB0000_0_0_0.png,vrt1.png,23.5E,(3) 23.5E KU-band Astra 3B/3C,Found
VRT Canvas HD,1_0_19_5226_C99_3_EB0000_0_0_0.png,vrtcanvashd.png,23.5E,(3) 23.5E KU-band Astra 3B/3C,Found
VTM 2 HD,1_0_19_1B90_C88_3_EB0000_0_0_0.png,vtm2hd.png,23.5E,(3) 23.5E KU-band Astra 3B/3C,Found
VTM 3,1_0_16_5280_C96_3_EB0000_0_0_0.png,vtm3.png,23.5E,(3) 23.5E KU-band Astra 3B/3C,Found
VTM 4,1_0_16_5282_C96_3_EB0000_0_0_0.png,vtm4.png,23.5E,(3) 23.5E KU-band Astra 3B/3C,Found
VTM Gold,1_0_16_5276_C96_3_EB0000_0_0_0.png,vtmgold.png,23.5E,(3) 23.5E KU-band Astra 3B/3C,Found
VTM HD,1_0_19_1B76_C88_3_EB0000_0_0_0.png,vtmhd.png,23.5E,(3) 23.5E KU-band Astra 3B/3C,Found
VTM SERIES,1_0_16_527C_C96_3_EB0000_0_0_0.png,vtmseries.png,23.5E,(3) 23.5E KU-band Astra 3B/3C,Found
Veronica / Disney Jr.,1_0_19_522B_C99_3_EB0000_0_0_0.png,veronicadisneyjr.png,23.5E,(3) 23.5E KU-band Astra 3B/3C,Found
Vesti,1_0_1_4E2B_CA7_3_EB0000_0_0_0.png,vesti.png,23.5E,(3) 23.5E KU-band Astra 3B/3C,Found
Viasat Explore,1_0_16_3C2F_C90_3_EB0000_0_0_0.png,viasatexplore.png,23.5E,(3) 23.5E KU-band Astra 3B/3C,Found
Viasat Explore,1_0_19_4E9F_CA4_3_EB0000_0_0_0.png,viasatexplore.png,23.5E,(3) 23.5E KU-band Astra 3B/3C,Found
Viasat History,1_0_19_4E9E_CA4_3_EB0000_0_0_0.png,viasathistory.png,23.5E,(3) 23.5E KU-band Astra 3B/3C,Found
Viasat History HD,1_0_19_3CF0_C95_3_EB0000_0_0_0.png,viasathistoryhd.png,23.5E,(3) 23.5E KU-band Astra 3B/3C,Found
Viasat Kino,1_0_1_4ED1_C9F_3_EB0000_0_0_0.png,viasatkino.png,23.5E,(3) 23.5E KU-band Astra 3B/3C,Found
Viasat Nature,1_0_1_4E3C_CA7_3_EB0000_0_0_0.png,viasatnature.png,23.5E,(3) 23.5E KU-band Astra 3B/3C,Found
Viasat Nature HD,1_0_19_3CF1_C95_3_EB0000_0_0_0.png,viasatnaturehd.png,23.5E,(3) 23.5E KU-band Astra 3B/3C,Found
Viasat True Crime,1_0_16_36F3_C8C_3_EB0000_0_0_0.png,viasattruecrime.png,23.5E,(3) 23.5E KU-band Astra 3B/3C,Found
Vision plus,1_0_1_4EA8_CA6_3_EB0000_0_0_0.png,visionplus.png,23.5E,(3) 23.5E KU-band Astra 3B/3C,Found
WAU HD,1_0_19_334F_C93_3_EB0000_0_0_0.png,wauhd.png,23.5E,(3) 23.5E KU-band Astra 3B/3C,Found
Ziggo Sport,1_0_19_51E0_C96_3_EB0000_0_0_0.png,ziggosport.png,23.5E,(3) 23.5E KU-band Astra 3B/3C,Found
Ziggo Sport 2,1_0_16_51BD_C96_3_EB0000_0_0_0.png,ziggosport2.png,23.5E,(3) 23.5E KU-band Astra 3B/3C,Found
Ziggo Sport 6,1_0_16_51C2_C96_3_EB0000_0_0_0.png,ziggosport6.png,23.5E,(3) 23.5E KU-band Astra 3B/3C,Found
Zona Plus,1_0_1_4EDE_CA5_3_EB0000_0_0_0.png,zonaplus.png,23.5E,(3) 23.5E KU-band Astra 3B/3C,Found
duck TV,1_0_16_36FD_C8C_3_EB0000_0_0_0.png,ducktv.png,23.5E,(3) 23.5E KU-band Astra 3B/3C,Found
duck TV DUT,1_0_16_36F4_C8C_3_EB0000_0_0_0.png,ducktvdut.png,23.5E,(3) 23.5E KU-band Astra 3B/3C,Found
iConcert,1_0_19_1433_CA2_3_EB0000_0_0_0.png,iconcert.png,23.5E,(3) 23.5E KU-band Astra 3B/3C,Found
iConcert,1_0_19_17D6_C91_3_EB0000_0_0_0.png,iconcert.png,23.5E,(3) 23.5E KU-band Astra 3B/3C,Found
mSAT Info,1_0_1_4E20_C8B_3_EB0000_0_0_0.png,msatinfo.png,23.5E,(3) 23.5E KU-band Astra 3B/3C,Found
2M MAROC HD,1_0_19_7_424_E0_FF0000_0_0_0.png,2mmarochd.png,25.5E,(4) 25.5E KU-band Es'hail 1,Found
Aflam HD,1_0_19_7_2_1_FF0000_0_0_0.png,aflamhd.png,25.5E,(4) 25.5E KU-band Es'hail 1,Found
Al Aoula HD,1_0_19_A_2_1_FF0000_0_0_0.png,alaoulahd.png,25.5E,(4) 25.5E KU-band Es'hail 1,Found
Al Aoula Inter HD,1_0_19_3_424_E0_FF0000_0_0_0.png,alaoulainterhd.png,25.5E,(4) 25.5E KU-band Es'hail 1,Found
Al Jazeera,1_0_1_2905_41A_E0_FF0000_0_0_0.png,aljazeera.png,25.5E,(4) 25.5E KU-band Es'hail 1,Found
Al Jazeera Documentary,1_0_1_2908_41A_E0_FF0000_0_0_0.png,aljazeeradocumentary.png,25.5E,(4) 25.5E KU-band Es'hail 1,Found
Al Jazeera Documentary HD,1_0_19_2778_3F2_E0_FF0000_0_0_0.png,aljazeeradocumentaryhd.png,25.5E,(4) 25.5E KU-band Es'hail 1,Found
Al Jazeera English,1_0_1_2907_41A_E0_FF0000_0_0_0.png,aljazeeraenglish.png,25.5E,(4) 25.5E KU-band Es'hail 1,Found
Al Jazeera English HD,1_0_19_2777_3F2_E0_FF0000_0_0_0.png,aljazeeraenglishhd.png,25.5E,(4) 25.5E KU-band Es'hail 1,Found
Al Jazeera HD,1_0_19_2775_3F2_E0_FF0000_0_0_0.png,aljazeerahd.png,25.5E,(4) 25.5E KU-band Es'hail 1,Found
Al Jazeera Mubasher,1_0_1_2906_41A_E0_FF0000_0_0_0.png,aljazeeramubasher.png,25.5E,(4) 25.5E KU-band Es'hail 1,Found
Al Jazeera Mubasher 2,1_0_1_2909_41A_E0_FF0000_0_0_0.png,aljazeeramubasher2.png,25.5E,(4) 25.5E KU-band Es'hail 1,Found
Al Jazeera Mubasher 2 HD,1_0_19_2779_3F2_E0_FF0000_0_0_0.png,aljazeeramubasher2hd.png,25.5E,(4) 25.5E KU-band Es'hail 1,Found
Al Jazeera Mubasher HD,1_0_19_2776_3F2_E0_FF0000_0_0_0.png,aljazeeramubasherhd.png,25.5E,(4) 25.5E KU-band Es'hail 1,Found
Al Maghribia,1_0_1_5_1_1_FF0000_0_0_0.png,almaghribia.png,25.5E,(4) 25.5E KU-band Es'hail 1,Found
Al Maghribia HD,1_0_19_1_424_E0_FF0000_0_0_0.png,almaghribiahd.png,25.5E,(4) 25.5E KU-band Es'hail 1,Found
Arryadia,1_0_1_3_1_1_FF0000_0_0_0.png,arryadia.png,25.5E,(4) 25.5E KU-band Es'hail 1,Found
Arryadia HD,1_0_19_1_42E_E0_FF0000_0_0_0.png,arryadiahd.png,25.5E,(4) 25.5E KU-band Es'hail 1,Found
Arryadia HD,1_0_19_D_2_1_FF0000_0_0_0.png,arryadiahd.png,25.5E,(4) 25.5E KU-band Es'hail 1,Found
Arryadia HD1,1_0_1_2_42E_E0_FF0000_0_0_0.png,arryadiahd1.png,25.5E,(4) 25.5E KU-band Es'hail 1,Found
Arryadia HD2,1_0_1_3_42E_E0_FF0000_0_0_0.png,arryadiahd2.png,25.5E,(4) 25.5E KU-band Es'hail 1,Found
Arryadia HD3,1_0_1_4_42E_E0_FF0000_0_0_0.png,arryadiahd3.png,25.5E,(4) 25.5E KU-band Es'hail 1,Found
Assadissa,1_0_1_6_1_1_FF0000_0_0_0.png,assadissa.png,25.5E,(4) 25.5E KU-band Es'hail 1,Found
Assadissa HD,1_0_19_6_424_E0_FF0000_0_0_0.png,assadissahd.png,25.5E,(4) 25.5E KU-band Es'hail 1,Found
Assadissa HD,1_0_19_10_2_1_FF0000_0_0_0.png,assadissahd.png,25.5E,(4) 25.5E KU-band Es'hail 1,Found
Athaqafia HD,1_0_19_4_424_E0_FF0000_0_0_0.png,athaqafiahd.png,25.5E,(4) 25.5E KU-band Es'hail 1,Found
Laayoune TV,1_0_1_9_2_1_FF0000_0_0_0.png,laayounetv.png,25.5E,(4) 25.5E KU-band Es'hail 1,Found
Laayoune TV HD,1_0_19_2_424_E0_FF0000_0_0_0.png,laayounetvhd.png,25.5E,(4) 25.5E KU-band Es'hail 1,Found
Medi1 TV,1_0_1_B_1_1_FF0000_0_0_0.png,medi1tv.png,25.5E,(4) 25.5E KU-band Es'hail 1,Found
Radio 2M,1_0_2_33_4_0_FF0000_0_0_0.png,radio2m.png,25.5E,(4) 25.5E KU-band Es'hail 1,Found
SNRT_Laayoune HD,1_0_1_1_1000_2000_FF0000_0_0_0.png,snrtlaayounehd.png,25.5E,(4) 25.5E KU-band Es'hail 1,Found
TEST,1_0_1_290A_41A_E0_FF0000_0_0_0.png,test.png,25.5E,(4) 25.5E KU-band Es'hail 1,Found
Tamazight,1_0_1_8_2_1_FF0000_0_0_0.png,tamazight.png,25.5E,(4) 25.5E KU-band Es'hail 1,Found
Tamazight HD,1_0_19_F1_424_E0_FF0000_0_0_0.png,tamazighthd.png,25.5E,(4) 25.5E KU-band Es'hail 1,Found
chaine Inter,1_0_2_15_4_0_FF0000_0_0_0.png,chaineinter.png,25.5E,(4) 25.5E KU-band Es'hail 1,Found
AL ARABY 2HD,1_0_19_5018_802_E0_1040000_0_0_0.png,alaraby2hd.png,26.0E,(5) 26.0E KU-band Badr 5 / Badr 7/8 & Es'hail 2,Found
AL ARABY TV HD,1_0_19_5015_802_E0_1040000_0_0_0.png,alarabytvhd.png,26.0E,(5) 26.0E KU-band Badr 5 / Badr 7/8 & Es'hail 2,Found
AL Arabiya HD,1_0_1_7_1F6_2BE_1040000_0_0_0.png,alarabiyahd.png,26.0E,(5) 26.0E KU-band Badr 5 / Badr 7/8 & Es'hail 2,Found
ALIKHBARIYA.SY,1_0_19_502C_802_E0_1040000_0_0_0.png,alikhbariyasy.png,26.0E,(5) 26.0E KU-band Badr 5 / Badr 7/8 & Es'hail 2,Found
ALIKHBARIYA.SY,1_0_19_51A5_82A_E0_1040000_0_0_0.png,alikhbariyasy.png,26.0E,(5) 26.0E KU-band Badr 5 / Badr 7/8 & Es'hail 2,Found
ALJADEED TV HD,1_0_1_18_1_2BE_1040000_0_0_0.png,aljadeedtvhd.png,26.0E,(5) 26.0E KU-band Badr 5 / Badr 7/8 & Es'hail 2,Found
ANEWS,1_0_19_4_802_E0_1040000_0_0_0.png,anews.png,26.0E,(5) 26.0E KU-band Badr 5 / Badr 7/8 & Es'hail 2,Found
Adan TV,1_0_1_70B_1FA_2BE_1040000_0_0_0.png,adantv.png,26.0E,(5) 26.0E KU-band Badr 5 / Badr 7/8 & Es'hail 2,Found
Aghani,1_0_1_1D_1_2BE_1040000_0_0_0.png,aghani.png,26.0E,(5) 26.0E KU-band Badr 5 / Badr 7/8 & Es'hail 2,Found
Al Arabiya,1_0_1_250_1F6_2BE_1040000_0_0_0.png,alarabiya.png,26.0E,(5) 26.0E KU-band Badr 5 / Badr 7/8 & Es'hail 2,Found
Al Arabiya Business,1_0_1_255_1F6_2BE_1040000_0_0_0.png,alarabiyabusiness.png,26.0E,(5) 26.0E KU-band Badr 5 / Badr 7/8 & Es'hail 2,Found
Al Arabiya HD,1_0_19_132_17F8_2BE_1040000_0_0_0.png,alarabiyahd.png,26.0E,(5) 26.0E KU-band Badr 5 / Badr 7/8 & Es'hail 2,Found
Al Ekhbaria,1_0_1_A2C_1A_2BE_1040000_0_0_0.png,alekhbaria.png,26.0E,(5) 26.0E KU-band Badr 5 / Badr 7/8 & Es'hail 2,Found
Al Mashhad,1_0_19_253_1F6_2BE_1040000_0_0_0.png,almashhad.png,26.0E,(5) 26.0E KU-band Badr 5 / Badr 7/8 & Es'hail 2,Found
Al Rahma TV,1_0_16_5019_802_E0_1040000_0_0_0.png,alrahmatv.png,26.0E,(5) 26.0E KU-band Badr 5 / Badr 7/8 & Es'hail 2,Found
Al Rayyan 2 HD,1_0_19_50DE_816_E0_1040000_0_0_0.png,alrayyan2hd.png,26.0E,(5) 26.0E KU-band Badr 5 / Badr 7/8 & Es'hail 2,Found
Al Rayyan HD,1_0_19_50DD_816_E0_1040000_0_0_0.png,alrayyanhd.png,26.0E,(5) 26.0E KU-band Badr 5 / Badr 7/8 & Es'hail 2,Found
Al Taghier,1_0_19_502D_802_E0_1040000_0_0_0.png,altaghier.png,26.0E,(5) 26.0E KU-band Badr 5 / Badr 7/8 & Es'hail 2,Found
Al-AKHBAR,1_0_19_44E_7594_77E_1040000_0_0_0.png,alakhbar.png,26.0E,(5) 26.0E KU-band Badr 5 / Badr 7/8 & Es'hail 2,Found
Al-Arabiya Alhadath,1_0_1_1B_208_2BE_1040000_0_0_0.png,alarabiyaalhadath.png,26.0E,(5) 26.0E KU-band Badr 5 / Badr 7/8 & Es'hail 2,Found
AlThaqafeya HD,1_0_19_D_1F7_2BE_1040000_0_0_0.png,althaqafeyahd.png,26.0E,(5) 26.0E KU-band Badr 5 / Badr 7/8 & Es'hail 2,Found
Alkass EXTRA one,1_0_19_2203_1F86_E0_1040000_0_0_0.png,alkassextraone.png,26.0E,(5) 26.0E KU-band Badr 5 / Badr 7/8 & Es'hail 2,Found
Alkass Radio 01,1_0_1_6_2_1_1040000_0_0_0.png,alkassradio01.png,26.0E,(5) 26.0E KU-band Badr 5 / Badr 7/8 & Es'hail 2,Found
Alkass Radio 01,1_0_2_6_22B_2BE_1040000_0_0_0.png,alkassradio01.png,26.0E,(5) 26.0E KU-band Badr 5 / Badr 7/8 & Es'hail 2,Found
Alkass eight HD,1_0_1_72_1029_E0_1040000_0_0_0.png,alkasseighthd.png,26.0E,(5) 26.0E KU-band Badr 5 / Badr 7/8 & Es'hail 2,Found
Alkass eleven HD,1_0_19_4FC8_7F8_E0_1040000_0_0_0.png,alkasselevenhd.png,26.0E,(5) 26.0E KU-band Badr 5 / Badr 7/8 & Es'hail 2,Found
Alkass five HD,1_0_1_6F_1029_E0_1040000_0_0_0.png,alkassfivehd.png,26.0E,(5) 26.0E KU-band Badr 5 / Badr 7/8 & Es'hail 2,Found
Alkass four HD,1_0_1_5_2_1_1040000_0_0_0.png,alkassfourhd.png,26.0E,(5) 26.0E KU-band Badr 5 / Badr 7/8 & Es'hail 2,Found
Alkass four HD,1_0_1_5_22B_2BE_1040000_0_0_0.png,alkassfourhd.png,26.0E,(5) 26.0E KU-band Badr 5 / Badr 7/8 & Es'hail 2,Found
Alkass nine HD,1_0_19_4FBF_7F8_E0_1040000_0_0_0.png,alkassninehd.png,26.0E,(5) 26.0E KU-band Badr 5 / Badr 7/8 & Es'hail 2,Found
Alkass one HD,1_0_1_3_2_1_1040000_0_0_0.png,alkassonehd.png,26.0E,(5) 26.0E KU-band Badr 5 / Badr 7/8 & Es'hail 2,Found
Alkass one HD,1_0_1_3_22B_2BE_1040000_0_0_0.png,alkassonehd.png,26.0E,(5) 26.0E KU-band Badr 5 / Badr 7/8 & Es'hail 2,Found
Alkass seven HD,1_0_1_71_1029_E0_1040000_0_0_0.png,alkasssevenhd.png,26.0E,(5) 26.0E KU-band Badr 5 / Badr 7/8 & Es'hail 2,Found
Alkass six HD,1_0_1_70_1029_E0_1040000_0_0_0.png,alkasssixhd.png,26.0E,(5) 26.0E KU-band Badr 5 / Badr 7/8 & Es'hail 2,Found
Alkass ten HD,1_0_19_4FC0_7F8_E0_1040000_0_0_0.png,alkasstenhd.png,26.0E,(5) 26.0E KU-band Badr 5 / Badr 7/8 & Es'hail 2,Found
Alkass three HD,1_0_1_1_22B_2BE_1040000_0_0_0.png,alkassthreehd.png,26.0E,(5) 26.0E KU-band Badr 5 / Badr 7/8 & Es'hail 2,Found
Alkass three HD,1_0_19_4FB6_7F8_E0_1040000_0_0_0.png,alkassthreehd.png,26.0E,(5) 26.0E KU-band Badr 5 / Badr 7/8 & Es'hail 2,Found
Alkass two HD,1_0_1_4_2_1_1040000_0_0_0.png,alkasstwohd.png,26.0E,(5) 26.0E KU-band Badr 5 / Badr 7/8 & Es'hail 2,Found
Alkass two HD,1_0_1_4_22B_2BE_1040000_0_0_0.png,alkasstwohd.png,26.0E,(5) 26.0E KU-band Badr 5 / Badr 7/8 & Es'hail 2,Found
Alkass two HD,1_0_19_4FB5_7F8_E0_1040000_0_0_0.png,alkasstwohd.png,26.0E,(5) 26.0E KU-band Badr 5 / Badr 7/8 & Es'hail 2,Found
Alsouriya Tv,1_0_19_51A6_82A_E0_1040000_0_0_0.png,alsouriyatv.png,26.0E,(5) 26.0E KU-band Badr 5 / Badr 7/8 & Es'hail 2,Found
Alwaqie TV HD,1_0_1_173E_1CEA_1_1040000_0_0_0.png,alwaqietvhd.png,26.0E,(5) 26.0E KU-band Badr 5 / Badr 7/8 & Es'hail 2,Found
Amman FM,1_0_2_714_1FA_2BE_1040000_0_0_0.png,ammanfm.png,26.0E,(5) 26.0E KU-band Badr 5 / Badr 7/8 & Es'hail 2,Found
Ana Sooria,1_0_1_1F_1_2BE_1040000_0_0_0.png,anasooria.png,26.0E,(5) 26.0E KU-band Badr 5 / Badr 7/8 & Es'hail 2,Found
Arabica,1_0_1_1C_1_2BE_1040000_0_0_0.png,arabica.png,26.0E,(5) 26.0E KU-band Badr 5 / Badr 7/8 & Es'hail 2,Found
Atfal Mawaheb TV,1_0_1_B_1CEA_1_1040000_0_0_0.png,atfalmawahebtv.png,26.0E,(5) 26.0E KU-band Badr 5 / Badr 7/8 & Es'hail 2,Found
Atfal and Mawahib TV,1_0_1_2_12D_2BE_1040000_0_0_0.png,atfalandmawahibtv.png,26.0E,(5) 26.0E KU-band Badr 5 / Badr 7/8 & Es'hail 2,Found
BBC Arabic,1_0_1_17_1FD_2BE_1040000_0_0_0.png,bbcarabic.png,26.0E,(5) 26.0E KU-band Badr 5 / Badr 7/8 & Es'hail 2,Found
BBC Arabic HD,1_0_19_1E_1FD_2BE_1040000_0_0_0.png,bbcarabichd.png,26.0E,(5) 26.0E KU-band Badr 5 / Badr 7/8 & Es'hail 2,Found
BBC Earth,1_0_19_9E41_FD2_E0_1040000_0_0_0.png,bbcearth.png,26.0E,(5) 26.0E KU-band Badr 5 / Badr 7/8 & Es'hail 2,Found
BabyTV HD,1_0_19_9D0D_FB4_E0_1040000_0_0_0.png,babytvhd.png,26.0E,(5) 26.0E KU-band Badr 5 / Badr 7/8 & Es'hail 2,Found
Bahrain International HD,1_0_19_2_202_2BE_1040000_0_0_0.png,bahraininternationalhd.png,26.0E,(5) 26.0E KU-band Badr 5 / Badr 7/8 & Es'hail 2,Found
Bahrain Sport 1 HD,1_0_1_3_202_2BE_1040000_0_0_0.png,bahrainsport1hd.png,26.0E,(5) 26.0E KU-band Badr 5 / Badr 7/8 & Es'hail 2,Found
Bahrain Sport 2 HD,1_0_1_4_202_2BE_1040000_0_0_0.png,bahrainsport2hd.png,26.0E,(5) 26.0E KU-band Badr 5 / Badr 7/8 & Es'hail 2,Found
Bahrain TV HD,1_0_19_1_202_2BE_1040000_0_0_0.png,bahraintvhd.png,26.0E,(5) 26.0E KU-band Badr 5 / Badr 7/8 & Es'hail 2,Found
Baraem,1_0_19_9D6E_FBE_E0_1040000_0_0_0.png,baraem.png,26.0E,(5) 26.0E KU-band Badr 5 / Badr 7/8 & Es'hail 2,Found
Bloomberg,1_0_19_9D72_FBE_E0_1040000_0_0_0.png,bloomberg.png,26.0E,(5) 26.0E KU-band Badr 5 / Badr 7/8 & Es'hail 2,Found
CGTN-ARABIC HD,1_0_19_B_1F9_2BE_1040000_0_0_0.png,cgtnarabichd.png,26.0E,(5) 26.0E KU-band Badr 5 / Badr 7/8 & Es'hail 2,Found
CNBC Arabiya,1_0_19_3_1FF_2BE_1040000_0_0_0.png,cnbcarabiya.png,26.0E,(5) 26.0E KU-band Badr 5 / Badr 7/8 & Es'hail 2,Found
CNN HD,1_0_19_9DD3_FC8_E0_1040000_0_0_0.png,cnnhd.png,26.0E,(5) 26.0E KU-band Badr 5 / Badr 7/8 & Es'hail 2,Found
CNNi SD,1_0_16_259_1F9_2BE_1040000_0_0_0.png,cnnisd.png,26.0E,(5) 26.0E KU-band Badr 5 / Badr 7/8 & Es'hail 2,Found
Cartoon Network Arabic,1_0_19_9DDA_FC8_E0_1040000_0_0_0.png,cartoonnetworkarabic.png,26.0E,(5) 26.0E KU-band Badr 5 / Badr 7/8 & Es'hail 2,Found
Cartoon Network HD,1_0_19_9DD2_FC8_E0_1040000_0_0_0.png,cartoonnetworkhd.png,26.0E,(5) 26.0E KU-band Badr 5 / Badr 7/8 & Es'hail 2,Found
Cartoon Network Hindi,1_0_19_9DD6_FC8_E0_1040000_0_0_0.png,cartoonnetworkhindi.png,26.0E,(5) 26.0E KU-band Badr 5 / Badr 7/8 & Es'hail 2,Found
Cartoonito,1_0_19_9DD1_FC8_E0_1040000_0_0_0.png,cartoonito.png,26.0E,(5) 26.0E KU-band Badr 5 / Badr 7/8 & Es'hail 2,Found
Cbeebies,1_0_19_9DD7_FC8_E0_1040000_0_0_0.png,cbeebies.png,26.0E,(5) 26.0E KU-band Badr 5 / Badr 7/8 & Es'hail 2,Found
Channel 999,1_0_19_9CB6_FAA_E0_1040000_0_0_0.png,channel999.png,26.0E,(5) 26.0E KU-band Badr 5 / Badr 7/8 & Es'hail 2,Found
DJIBOUTI R1,1_0_1_72D_1FA_2BE_1040000_0_0_0.png,djiboutir1.png,26.0E,(5) 26.0E KU-band Badr 5 / Badr 7/8 & Es'hail 2,Found
DUBAI RACING 1 HD,1_0_19_7_1FC_2BE_1040000_0_0_0.png,dubairacing1hd.png,26.0E,(5) 26.0E KU-band Badr 5 / Badr 7/8 & Es'hail 2,Found
DUBAI RACING 2 HD,1_0_19_8_1FC_2BE_1040000_0_0_0.png,dubairacing2hd.png,26.0E,(5) 26.0E KU-band Badr 5 / Badr 7/8 & Es'hail 2,Found
DUBAI SPORTS 1 HD,1_0_19_5_1FC_2BE_1040000_0_0_0.png,dubaisports1hd.png,26.0E,(5) 26.0E KU-band Badr 5 / Badr 7/8 & Es'hail 2,Found
Discovery,1_0_19_9DD4_FC8_E0_1040000_0_0_0.png,discovery.png,26.0E,(5) 26.0E KU-band Badr 5 / Badr 7/8 & Es'hail 2,Found
Disney Channel,1_0_19_9D11_FB4_E0_1040000_0_0_0.png,disneychannel.png,26.0E,(5) 26.0E KU-band Badr 5 / Badr 7/8 & Es'hail 2,Found
Disney Junior,1_0_19_9D12_FB4_E0_1040000_0_0_0.png,disneyjunior.png,26.0E,(5) 26.0E KU-band Badr 5 / Badr 7/8 & Es'hail 2,Found
Dkids,1_0_19_9DD9_FC8_E0_1040000_0_0_0.png,dkids.png,26.0E,(5) 26.0E KU-band Badr 5 / Badr 7/8 & Es'hail 2,Found
Dream Works,1_0_19_9DD8_FC8_E0_1040000_0_0_0.png,dreamworks.png,26.0E,(5) 26.0E KU-band Badr 5 / Badr 7/8 & Es'hail 2,Found
Dubai One HD,1_0_19_3_1FC_2BE_1040000_0_0_0.png,dubaionehd.png,26.0E,(5) 26.0E KU-band Badr 5 / Badr 7/8 & Es'hail 2,Found
ERI TV,1_0_1_251_1F6_2BE_1040000_0_0_0.png,eritv.png,26.0E,(5) 26.0E KU-band Badr 5 / Badr 7/8 & Es'hail 2,Found
Ekhbaria,1_0_2_A42_1A_2BE_1040000_0_0_0.png,ekhbaria.png,26.0E,(5) 26.0E KU-band Badr 5 / Badr 7/8 & Es'hail 2,Found
Euronews,1_0_1_34_1FD_2BE_1040000_0_0_0.png,euronews.png,26.0E,(5) 26.0E KU-band Badr 5 / Badr 7/8 & Es'hail 2,Found
FOX Life HD,1_0_19_4FB1_7F8_E0_1040000_0_0_0.png,foxlifehd.png,26.0E,(5) 26.0E KU-band Badr 5 / Badr 7/8 & Es'hail 2,Found
Fatafeat HD,1_0_19_9D6F_FBE_E0_1040000_0_0_0.png,fatafeathd.png,26.0E,(5) 26.0E KU-band Badr 5 / Badr 7/8 & Es'hail 2,Found
Fine Living HD,1_0_19_9CAC_FAA_E0_1040000_0_0_0.png,finelivinghd.png,26.0E,(5) 26.0E KU-band Badr 5 / Badr 7/8 & Es'hail 2,Found
Food Network,1_0_19_9E40_FD2_E0_1040000_0_0_0.png,foodnetwork.png,26.0E,(5) 26.0E KU-band Badr 5 / Badr 7/8 & Es'hail 2,Found
France 24 (en français),1_0_1_1F_1FD_2BE_1040000_0_0_0.png,france24enfranais.png,26.0E,(5) 26.0E KU-band Badr 5 / Badr 7/8 & Es'hail 2,Found
France 24 (in arabic),1_0_1_16_1FD_2BE_1040000_0_0_0.png,france24inarabic.png,26.0E,(5) 26.0E KU-band Badr 5 / Badr 7/8 & Es'hail 2,Found
GOBX Marhaba,1_0_19_138_17F8_2BE_1040000_0_0_0.png,gobxmarhaba.png,26.0E,(5) 26.0E KU-band Badr 5 / Badr 7/8 & Es'hail 2,Found
HGTV,1_0_19_9D73_FBE_E0_1040000_0_0_0.png,hgtv.png,26.0E,(5) 26.0E KU-band Badr 5 / Badr 7/8 & Es'hail 2,Found
Hadramaut TV,1_0_1_70C_1FA_2BE_1040000_0_0_0.png,hadramauttv.png,26.0E,(5) 26.0E KU-band Badr 5 / Badr 7/8 & Es'hail 2,Found
IFilm Arabic,1_0_1_73C_12D_2BE_1040000_0_0_0.png,ifilmarabic.png,26.0E,(5) 26.0E KU-band Badr 5 / Badr 7/8 & Es'hail 2,Found
Iran International TV HD,1_0_1_2_1F9_2BE_1040000_0_0_0.png,iraninternationaltvhd.png,26.0E,(5) 26.0E KU-band Badr 5 / Badr 7/8 & Es'hail 2,Found
JEEM,1_0_19_9D6D_FBE_E0_1040000_0_0_0.png,jeem.png,26.0E,(5) 26.0E KU-band Badr 5 / Badr 7/8 & Es'hail 2,Found
Jordan sama TV,1_0_16_502E_802_E0_1040000_0_0_0.png,jordansamatv.png,26.0E,(5) 26.0E KU-band Badr 5 / Badr 7/8 & Es'hail 2,Found
KSA SPORTS 1,1_0_1_15E3_1A_2BE_1040000_0_0_0.png,ksasports1.png,26.0E,(5) 26.0E KU-band Badr 5 / Badr 7/8 & Es'hail 2,Found
KSA SPORTS 2,1_0_1_15E4_1A_2BE_1040000_0_0_0.png,ksasports2.png,26.0E,(5) 26.0E KU-band Badr 5 / Badr 7/8 & Es'hail 2,Found
KSA SPORTS 3,1_0_1_15E5_1A_2BE_1040000_0_0_0.png,ksasports3.png,26.0E,(5) 26.0E KU-band Badr 5 / Badr 7/8 & Es'hail 2,Found
Kuwait Sport plus,1_0_19_451_7594_77E_1040000_0_0_0.png,kuwaitsportplus.png,26.0E,(5) 26.0E KU-band Badr 5 / Badr 7/8 & Es'hail 2,Found
Kuwait Sports,1_0_19_450_7594_77E_1040000_0_0_0.png,kuwaitsports.png,26.0E,(5) 26.0E KU-band Badr 5 / Badr 7/8 & Es'hail 2,Found
Kuwait Super Station,1_0_2_10_7594_77E_1040000_0_0_0.png,kuwaitsuperstation.png,26.0E,(5) 26.0E KU-band Badr 5 / Badr 7/8 & Es'hail 2,Found
Kuwait TV 1,1_0_19_44D_7594_77E_1040000_0_0_0.png,kuwaittv1.png,26.0E,(5) 26.0E KU-band Badr 5 / Badr 7/8 & Es'hail 2,Found
Kuwait TV 2,1_0_19_44F_7594_77E_1040000_0_0_0.png,kuwaittv2.png,26.0E,(5) 26.0E KU-band Badr 5 / Badr 7/8 & Es'hail 2,Found
LBC HD,1_0_19_5147_820_E0_1040000_0_0_0.png,lbchd.png,26.0E,(5) 26.0E KU-band Badr 5 / Badr 7/8 & Es'hail 2,Found
LBC International,1_0_1_17_1_2BE_1040000_0_0_0.png,lbcinternational.png,26.0E,(5) 26.0E KU-band Badr 5 / Badr 7/8 & Es'hail 2,Found
LIBYA SPORT 1 HD,1_0_1_20D_2_2BE_1040000_0_0_0.png,libyasport1hd.png,26.0E,(5) 26.0E KU-band Badr 5 / Badr 7/8 & Es'hail 2,Found
Libya Al Rasmia,1_0_1_518_2_2BE_1040000_0_0_0.png,libyaalrasmia.png,26.0E,(5) 26.0E KU-band Badr 5 / Badr 7/8 & Es'hail 2,Found
Libya Alwataniya,1_0_1_20C_2_2BE_1040000_0_0_0.png,libyaalwataniya.png,26.0E,(5) 26.0E KU-band Badr 5 / Badr 7/8 & Es'hail 2,Found
Libya Alwatnya,1_0_19_12_1F9_2BE_1040000_0_0_0.png,libyaalwatnya.png,26.0E,(5) 26.0E KU-band Badr 5 / Badr 7/8 & Es'hail 2,Found
Libya Education,1_0_1_8FF_2_2BE_1040000_0_0_0.png,libyaeducation.png,26.0E,(5) 26.0E KU-band Badr 5 / Badr 7/8 & Es'hail 2,Found
Libya Sport 2 HD,1_0_1_8FE_2_2BE_1040000_0_0_0.png,libyasport2hd.png,26.0E,(5) 26.0E KU-band Badr 5 / Badr 7/8 & Es'hail 2,Found
MBC Action,1_0_1_7_1BC0_2BE_1040000_0_0_0.png,mbcaction.png,26.0E,(5) 26.0E KU-band Badr 5 / Badr 7/8 & Es'hail 2,Found
MBC Action HD,1_0_19_130_17F8_2BE_1040000_0_0_0.png,mbcactionhd.png,26.0E,(5) 26.0E KU-band Badr 5 / Badr 7/8 & Es'hail 2,Found
MBC Bollywood,1_0_1_5_1BC0_2BE_1040000_0_0_0.png,mbcbollywood.png,26.0E,(5) 26.0E KU-band Badr 5 / Badr 7/8 & Es'hail 2,Found
MBC Bollywood HD,1_0_19_137_17F8_2BE_1040000_0_0_0.png,mbcbollywoodhd.png,26.0E,(5) 26.0E KU-band Badr 5 / Badr 7/8 & Es'hail 2,Found
MBC Drama,1_0_1_3_1BC0_2BE_1040000_0_0_0.png,mbcdrama.png,26.0E,(5) 26.0E KU-band Badr 5 / Badr 7/8 & Es'hail 2,Found
MBC Drama HD,1_0_19_133_17F8_2BE_1040000_0_0_0.png,mbcdramahd.png,26.0E,(5) 26.0E KU-band Badr 5 / Badr 7/8 & Es'hail 2,Found
MBC IRAQ,1_0_1_3_1F7_2BE_1040000_0_0_0.png,mbciraq.png,26.0E,(5) 26.0E KU-band Badr 5 / Badr 7/8 & Es'hail 2,Found
MBC IRAQ HD,1_0_19_C_1F7_2BE_1040000_0_0_0.png,mbciraqhd.png,26.0E,(5) 26.0E KU-band Badr 5 / Badr 7/8 & Es'hail 2,Found
MBC MAX,1_0_1_8_1BC0_2BE_1040000_0_0_0.png,mbcmax.png,26.0E,(5) 26.0E KU-band Badr 5 / Badr 7/8 & Es'hail 2,Found
MBC Max HD,1_0_19_131_17F8_2BE_1040000_0_0_0.png,mbcmaxhd.png,26.0E,(5) 26.0E KU-band Badr 5 / Badr 7/8 & Es'hail 2,Found
MBC+ Drama HD,1_0_19_136_17F8_2BE_1040000_0_0_0.png,mbcdramahd.png,26.0E,(5) 26.0E KU-band Badr 5 / Badr 7/8 & Es'hail 2,Found
MBC1,1_0_1_1_1BC0_2BE_1040000_0_0_0.png,mbc1.png,26.0E,(5) 26.0E KU-band Badr 5 / Badr 7/8 & Es'hail 2,Found
MBC1 HD,1_0_19_12D_17F8_2BE_1040000_0_0_0.png,mbc1hd.png,26.0E,(5) 26.0E KU-band Badr 5 / Badr 7/8 & Es'hail 2,Found
MBC2,1_0_1_6_1BC0_2BE_1040000_0_0_0.png,mbc2.png,26.0E,(5) 26.0E KU-band Badr 5 / Badr 7/8 & Es'hail 2,Found
MBC2 HD,1_0_19_12E_17F8_2BE_1040000_0_0_0.png,mbc2hd.png,26.0E,(5) 26.0E KU-band Badr 5 / Badr 7/8 & Es'hail 2,Found
MBC3,1_0_1_9_1BC0_2BE_1040000_0_0_0.png,mbc3.png,26.0E,(5) 26.0E KU-band Badr 5 / Badr 7/8 & Es'hail 2,Found
MBC3 HD,1_0_19_135_17F8_2BE_1040000_0_0_0.png,mbc3hd.png,26.0E,(5) 26.0E KU-band Badr 5 / Badr 7/8 & Es'hail 2,Found
MBC4,1_0_1_2_1BC0_2BE_1040000_0_0_0.png,mbc4.png,26.0E,(5) 26.0E KU-band Badr 5 / Badr 7/8 & Es'hail 2,Found
MBC4 HD,1_0_19_12F_17F8_2BE_1040000_0_0_0.png,mbc4hd.png,26.0E,(5) 26.0E KU-band Badr 5 / Badr 7/8 & Es'hail 2,Found
MDLBEAST Radio,1_0_2_107_12D_2BE_1040000_0_0_0.png,mdlbeastradio.png,26.0E,(5) 26.0E KU-band Badr 5 / Badr 7/8 & Es'hail 2,Found
MTV LEBANON HD,1_0_19_11_1FF_2BE_1040000_0_0_0.png,mtvlebanonhd.png,26.0E,(5) 26.0E KU-band Badr 5 / Badr 7/8 & Es'hail 2,Found
MTV Lebanon HD,1_0_1_15_1_2BE_1040000_0_0_0.png,mtvlebanonhd.png,26.0E,(5) 26.0E KU-band Badr 5 / Badr 7/8 & Es'hail 2,Found
Majan TV HD,1_0_19_501D_802_E0_1040000_0_0_0.png,majantvhd.png,26.0E,(5) 26.0E KU-band Badr 5 / Badr 7/8 & Es'hail 2,Found
Makkah TV,1_0_1_23A_1F6_2BE_1040000_0_0_0.png,makkahtv.png,26.0E,(5) 26.0E KU-band Badr 5 / Badr 7/8 & Es'hail 2,Found
Misk Syria TV,1_0_16_50E6_816_E0_1040000_0_0_0.png,misksyriatv.png,26.0E,(5) 26.0E KU-band Badr 5 / Badr 7/8 & Es'hail 2,Found
NAT GEO HD,1_0_19_9E35_FD2_E0_1040000_0_0_0.png,natgeohd.png,26.0E,(5) 26.0E KU-band Badr 5 / Badr 7/8 & Es'hail 2,Found
NBN,1_0_1_1B_1_2BE_1040000_0_0_0.png,nbn.png,26.0E,(5) 26.0E KU-band Badr 5 / Badr 7/8 & Es'hail 2,Found
Nat Geo Wild HD,1_0_19_9E37_FD2_E0_1040000_0_0_0.png,natgeowildhd.png,26.0E,(5) 26.0E KU-band Badr 5 / Badr 7/8 & Es'hail 2,Found
Nedaa El Islam,1_0_2_A41_1A_2BE_1040000_0_0_0.png,nedaaelislam.png,26.0E,(5) 26.0E KU-band Badr 5 / Badr 7/8 & Es'hail 2,Found
OMAN TV,1_0_1_C_1CEA_1_1040000_0_0_0.png,omantv.png,26.0E,(5) 26.0E KU-band Badr 5 / Badr 7/8 & Es'hail 2,Found
OTV,1_0_1_1A_1_2BE_1040000_0_0_0.png,otv.png,26.0E,(5) 26.0E KU-band Badr 5 / Badr 7/8 & Es'hail 2,Found
One HD,1_0_1_16_1_2BE_1040000_0_0_0.png,onehd.png,26.0E,(5) 26.0E KU-band Badr 5 / Badr 7/8 & Es'hail 2,Found
PEACE TV HD,1_0_19_10_1FF_2BE_1040000_0_0_0.png,peacetvhd.png,26.0E,(5) 26.0E KU-band Badr 5 / Badr 7/8 & Es'hail 2,Found
QBC HD,1_0_1_5_3_1_1040000_0_0_0.png,qbchd.png,26.0E,(5) 26.0E KU-band Badr 5 / Badr 7/8 & Es'hail 2,Found
QBC UHD,1_0_1_6_3_1_1040000_0_0_0.png,qbcuhd.png,26.0E,(5) 26.0E KU-band Badr 5 / Badr 7/8 & Es'hail 2,Found
Qatar 2,1_0_1_2_2_1_1040000_0_0_0.png,qatar2.png,26.0E,(5) 26.0E KU-band Badr 5 / Badr 7/8 & Es'hail 2,Found
Qatar 2,1_0_1_2_3_1_1040000_0_0_0.png,qatar2.png,26.0E,(5) 26.0E KU-band Badr 5 / Badr 7/8 & Es'hail 2,Found
Qatar Radio,1_0_2_15_2_1_1040000_0_0_0.png,qatarradio.png,26.0E,(5) 26.0E KU-band Badr 5 / Badr 7/8 & Es'hail 2,Found
Qatar Radio,1_0_2_15_3_1_1040000_0_0_0.png,qatarradio.png,26.0E,(5) 26.0E KU-band Badr 5 / Badr 7/8 & Es'hail 2,Found
Qatar TV HD,1_0_1_1_2_1_1040000_0_0_0.png,qatartvhd.png,26.0E,(5) 26.0E KU-band Badr 5 / Badr 7/8 & Es'hail 2,Found
Qatar TV HD,1_0_1_4_3_1_1040000_0_0_0.png,qatartvhd.png,26.0E,(5) 26.0E KU-band Badr 5 / Badr 7/8 & Es'hail 2,Found
Qatar TV Quran,1_0_1_3_3_1_1040000_0_0_0.png,qatartvquran.png,26.0E,(5) 26.0E KU-band Badr 5 / Badr 7/8 & Es'hail 2,Found
Qatar Urdu Radio,1_0_2_19_2_1_1040000_0_0_0.png,qatarurduradio.png,26.0E,(5) 26.0E KU-band Badr 5 / Badr 7/8 & Es'hail 2,Found
ROYA TV,1_0_19_50E2_816_E0_1040000_0_0_0.png,royatv.png,26.0E,(5) 26.0E KU-band Badr 5 / Badr 7/8 & Es'hail 2,Found
RT Arabic,1_0_1_733_1FA_2BE_1040000_0_0_0.png,rtarabic.png,26.0E,(5) 26.0E KU-band Badr 5 / Badr 7/8 & Es'hail 2,Found
RT Arabic HD,1_0_1_6A7_12D_2BE_1040000_0_0_0.png,rtarabichd.png,26.0E,(5) 26.0E KU-band Badr 5 / Badr 7/8 & Es'hail 2,Found
RT English,1_0_1_73A_1FA_2BE_1040000_0_0_0.png,rtenglish.png,26.0E,(5) 26.0E KU-band Badr 5 / Badr 7/8 & Es'hail 2,Found
RTD-Djibouti,1_0_1_729_1FA_2BE_1040000_0_0_0.png,rtddjibouti.png,26.0E,(5) 26.0E KU-band Badr 5 / Badr 7/8 & Es'hail 2,Found
RTI 1,1_0_16_36_1FD_2BE_1040000_0_0_0.png,rti1.png,26.0E,(5) 26.0E KU-band Badr 5 / Badr 7/8 & Es'hail 2,Found
Red TV HD,1_0_1_19_1_2BE_1040000_0_0_0.png,redtvhd.png,26.0E,(5) 26.0E KU-band Badr 5 / Badr 7/8 & Es'hail 2,Found
Ressala HD,1_0_19_5148_820_E0_1040000_0_0_0.png,ressalahd.png,26.0E,(5) 26.0E KU-band Badr 5 / Badr 7/8 & Es'hail 2,Found
Rotana Cinema HD,1_0_19_5141_820_E0_1040000_0_0_0.png,rotanacinemahd.png,26.0E,(5) 26.0E KU-band Badr 5 / Badr 7/8 & Es'hail 2,Found
Rotana Classic HD,1_0_19_5143_820_E0_1040000_0_0_0.png,rotanaclassichd.png,26.0E,(5) 26.0E KU-band Badr 5 / Badr 7/8 & Es'hail 2,Found
Rotana Clip HD,1_0_19_5149_820_E0_1040000_0_0_0.png,rotanacliphd.png,26.0E,(5) 26.0E KU-band Badr 5 / Badr 7/8 & Es'hail 2,Found
Rotana Comedy HD,1_0_19_5142_820_E0_1040000_0_0_0.png,rotanacomedyhd.png,26.0E,(5) 26.0E KU-band Badr 5 / Badr 7/8 & Es'hail 2,Found
Rotana Drama HD,1_0_19_5145_820_E0_1040000_0_0_0.png,rotanadramahd.png,26.0E,(5) 26.0E KU-band Badr 5 / Badr 7/8 & Es'hail 2,Found
Rotana Khalijeah HD,1_0_19_5144_820_E0_1040000_0_0_0.png,rotanakhalijeahhd.png,26.0E,(5) 26.0E KU-band Badr 5 / Badr 7/8 & Es'hail 2,Found
Rotana Music HD,1_0_19_5146_820_E0_1040000_0_0_0.png,rotanamusichd.png,26.0E,(5) 26.0E KU-band Badr 5 / Badr 7/8 & Es'hail 2,Found
Roya Kids,1_0_19_50E4_816_E0_1040000_0_0_0.png,royakids.png,26.0E,(5) 26.0E KU-band Badr 5 / Badr 7/8 & Es'hail 2,Found
Roya News,1_0_19_50E3_816_E0_1040000_0_0_0.png,royanews.png,26.0E,(5) 26.0E KU-band Badr 5 / Badr 7/8 & Es'hail 2,Found
SAMA DUBAI HD,1_0_19_2_1FC_2BE_1040000_0_0_0.png,samadubaihd.png,26.0E,(5) 26.0E KU-band Badr 5 / Badr 7/8 & Es'hail 2,Found
SBC,1_0_1_A2B_1A_2BE_1040000_0_0_0.png,sbc.png,26.0E,(5) 26.0E KU-band Badr 5 / Badr 7/8 & Es'hail 2,Found
SHARJAH TV,1_0_1_1_1F7_2BE_1040000_0_0_0.png,sharjahtv.png,26.0E,(5) 26.0E KU-band Badr 5 / Badr 7/8 & Es'hail 2,Found
SHARQIYA from Kalba,1_0_1_6_1F7_2BE_1040000_0_0_0.png,sharqiyafromkalba.png,26.0E,(5) 26.0E KU-band Badr 5 / Badr 7/8 & Es'hail 2,Found
SPACETOON ARABIC,1_0_1_710_1CEA_1_1040000_0_0_0.png,spacetoonarabic.png,26.0E,(5) 26.0E KU-band Badr 5 / Badr 7/8 & Es'hail 2,Found
SPARE 40502,1_0_19_9E36_FD2_E0_1040000_0_0_0.png,spare40502.png,26.0E,(5) 26.0E KU-band Badr 5 / Badr 7/8 & Es'hail 2,Found
SPARE 40504,1_0_19_9E38_FD2_E0_1040000_0_0_0.png,spare40504.png,26.0E,(5) 26.0E KU-band Badr 5 / Badr 7/8 & Es'hail 2,Found
SPARE_20403,1_0_19_4FB3_7F8_E0_1040000_0_0_0.png,spare20403.png,26.0E,(5) 26.0E KU-band Badr 5 / Badr 7/8 & Es'hail 2,Found
SSBC,1_0_1_4_1F9_2BE_1040000_0_0_0.png,ssbc.png,26.0E,(5) 26.0E KU-band Badr 5 / Badr 7/8 & Es'hail 2,Found
SSBC,1_0_1_73B_12D_2BE_1040000_0_0_0.png,ssbc.png,26.0E,(5) 26.0E KU-band Badr 5 / Badr 7/8 & Es'hail 2,Found
SSad TV,1_0_1_258_1F6_2BE_1040000_0_0_0.png,ssadtv.png,26.0E,(5) 26.0E KU-band Badr 5 / Badr 7/8 & Es'hail 2,Found
SYRIA TV,1_0_19_5016_802_E0_1040000_0_0_0.png,syriatv.png,26.0E,(5) 26.0E KU-band Badr 5 / Badr 7/8 & Es'hail 2,Found
Salam TV,1_0_1_501A_802_E0_1040000_0_0_0.png,salamtv.png,26.0E,(5) 26.0E KU-band Badr 5 / Badr 7/8 & Es'hail 2,Found
Saudi CH For Quran,1_0_1_15E1_1A_2BE_1040000_0_0_0.png,saudichforquran.png,26.0E,(5) 26.0E KU-band Badr 5 / Badr 7/8 & Es'hail 2,Found
Saudi CH For Sunnah,1_0_1_15E2_1A_2BE_1040000_0_0_0.png,saudichforsunnah.png,26.0E,(5) 26.0E KU-band Badr 5 / Badr 7/8 & Es'hail 2,Found
Saudi TV,1_0_1_A29_1A_2BE_1040000_0_0_0.png,sauditv.png,26.0E,(5) 26.0E KU-band Badr 5 / Badr 7/8 & Es'hail 2,Found
Saudia Alaan TV,1_0_1_A2D_1A_2BE_1040000_0_0_0.png,saudiaalaantv.png,26.0E,(5) 26.0E KU-band Badr 5 / Badr 7/8 & Es'hail 2,Found
Service-1,1_0_1_1_1CEA_1_1040000_0_0_0.png,service1.png,26.0E,(5) 26.0E KU-band Badr 5 / Badr 7/8 & Es'hail 2,Found
Sharjah radio,1_0_A_B_1F7_2BE_1040000_0_0_0.png,sharjahradio.png,26.0E,(5) 26.0E KU-band Badr 5 / Badr 7/8 & Es'hail 2,Found
Shopping 3,1_0_1_C_1BC0_2BE_1040000_0_0_0.png,shopping3.png,26.0E,(5) 26.0E KU-band Badr 5 / Badr 7/8 & Es'hail 2,Found
Sky News Arabia,1_0_16_19_1FD_2BE_1040000_0_0_0.png,skynewsarabia.png,26.0E,(5) 26.0E KU-band Badr 5 / Badr 7/8 & Es'hail 2,Found
Sky News Arabia HD,1_0_19_1A_1FD_2BE_1040000_0_0_0.png,skynewsarabiahd.png,26.0E,(5) 26.0E KU-band Badr 5 / Badr 7/8 & Es'hail 2,Found
Sky News Arabia Radio,1_0_16_23_1FD_2BE_1040000_0_0_0.png,skynewsarabiaradio.png,26.0E,(5) 26.0E KU-band Badr 5 / Badr 7/8 & Es'hail 2,Found
Spare,1_0_19_9CB2_FAA_E0_1040000_0_0_0.png,spare.png,26.0E,(5) 26.0E KU-band Badr 5 / Badr 7/8 & Es'hail 2,Found
Spare-FOX Crime HD,1_0_19_4FB2_7F8_E0_1040000_0_0_0.png,sparefoxcrimehd.png,26.0E,(5) 26.0E KU-band Badr 5 / Badr 7/8 & Es'hail 2,Found
Spare-Fox Family Movies HD,1_0_19_9E39_FD2_E0_1040000_0_0_0.png,sparefoxfamilymovieshd.png,26.0E,(5) 26.0E KU-band Badr 5 / Badr 7/8 & Es'hail 2,Found
Spare-MTV 80s,1_0_19_9E3B_FD2_E0_1040000_0_0_0.png,sparemtv80s.png,26.0E,(5) 26.0E KU-band Badr 5 / Badr 7/8 & Es'hail 2,Found
Spare-MTV 90s,1_0_19_9E3C_FD2_E0_1040000_0_0_0.png,sparemtv90s.png,26.0E,(5) 26.0E KU-band Badr 5 / Badr 7/8 & Es'hail 2,Found
Spare-MTV Club,1_0_19_9E3A_FD2_E0_1040000_0_0_0.png,sparemtvclub.png,26.0E,(5) 26.0E KU-band Badr 5 / Badr 7/8 & Es'hail 2,Found
Star Action,1_0_19_9D0E_FB4_E0_1040000_0_0_0.png,staraction.png,26.0E,(5) 26.0E KU-band Badr 5 / Badr 7/8 & Es'hail 2,Found
Star Films,1_0_19_9D0A_FB4_E0_1040000_0_0_0.png,starfilms.png,26.0E,(5) 26.0E KU-band Badr 5 / Badr 7/8 & Es'hail 2,Found
Star Life,1_0_19_9E3E_FD2_E0_1040000_0_0_0.png,starlife.png,26.0E,(5) 26.0E KU-band Badr 5 / Badr 7/8 & Es'hail 2,Found
Star Movies HD,1_0_19_9D0B_FB4_E0_1040000_0_0_0.png,starmovieshd.png,26.0E,(5) 26.0E KU-band Badr 5 / Badr 7/8 & Es'hail 2,Found
Star Series,1_0_1_9D09_FB4_E0_1040000_0_0_0.png,starseries.png,26.0E,(5) 26.0E KU-band Badr 5 / Badr 7/8 & Es'hail 2,Found
Star World HD,1_0_19_9D0C_FB4_E0_1040000_0_0_0.png,starworldhd.png,26.0E,(5) 26.0E KU-band Badr 5 / Badr 7/8 & Es'hail 2,Found
Sudan News TV,1_0_1_7DB_2_2BE_1040000_0_0_0.png,sudannewstv.png,26.0E,(5) 26.0E KU-band Badr 5 / Badr 7/8 & Es'hail 2,Found
Sudan TV,1_0_1_7DA_2_2BE_1040000_0_0_0.png,sudantv.png,26.0E,(5) 26.0E KU-band Badr 5 / Badr 7/8 & Es'hail 2,Found
TAYBA TV,1_0_16_5027_802_E0_1040000_0_0_0.png,taybatv.png,26.0E,(5) 26.0E KU-band Badr 5 / Badr 7/8 & Es'hail 2,Found
TCM HD,1_0_19_9DD5_FC8_E0_1040000_0_0_0.png,tcmhd.png,26.0E,(5) 26.0E KU-band Badr 5 / Badr 7/8 & Es'hail 2,Found
TEST,1_0_1_36_12D_2BE_1040000_0_0_0.png,test.png,26.0E,(5) 26.0E KU-band Badr 5 / Badr 7/8 & Es'hail 2,Found
TEST,1_0_1_37_12D_2BE_1040000_0_0_0.png,test.png,26.0E,(5) 26.0E KU-band Badr 5 / Badr 7/8 & Es'hail 2,Found
TEST,1_0_1_64D_12D_2BE_1040000_0_0_0.png,test.png,26.0E,(5) 26.0E KU-band Badr 5 / Badr 7/8 & Es'hail 2,Found
TEST,1_0_16_E_1F9_2BE_1040000_0_0_0.png,test.png,26.0E,(5) 26.0E KU-band Badr 5 / Badr 7/8 & Es'hail 2,Found
TEST,1_0_16_3E8_1F9_2BE_1040000_0_0_0.png,test.png,26.0E,(5) 26.0E KU-band Badr 5 / Badr 7/8 & Es'hail 2,Found
TRT Arabi,1_0_1_18_208_2BE_1040000_0_0_0.png,trtarabi.png,26.0E,(5) 26.0E KU-band Badr 5 / Badr 7/8 & Es'hail 2,Found
TV A3,1_0_1_5020_802_E0_1040000_0_0_0.png,tva3.png,26.0E,(5) 26.0E KU-band Badr 5 / Badr 7/8 & Es'hail 2,Found
Tanasuh TV,1_0_16_5028_802_E0_1040000_0_0_0.png,tanasuhtv.png,26.0E,(5) 26.0E KU-band Badr 5 / Badr 7/8 & Es'hail 2,Found
Teleliban TV,1_0_1_1E_1_2BE_1040000_0_0_0.png,telelibantv.png,26.0E,(5) 26.0E KU-band Badr 5 / Badr 7/8 & Es'hail 2,Found
Teleliban TV,1_0_1_72B_1FA_2BE_1040000_0_0_0.png,telelibantv.png,26.0E,(5) 26.0E KU-band Badr 5 / Badr 7/8 & Es'hail 2,Found
Test,1_0_1_1_12D_2BE_1040000_0_0_0.png,test.png,26.0E,(5) 26.0E KU-band Badr 5 / Badr 7/8 & Es'hail 2,Found
Test,1_0_1_6A5_12D_2BE_1040000_0_0_0.png,test.png,26.0E,(5) 26.0E KU-band Badr 5 / Badr 7/8 & Es'hail 2,Found
Test,1_0_1_6A8_12D_2BE_1040000_0_0_0.png,test.png,26.0E,(5) 26.0E KU-band Badr 5 / Badr 7/8 & Es'hail 2,Found
Test,1_0_A_3_12D_2BE_1040000_0_0_0.png,test.png,26.0E,(5) 26.0E KU-band Badr 5 / Badr 7/8 & Es'hail 2,Found
Test 1,1_0_1_1F8_1F6_2BE_1040000_0_0_0.png,test1.png,26.0E,(5) 26.0E KU-band Badr 5 / Badr 7/8 & Es'hail 2,Found
Test 2,1_0_1_1C7_12D_2BE_1040000_0_0_0.png,test2.png,26.0E,(5) 26.0E KU-band Badr 5 / Badr 7/8 & Es'hail 2,Found
Test 3,1_0_1_1BA_12D_2BE_1040000_0_0_0.png,test3.png,26.0E,(5) 26.0E KU-band Badr 5 / Badr 7/8 & Es'hail 2,Found
Test 5,1_0_1_1A_208_2BE_1040000_0_0_0.png,test5.png,26.0E,(5) 26.0E KU-band Badr 5 / Badr 7/8 & Es'hail 2,Found
Test 6,1_0_1_1C_208_2BE_1040000_0_0_0.png,test6.png,26.0E,(5) 26.0E KU-band Badr 5 / Badr 7/8 & Es'hail 2,Found
Test 8,1_0_1_23F_1F6_2BE_1040000_0_0_0.png,test8.png,26.0E,(5) 26.0E KU-band Badr 5 / Badr 7/8 & Es'hail 2,Found
Test-3,1_0_1_1F7_1F6_2BE_1040000_0_0_0.png,test3.png,26.0E,(5) 26.0E KU-band Badr 5 / Badr 7/8 & Es'hail 2,Found
Test-3,1_0_19_21A2_1F7C_E0_1040000_0_0_0.png,test3.png,26.0E,(5) 26.0E KU-band Badr 5 / Badr 7/8 & Es'hail 2,Found
Test-5,1_0_1_231_1F6_2BE_1040000_0_0_0.png,test5.png,26.0E,(5) 26.0E KU-band Badr 5 / Badr 7/8 & Es'hail 2,Found
Test-6,1_0_1_1FE_1F6_2BE_1040000_0_0_0.png,test6.png,26.0E,(5) 26.0E KU-band Badr 5 / Badr 7/8 & Es'hail 2,Found
Test-7,1_0_1_230_1F6_2BE_1040000_0_0_0.png,test7.png,26.0E,(5) 26.0E KU-band Badr 5 / Badr 7/8 & Es'hail 2,Found
Thikrayatt,1_0_1_A2A_1A_2BE_1040000_0_0_0.png,thikrayatt.png,26.0E,(5) 26.0E KU-band Badr 5 / Badr 7/8 & Es'hail 2,Found
TiVi5MONDE,1_0_1_3_1F9_2BE_1040000_0_0_0.png,tivi5monde.png,26.0E,(5) 26.0E KU-band Badr 5 / Badr 7/8 & Es'hail 2,Found
Travel Channel,1_0_19_9E3F_FD2_E0_1040000_0_0_0.png,travelchannel.png,26.0E,(5) 26.0E KU-band Badr 5 / Badr 7/8 & Es'hail 2,Found
Visit Qatar,1_0_19_50E1_816_E0_1040000_0_0_0.png,visitqatar.png,26.0E,(5) 26.0E KU-band Badr 5 / Badr 7/8 & Es'hail 2,Found
WRN (Sawt Al Alam),1_0_1_2A_1FD_2BE_1040000_0_0_0.png,wrnsawtalalam.png,26.0E,(5) 26.0E KU-band Badr 5 / Badr 7/8 & Es'hail 2,Found
Wanasah,1_0_1_B_1BC0_2BE_1040000_0_0_0.png,wanasah.png,26.0E,(5) 26.0E KU-band Badr 5 / Badr 7/8 & Es'hail 2,Found
Yemen TV,1_0_1_70D_1FA_2BE_1040000_0_0_0.png,yementv.png,26.0E,(5) 26.0E KU-band Badr 5 / Badr 7/8 & Es'hail 2,Found
beIN 4K,1_0_19_9CB5_FAA_E0_1040000_0_0_0.png,bein4k.png,26.0E,(5) 26.0E KU-band Badr 5 / Badr 7/8 & Es'hail 2,Found
beIN BOX OFFICE 1,1_0_19_9CB3_FAA_E0_1040000_0_0_0.png,beinboxoffice1.png,26.0E,(5) 26.0E KU-band Badr 5 / Badr 7/8 & Es'hail 2,Found
beIN BOX OFFICE 2,1_0_19_21FF_1F86_E0_1040000_0_0_0.png,beinboxoffice2.png,26.0E,(5) 26.0E KU-band Badr 5 / Badr 7/8 & Es'hail 2,Found
beIN DRAMA,1_0_19_9CB4_FAA_E0_1040000_0_0_0.png,beindrama.png,26.0E,(5) 26.0E KU-band Badr 5 / Badr 7/8 & Es'hail 2,Found
beIN GOURMET,1_0_19_9DDB_FC8_E0_1040000_0_0_0.png,beingourmet.png,26.0E,(5) 26.0E KU-band Badr 5 / Badr 7/8 & Es'hail 2,Found
beIN MOVIES 1,1_0_19_2269_1F90_E0_1040000_0_0_0.png,beinmovies1.png,26.0E,(5) 26.0E KU-band Badr 5 / Badr 7/8 & Es'hail 2,Found
beIN MOVIES 1,1_0_19_20D5_1F68_E0_1040000_0_0_0.png,beinmovies1.png,26.0E,(5) 26.0E KU-band Badr 5 / Badr 7/8 & Es'hail 2,Found
beIN MOVIES 2,1_0_19_2200_1F86_E0_1040000_0_0_0.png,beinmovies2.png,26.0E,(5) 26.0E KU-band Badr 5 / Badr 7/8 & Es'hail 2,Found
beIN MOVIES 3,1_0_19_9D0F_FB4_E0_1040000_0_0_0.png,beinmovies3.png,26.0E,(5) 26.0E KU-band Badr 5 / Badr 7/8 & Es'hail 2,Found
beIN MOVIES 4,1_0_19_2202_1F86_E0_1040000_0_0_0.png,beinmovies4.png,26.0E,(5) 26.0E KU-band Badr 5 / Badr 7/8 & Es'hail 2,Found
beIN SERIES 1,1_0_19_9D74_FBE_E0_1040000_0_0_0.png,beinseries1.png,26.0E,(5) 26.0E KU-band Badr 5 / Badr 7/8 & Es'hail 2,Found
beIN SERIES 2,1_0_19_2201_1F86_E0_1040000_0_0_0.png,beinseries2.png,26.0E,(5) 26.0E KU-band Badr 5 / Badr 7/8 & Es'hail 2,Found
beIN SPORTS,1_0_19_4FC1_7F8_E0_1040000_0_0_0.png,beinsports.png,26.0E,(5) 26.0E KU-band Badr 5 / Badr 7/8 & Es'hail 2,Found
beIN SPORTS 1,1_0_19_20D1_1F68_E0_1040000_0_0_0.png,beinsports1.png,26.0E,(5) 26.0E KU-band Badr 5 / Badr 7/8 & Es'hail 2,Found
beIN SPORTS 2,1_0_19_20D2_1F68_E0_1040000_0_0_0.png,beinsports2.png,26.0E,(5) 26.0E KU-band Badr 5 / Badr 7/8 & Es'hail 2,Found
beIN SPORTS 3,1_0_19_20D3_1F68_E0_1040000_0_0_0.png,beinsports3.png,26.0E,(5) 26.0E KU-band Badr 5 / Badr 7/8 & Es'hail 2,Found
beIN SPORTS 4,1_0_19_219A_1F7C_E0_1040000_0_0_0.png,beinsports4.png,26.0E,(5) 26.0E KU-band Badr 5 / Badr 7/8 & Es'hail 2,Found
beIN SPORTS 5,1_0_19_20D4_1F68_E0_1040000_0_0_0.png,beinsports5.png,26.0E,(5) 26.0E KU-band Badr 5 / Badr 7/8 & Es'hail 2,Found
beIN SPORTS 6,1_0_19_2199_1F7C_E0_1040000_0_0_0.png,beinsports6.png,26.0E,(5) 26.0E KU-band Badr 5 / Badr 7/8 & Es'hail 2,Found
beIN SPORTS 7,1_0_19_2261_1F90_E0_1040000_0_0_0.png,beinsports7.png,26.0E,(5) 26.0E KU-band Badr 5 / Badr 7/8 & Es'hail 2,Found
beIN SPORTS 8,1_0_19_219B_1F7C_E0_1040000_0_0_0.png,beinsports8.png,26.0E,(5) 26.0E KU-band Badr 5 / Badr 7/8 & Es'hail 2,Found
beIN SPORTS 9,1_0_19_2262_1F90_E0_1040000_0_0_0.png,beinsports9.png,26.0E,(5) 26.0E KU-band Badr 5 / Badr 7/8 & Es'hail 2,Found
beIN SPORTS EN 1,1_0_19_2263_1F90_E0_1040000_0_0_0.png,beinsportsen1.png,26.0E,(5) 26.0E KU-band Badr 5 / Badr 7/8 & Es'hail 2,Found
beIN SPORTS EN 2,1_0_19_21FE_1F86_E0_1040000_0_0_0.png,beinsportsen2.png,26.0E,(5) 26.0E KU-band Badr 5 / Badr 7/8 & Es'hail 2,Found
beIN SPORTS FR 1,1_0_19_21FD_1F86_E0_1040000_0_0_0.png,beinsportsfr1.png,26.0E,(5) 26.0E KU-band Badr 5 / Badr 7/8 & Es'hail 2,Found
beIN SPORTS FR 2,1_0_19_2264_1F90_E0_1040000_0_0_0.png,beinsportsfr2.png,26.0E,(5) 26.0E KU-band Badr 5 / Badr 7/8 & Es'hail 2,Found
beIN SPORTS MAX 1,1_0_19_219D_1F7C_E0_1040000_0_0_0.png,beinsportsmax1.png,26.0E,(5) 26.0E KU-band Badr 5 / Badr 7/8 & Es'hail 2,Found
beIN SPORTS MAX 2,1_0_19_2265_1F90_E0_1040000_0_0_0.png,beinsportsmax2.png,26.0E,(5) 26.0E KU-band Badr 5 / Badr 7/8 & Es'hail 2,Found
beIN SPORTS MAX 3,1_0_19_4FC2_7F8_E0_1040000_0_0_0.png,beinsportsmax3.png,26.0E,(5) 26.0E KU-band Badr 5 / Badr 7/8 & Es'hail 2,Found
beIN SPORTS MAX 4,1_0_19_4FC3_7F8_E0_1040000_0_0_0.png,beinsportsmax4.png,26.0E,(5) 26.0E KU-band Badr 5 / Badr 7/8 & Es'hail 2,Found
beIN SPORTS MAX 5,1_0_19_4FC4_7F8_E0_1040000_0_0_0.png,beinsportsmax5.png,26.0E,(5) 26.0E KU-band Badr 5 / Badr 7/8 & Es'hail 2,Found
beIN SPORTS MAX 6,1_0_19_4FC5_7F8_E0_1040000_0_0_0.png,beinsportsmax6.png,26.0E,(5) 26.0E KU-band Badr 5 / Badr 7/8 & Es'hail 2,Found
beIN SPORTS NBA,1_0_19_2267_1F90_E0_1040000_0_0_0.png,beinsportsnba.png,26.0E,(5) 26.0E KU-band Badr 5 / Badr 7/8 & Es'hail 2,Found
beIN SPORTS NEWS,1_0_19_219F_1F7C_E0_1040000_0_0_0.png,beinsportsnews.png,26.0E,(5) 26.0E KU-band Badr 5 / Badr 7/8 & Es'hail 2,Found
beIN SPORTS XTRA 1,1_0_19_4FB7_7F8_E0_1040000_0_0_0.png,beinsportsxtra1.png,26.0E,(5) 26.0E KU-band Badr 5 / Badr 7/8 & Es'hail 2,Found
beIN SPORTS XTRA 2,1_0_19_4FB8_7F8_E0_1040000_0_0_0.png,beinsportsxtra2.png,26.0E,(5) 26.0E KU-band Badr 5 / Badr 7/8 & Es'hail 2,Found
beIN SPORTS XTRA 3,1_0_19_219C_1F7C_E0_1040000_0_0_0.png,beinsportsxtra3.png,26.0E,(5) 26.0E KU-band Badr 5 / Badr 7/8 & Es'hail 2,Found
beIN SPORTS XTRA 4,1_0_19_21A3_1F7C_E0_1040000_0_0_0.png,beinsportsxtra4.png,26.0E,(5) 26.0E KU-band Badr 5 / Badr 7/8 & Es'hail 2,Found
beIN SPORTS XTRA 5,1_0_19_4FCB_7F8_E0_1040000_0_0_0.png,beinsportsxtra5.png,26.0E,(5) 26.0E KU-band Badr 5 / Badr 7/8 & Es'hail 2,Found
beIN SPORTS XTRA 6,1_0_19_4FCC_7F8_E0_1040000_0_0_0.png,beinsportsxtra6.png,26.0E,(5) 26.0E KU-band Badr 5 / Badr 7/8 & Es'hail 2,Found
beIN SPORTS XTRA 7,1_0_19_2268_1F90_E0_1040000_0_0_0.png,beinsportsxtra7.png,26.0E,(5) 26.0E KU-band Badr 5 / Badr 7/8 & Es'hail 2,Found
beIN SPORTS XTRA 8,1_0_19_20D8_1F68_E0_1040000_0_0_0.png,beinsportsxtra8.png,26.0E,(5) 26.0E KU-band Badr 5 / Badr 7/8 & Es'hail 2,Found
beIN SPORTS XTRA 9,1_0_19_4FCD_7F8_E0_1040000_0_0_0.png,beinsportsxtra9.png,26.0E,(5) 26.0E KU-band Badr 5 / Badr 7/8 & Es'hail 2,Found
beJunior,1_0_19_9D70_FBE_E0_1040000_0_0_0.png,bejunior.png,26.0E,(5) 26.0E KU-band Badr 5 / Badr 7/8 & Es'hail 2,Found
thmanyah.1,1_0_19_1_1FB4_2BE_1040000_0_0_0.png,thmanyah1.png,26.0E,(5) 26.0E KU-band Badr 5 / Badr 7/8 & Es'hail 2,Found
thmanyah.2,1_0_19_2_1FB4_2BE_1040000_0_0_0.png,thmanyah2.png,26.0E,(5) 26.0E KU-band Badr 5 / Badr 7/8 & Es'hail 2,Found
thmanyah.3,1_0_19_3_1FB4_2BE_1040000_0_0_0.png,thmanyah3.png,26.0E,(5) 26.0E KU-band Badr 5 / Badr 7/8 & Es'hail 2,Found
thmanyah.4,1_0_19_4_1FB4_2BE_1040000_0_0_0.png,thmanyah4.png,26.0E,(5) 26.0E KU-band Badr 5 / Badr 7/8 & Es'hail 2,Found
TAL TV,1_0_1_2_64_6F_1050000_0_0_0.png,taltv.png,26.1E,(101) 26.0E C-band Badr 5 / Badr 7/8 & Es'hail 2,Found
TV SAHEL,1_0_1_1_64_6F_1050000_0_0_0.png,tvsahel.png,26.1E,(101) 26.0E C-band Badr 5 / Badr 7/8 & Es'hail 2,Found
4seven,1_0_1_20B0_808_2_11B0000_0_0_0.png,4seven.png,28.3E,(6) 28.3E KU-band Astra 2E/2F/2G,Found
5 USA,1_0_1_836_83D_2_11B0000_0_0_0.png,5usa.png,28.3E,(6) 28.3E KU-band Astra 2E/2F/2G,Found
50342,1_0_1_D829_838_2_11B0000_0_0_0.png,50342.png,28.3E,(6) 28.3E KU-band Astra 2E/2F/2G,Found
50343,1_0_1_D82A_838_2_11B0000_0_0_0.png,50343.png,28.3E,(6) 28.3E KU-band Astra 2E/2F/2G,Found
50368,1_0_1_D825_838_2_11B0000_0_0_0.png,50368.png,28.3E,(6) 28.3E KU-band Astra 2E/2F/2G,Found
50662,1_0_1_C5E6_831_2_11B0000_0_0_0.png,50662.png,28.3E,(6) 28.3E KU-band Astra 2E/2F/2G,Found
50663,1_0_1_C5E7_831_2_11B0000_0_0_0.png,50663.png,28.3E,(6) 28.3E KU-band Astra 2E/2F/2G,Found
50682,1_0_1_C5FA_831_2_11B0000_0_0_0.png,50682.png,28.3E,(6) 28.3E KU-band Astra 2E/2F/2G,Found
50683,1_0_1_C5FB_831_2_11B0000_0_0_0.png,50683.png,28.3E,(6) 28.3E KU-band Astra 2E/2F/2G,Found
55251,1_0_1_D824_838_2_11B0000_0_0_0.png,55251.png,28.3E,(6) 28.3E KU-band Astra 2E/2F/2G,Found
5ACTION,1_0_1_83D_83D_2_11B0000_0_0_0.png,5action.png,28.3E,(6) 28.3E KU-band Astra 2E/2F/2G,Found
5SELECT,1_0_1_839_83D_2_11B0000_0_0_0.png,5select.png,28.3E,(6) 28.3E KU-band Astra 2E/2F/2G,Found
5STAR,1_0_1_838_83D_2_11B0000_0_0_0.png,5star.png,28.3E,(6) 28.3E KU-band Astra 2E/2F/2G,Found
AAJ TAK,1_0_1_C4D4_811_2_11B0000_0_0_0.png,aajtak.png,28.3E,(6) 28.3E KU-band Astra 2E/2F/2G,Found
ARY Digital,1_0_1_C4D5_811_2_11B0000_0_0_0.png,arydigital.png,28.3E,(6) 28.3E KU-band Astra 2E/2F/2G,Found
ATN,1_0_1_CFA5_83A_2_11B0000_0_0_0.png,atn.png,28.3E,(6) 28.3E KU-band Astra 2E/2F/2G,Found
Aastha,1_0_1_D3D5_839_2_11B0000_0_0_0.png,aastha.png,28.3E,(6) 28.3E KU-band Astra 2E/2F/2G,Found
Adult Channel,1_0_1_D3C5_839_2_11B0000_0_0_0.png,adultchannel.png,28.3E,(6) 28.3E KU-band Astra 2E/2F/2G,Found
Ahlebait TV,1_0_1_1DB4_82D_2_11B0000_0_0_0.png,ahlebaittv.png,28.3E,(6) 28.3E KU-band Astra 2E/2F/2G,Found
Akaal Channel,1_0_1_CBAA_83C_2_11B0000_0_0_0.png,akaalchannel.png,28.3E,(6) 28.3E KU-band Astra 2E/2F/2G,Found
Al Jazeera HD,1_0_19_1BC4_835_2_11B0000_0_0_0.png,aljazeerahd.png,28.3E,(6) 28.3E KU-band Astra 2E/2F/2G,Found
Animal Planet,1_0_1_CD02_7E1_2_11B0000_0_0_0.png,animalplanet.png,28.3E,(6) 28.3E KU-band Astra 2E/2F/2G,Found
Arirang TV HD,1_0_19_CF9E_83A_2_11B0000_0_0_0.png,arirangtvhd.png,28.3E,(6) 28.3E KU-band Astra 2E/2F/2G,Found
Arise News,1_0_1_D3C2_839_2_11B0000_0_0_0.png,arisenews.png,28.3E,(6) 28.3E KU-band Astra 2E/2F/2G,Found
B4U Movies,1_0_1_D331_836_2_11B0000_0_0_0.png,b4umovies.png,28.3E,(6) 28.3E KU-band Astra 2E/2F/2G,Found
B4U Music,1_0_1_D32B_836_2_11B0000_0_0_0.png,b4umusic.png,28.3E,(6) 28.3E KU-band Astra 2E/2F/2G,Found
BBC Four HD,1_0_1_287D_800_2_11B0000_0_0_0.png,bbcfourhd.png,28.3E,(6) 28.3E KU-band Astra 2E/2F/2G,Found
BBC Four HD,1_0_19_289A_800_2_11B0000_0_0_0.png,bbcfourhd.png,28.3E,(6) 28.3E KU-band Astra 2E/2F/2G,Found
BBC One EastHD,1_0_19_2885_800_2_11B0000_0_0_0.png,bbconeeasthd.png,28.3E,(6) 28.3E KU-band Astra 2E/2F/2G,Found
BBC One NE HD,1_0_19_18A7_7FD_2_11B0000_0_0_0.png,bbconenehd.png,28.3E,(6) 28.3E KU-band Astra 2E/2F/2G,Found
BBC One NW HD,1_0_19_18BB_7FD_2_11B0000_0_0_0.png,bbconenwhd.png,28.3E,(6) 28.3E KU-band Astra 2E/2F/2G,Found
BBC One SE HD,1_0_19_1B13_802_2_11B0000_0_0_0.png,bbconesehd.png,28.3E,(6) 28.3E KU-band Astra 2E/2F/2G,Found
BBC One SW HD,1_0_19_2865_7FE_2_11B0000_0_0_0.png,bbconeswhd.png,28.3E,(6) 28.3E KU-band Astra 2E/2F/2G,Found
BBC One Sth HD,1_0_19_4B4_7E8_2_11B0000_0_0_0.png,bbconesthhd.png,28.3E,(6) 28.3E KU-band Astra 2E/2F/2G,Found
BBC One WM HD,1_0_19_22ED_80D_2_11B0000_0_0_0.png,bbconewmhd.png,28.3E,(6) 28.3E KU-band Astra 2E/2F/2G,Found
BBC One Wal HD,1_0_19_22CF_80D_2_11B0000_0_0_0.png,bbconewalhd.png,28.3E,(6) 28.3E KU-band Astra 2E/2F/2G,Found
BBC One Wst HD,1_0_19_285B_7FE_2_11B0000_0_0_0.png,bbconewsthd.png,28.3E,(6) 28.3E KU-band Astra 2E/2F/2G,Found
BBC One Yks HD,1_0_19_18E3_7FD_2_11B0000_0_0_0.png,bbconeykshd.png,28.3E,(6) 28.3E KU-band Astra 2E/2F/2G,Found
BBC Parl HD,1_0_19_18A4_7FD_2_11B0000_0_0_0.png,bbcparlhd.png,28.3E,(6) 28.3E KU-band Astra 2E/2F/2G,Found
BBC Three HD,1_0_19_1B27_802_2_11B0000_0_0_0.png,bbcthreehd.png,28.3E,(6) 28.3E KU-band Astra 2E/2F/2G,Found
BBC Three HD,1_0_19_1B3B_802_2_11B0000_0_0_0.png,bbcthreehd.png,28.3E,(6) 28.3E KU-band Astra 2E/2F/2G,Found
BBC Two HD,1_0_19_1B1C_802_2_11B0000_0_0_0.png,bbctwohd.png,28.3E,(6) 28.3E KU-band Astra 2E/2F/2G,Found
BBC Two Wal HD,1_0_19_287C_800_2_11B0000_0_0_0.png,bbctwowalhd.png,28.3E,(6) 28.3E KU-band Astra 2E/2F/2G,Found
BBCScotlandHD,1_0_19_285F_7FE_2_11B0000_0_0_0.png,bbcscotlandhd.png,28.3E,(6) 28.3E KU-band Astra 2E/2F/2G,Found
BLAZE,1_0_1_C4AE_811_2_11B0000_0_0_0.png,blaze.png,28.3E,(6) 28.3E KU-band Astra 2E/2F/2G,Found
BT Sport Mosaic,1_0_1_D82C_838_2_11B0000_0_0_0.png,btsportmosaic.png,28.3E,(6) 28.3E KU-band Astra 2E/2F/2G,Found
BT Sport Mosaic 2,1_0_1_D01B_832_2_11B0000_0_0_0.png,btsportmosaic2.png,28.3E,(6) 28.3E KU-band Astra 2E/2F/2G,Found
Babenation,1_0_1_D7C8_840_2_11B0000_0_0_0.png,babenation.png,28.3E,(6) 28.3E KU-band Astra 2E/2F/2G,Found
BabyTV,1_0_1_160D_7E7_2_11B0000_0_0_0.png,babytv.png,28.3E,(6) 28.3E KU-band Astra 2E/2F/2G,Found
Best Direct,1_0_1_D74A_82F_2_11B0000_0_0_0.png,bestdirect.png,28.3E,(6) 28.3E KU-band Astra 2E/2F/2G,Found
Boomerang,1_0_1_CD0E_7E1_2_11B0000_0_0_0.png,boomerang.png,28.3E,(6) 28.3E KU-band Astra 2E/2F/2G,Found
Boomerang HD,1_0_19_178E_7E8_2_11B0000_0_0_0.png,boomeranghd.png,28.3E,(6) 28.3E KU-band Astra 2E/2F/2G,Found
CBBC HD,1_0_19_1B28_802_2_11B0000_0_0_0.png,cbbchd.png,28.3E,(6) 28.3E KU-band Astra 2E/2F/2G,Found
CBBC HD,1_0_19_1B3C_802_2_11B0000_0_0_0.png,cbbchd.png,28.3E,(6) 28.3E KU-band Astra 2E/2F/2G,Found
CBeebies HD,1_0_19_287E_800_2_11B0000_0_0_0.png,cbeebieshd.png,28.3E,(6) 28.3E KU-band Astra 2E/2F/2G,Found
CBeebies HD,1_0_19_289B_800_2_11B0000_0_0_0.png,cbeebieshd.png,28.3E,(6) 28.3E KU-band Astra 2E/2F/2G,Found
CHSTV,1_0_1_D766_82F_2_11B0000_0_0_0.png,chstv.png,28.3E,(6) 28.3E KU-band Astra 2E/2F/2G,Found
CNBC HD,1_0_19_13E0_7E8_2_11B0000_0_0_0.png,cnbchd.png,28.3E,(6) 28.3E KU-band Astra 2E/2F/2G,Found
CNN HD,1_0_19_C472_837_2_11B0000_0_0_0.png,cnnhd.png,28.3E,(6) 28.3E KU-band Astra 2E/2F/2G,Found
COLORS,1_0_1_D32E_836_2_11B0000_0_0_0.png,colors.png,28.3E,(6) 28.3E KU-band Astra 2E/2F/2G,Found
COLORS HD,1_0_19_1BC3_835_2_11B0000_0_0_0.png,colorshd.png,28.3E,(6) 28.3E KU-band Astra 2E/2F/2G,Found
Capital,1_0_2_2558_82F_2_11B0000_0_0_0.png,capital.png,28.3E,(6) 28.3E KU-band Astra 2E/2F/2G,Found
Capital XTRA,1_0_2_254D_82F_2_11B0000_0_0_0.png,capitalxtra.png,28.3E,(6) 28.3E KU-band Astra 2E/2F/2G,Found
Cartoon Net HD,1_0_19_FA9_7E8_2_11B0000_0_0_0.png,cartoonnethd.png,28.3E,(6) 28.3E KU-band Astra 2E/2F/2G,Found
Cartoon Netwrk,1_0_1_CD0B_7E1_2_11B0000_0_0_0.png,cartoonnetwrk.png,28.3E,(6) 28.3E KU-band Astra 2E/2F/2G,Found
Cartoonito,1_0_1_CD0C_7E1_2_11B0000_0_0_0.png,cartoonito.png,28.3E,(6) 28.3E KU-band Astra 2E/2F/2G,Found
Challenge,1_0_1_1C22_7E7_2_11B0000_0_0_0.png,challenge.png,28.3E,(6) 28.3E KU-band Astra 2E/2F/2G,Found
Challenge,1_0_1_183B_7E4_2_11B0000_0_0_0.png,challenge.png,28.3E,(6) 28.3E KU-band Astra 2E/2F/2G,Found
Channel 4 HD,1_0_19_1452_7F2_2_11B0000_0_0_0.png,channel4hd.png,28.3E,(6) 28.3E KU-band Astra 2E/2F/2G,Found
Channel 4 HD,1_0_19_145D_7E8_2_11B0000_0_0_0.png,channel4hd.png,28.3E,(6) 28.3E KU-band Astra 2E/2F/2G,Found
Channel 4 HD,1_0_19_186A_7D3_2_11B0000_0_0_0.png,channel4hd.png,28.3E,(6) 28.3E KU-band Astra 2E/2F/2G,Found
Channel 4 HD,1_0_19_206C_808_2_11B0000_0_0_0.png,channel4hd.png,28.3E,(6) 28.3E KU-band Astra 2E/2F/2G,Found
Channel 4 HD,1_0_19_147E_7EB_2_11B0000_0_0_0.png,channel4hd.png,28.3E,(6) 28.3E KU-band Astra 2E/2F/2G,Found
Channel 4 HD,1_0_19_1480_7F2_2_11B0000_0_0_0.png,channel4hd.png,28.3E,(6) 28.3E KU-band Astra 2E/2F/2G,Found
Channel 4 HD,1_0_19_1481_7E8_2_11B0000_0_0_0.png,channel4hd.png,28.3E,(6) 28.3E KU-band Astra 2E/2F/2G,Found
Channels 24,1_0_1_1DC0_82D_2_11B0000_0_0_0.png,channels24.png,28.3E,(6) 28.3E KU-band Astra 2E/2F/2G,Found
Classic FM,1_0_2_2562_82F_2_11B0000_0_0_0.png,classicfm.png,28.3E,(6) 28.3E KU-band Astra 2E/2F/2G,Found
Climax,1_0_1_D3C7_839_2_11B0000_0_0_0.png,climax.png,28.3E,(6) 28.3E KU-band Astra 2E/2F/2G,Found
Clubland TV,1_0_1_C4B0_811_2_11B0000_0_0_0.png,clublandtv.png,28.3E,(6) 28.3E KU-band Astra 2E/2F/2G,Found
ColorsCineplex,1_0_1_D3CC_839_2_11B0000_0_0_0.png,colorscineplex.png,28.3E,(6) 28.3E KU-band Astra 2E/2F/2G,Found
ColorsGujarati,1_0_1_17CA_7E7_2_11B0000_0_0_0.png,colorsgujarati.png,28.3E,(6) 28.3E KU-band Astra 2E/2F/2G,Found
ColorsRishtey,1_0_1_D3CB_839_2_11B0000_0_0_0.png,colorsrishtey.png,28.3E,(6) 28.3E KU-band Astra 2E/2F/2G,Found
ComedyCentHD,1_0_19_C787_815_2_11B0000_0_0_0.png,comedycenthd.png,28.3E,(6) 28.3E KU-band Astra 2E/2F/2G,Found
ComedyCentral,1_0_1_C78C_815_2_11B0000_0_0_0.png,comedycentral.png,28.3E,(6) 28.3E KU-band Astra 2E/2F/2G,Found
ComedyCentral,1_0_1_C795_815_2_11B0000_0_0_0.png,comedycentral.png,28.3E,(6) 28.3E KU-band Astra 2E/2F/2G,Found
ComedyXtra,1_0_1_C788_815_2_11B0000_0_0_0.png,comedyxtra.png,28.3E,(6) 28.3E KU-band Astra 2E/2F/2G,Found
ComedyXtra,1_0_1_C78E_815_2_11B0000_0_0_0.png,comedyxtra.png,28.3E,(6) 28.3E KU-band Astra 2E/2F/2G,Found
Court TV,1_0_1_C4DD_811_2_11B0000_0_0_0.png,courttv.png,28.3E,(6) 28.3E KU-band Astra 2E/2F/2G,Found
Cruise1st.tv,1_0_1_D3D4_839_2_11B0000_0_0_0.png,cruise1sttv.png,28.3E,(6) 28.3E KU-band Astra 2E/2F/2G,Found
DM News English,1_0_1_1DC1_82D_2_11B0000_0_0_0.png,dmnewsenglish.png,28.3E,(6) 28.3E KU-band Astra 2E/2F/2G,Found
DMAX,1_0_1_B64_7F3_2_11B0000_0_0_0.png,dmax.png,28.3E,(6) 28.3E KU-band Astra 2E/2F/2G,Found
DMAX,1_0_1_B72_7F3_2_11B0000_0_0_0.png,dmax.png,28.3E,(6) 28.3E KU-band Astra 2E/2F/2G,Found
Deen TV,1_0_1_D791_82F_2_11B0000_0_0_0.png,deentv.png,28.3E,(6) 28.3E KU-band Astra 2E/2F/2G,Found
Disc.History,1_0_1_CD06_7E1_2_11B0000_0_0_0.png,dischistory.png,28.3E,(6) 28.3E KU-band Astra 2E/2F/2G,Found
Disc.Science,1_0_1_CD0A_7E1_2_11B0000_0_0_0.png,discscience.png,28.3E,(6) 28.3E KU-band Astra 2E/2F/2G,Found
Disc.Turbo,1_0_1_CD08_7E1_2_11B0000_0_0_0.png,discturbo.png,28.3E,(6) 28.3E KU-band Astra 2E/2F/2G,Found
Discovery,1_0_1_CD04_7E1_2_11B0000_0_0_0.png,discovery.png,28.3E,(6) 28.3E KU-band Astra 2E/2F/2G,Found
Discovery,1_0_1_CCEC_7E1_2_11B0000_0_0_0.png,discovery.png,28.3E,(6) 28.3E KU-band Astra 2E/2F/2G,Found
Discovery HD,1_0_19_1775_7ED_2_11B0000_0_0_0.png,discoveryhd.png,28.3E,(6) 28.3E KU-band Astra 2E/2F/2G,Found
Dunamis TV,1_0_1_CB9E_83C_2_11B0000_0_0_0.png,dunamistv.png,28.3E,(6) 28.3E KU-band Astra 2E/2F/2G,Found
E4,1_0_1_1C34_83B_2_11B0000_0_0_0.png,e4.png,28.3E,(6) 28.3E KU-band Astra 2E/2F/2G,Found
E4,1_0_1_20BC_808_2_11B0000_0_0_0.png,e4.png,28.3E,(6) 28.3E KU-band Astra 2E/2F/2G,Found
E4 Extra,1_0_1_1C37_83B_2_11B0000_0_0_0.png,e4extra.png,28.3E,(6) 28.3E KU-band Astra 2E/2F/2G,Found
E4 Extra,1_0_1_20AF_808_2_11B0000_0_0_0.png,e4extra.png,28.3E,(6) 28.3E KU-band Astra 2E/2F/2G,Found
E4 HD,1_0_19_13D4_7EB_2_11B0000_0_0_0.png,e4hd.png,28.3E,(6) 28.3E KU-band Astra 2E/2F/2G,Found
ETBG,1_0_2_41D_7D4_2_11B0000_0_0_0.png,etbg.png,28.3E,(6) 28.3E KU-band Astra 2E/2F/2G,Found
ETFG,1_0_2_41E_7E4_2_11B0000_0_0_0.png,etfg.png,28.3E,(6) 28.3E KU-band Astra 2E/2F/2G,Found
ETV4,1_0_19_1B21_802_2_11B0000_0_0_0.png,etv4.png,28.3E,(6) 28.3E KU-band Astra 2E/2F/2G,Found
ETV5,1_0_19_2851_7FE_2_11B0000_0_0_0.png,etv5.png,28.3E,(6) 28.3E KU-band Astra 2E/2F/2G,Found
EWTN Catholic,1_0_1_CBA8_83C_2_11B0000_0_0_0.png,ewtncatholic.png,28.3E,(6) 28.3E KU-band Astra 2E/2F/2G,Found
EWTN Catholic,1_0_2_CBA9_83C_2_11B0000_0_0_0.png,ewtncatholic.png,28.3E,(6) 28.3E KU-band Astra 2E/2F/2G,Found
Eman Channel,1_0_1_CF9D_83A_2_11B0000_0_0_0.png,emanchannel.png,28.3E,(6) 28.3E KU-band Astra 2E/2F/2G,Found
Euronews,1_0_1_D3D0_839_2_11B0000_0_0_0.png,euronews.png,28.3E,(6) 28.3E KU-band Astra 2E/2F/2G,Found
FRANCE 24 HD,1_0_19_CD5D_844_2_11B0000_0_0_0.png,france24hd.png,28.3E,(6) 28.3E KU-band Astra 2E/2F/2G,Found
Faith UK,1_0_1_C4D0_811_2_11B0000_0_0_0.png,faithuk.png,28.3E,(6) 28.3E KU-band Astra 2E/2F/2G,Found
Faith World TV,1_0_1_D74F_82F_2_11B0000_0_0_0.png,faithworldtv.png,28.3E,(6) 28.3E KU-band Astra 2E/2F/2G,Found
Film4,1_0_1_1C2D_83B_2_11B0000_0_0_0.png,film4.png,28.3E,(6) 28.3E KU-band Astra 2E/2F/2G,Found
Film4,1_0_1_20BE_808_2_11B0000_0_0_0.png,film4.png,28.3E,(6) 28.3E KU-band Astra 2E/2F/2G,Found
Food Network,1_0_1_CD10_7E1_2_11B0000_0_0_0.png,foodnetwork.png,28.3E,(6) 28.3E KU-band Astra 2E/2F/2G,Found
Food Network,1_0_1_CCF8_7E1_2_11B0000_0_0_0.png,foodnetwork.png,28.3E,(6) 28.3E KU-band Astra 2E/2F/2G,Found
GB News HD,1_0_19_C441_837_2_11B0000_0_0_0.png,gbnewshd.png,28.3E,(6) 28.3E KU-band Astra 2E/2F/2G,Found
GEO News,1_0_1_C4DB_811_2_11B0000_0_0_0.png,geonews.png,28.3E,(6) 28.3E KU-band Astra 2E/2F/2G,Found
GEO TV,1_0_1_C4DA_811_2_11B0000_0_0_0.png,geotv.png,28.3E,(6) 28.3E KU-band Astra 2E/2F/2G,Found
GOD Channel,1_0_1_D326_836_2_11B0000_0_0_0.png,godchannel.png,28.3E,(6) 28.3E KU-band Astra 2E/2F/2G,Found
GREAT! action,1_0_1_D03E_83E_2_11B0000_0_0_0.png,greataction.png,28.3E,(6) 28.3E KU-band Astra 2E/2F/2G,Found
GREAT! tv,1_0_1_D039_83E_2_11B0000_0_0_0.png,greattv.png,28.3E,(6) 28.3E KU-band Astra 2E/2F/2G,Found
GREAT! tv,1_0_1_D07F_83E_2_11B0000_0_0_0.png,greattv.png,28.3E,(6) 28.3E KU-band Astra 2E/2F/2G,Found
Gemporia HD,1_0_19_D754_82F_2_11B0000_0_0_0.png,gemporiahd.png,28.3E,(6) 28.3E KU-band Astra 2E/2F/2G,Found
Great! Action,1_0_1_D071_83E_2_11B0000_0_0_0.png,greataction.png,28.3E,(6) 28.3E KU-band Astra 2E/2F/2G,Found
Great! Mystery,1_0_1_D034_83E_2_11B0000_0_0_0.png,greatmystery.png,28.3E,(6) 28.3E KU-band Astra 2E/2F/2G,Found
Great! Mystery,1_0_1_D043_83E_2_11B0000_0_0_0.png,greatmystery.png,28.3E,(6) 28.3E KU-band Astra 2E/2F/2G,Found
Great! Romance,1_0_1_D048_83E_2_11B0000_0_0_0.png,greatromance.png,28.3E,(6) 28.3E KU-band Astra 2E/2F/2G,Found
HDTest2,1_0_19_17A0_7D3_2_11B0000_0_0_0.png,hdtest2.png,28.3E,(6) 28.3E KU-band Astra 2E/2F/2G,Found
HUM EUROPE,1_0_1_D78D_82F_2_11B0000_0_0_0.png,humeurope.png,28.3E,(6) 28.3E KU-band Astra 2E/2F/2G,Found
HUM News,1_0_1_D76A_82F_2_11B0000_0_0_0.png,humnews.png,28.3E,(6) 28.3E KU-band Astra 2E/2F/2G,Found
Heart,1_0_2_D796_82F_2_11B0000_0_0_0.png,heart.png,28.3E,(6) 28.3E KU-band Astra 2E/2F/2G,Found
Heart 90s,1_0_2_D763_82F_2_11B0000_0_0_0.png,heart90s.png,28.3E,(6) 28.3E KU-band Astra 2E/2F/2G,Found
Heart Dance,1_0_2_D75D_82F_2_11B0000_0_0_0.png,heartdance.png,28.3E,(6) 28.3E KU-band Astra 2E/2F/2G,Found
High Street TV 1,1_0_1_D7D2_840_2_11B0000_0_0_0.png,highstreettv1.png,28.3E,(6) 28.3E KU-band Astra 2E/2F/2G,Found
High Street TV 2,1_0_1_D73E_82F_2_11B0000_0_0_0.png,highstreettv2.png,28.3E,(6) 28.3E KU-band Astra 2E/2F/2G,Found
ID,1_0_1_CCB0_7E1_2_11B0000_0_0_0.png,id.png,28.3E,(6) 28.3E KU-band Astra 2E/2F/2G,Found
ID,1_0_1_CCF1_7E1_2_11B0000_0_0_0.png,id.png,28.3E,(6) 28.3E KU-band Astra 2E/2F/2G,Found
IEPG data 1,1_0_2_105D_7D4_2_11B0000_0_0_0.png,iepgdata1.png,28.3E,(6) 28.3E KU-band Astra 2E/2F/2G,Found
IQRA Bangla,1_0_1_CFA1_83A_2_11B0000_0_0_0.png,iqrabangla.png,28.3E,(6) 28.3E KU-band Astra 2E/2F/2G,Found
IQRA TV,1_0_1_CFA0_83A_2_11B0000_0_0_0.png,iqratv.png,28.3E,(6) 28.3E KU-band Astra 2E/2F/2G,Found
ITV Quiz HD,1_0_19_5163_842_2_11B0000_0_0_0.png,itvquizhd.png,28.3E,(6) 28.3E KU-band Astra 2E/2F/2G,Found
ITV1 HD,1_0_19_5104_841_2_11B0000_0_0_0.png,itv1hd.png,28.3E,(6) 28.3E KU-band Astra 2E/2F/2G,Found
ITV1 HD,1_0_19_5208_83F_2_11B0000_0_0_0.png,itv1hd.png,28.3E,(6) 28.3E KU-band Astra 2E/2F/2G,Found
ITV1 HD,1_0_19_510E_841_2_11B0000_0_0_0.png,itv1hd.png,28.3E,(6) 28.3E KU-band Astra 2E/2F/2G,Found
ITV1 HD,1_0_19_5212_83F_2_11B0000_0_0_0.png,itv1hd.png,28.3E,(6) 28.3E KU-band Astra 2E/2F/2G,Found
ITV1 HD,1_0_19_5217_83F_2_11B0000_0_0_0.png,itv1hd.png,28.3E,(6) 28.3E KU-band Astra 2E/2F/2G,Found
ITV1 HD,1_0_19_5118_841_2_11B0000_0_0_0.png,itv1hd.png,28.3E,(6) 28.3E KU-band Astra 2E/2F/2G,Found
ITV1 HD,1_0_19_5122_841_2_11B0000_0_0_0.png,itv1hd.png,28.3E,(6) 28.3E KU-band Astra 2E/2F/2G,Found
ITV1 HD,1_0_19_5230_83F_2_11B0000_0_0_0.png,itv1hd.png,28.3E,(6) 28.3E KU-band Astra 2E/2F/2G,Found
ITV1 HD,1_0_19_5244_83F_2_11B0000_0_0_0.png,itv1hd.png,28.3E,(6) 28.3E KU-band Astra 2E/2F/2G,Found
ITV1 HD,1_0_19_524E_83F_2_11B0000_0_0_0.png,itv1hd.png,28.3E,(6) 28.3E KU-band Astra 2E/2F/2G,Found
ITV1 HD,1_0_19_5154_842_2_11B0000_0_0_0.png,itv1hd.png,28.3E,(6) 28.3E KU-band Astra 2E/2F/2G,Found
ITV1 HD,1_0_19_5258_83F_2_11B0000_0_0_0.png,itv1hd.png,28.3E,(6) 28.3E KU-band Astra 2E/2F/2G,Found
ITV1 HD,1_0_19_515E_842_2_11B0000_0_0_0.png,itv1hd.png,28.3E,(6) 28.3E KU-band Astra 2E/2F/2G,Found
ITV1 HD,1_0_19_5168_842_2_11B0000_0_0_0.png,itv1hd.png,28.3E,(6) 28.3E KU-band Astra 2E/2F/2G,Found
ITV1 HD,1_0_19_5172_842_2_11B0000_0_0_0.png,itv1hd.png,28.3E,(6) 28.3E KU-band Astra 2E/2F/2G,Found
ITV1 HD,1_0_19_50DC_841_2_11B0000_0_0_0.png,itv1hd.png,28.3E,(6) 28.3E KU-band Astra 2E/2F/2G,Found
ITV1 HD,1_0_19_50F0_841_2_11B0000_0_0_0.png,itv1hd.png,28.3E,(6) 28.3E KU-band Astra 2E/2F/2G,Found
ITV2 HD,1_0_19_50E6_841_2_11B0000_0_0_0.png,itv2hd.png,28.3E,(6) 28.3E KU-band Astra 2E/2F/2G,Found
ITV3 HD,1_0_19_523A_83F_2_11B0000_0_0_0.png,itv3hd.png,28.3E,(6) 28.3E KU-band Astra 2E/2F/2G,Found
ITV4 HD,1_0_19_5159_842_2_11B0000_0_0_0.png,itv4hd.png,28.3E,(6) 28.3E KU-band Astra 2E/2F/2G,Found
Ideal World HD,1_0_19_C530_813_2_11B0000_0_0_0.png,idealworldhd.png,28.3E,(6) 28.3E KU-band Astra 2E/2F/2G,Found
Islam Bangla,1_0_1_D324_836_2_11B0000_0_0_0.png,islambangla.png,28.3E,(6) 28.3E KU-band Astra 2E/2F/2G,Found
Islam Ch Urdu,1_0_1_CBA2_83C_2_11B0000_0_0_0.png,islamchurdu.png,28.3E,(6) 28.3E KU-band Astra 2E/2F/2G,Found
Islam Channel,1_0_1_CB9B_83C_2_11B0000_0_0_0.png,islamchannel.png,28.3E,(6) 28.3E KU-band Astra 2E/2F/2G,Found
Islam TV,1_0_1_CFA2_83A_2_11B0000_0_0_0.png,islamtv.png,28.3E,(6) 28.3E KU-band Astra 2E/2F/2G,Found
JewelleryMaker,1_0_1_C4D9_811_2_11B0000_0_0_0.png,jewellerymaker.png,28.3E,(6) 28.3E KU-band Astra 2E/2F/2G,Found
Kanshi TV,1_0_1_CFA3_83A_2_11B0000_0_0_0.png,kanshitv.png,28.3E,(6) 28.3E KU-band Astra 2E/2F/2G,Found
LBC,1_0_2_D795_82F_2_11B0000_0_0_0.png,lbc.png,28.3E,(6) 28.3E KU-band Astra 2E/2F/2G,Found
LBC News,1_0_2_D75B_82F_2_11B0000_0_0_0.png,lbcnews.png,28.3E,(6) 28.3E KU-band Astra 2E/2F/2G,Found
LEGEND,1_0_1_D7A9_840_2_11B0000_0_0_0.png,legend.png,28.3E,(6) 28.3E KU-band Astra 2E/2F/2G,Found
LEGEND,1_0_1_D7D7_840_2_11B0000_0_0_0.png,legend.png,28.3E,(6) 28.3E KU-band Astra 2E/2F/2G,Found
LEGEND XTRA,1_0_1_D7A2_840_2_11B0000_0_0_0.png,legendxtra.png,28.3E,(6) 28.3E KU-band Astra 2E/2F/2G,Found
London TV,1_0_1_D32D_836_2_11B0000_0_0_0.png,londontv.png,28.3E,(6) 28.3E KU-band Astra 2E/2F/2G,Found
MATV National,1_0_1_D752_82F_2_11B0000_0_0_0.png,matvnational.png,28.3E,(6) 28.3E KU-band Astra 2E/2F/2G,Found
MTV,1_0_1_C781_815_2_11B0000_0_0_0.png,mtv.png,28.3E,(6) 28.3E KU-band Astra 2E/2F/2G,Found
MTV,1_0_1_C785_815_2_11B0000_0_0_0.png,mtv.png,28.3E,(6) 28.3E KU-band Astra 2E/2F/2G,Found
MTV HD,1_0_1_C786_815_2_11B0000_0_0_0.png,mtvhd.png,28.3E,(6) 28.3E KU-band Astra 2E/2F/2G,Found
MUTV HD,1_0_19_FF0_7ED_2_11B0000_0_0_0.png,mutvhd.png,28.3E,(6) 28.3E KU-band Astra 2E/2F/2G,Found
Madani Chnl,1_0_1_D328_836_2_11B0000_0_0_0.png,madanichnl.png,28.3E,(6) 28.3E KU-band Astra 2E/2F/2G,Found
More4,1_0_1_1C36_83B_2_11B0000_0_0_0.png,more4.png,28.3E,(6) 28.3E KU-band Astra 2E/2F/2G,Found
More4,1_0_1_20BF_808_2_11B0000_0_0_0.png,more4.png,28.3E,(6) 28.3E KU-band Astra 2E/2F/2G,Found
More4 HD,1_0_19_CC8_7ED_2_11B0000_0_0_0.png,more4hd.png,28.3E,(6) 28.3E KU-band Astra 2E/2F/2G,Found
Movies24,1_0_1_152C_7E7_2_11B0000_0_0_0.png,movies24.png,28.3E,(6) 28.3E KU-band Astra 2E/2F/2G,Found
Movies24+,1_0_1_1CFD_7E7_2_11B0000_0_0_0.png,movies24.png,28.3E,(6) 28.3E KU-band Astra 2E/2F/2G,Found
MstHveIdeasHD,1_0_19_C532_813_2_11B0000_0_0_0.png,msthveideashd.png,28.3E,(6) 28.3E KU-band Astra 2E/2F/2G,Found
NDTV World,1_0_1_D74C_82F_2_11B0000_0_0_0.png,ndtvworld.png,28.3E,(6) 28.3E KU-band Astra 2E/2F/2G,Found
NOW 70s,1_0_1_C491_811_2_11B0000_0_0_0.png,now70s.png,28.3E,(6) 28.3E KU-band Astra 2E/2F/2G,Found
NOW ROCK,1_0_1_C4B3_811_2_11B0000_0_0_0.png,nowrock.png,28.3E,(6) 28.3E KU-band Astra 2E/2F/2G,Found
NTD,1_0_1_D742_82F_2_11B0000_0_0_0.png,ntd.png,28.3E,(6) 28.3E KU-band Astra 2E/2F/2G,Found
NTV,1_0_1_D3CD_839_2_11B0000_0_0_0.png,ntv.png,28.3E,(6) 28.3E KU-band Astra 2E/2F/2G,Found
Nat Geo,1_0_1_16AE_7E4_2_11B0000_0_0_0.png,natgeo.png,28.3E,(6) 28.3E KU-band Astra 2E/2F/2G,Found
Nat Geo HD,1_0_19_1B77_7EB_2_11B0000_0_0_0.png,natgeohd.png,28.3E,(6) 28.3E KU-band Astra 2E/2F/2G,Found
Nat Geo Wild,1_0_1_16D7_7E7_2_11B0000_0_0_0.png,natgeowild.png,28.3E,(6) 28.3E KU-band Astra 2E/2F/2G,Found
NatGeoWild HD,1_0_19_F2D_7EB_2_11B0000_0_0_0.png,natgeowildhd.png,28.3E,(6) 28.3E KU-band Astra 2E/2F/2G,Found
New Vision TV,1_0_1_C4D7_811_2_11B0000_0_0_0.png,newvisiontv.png,28.3E,(6) 28.3E KU-band Astra 2E/2F/2G,Found
Nick Alvinnnn!!!,1_0_1_840_83D_2_11B0000_0_0_0.png,nickalvinnnn.png,28.3E,(6) 28.3E KU-band Astra 2E/2F/2G,Found
Nick Alvinnnn!!!,1_0_1_C78A_815_2_11B0000_0_0_0.png,nickalvinnnn.png,28.3E,(6) 28.3E KU-band Astra 2E/2F/2G,Found
Nick Jr.,1_0_1_C789_815_2_11B0000_0_0_0.png,nickjr.png,28.3E,(6) 28.3E KU-band Astra 2E/2F/2G,Found
Nick Jr.,1_0_1_C790_815_2_11B0000_0_0_0.png,nickjr.png,28.3E,(6) 28.3E KU-band Astra 2E/2F/2G,Found
Nick Jr. HD,1_0_19_C782_815_2_11B0000_0_0_0.png,nickjrhd.png,28.3E,(6) 28.3E KU-band Astra 2E/2F/2G,Found
Nick Jr. Peppa,1_0_1_83E_83D_2_11B0000_0_0_0.png,nickjrpeppa.png,28.3E,(6) 28.3E KU-band Astra 2E/2F/2G,Found
Nick Jr. Peppa,1_0_1_C794_815_2_11B0000_0_0_0.png,nickjrpeppa.png,28.3E,(6) 28.3E KU-band Astra 2E/2F/2G,Found
Nickelodeon,1_0_1_83F_83D_2_11B0000_0_0_0.png,nickelodeon.png,28.3E,(6) 28.3E KU-band Astra 2E/2F/2G,Found
Nickelodeon,1_0_1_C793_815_2_11B0000_0_0_0.png,nickelodeon.png,28.3E,(6) 28.3E KU-band Astra 2E/2F/2G,Found
NickelodeonHD,1_0_19_F1D_7F2_2_11B0000_0_0_0.png,nickelodeonhd.png,28.3E,(6) 28.3E KU-band Astra 2E/2F/2G,Found
Noor TV,1_0_1_C4DC_811_2_11B0000_0_0_0.png,noortv.png,28.3E,(6) 28.3E KU-band Astra 2E/2F/2G,Found
Now 80s,1_0_1_C482_811_2_11B0000_0_0_0.png,now80s.png,28.3E,(6) 28.3E KU-band Astra 2E/2F/2G,Found
Oireachtas TV,1_0_1_1489_7E7_2_11B0000_0_0_0.png,oireachtastv.png,28.3E,(6) 28.3E KU-band Astra 2E/2F/2G,Found
PBC,1_0_1_D327_836_2_11B0000_0_0_0.png,pbc.png,28.3E,(6) 28.3E KU-band Astra 2E/2F/2G,Found
PBS America,1_0_1_D7AD_840_2_11B0000_0_0_0.png,pbsamerica.png,28.3E,(6) 28.3E KU-band Astra 2E/2F/2G,Found
PCNE Chinese HD,1_0_19_1BBC_835_2_11B0000_0_0_0.png,pcnechinesehd.png,28.3E,(6) 28.3E KU-band Astra 2E/2F/2G,Found
PTC PUNJABI,1_0_1_D3C3_839_2_11B0000_0_0_0.png,ptcpunjabi.png,28.3E,(6) 28.3E KU-band Astra 2E/2F/2G,Found
Panjab Radio,1_0_2_D792_82F_2_11B0000_0_0_0.png,panjabradio.png,28.3E,(6) 28.3E KU-band Astra 2E/2F/2G,Found
Panjab TV,1_0_1_1DBF_82D_2_11B0000_0_0_0.png,panjabtv.png,28.3E,(6) 28.3E KU-band Astra 2E/2F/2G,Found
Pitaara,1_0_1_1DBE_82D_2_11B0000_0_0_0.png,pitaara.png,28.3E,(6) 28.3E KU-band Astra 2E/2F/2G,Found
PoliticsPunjab,1_0_1_1DB5_82D_2_11B0000_0_0_0.png,politicspunjab.png,28.3E,(6) 28.3E KU-band Astra 2E/2F/2G,Found
Premier 1 HD,1_0_19_180A_7E9_2_11B0000_0_0_0.png,premier1hd.png,28.3E,(6) 28.3E KU-band Astra 2E/2F/2G,Found
Premier 1 HD,1_0_19_1524_7E9_2_11B0000_0_0_0.png,premier1hd.png,28.3E,(6) 28.3E KU-band Astra 2E/2F/2G,Found
Premier 1 HD,1_0_19_C44B_837_2_11B0000_0_0_0.png,premier1hd.png,28.3E,(6) 28.3E KU-band Astra 2E/2F/2G,Found
Premier 2 HD,1_0_19_1603_7E9_2_11B0000_0_0_0.png,premier2hd.png,28.3E,(6) 28.3E KU-band Astra 2E/2F/2G,Found
Premier 2 HD,1_0_19_1526_7E9_2_11B0000_0_0_0.png,premier2hd.png,28.3E,(6) 28.3E KU-band Astra 2E/2F/2G,Found
Premier 2 HD,1_0_19_C5AD_7E9_2_11B0000_0_0_0.png,premier2hd.png,28.3E,(6) 28.3E KU-band Astra 2E/2F/2G,Found
QTV Religious,1_0_1_C4BD_811_2_11B0000_0_0_0.png,qtvreligious.png,28.3E,(6) 28.3E KU-band Astra 2E/2F/2G,Found
QUEST,1_0_1_1845_7F3_2_11B0000_0_0_0.png,quest.png,28.3E,(6) 28.3E KU-band Astra 2E/2F/2G,Found
QUEST HD,1_0_19_B68_7F3_2_11B0000_0_0_0.png,questhd.png,28.3E,(6) 28.3E KU-band Astra 2E/2F/2G,Found
QUEST HD,1_0_19_B6D_7F3_2_11B0000_0_0_0.png,questhd.png,28.3E,(6) 28.3E KU-band Astra 2E/2F/2G,Found
QVC Beauty,1_0_1_571F_82B_2_11B0000_0_0_0.png,qvcbeauty.png,28.3E,(6) 28.3E KU-band Astra 2E/2F/2G,Found
QVC Extra,1_0_1_571D_82B_2_11B0000_0_0_0.png,qvcextra.png,28.3E,(6) 28.3E KU-band Astra 2E/2F/2G,Found
QVC HD,1_0_19_5721_82B_2_11B0000_0_0_0.png,qvchd.png,28.3E,(6) 28.3E KU-band Astra 2E/2F/2G,Found
QVC Style HD,1_0_19_5722_82B_2_11B0000_0_0_0.png,qvcstylehd.png,28.3E,(6) 28.3E KU-band Astra 2E/2F/2G,Found
Quest Red,1_0_1_CCE2_7E1_2_11B0000_0_0_0.png,questred.png,28.3E,(6) 28.3E KU-band Astra 2E/2F/2G,Found
Quest Red,1_0_1_CCFE_7E1_2_11B0000_0_0_0.png,questred.png,28.3E,(6) 28.3E KU-band Astra 2E/2F/2G,Found
Racing TV HD,1_0_19_1A2C_834_2_11B0000_0_0_0.png,racingtvhd.png,28.3E,(6) 28.3E KU-band Astra 2E/2F/2G,Found
Really,1_0_1_B58_7F3_2_11B0000_0_0_0.png,really.png,28.3E,(6) 28.3E KU-band Astra 2E/2F/2G,Found
Really,1_0_1_B90_7F3_2_11B0000_0_0_0.png,really.png,28.3E,(6) 28.3E KU-band Astra 2E/2F/2G,Found
Rewind TV,1_0_1_C497_811_2_11B0000_0_0_0.png,rewindtv.png,28.3E,(6) 28.3E KU-band Astra 2E/2F/2G,Found
S4C,1_0_1_CD5F_844_2_11B0000_0_0_0.png,s4c.png,28.3E,(6) 28.3E KU-band Astra 2E/2F/2G,Found
S4C HD,1_0_19_CD55_844_2_11B0000_0_0_0.png,s4chd.png,28.3E,(6) 28.3E KU-band Astra 2E/2F/2G,Found
SDL nATL,1_0_3_295E_90B_3B_11B0000_0_0_0.png,sdlnatl.png,28.3E,(6) 28.3E KU-band Astra 2E/2F/2G,Found
SONY MAX,1_0_1_D747_82F_2_11B0000_0_0_0.png,sonymax.png,28.3E,(6) 28.3E KU-band Astra 2E/2F/2G,Found
SONY MAX 2,1_0_1_D73F_82F_2_11B0000_0_0_0.png,sonymax2.png,28.3E,(6) 28.3E KU-band Astra 2E/2F/2G,Found
SONY MAX HD,1_0_19_D838_838_2_11B0000_0_0_0.png,sonymaxhd.png,28.3E,(6) 28.3E KU-band Astra 2E/2F/2G,Found
SONY SAB,1_0_1_D743_82F_2_11B0000_0_0_0.png,sonysab.png,28.3E,(6) 28.3E KU-band Astra 2E/2F/2G,Found
SONY TV,1_0_1_D73D_82F_2_11B0000_0_0_0.png,sonytv.png,28.3E,(6) 28.3E KU-band Astra 2E/2F/2G,Found
SONY TV HD,1_0_19_D836_838_2_11B0000_0_0_0.png,sonytvhd.png,28.3E,(6) 28.3E KU-band Astra 2E/2F/2G,Found
STV,1_0_1_D7E1_840_2_11B0000_0_0_0.png,stv.png,28.3E,(6) 28.3E KU-band Astra 2E/2F/2G,Found
STV,1_0_1_D7E2_840_2_11B0000_0_0_0.png,stv.png,28.3E,(6) 28.3E KU-band Astra 2E/2F/2G,Found
STV HD,1_0_1_1817_7E5_2_11B0000_0_0_0.png,stvhd.png,28.3E,(6) 28.3E KU-band Astra 2E/2F/2G,Found
STV HD,1_0_19_181A_7ED_2_11B0000_0_0_0.png,stvhd.png,28.3E,(6) 28.3E KU-band Astra 2E/2F/2G,Found
STV HD,1_0_19_1430_7E8_2_11B0000_0_0_0.png,stvhd.png,28.3E,(6) 28.3E KU-band Astra 2E/2F/2G,Found
STV HD,1_0_19_5140_842_2_11B0000_0_0_0.png,stvhd.png,28.3E,(6) 28.3E KU-band Astra 2E/2F/2G,Found
Sangat,1_0_1_D32C_836_2_11B0000_0_0_0.png,sangat.png,28.3E,(6) 28.3E KU-band Astra 2E/2F/2G,Found
Sanskar,1_0_1_D3CF_839_2_11B0000_0_0_0.png,sanskar.png,28.3E,(6) 28.3E KU-band Astra 2E/2F/2G,Found
Shop Unlimited,1_0_1_D740_82F_2_11B0000_0_0_0.png,shopunlimited.png,28.3E,(6) 28.3E KU-band Astra 2E/2F/2G,Found
Sikh Channel,1_0_1_C49F_811_2_11B0000_0_0_0.png,sikhchannel.png,28.3E,(6) 28.3E KU-band Astra 2E/2F/2G,Found
Sky Arts,1_0_1_1855_7E7_2_11B0000_0_0_0.png,skyarts.png,28.3E,(6) 28.3E KU-band Astra 2E/2F/2G,Found
Sky Arts,1_0_1_1A60_7E7_2_11B0000_0_0_0.png,skyarts.png,28.3E,(6) 28.3E KU-band Astra 2E/2F/2G,Found
Sky Arts HD,1_0_19_F7C_7E9_2_11B0000_0_0_0.png,skyartshd.png,28.3E,(6) 28.3E KU-band Astra 2E/2F/2G,Found
Sky Atlantic,1_0_1_1CF4_7E4_2_11B0000_0_0_0.png,skyatlantic.png,28.3E,(6) 28.3E KU-band Astra 2E/2F/2G,Found
Sky Atlantic,1_0_1_1CF6_7E4_2_11B0000_0_0_0.png,skyatlantic.png,28.3E,(6) 28.3E KU-band Astra 2E/2F/2G,Found
Sky Atlantic HD,1_0_19_F0D_7E9_2_11B0000_0_0_0.png,skyatlantichd.png,28.3E,(6) 28.3E KU-band Astra 2E/2F/2G,Found
Sky Comedy,1_0_1_1802_7E4_2_11B0000_0_0_0.png,skycomedy.png,28.3E,(6) 28.3E KU-band Astra 2E/2F/2G,Found
Sky Comedy,1_0_1_1439_7E7_2_11B0000_0_0_0.png,skycomedy.png,28.3E,(6) 28.3E KU-band Astra 2E/2F/2G,Found
Sky Comedy HD,1_0_19_1418_7E5_2_11B0000_0_0_0.png,skycomedyhd.png,28.3E,(6) 28.3E KU-band Astra 2E/2F/2G,Found
Sky Comedy HD,1_0_19_EEB_7EE_2_11B0000_0_0_0.png,skycomedyhd.png,28.3E,(6) 28.3E KU-band Astra 2E/2F/2G,Found
Sky Crime,1_0_1_1457_7E4_2_11B0000_0_0_0.png,skycrime.png,28.3E,(6) 28.3E KU-band Astra 2E/2F/2G,Found
Sky Crime,1_0_19_17A8_7E7_2_11B0000_0_0_0.png,skycrime.png,28.3E,(6) 28.3E KU-band Astra 2E/2F/2G,Found
Sky Crime HD,1_0_19_145C_7E5_2_11B0000_0_0_0.png,skycrimehd.png,28.3E,(6) 28.3E KU-band Astra 2E/2F/2G,Found
Sky Crime HD,1_0_19_145E_7D3_2_11B0000_0_0_0.png,skycrimehd.png,28.3E,(6) 28.3E KU-band Astra 2E/2F/2G,Found
Sky Drama HD,1_0_19_EE8_7EE_2_11B0000_0_0_0.png,skydramahd.png,28.3E,(6) 28.3E KU-band Astra 2E/2F/2G,Found
Sky Greats HD,1_0_19_EE7_7EE_2_11B0000_0_0_0.png,skygreatshd.png,28.3E,(6) 28.3E KU-band Astra 2E/2F/2G,Found
Sky History,1_0_1_C4C0_811_2_11B0000_0_0_0.png,skyhistory.png,28.3E,(6) 28.3E KU-band Astra 2E/2F/2G,Found
Sky History2,1_0_1_C4C6_811_2_11B0000_0_0_0.png,skyhistory2.png,28.3E,(6) 28.3E KU-band Astra 2E/2F/2G,Found
Sky HistoryHD,1_0_19_C521_813_2_11B0000_0_0_0.png,skyhistoryhd.png,28.3E,(6) 28.3E KU-band Astra 2E/2F/2G,Found
Sky Kids HD,1_0_19_141B_7E0_2_11B0000_0_0_0.png,skykidshd.png,28.3E,(6) 28.3E KU-band Astra 2E/2F/2G,Found
Sky Mix HD,1_0_19_1AAF_7E8_2_11B0000_0_0_0.png,skymixhd.png,28.3E,(6) 28.3E KU-band Astra 2E/2F/2G,Found
Sky Mix HD,1_0_19_13BC_7E8_2_11B0000_0_0_0.png,skymixhd.png,28.3E,(6) 28.3E KU-band Astra 2E/2F/2G,Found
Sky Nature,1_0_1_1C41_7E7_2_11B0000_0_0_0.png,skynature.png,28.3E,(6) 28.3E KU-band Astra 2E/2F/2G,Found
Sky Nature,1_0_1_144A_7E7_2_11B0000_0_0_0.png,skynature.png,28.3E,(6) 28.3E KU-band Astra 2E/2F/2G,Found
Sky Nature HD,1_0_19_13B8_7E0_2_11B0000_0_0_0.png,skynaturehd.png,28.3E,(6) 28.3E KU-band Astra 2E/2F/2G,Found
Sky News,1_0_1_1906_7E4_2_11B0000_0_0_0.png,skynews.png,28.3E,(6) 28.3E KU-band Astra 2E/2F/2G,Found
Sky News,1_0_1_1CED_7E7_2_11B0000_0_0_0.png,skynews.png,28.3E,(6) 28.3E KU-band Astra 2E/2F/2G,Found
Sky News HD,1_0_1_F0E_7E5_2_11B0000_0_0_0.png,skynewshd.png,28.3E,(6) 28.3E KU-band Astra 2E/2F/2G,Found
Sky News HD,1_0_19_17A4_7E0_2_11B0000_0_0_0.png,skynewshd.png,28.3E,(6) 28.3E KU-band Astra 2E/2F/2G,Found
Sky One,1_0_1_1901_7E4_2_11B0000_0_0_0.png,skyone.png,28.3E,(6) 28.3E KU-band Astra 2E/2F/2G,Found
Sky One,1_0_1_151A_7E7_2_11B0000_0_0_0.png,skyone.png,28.3E,(6) 28.3E KU-band Astra 2E/2F/2G,Found
Sky One,1_0_1_151B_7E7_2_11B0000_0_0_0.png,skyone.png,28.3E,(6) 28.3E KU-band Astra 2E/2F/2G,Found
Sky One HD,1_0_1_1518_7E9_2_11B0000_0_0_0.png,skyonehd.png,28.3E,(6) 28.3E KU-band Astra 2E/2F/2G,Found
Sky One HD,1_0_19_F15_7E9_2_11B0000_0_0_0.png,skyonehd.png,28.3E,(6) 28.3E KU-band Astra 2E/2F/2G,Found
Sky One HD,1_0_19_13A8_7ED_2_11B0000_0_0_0.png,skyonehd.png,28.3E,(6) 28.3E KU-band Astra 2E/2F/2G,Found
Sky RB,1_0_1_669_7E5_2_11B0000_0_0_0.png,skyrb.png,28.3E,(6) 28.3E KU-band Astra 2E/2F/2G,Found
Sky ScFi/HorHD,1_0_19_EE9_7EE_2_11B0000_0_0_0.png,skyscfihorhd.png,28.3E,(6) 28.3E KU-band Astra 2E/2F/2G,Found
Sky Sci-Fi,1_0_1_1581_7E7_2_11B0000_0_0_0.png,skyscifi.png,28.3E,(6) 28.3E KU-band Astra 2E/2F/2G,Found
Sky Sci-Fi HD,1_0_19_17BA_7F2_2_11B0000_0_0_0.png,skyscifihd.png,28.3E,(6) 28.3E KU-band Astra 2E/2F/2G,Found
Sky Thriller HD,1_0_19_17AE_7EE_2_11B0000_0_0_0.png,skythrillerhd.png,28.3E,(6) 28.3E KU-band Astra 2E/2F/2G,Found
Sky Witness,1_0_1_1C21_7E7_2_11B0000_0_0_0.png,skywitness.png,28.3E,(6) 28.3E KU-band Astra 2E/2F/2G,Found
Sky Witness,1_0_1_18BE_7E4_2_11B0000_0_0_0.png,skywitness.png,28.3E,(6) 28.3E KU-band Astra 2E/2F/2G,Found
Sky Witness HD,1_0_19_F58_7E9_2_11B0000_0_0_0.png,skywitnesshd.png,28.3E,(6) 28.3E KU-band Astra 2E/2F/2G,Found
Sky Witness HD,1_0_19_FAA_7E8_2_11B0000_0_0_0.png,skywitnesshd.png,28.3E,(6) 28.3E KU-band Astra 2E/2F/2G,Found
SkyAnimationHD,1_0_19_1837_7EE_2_11B0000_0_0_0.png,skyanimationhd.png,28.3E,(6) 28.3E KU-band Astra 2E/2F/2G,Found
SkyDocmntrsHD,1_0_19_1410_7D3_2_11B0000_0_0_0.png,skydocmntrshd.png,28.3E,(6) 28.3E KU-band Astra 2E/2F/2G,Found
SkyDocumntrs,1_0_1_1407_7E7_2_11B0000_0_0_0.png,skydocumntrs.png,28.3E,(6) 28.3E KU-band Astra 2E/2F/2G,Found
SkyDocumntrs,1_0_1_1856_7E7_2_11B0000_0_0_0.png,skydocumntrs.png,28.3E,(6) 28.3E KU-band Astra 2E/2F/2G,Found
SkyNewsArabia,1_0_1_1DDD_7E4_2_11B0000_0_0_0.png,skynewsarabia.png,28.3E,(6) 28.3E KU-band Astra 2E/2F/2G,Found
SkyPremiereHD,1_0_19_1785_7EE_2_11B0000_0_0_0.png,skypremierehd.png,28.3E,(6) 28.3E KU-band Astra 2E/2F/2G,Found
SkySp Action,1_0_1_119F_7E4_2_11B0000_0_0_0.png,skyspaction.png,28.3E,(6) 28.3E KU-band Astra 2E/2F/2G,Found
SkySp Action,1_0_1_18BD_7E4_2_11B0000_0_0_0.png,skyspaction.png,28.3E,(6) 28.3E KU-band Astra 2E/2F/2G,Found
SkySp ActionHD,1_0_19_EF0_7E5_2_11B0000_0_0_0.png,skyspactionhd.png,28.3E,(6) 28.3E KU-band Astra 2E/2F/2G,Found
SkySp Cricket,1_0_1_53E_7E4_2_11B0000_0_0_0.png,skyspcricket.png,28.3E,(6) 28.3E KU-band Astra 2E/2F/2G,Found
SkySp Cricket,1_0_1_14B6_7E4_2_11B0000_0_0_0.png,skyspcricket.png,28.3E,(6) 28.3E KU-band Astra 2E/2F/2G,Found
SkySp F'ball,1_0_1_F08_7E4_2_11B0000_0_0_0.png,skyspfball.png,28.3E,(6) 28.3E KU-band Astra 2E/2F/2G,Found
SkySp F'ball,1_0_1_1EA0_7E4_2_11B0000_0_0_0.png,skyspfball.png,28.3E,(6) 28.3E KU-band Astra 2E/2F/2G,Found
SkySp F1,1_0_1_51B_7E7_2_11B0000_0_0_0.png,skyspf1.png,28.3E,(6) 28.3E KU-band Astra 2E/2F/2G,Found
SkySp F1,1_0_1_18A2_7E7_2_11B0000_0_0_0.png,skyspf1.png,28.3E,(6) 28.3E KU-band Astra 2E/2F/2G,Found
SkySp F1 HD,1_0_19_EFC_7E5_2_11B0000_0_0_0.png,skyspf1hd.png,28.3E,(6) 28.3E KU-band Astra 2E/2F/2G,Found
SkySp Golf,1_0_1_1089_7E4_2_11B0000_0_0_0.png,skyspgolf.png,28.3E,(6) 28.3E KU-band Astra 2E/2F/2G,Found
SkySp Golf,1_0_1_14CC_7E4_2_11B0000_0_0_0.png,skyspgolf.png,28.3E,(6) 28.3E KU-band Astra 2E/2F/2G,Found
SkySp Golf HD,1_0_19_F56_7E0_2_11B0000_0_0_0.png,skyspgolfhd.png,28.3E,(6) 28.3E KU-band Astra 2E/2F/2G,Found
SkySp Golf HD,1_0_19_106F_7D3_2_11B0000_0_0_0.png,skyspgolfhd.png,28.3E,(6) 28.3E KU-band Astra 2E/2F/2G,Found
SkySp Golf HD,1_0_19_108A_7D3_2_11B0000_0_0_0.png,skyspgolfhd.png,28.3E,(6) 28.3E KU-band Astra 2E/2F/2G,Found
SkySp Golf HD,1_0_19_EF3_7E0_2_11B0000_0_0_0.png,skyspgolfhd.png,28.3E,(6) 28.3E KU-band Astra 2E/2F/2G,Found
SkySp Mix,1_0_1_13E3_7E7_2_11B0000_0_0_0.png,skyspmix.png,28.3E,(6) 28.3E KU-band Astra 2E/2F/2G,Found
SkySp Mix,1_0_1_FFD_7E7_2_11B0000_0_0_0.png,skyspmix.png,28.3E,(6) 28.3E KU-band Astra 2E/2F/2G,Found
SkySp Mix HD,1_0_19_FFC_7E5_2_11B0000_0_0_0.png,skyspmixhd.png,28.3E,(6) 28.3E KU-band Astra 2E/2F/2G,Found
SkySp News,1_0_1_132E_7E4_2_11B0000_0_0_0.png,skyspnews.png,28.3E,(6) 28.3E KU-band Astra 2E/2F/2G,Found
SkySp News,1_0_1_1073_7E4_2_11B0000_0_0_0.png,skyspnews.png,28.3E,(6) 28.3E KU-band Astra 2E/2F/2G,Found
SkySp News,1_0_1_18AA_7E4_2_11B0000_0_0_0.png,skyspnews.png,28.3E,(6) 28.3E KU-band Astra 2E/2F/2G,Found
SkySp News,1_0_1_14C7_7E4_2_11B0000_0_0_0.png,skyspnews.png,28.3E,(6) 28.3E KU-band Astra 2E/2F/2G,Found
SkySp News HD,1_0_19_F2A_7E0_2_11B0000_0_0_0.png,skyspnewshd.png,28.3E,(6) 28.3E KU-band Astra 2E/2F/2G,Found
SkySp News HD,1_0_19_E2D_7E5_2_11B0000_0_0_0.png,skyspnewshd.png,28.3E,(6) 28.3E KU-band Astra 2E/2F/2G,Found
SkySp News HD,1_0_19_F4D_7E0_2_11B0000_0_0_0.png,skyspnewshd.png,28.3E,(6) 28.3E KU-band Astra 2E/2F/2G,Found
SkySp News HD,1_0_19_FC4_7ED_2_11B0000_0_0_0.png,skyspnewshd.png,28.3E,(6) 28.3E KU-band Astra 2E/2F/2G,Found
SkySp PL,1_0_1_1C90_7E4_2_11B0000_0_0_0.png,skysppl.png,28.3E,(6) 28.3E KU-band Astra 2E/2F/2G,Found
SkySp PL,1_0_1_FFF_7E4_2_11B0000_0_0_0.png,skysppl.png,28.3E,(6) 28.3E KU-band Astra 2E/2F/2G,Found
SkySp Tennis,1_0_1_188D_7E4_2_11B0000_0_0_0.png,skysptennis.png,28.3E,(6) 28.3E KU-band Astra 2E/2F/2G,Found
SkySp Tennis,1_0_1_14F3_7E4_2_11B0000_0_0_0.png,skysptennis.png,28.3E,(6) 28.3E KU-band Astra 2E/2F/2G,Found
SkySpBoxOffHD,1_0_19_40B_7D3_2_11B0000_0_0_0.png,skyspboxoffhd.png,28.3E,(6) 28.3E KU-band Astra 2E/2F/2G,Found
SkySpF1 UHD,1_0_1_264A_7F0_2_11B0000_0_0_0.png,skyspf1uhd.png,28.3E,(6) 28.3E KU-band Astra 2E/2F/2G,Found
SkySpF1 UHD,1_0_1_2654_7F0_2_11B0000_0_0_0.png,skyspf1uhd.png,28.3E,(6) 28.3E KU-band Astra 2E/2F/2G,Found
SkySpME UHD,1_0_1_2649_7EA_2_11B0000_0_0_0.png,skyspmeuhd.png,28.3E,(6) 28.3E KU-band Astra 2E/2F/2G,Found
SkySpME UHD,1_0_1_2653_7EA_2_11B0000_0_0_0.png,skyspmeuhd.png,28.3E,(6) 28.3E KU-band Astra 2E/2F/2G,Found
SkySpMainEv,1_0_1_109F_7E4_2_11B0000_0_0_0.png,skyspmainev.png,28.3E,(6) 28.3E KU-band Astra 2E/2F/2G,Found
SkySpMainEv,1_0_1_18A5_7E4_2_11B0000_0_0_0.png,skyspmainev.png,28.3E,(6) 28.3E KU-band Astra 2E/2F/2G,Found
SonLife,1_0_1_D750_82F_2_11B0000_0_0_0.png,sonlife.png,28.3E,(6) 28.3E KU-band Astra 2E/2F/2G,Found
TBN UK,1_0_1_CB9C_83C_2_11B0000_0_0_0.png,tbnuk.png,28.3E,(6) 28.3E KU-band Astra 2E/2F/2G,Found
TG4 HD,1_0_19_1792_7F2_2_11B0000_0_0_0.png,tg4hd.png,28.3E,(6) 28.3E KU-band Astra 2E/2F/2G,Found
TJC HD,1_0_19_CD5A_844_2_11B0000_0_0_0.png,tjchd.png,28.3E,(6) 28.3E KU-band Astra 2E/2F/2G,Found
TLC,1_0_1_1859_7F3_2_11B0000_0_0_0.png,tlc.png,28.3E,(6) 28.3E KU-band Astra 2E/2F/2G,Found
TLC,1_0_1_B81_7F3_2_11B0000_0_0_0.png,tlc.png,28.3E,(6) 28.3E KU-band Astra 2E/2F/2G,Found
TLC HD,1_0_19_B77_7F3_2_11B0000_0_0_0.png,tlchd.png,28.3E,(6) 28.3E KU-band Astra 2E/2F/2G,Found
TMS,1_0_2_41C_7D4_2_11B0000_0_0_0.png,tms.png,28.3E,(6) 28.3E KU-band Astra 2E/2F/2G,Found
TNT Sports 1,1_0_1_D822_838_2_11B0000_0_0_0.png,tntsports1.png,28.3E,(6) 28.3E KU-band Astra 2E/2F/2G,Found
TNT Sports 1,1_0_1_D823_838_2_11B0000_0_0_0.png,tntsports1.png,28.3E,(6) 28.3E KU-band Astra 2E/2F/2G,Found
TNT Sports 10,1_0_1_D016_832_2_11B0000_0_0_0.png,tntsports10.png,28.3E,(6) 28.3E KU-band Astra 2E/2F/2G,Found
TNT Sports 2,1_0_1_D020_832_2_11B0000_0_0_0.png,tntsports2.png,28.3E,(6) 28.3E KU-band Astra 2E/2F/2G,Found
TNT Sports 2,1_0_1_D021_832_2_11B0000_0_0_0.png,tntsports2.png,28.3E,(6) 28.3E KU-band Astra 2E/2F/2G,Found
TNT Sports 3,1_0_1_D827_838_2_11B0000_0_0_0.png,tntsports3.png,28.3E,(6) 28.3E KU-band Astra 2E/2F/2G,Found
TNT Sports 3,1_0_1_D828_838_2_11B0000_0_0_0.png,tntsports3.png,28.3E,(6) 28.3E KU-band Astra 2E/2F/2G,Found
TNT Sports 4,1_0_1_D025_832_2_11B0000_0_0_0.png,tntsports4.png,28.3E,(6) 28.3E KU-band Astra 2E/2F/2G,Found
TNT Sports 4,1_0_1_D026_832_2_11B0000_0_0_0.png,tntsports4.png,28.3E,(6) 28.3E KU-band Astra 2E/2F/2G,Found
TNT Sports 5,1_0_1_CFD0_832_2_11B0000_0_0_0.png,tntsports5.png,28.3E,(6) 28.3E KU-band Astra 2E/2F/2G,Found
TNT Sports 6,1_0_1_CFDA_832_2_11B0000_0_0_0.png,tntsports6.png,28.3E,(6) 28.3E KU-band Astra 2E/2F/2G,Found
TNT Sports 7,1_0_1_CFF8_832_2_11B0000_0_0_0.png,tntsports7.png,28.3E,(6) 28.3E KU-band Astra 2E/2F/2G,Found
TNT Sports 8,1_0_1_D002_832_2_11B0000_0_0_0.png,tntsports8.png,28.3E,(6) 28.3E KU-band Astra 2E/2F/2G,Found
TNT Sports 9,1_0_1_D00C_832_2_11B0000_0_0_0.png,tntsports9.png,28.3E,(6) 28.3E KU-band Astra 2E/2F/2G,Found
TNTSBoxOff2HD,1_0_1_C5FD_831_2_11B0000_0_0_0.png,tntsboxoff2hd.png,28.3E,(6) 28.3E KU-band Astra 2E/2F/2G,Found
TNTSBoxOff2HD,1_0_19_449_7D3_2_11B0000_0_0_0.png,tntsboxoff2hd.png,28.3E,(6) 28.3E KU-band Astra 2E/2F/2G,Found
TNTSBoxOffHD,1_0_19_40C_7D3_2_11B0000_0_0_0.png,tntsboxoffhd.png,28.3E,(6) 28.3E KU-band Astra 2E/2F/2G,Found
TNTSBoxOffHD,1_0_19_C5BC_831_2_11B0000_0_0_0.png,tntsboxoffhd.png,28.3E,(6) 28.3E KU-band Astra 2E/2F/2G,Found
TNTSports1 HD,1_0_19_D02E_832_2_11B0000_0_0_0.png,tntsports1hd.png,28.3E,(6) 28.3E KU-band Astra 2E/2F/2G,Found
TNTSports1 HD,1_0_19_CD50_844_2_11B0000_0_0_0.png,tntsports1hd.png,28.3E,(6) 28.3E KU-band Astra 2E/2F/2G,Found
TNTSports1 HD,1_0_19_CD51_844_2_11B0000_0_0_0.png,tntsports1hd.png,28.3E,(6) 28.3E KU-band Astra 2E/2F/2G,Found
TNTSports1 HD,1_0_19_C5E4_831_2_11B0000_0_0_0.png,tntsports1hd.png,28.3E,(6) 28.3E KU-band Astra 2E/2F/2G,Found
TNTSports2 HD,1_0_1_C5B2_831_2_11B0000_0_0_0.png,tntsports2hd.png,28.3E,(6) 28.3E KU-band Astra 2E/2F/2G,Found
TNTSports2 HD,1_0_19_C5B3_831_2_11B0000_0_0_0.png,tntsports2hd.png,28.3E,(6) 28.3E KU-band Astra 2E/2F/2G,Found
TNTSports3 HD,1_0_1_C5F9_831_2_11B0000_0_0_0.png,tntsports3hd.png,28.3E,(6) 28.3E KU-band Astra 2E/2F/2G,Found
TNTSports3 HD,1_0_19_C5F8_831_2_11B0000_0_0_0.png,tntsports3hd.png,28.3E,(6) 28.3E KU-band Astra 2E/2F/2G,Found
TNTSports4 HD,1_0_1_C5B7_831_2_11B0000_0_0_0.png,tntsports4hd.png,28.3E,(6) 28.3E KU-band Astra 2E/2F/2G,Found
TNTSports4 HD,1_0_19_C5B8_831_2_11B0000_0_0_0.png,tntsports4hd.png,28.3E,(6) 28.3E KU-band Astra 2E/2F/2G,Found
TNTUltimateUHD,1_0_1_14D8_7EA_2_11B0000_0_0_0.png,tntultimateuhd.png,28.3E,(6) 28.3E KU-band Astra 2E/2F/2G,Found
TNTUltimateUHD,1_0_1_14D9_7EA_2_11B0000_0_0_0.png,tntultimateuhd.png,28.3E,(6) 28.3E KU-band Astra 2E/2F/2G,Found
TRP 1,1_0_19_2968_90B_3B_11B0000_0_0_0.png,trp1.png,28.3E,(6) 28.3E KU-band Astra 2E/2F/2G,Found
TRT World,1_0_1_D323_836_2_11B0000_0_0_0.png,trtworld.png,28.3E,(6) 28.3E KU-band Astra 2E/2F/2G,Found
TRT World HD,1_0_19_1BC2_835_2_11B0000_0_0_0.png,trtworldhd.png,28.3E,(6) 28.3E KU-band Astra 2E/2F/2G,Found
TRUE CRIME,1_0_1_D7AE_840_2_11B0000_0_0_0.png,truecrime.png,28.3E,(6) 28.3E KU-band Astra 2E/2F/2G,Found
TRUE CRIME,1_0_1_D7B0_840_2_11B0000_0_0_0.png,truecrime.png,28.3E,(6) 28.3E KU-band Astra 2E/2F/2G,Found
TRUE CRIME X,1_0_1_D7A8_840_2_11B0000_0_0_0.png,truecrimex.png,28.3E,(6) 28.3E KU-band Astra 2E/2F/2G,Found
TRUE CRIME X,1_0_1_C6D7_840_2_11B0000_0_0_0.png,truecrimex.png,28.3E,(6) 28.3E KU-band Astra 2E/2F/2G,Found
TV One,1_0_1_D3D2_839_2_11B0000_0_0_0.png,tvone.png,28.3E,(6) 28.3E KU-band Astra 2E/2F/2G,Found
TV Warehouse,1_0_1_D748_82F_2_11B0000_0_0_0.png,tvwarehouse.png,28.3E,(6) 28.3E KU-band Astra 2E/2F/2G,Found
TVC News,1_0_1_D330_836_2_11B0000_0_0_0.png,tvcnews.png,28.3E,(6) 28.3E KU-band Astra 2E/2F/2G,Found
Takbeer TV,1_0_1_D749_82F_2_11B0000_0_0_0.png,takbeertv.png,28.3E,(6) 28.3E KU-band Astra 2E/2F/2G,Found
TalkingPictures,1_0_1_D7B9_840_2_11B0000_0_0_0.png,talkingpictures.png,28.3E,(6) 28.3E KU-band Astra 2E/2F/2G,Found
Television X,1_0_1_D32F_836_2_11B0000_0_0_0.png,televisionx.png,28.3E,(6) 28.3E KU-band Astra 2E/2F/2G,Found
That's TV,1_0_1_D7BE_840_2_11B0000_0_0_0.png,thatstv.png,28.3E,(6) 28.3E KU-band Astra 2E/2F/2G,Found
That's TV 2,1_0_1_D7A1_840_2_11B0000_0_0_0.png,thatstv2.png,28.3E,(6) 28.3E KU-band Astra 2E/2F/2G,Found
That's TV 3,1_0_1_D7C3_840_2_11B0000_0_0_0.png,thatstv3.png,28.3E,(6) 28.3E KU-band Astra 2E/2F/2G,Found
Together,1_0_1_1AD8_7E7_2_11B0000_0_0_0.png,together.png,28.3E,(6) 28.3E KU-band Astra 2E/2F/2G,Found
Travelxp,1_0_1_5729_82B_2_11B0000_0_0_0.png,travelxp.png,28.3E,(6) 28.3E KU-band Astra 2E/2F/2G,Found
U1MON,1_0_1_25E5_7EC_2_11B0000_0_0_0.png,u1mon.png,28.3E,(6) 28.3E KU-band Astra 2E/2F/2G,Found
U2MON,1_0_1_2331_7EC_2_11B0000_0_0_0.png,u2mon.png,28.3E,(6) 28.3E KU-band Astra 2E/2F/2G,Found
UTV HD,1_0_19_514A_842_2_11B0000_0_0_0.png,utvhd.png,28.3E,(6) 28.3E KU-band Astra 2E/2F/2G,Found
Ultra HD,1_0_1_232A_7EC_2_11B0000_0_0_0.png,ultrahd.png,28.3E,(6) 28.3E KU-band Astra 2E/2F/2G,Found
Ultra HD,1_0_1_2334_7EC_2_11B0000_0_0_0.png,ultrahd.png,28.3E,(6) 28.3E KU-band Astra 2E/2F/2G,Found
Ultra HD,1_0_1_265D_7EC_2_11B0000_0_0_0.png,ultrahd.png,28.3E,(6) 28.3E KU-band Astra 2E/2F/2G,Found
Ultra HD,1_0_1_2669_7EC_2_11B0000_0_0_0.png,ultrahd.png,28.3E,(6) 28.3E KU-band Astra 2E/2F/2G,Found
Utsav Bharat,1_0_1_D3C4_839_2_11B0000_0_0_0.png,utsavbharat.png,28.3E,(6) 28.3E KU-band Astra 2E/2F/2G,Found
Utsav Gold,1_0_1_D32A_836_2_11B0000_0_0_0.png,utsavgold.png,28.3E,(6) 28.3E KU-band Astra 2E/2F/2G,Found
Utsav Gold HD,1_0_19_FC0_7D3_2_11B0000_0_0_0.png,utsavgoldhd.png,28.3E,(6) 28.3E KU-band Astra 2E/2F/2G,Found
Utsav Plus,1_0_1_D329_836_2_11B0000_0_0_0.png,utsavplus.png,28.3E,(6) 28.3E KU-band Astra 2E/2F/2G,Found
Utsav Plus HD,1_0_19_EDB_7EB_2_11B0000_0_0_0.png,utsavplushd.png,28.3E,(6) 28.3E KU-band Astra 2E/2F/2G,Found
Virgin Four HD,1_0_19_13B4_7F2_2_11B0000_0_0_0.png,virginfourhd.png,28.3E,(6) 28.3E KU-band Astra 2E/2F/2G,Found
Virgin One HD,1_0_19_16F9_7EB_2_11B0000_0_0_0.png,virginonehd.png,28.3E,(6) 28.3E KU-band Astra 2E/2F/2G,Found
Virgin Radio,1_0_2_D75F_82F_2_11B0000_0_0_0.png,virginradio.png,28.3E,(6) 28.3E KU-band Astra 2E/2F/2G,Found
Virgin Three,1_0_1_1AA1_7E7_2_11B0000_0_0_0.png,virginthree.png,28.3E,(6) 28.3E KU-band Astra 2E/2F/2G,Found
XXX Girl Girl,1_0_1_D3CA_839_2_11B0000_0_0_0.png,xxxgirlgirl.png,28.3E,(6) 28.3E KU-band Astra 2E/2F/2G,Found
Xpanded TV,1_0_1_1DB7_82D_2_11B0000_0_0_0.png,xpandedtv.png,28.3E,(6) 28.3E KU-band Astra 2E/2F/2G,Found
Zee Cinema,1_0_1_C48B_811_2_11B0000_0_0_0.png,zeecinema.png,28.3E,(6) 28.3E KU-band Astra 2E/2F/2G,Found
Zee Punjabi,1_0_1_C4BA_811_2_11B0000_0_0_0.png,zeepunjabi.png,28.3E,(6) 28.3E KU-band Astra 2E/2F/2G,Found
Zee TV,1_0_1_C4B8_811_2_11B0000_0_0_0.png,zeetv.png,28.3E,(6) 28.3E KU-band Astra 2E/2F/2G,Found
Zee TV HD,1_0_19_C52B_813_2_11B0000_0_0_0.png,zeetvhd.png,28.3E,(6) 28.3E KU-band Astra 2E/2F/2G,Found
iON TV,1_0_1_CFA4_83A_2_11B0000_0_0_0.png,iontv.png,28.3E,(6) 28.3E KU-band Astra 2E/2F/2G,Found
revelation,1_0_1_D332_836_2_11B0000_0_0_0.png,revelation.png,28.3E,(6) 28.3E KU-band Astra 2E/2F/2G,Found
talkSPORT,1_0_2_D79E_82F_2_11B0000_0_0_0.png,talksport.png,28.3E,(6) 28.3E KU-band Astra 2E/2F/2G,Found
Al Ekhbaria,1_0_1_A2C_1A_2BE_1310000_0_0_0.png,alekhbaria.png,30.5E,(7) 30.5E KU-band Arabsat 5A/6A,Found
Al ekhbaria,1_0_2_A42_1A_2BE_1310000_0_0_0.png,alekhbaria.png,30.5E,(7) 30.5E KU-band Arabsat 5A/6A,Found
Basra-TV,1_0_1_1_1_FFFF_131AB48_0_0_0.png,basratv.png,30.5E,(7) 30.5E KU-band Arabsat 5A/6A,Found
Ericsson Service,1_0_1_1_1_FFFF_131B1B6_0_0_0.png,ericssonservice.png,30.5E,(7) 30.5E KU-band Arabsat 5A/6A,Found
Haram Studio Main,1_0_1_1_1_FFFF_1312A2A_0_0_0.png,haramstudiomain.png,30.5E,(7) 30.5E KU-band Arabsat 5A/6A,Found
KSA SPORTS 1,1_0_1_A2B_1A_2BE_1310000_0_0_0.png,ksasports1.png,30.5E,(7) 30.5E KU-band Arabsat 5A/6A,Found
KSA SPORTS 2,1_0_1_A2A_1A_2BE_1310000_0_0_0.png,ksasports2.png,30.5E,(7) 30.5E KU-band Arabsat 5A/6A,Found
KSA SPORTS 3,1_0_1_15E4_1A_2BE_1310000_0_0_0.png,ksasports3.png,30.5E,(7) 30.5E KU-band Arabsat 5A/6A,Found
LBC International,1_0_19_1_0_0_131B0EF_0_0_0.png,lbcinternational.png,30.5E,(7) 30.5E KU-band Arabsat 5A/6A,Found
NBN,1_0_19_1B_0_0_131B1BE_0_0_0.png,nbn.png,30.5E,(7) 30.5E KU-band Arabsat 5A/6A,Found
RTD Radio,1_0_2_2_FFFF_FFFF_1312A4E_0_0_0.png,rtdradio.png,30.5E,(7) 30.5E KU-band Arabsat 5A/6A,Found
RTD Radio,1_0_2_3_FFFF_FFFF_1312A4E_0_0_0.png,rtdradio.png,30.5E,(7) 30.5E KU-band Arabsat 5A/6A,Found
RTD Radio,1_0_2_4_FFFF_FFFF_1312A4E_0_0_0.png,rtdradio.png,30.5E,(7) 30.5E KU-band Arabsat 5A/6A,Found
RTD TV,1_0_1_1_FFFF_FFFF_1312A4E_0_0_0.png,rtdtv.png,30.5E,(7) 30.5E KU-band Arabsat 5A/6A,Found
Riyadh Radio,1_0_2_A3D_1A_2BE_1310000_0_0_0.png,riyadhradio.png,30.5E,(7) 30.5E KU-band Arabsat 5A/6A,Found
SBC,1_0_1_15E3_1A_2BE_1310000_0_0_0.png,sbc.png,30.5E,(7) 30.5E KU-band Arabsat 5A/6A,Found
Saudi Ch For Quran,1_0_1_15E1_1A_2BE_1310000_0_0_0.png,saudichforquran.png,30.5E,(7) 30.5E KU-band Arabsat 5A/6A,Found
Saudi Ch for Sunnah,1_0_1_15E2_1A_2BE_1310000_0_0_0.png,saudichforsunnah.png,30.5E,(7) 30.5E KU-band Arabsat 5A/6A,Found
Saudi TV,1_0_1_A29_1A_2BE_1310000_0_0_0.png,sauditv.png,30.5E,(7) 30.5E KU-band Arabsat 5A/6A,Found
Saudia alaan tv,1_0_1_15E5_1A_2BE_1310000_0_0_0.png,saudiaalaantv.png,30.5E,(7) 30.5E KU-band Arabsat 5A/6A,Found
Service-1,1_0_1_1_1_FFFF_131AD9F_0_0_0.png,service1.png,30.5E,(7) 30.5E KU-band Arabsat 5A/6A,Found
TANDBERG,1_0_1_1_1_FFFF_1312ABA_0_0_0.png,tandberg.png,30.5E,(7) 30.5E KU-band Arabsat 5A/6A,Found
Tandberg Service,1_0_1_1_1_FFFF_1312ABD_0_0_0.png,tandbergservice.png,30.5E,(7) 30.5E KU-band Arabsat 5A/6A,Found
Tandberg Service,1_0_1_1_1_FFFF_1312AC2_0_0_0.png,tandbergservice.png,30.5E,(7) 30.5E KU-band Arabsat 5A/6A,Found
Thikrayat,1_0_1_A2D_1A_2BE_1310000_0_0_0.png,thikrayat.png,30.5E,(7) 30.5E KU-band Arabsat 5A/6A,Found
1 ARKHI,1_0_19_12C3_37_1_1680000_0_0_0.png,1arkhi.png,36.0E,(10) 36.0E KU-band Eutelsat 36D & Express AMU1,Found
24 Kitchen Adria,1_0_16_77_F5_1_1680000_0_0_0.png,24kitchenadria.png,36.0E,(10) 36.0E KU-band Eutelsat 36D & Express AMU1,Found
BRIDGE ШЛЯГЕР,1_0_1_7DA_2_FD_1680000_0_0_0.png,bridge.png,36.0E,(10) 36.0E KU-band Eutelsat 36D & Express AMU1,Found
BabyTV_HD,1_0_19_65_F5_1_1680000_0_0_0.png,babytvhd.png,36.0E,(10) 36.0E KU-band Eutelsat 36D & Express AMU1,Found
Disney Channel,1_0_16_6B_F5_1_1680000_0_0_0.png,disneychannel.png,36.0E,(10) 36.0E KU-band Eutelsat 36D & Express AMU1,Found
Disney Junior,1_0_16_6A_F5_1_1680000_0_0_0.png,disneyjunior.png,36.0E,(10) 36.0E KU-band Eutelsat 36D & Express AMU1,Found
Disney Junior HD France,1_0_19_70_F5_1_1680000_0_0_0.png,disneyjuniorhdfrance.png,36.0E,(10) 36.0E KU-band Eutelsat 36D & Express AMU1,Found
English Class,1_0_1_7D4_2_FD_1680000_0_0_0.png,englishclass.png,36.0E,(10) 36.0E KU-band Eutelsat 36D & Express AMU1,Found
FOX CIS,1_0_1_3E9_37_1_1680000_0_0_0.png,foxcis.png,36.0E,(10) 36.0E KU-band Eutelsat 36D & Express AMU1,Found
FOX HD CIS,1_0_1_3EA_37_1_1680000_0_0_0.png,foxhdcis.png,36.0E,(10) 36.0E KU-band Eutelsat 36D & Express AMU1,Found
FOX Life CIS,1_0_1_3EB_37_1_1680000_0_0_0.png,foxlifecis.png,36.0E,(10) 36.0E KU-band Eutelsat 36D & Express AMU1,Found
FOX Life HD CIS,1_0_1_3EC_37_1_1680000_0_0_0.png,foxlifehdcis.png,36.0E,(10) 36.0E KU-band Eutelsat 36D & Express AMU1,Found
FX Greece HD,1_0_19_67_F5_1_1680000_0_0_0.png,fxgreecehd.png,36.0E,(10) 36.0E KU-band Eutelsat 36D & Express AMU1,Found
FX Life Greece HD,1_0_19_68_F5_1_1680000_0_0_0.png,fxlifegreecehd.png,36.0E,(10) 36.0E KU-band Eutelsat 36D & Express AMU1,Found
IHA ANA YAYIN,1_0_19_1_0_0_1680000_0_0_0.png,ihaanayayin.png,36.0E,(10) 36.0E KU-band Eutelsat 36D & Express AMU1,Found
Karbala Documentary,1_0_19_5_1_539_1680000_0_0_0.png,karbaladocumentary.png,36.0E,(10) 36.0E KU-band Eutelsat 36D & Express AMU1,Found
Karbala TV,1_0_19_1_1_539_1680000_0_0_0.png,karbalatv.png,36.0E,(10) 36.0E KU-band Eutelsat 36D & Express AMU1,Found
LEOMAX24,1_0_1_6991_1B_FD_1680000_0_0_0.png,leomax24.png,36.0E,(10) 36.0E KU-band Eutelsat 36D & Express AMU1,Found
NG HD Greece,1_0_1_69_F5_1_1680000_0_0_0.png,nghdgreece.png,36.0E,(10) 36.0E KU-band Eutelsat 36D & Express AMU1,Found
NGC Adria,1_0_16_76_F5_1_1680000_0_0_0.png,ngcadria.png,36.0E,(10) 36.0E KU-band Eutelsat 36D & Express AMU1,Found
National Geographic CIS,1_0_1_3ED_37_1_1680000_0_0_0.png,nationalgeographiccis.png,36.0E,(10) 36.0E KU-band Eutelsat 36D & Express AMU1,Found
National Geographic HD CIS,1_0_1_3EE_37_1_1680000_0_0_0.png,nationalgeographichdcis.png,36.0E,(10) 36.0E KU-band Eutelsat 36D & Express AMU1,Found
National Geographic WILD HD CIS,1_0_1_3F0_37_1_1680000_0_0_0.png,nationalgeographicwildhdcis.png,36.0E,(10) 36.0E KU-band Eutelsat 36D & Express AMU1,Found
National Geographic WILD SD CIS,1_0_1_3EF_37_1_1680000_0_0_0.png,nationalgeographicwildsdcis.png,36.0E,(10) 36.0E KU-band Eutelsat 36D & Express AMU1,Found
Quran TV,1_0_19_2_1_539_1680000_0_0_0.png,qurantv.png,36.0E,(10) 36.0E KU-band Eutelsat 36D & Express AMU1,Found
Ribalka i Ohota,1_0_1_3F1_37_1_1680000_0_0_0.png,ribalkaiohota.png,36.0E,(10) 36.0E KU-band Eutelsat 36D & Express AMU1,Found
STAR Adria,1_0_16_73_F5_1_1680000_0_0_0.png,staradria.png,36.0E,(10) 36.0E KU-band Eutelsat 36D & Express AMU1,Found
STAR Crime Adria,1_0_16_75_F5_1_1680000_0_0_0.png,starcrimeadria.png,36.0E,(10) 36.0E KU-band Eutelsat 36D & Express AMU1,Found
STAR Life Adria,1_0_16_74_F5_1_1680000_0_0_0.png,starlifeadria.png,36.0E,(10) 36.0E KU-band Eutelsat 36D & Express AMU1,Found
START AIR,1_0_1_7E1_2_FD_1680000_0_0_0.png,startair.png,36.0E,(10) 36.0E KU-band Eutelsat 36D & Express AMU1,Found
TV 2,1_0_19_12C4_37_1_1680000_0_0_0.png,tv2.png,36.0E,(10) 36.0E KU-band Eutelsat 36D & Express AMU1,Found
Анекдот ТВ,1_0_1_7D9_2_FD_1680000_0_0_0.png,.png,36.0E,(10) 36.0E KU-band Eutelsat 36D & Express AMU1,Found
В гостях у сказки,1_0_1_7D2_2_FD_1680000_0_0_0.png,.png,36.0E,(10) 36.0E KU-band Eutelsat 36D & Express AMU1,Found
Дорама,1_0_1_7D8_2_FD_1680000_0_0_0.png,.png,36.0E,(10) 36.0E KU-band Eutelsat 36D & Express AMU1,Found
Жизнь в деревне,1_0_1_7E4_2_FD_1680000_0_0_0.png,.png,36.0E,(10) 36.0E KU-band Eutelsat 36D & Express AMU1,Found
Зал суда,1_0_1_7DB_2_FD_1680000_0_0_0.png,.png,36.0E,(10) 36.0E KU-band Eutelsat 36D & Express AMU1,Found
Инфоканал,1_0_1_6978_1B_FD_1680000_0_0_0.png,.png,36.0E,(10) 36.0E KU-band Eutelsat 36D & Express AMU1,Found
Инфоканал HD,1_0_1_697B_1B_FD_1680000_0_0_0.png,hd.png,36.0E,(10) 36.0E KU-band Eutelsat 36D & Express AMU1,Found
Комедийное,1_0_1_697E_1B_FD_1680000_0_0_0.png,.png,36.0E,(10) 36.0E KU-band Eutelsat 36D & Express AMU1,Found
Криминальное HD,1_0_1_7E3_2_FD_1680000_0_0_0.png,hd.png,36.0E,(10) 36.0E KU-band Eutelsat 36D & Express AMU1,Found
Лавстори HD,1_0_1_7DC_2_FD_1680000_0_0_0.png,hd.png,36.0E,(10) 36.0E KU-band Eutelsat 36D & Express AMU1,Found
Мяч HD,1_0_1_7DF_2_FD_1680000_0_0_0.png,hd.png,36.0E,(10) 36.0E KU-band Eutelsat 36D & Express AMU1,Found
ПосмотритеИнструкцию,1_0_1_C350_1B_FD_1680000_0_0_0.png,.png,36.0E,(10) 36.0E KU-band Eutelsat 36D & Express AMU1,Found
Промо ТВ,1_0_1_69E1_1B_FD_1680000_0_0_0.png,.png,36.0E,(10) 36.0E KU-band Eutelsat 36D & Express AMU1,Found
СохранитеДанныйКанал,1_0_1_C351_1B_FD_1680000_0_0_0.png,.png,36.0E,(10) 36.0E KU-band Eutelsat 36D & Express AMU1,Found
Суббота!,1_0_1_7D6_2_FD_1680000_0_0_0.png,.png,36.0E,(10) 36.0E KU-band Eutelsat 36D & Express AMU1,Found
ТВ Спорт HD,1_0_1_7DE_2_FD_1680000_0_0_0.png,hd.png,36.0E,(10) 36.0E KU-band Eutelsat 36D & Express AMU1,Found
Телемастер,1_0_1_697A_1B_FD_1680000_0_0_0.png,.png,36.0E,(10) 36.0E KU-band Eutelsat 36D & Express AMU1,Found
Хоккей ТВ HD,1_0_1_7DD_2_FD_1680000_0_0_0.png,hd.png,36.0E,(10) 36.0E KU-band Eutelsat 36D & Express AMU1,Found
Al Zahra,1_0_16_8_1_FFFF_17E8F06_0_0_0.png,alzahra.png,38.2E,(102) 38.1E C-band Paksat 1R/MM1,Found
BS TV,1_0_16_15_1_FFFF_17E8F06_0_0_0.png,bstv.png,38.2E,(102) 38.1E C-band Paksat 1R/MM1,Found
CINE MAX,1_0_16_5_0_FFFF_17E8FC5_0_0_0.png,cinemax.png,38.2E,(102) 38.1E C-band Paksat 1R/MM1,Found
DM News English,1_0_16_16_1_FFFF_17E8F06_0_0_0.png,dmnewsenglish.png,38.2E,(102) 38.1E C-band Paksat 1R/MM1,Found
DTV1,1_0_2_101_0_0_17E0E7B_0_0_0.png,dtv1.png,38.2E,(102) 38.1E C-band Paksat 1R/MM1,Found
DTV2,1_0_2_201_0_0_17E0E7B_0_0_0.png,dtv2.png,38.2E,(102) 38.1E C-band Paksat 1R/MM1,Found
DTV3,1_0_2_301_0_0_17E0E7B_0_0_0.png,dtv3.png,38.2E,(102) 38.1E C-band Paksat 1R/MM1,Found
DTV4,1_0_2_401_0_0_17E0E7B_0_0_0.png,dtv4.png,38.2E,(102) 38.1E C-band Paksat 1R/MM1,Found
DTV5,1_0_2_501_0_0_17E0E7B_0_0_0.png,dtv5.png,38.2E,(102) 38.1E C-band Paksat 1R/MM1,Found
DTV6,1_0_2_601_0_0_17E0E7B_0_0_0.png,dtv6.png,38.2E,(102) 38.1E C-band Paksat 1R/MM1,Found
Digital 1,1_0_1_1_0_0_17E0FAC_0_0_0.png,digital1.png,38.2E,(102) 38.1E C-band Paksat 1R/MM1,Found
Digital 1,1_0_1_101_0_0_17E0FAC_0_0_0.png,digital1.png,38.2E,(102) 38.1E C-band Paksat 1R/MM1,Found
GEM TV,1_0_16_9_0_FFFF_17E8FC5_0_0_0.png,gemtv.png,38.2E,(102) 38.1E C-band Paksat 1R/MM1,Found
Geo Kahani,1_0_1_42E_2_1_17E0000_0_0_0.png,geokahani.png,38.2E,(102) 38.1E C-band Paksat 1R/MM1,Found
Geo News,1_0_1_41A_2_1_17E0000_0_0_0.png,geonews.png,38.2E,(102) 38.1E C-band Paksat 1R/MM1,Found
Hidayat TV,1_0_16_13_1_FFFF_17E8F06_0_0_0.png,hidayattv.png,38.2E,(102) 38.1E C-band Paksat 1R/MM1,Found
NOOR TV,1_0_16_1_0_FFFF_17E8FC5_0_0_0.png,noortv.png,38.2E,(102) 38.1E C-band Paksat 1R/MM1,Found
PRESS TV,1_0_1_83_6E_E26_17E0000_0_0_0.png,presstv.png,38.2E,(102) 38.1E C-band Paksat 1R/MM1,Found
PTV-Global,1_0_19_3_1_1_17E0F1E_0_0_0.png,ptvglobal.png,38.2E,(102) 38.1E C-band Paksat 1R/MM1,Found
QURAN TV,1_0_16_3_1_FFFF_17E8F06_0_0_0.png,qurantv.png,38.2E,(102) 38.1E C-band Paksat 1R/MM1,Found
SAHAR URDU,1_0_1_80_6E_E26_17E0000_0_0_0.png,saharurdu.png,38.2E,(102) 38.1E C-band Paksat 1R/MM1,Found
SAMAA,1_0_1_1_1_1_17E0FBD_0_0_0.png,samaa.png,38.2E,(102) 38.1E C-band Paksat 1R/MM1,Found
Sky Cinema,1_0_16_C_0_FFFF_17E8FC5_0_0_0.png,skycinema.png,38.2E,(102) 38.1E C-band Paksat 1R/MM1,Found
Star tv,1_0_16_15_0_FFFF_17E8FC5_0_0_0.png,startv.png,38.2E,(102) 38.1E C-band Paksat 1R/MM1,Found
TANDBERG,1_0_1_1_1_FFFF_17E0ED7_0_0_0.png,tandberg.png,38.2E,(102) 38.1E C-band Paksat 1R/MM1,Found
Watan Radio,1_0_1_7024_381_381_17E0000_0_0_0.png,watanradio.png,38.2E,(102) 38.1E C-band Paksat 1R/MM1,Found
iFilm English,1_0_16_1B_1_FFFF_17E8F06_0_0_0.png,ifilmenglish.png,38.2E,(102) 38.1E C-band Paksat 1R/MM1,Found
11516H SID 0x01,1_0_1_1_0_0_1862CFC_0_0_0.png,11516hsid0x01.png,39.0E,(12) 39.0E KU-band Hellas Sat 3/4,Found
24 Kitchen,1_0_16_24_2_1_1860000_0_0_0.png,24kitchen.png,39.0E,(12) 39.0E KU-band Hellas Sat 3/4,Found
24 Kitchen,1_0_1F_45D_B11_39E_1860000_0_0_0.png,24kitchen.png,39.0E,(12) 39.0E KU-band Hellas Sat 3/4,Found
3 Plus,1_0_1_80C_3F2_39E_1860000_0_0_0.png,3plus.png,39.0E,(12) 39.0E KU-band Hellas Sat 3/4,Found
4E,1_0_1_3F4_A_A_1860000_0_0_0.png,4e.png,39.0E,(12) 39.0E KU-band Hellas Sat 3/4,Found
7/8 TV,1_0_16_20_2_1_1860000_0_0_0.png,78tv.png,39.0E,(12) 39.0E KU-band Hellas Sat 3/4,Found
7/8 TV HD,1_0_1F_D0_B2_39E_1860000_0_0_0.png,78tvhd.png,39.0E,(12) 39.0E KU-band Hellas Sat 3/4,Found
A7 TV,1_0_1_8A_12_1C_1860000_0_0_0.png,a7tv.png,39.0E,(12) 39.0E KU-band Hellas Sat 3/4,Found
ABC,1_0_1_5B4_3F2_39E_1860000_0_0_0.png,abc.png,39.0E,(12) 39.0E KU-band Hellas Sat 3/4,Found
ACASA,1_0_1_167_E_1C_1860000_0_0_0.png,acasa.png,39.0E,(12) 39.0E KU-band Hellas Sat 3/4,Found
ACASA,1_0_1_1DB2_145C_5_1860000_0_0_0.png,acasa.png,39.0E,(12) 39.0E KU-band Hellas Sat 3/4,Found
ACASA GOLD,1_0_1_146_11_1C_1860000_0_0_0.png,acasagold.png,39.0E,(12) 39.0E KU-band Hellas Sat 3/4,Found
ACASA GOLD,1_0_1_1DB7_145C_5_1860000_0_0_0.png,acasagold.png,39.0E,(12) 39.0E KU-band Hellas Sat 3/4,Found
ACASA HD,1_0_19_209_1_1C_1860000_0_0_0.png,acasahd.png,39.0E,(12) 39.0E KU-band Hellas Sat 3/4,Found
ALPHA,1_0_1_C1C_69_212C_1860000_0_0_0.png,alpha.png,39.0E,(12) 39.0E KU-band Hellas Sat 3/4,Found
ALPHA HD,1_0_1_44C_65_212C_1860000_0_0_0.png,alphahd.png,39.0E,(12) 39.0E KU-band Hellas Sat 3/4,Found
AMC,1_0_1_201_10_1C_1860000_0_0_0.png,amc.png,39.0E,(12) 39.0E KU-band Hellas Sat 3/4,Found
AMC,1_0_16_1A0_5_1_1860000_0_0_0.png,amc.png,39.0E,(12) 39.0E KU-band Hellas Sat 3/4,Found
AMC,1_0_1F_45E_B11_39E_1860000_0_0_0.png,amc.png,39.0E,(12) 39.0E KU-band Hellas Sat 3/4,Found
ANT1,1_0_1_CE4_69_212C_1860000_0_0_0.png,ant1.png,39.0E,(12) 39.0E KU-band Hellas Sat 3/4,Found
ANT1 HD,1_0_1_514_65_212C_1860000_0_0_0.png,ant1hd.png,39.0E,(12) 39.0E KU-band Hellas Sat 3/4,Found
AXN,1_0_1_69_E_1C_1860000_0_0_0.png,axn.png,39.0E,(12) 39.0E KU-band Hellas Sat 3/4,Found
AXN,1_0_1F_DB_B2_39E_1860000_0_0_0.png,axn.png,39.0E,(12) 39.0E KU-band Hellas Sat 3/4,Found
AXN Black,1_0_1_A2_10_1C_1860000_0_0_0.png,axnblack.png,39.0E,(12) 39.0E KU-band Hellas Sat 3/4,Found
AXN Black,1_0_1F_DC_B2_39E_1860000_0_0_0.png,axnblack.png,39.0E,(12) 39.0E KU-band Hellas Sat 3/4,Found
AXN Spin,1_0_1_123_12_1C_1860000_0_0_0.png,axnspin.png,39.0E,(12) 39.0E KU-band Hellas Sat 3/4,Found
AXN White,1_0_1_A1_10_1C_1860000_0_0_0.png,axnwhite.png,39.0E,(12) 39.0E KU-band Hellas Sat 3/4,Found
AXN White,1_0_1F_DD_B2_39E_1860000_0_0_0.png,axnwhite.png,39.0E,(12) 39.0E KU-band Hellas Sat 3/4,Found
Agro TV,1_0_1_BA_12_1C_1860000_0_0_0.png,agrotv.png,39.0E,(12) 39.0E KU-band Hellas Sat 3/4,Found
Agro TV,1_0_1F_44D_B11_39E_1860000_0_0_0.png,agrotv.png,39.0E,(12) 39.0E KU-band Hellas Sat 3/4,Found
Al Jazeera,1_0_1F_87_B1_39E_1860000_0_0_0.png,aljazeera.png,39.0E,(12) 39.0E KU-band Hellas Sat 3/4,Found
Alfa Omega TV,1_0_1_14D_2_1C_1860000_0_0_0.png,alfaomegatv.png,39.0E,(12) 39.0E KU-band Hellas Sat 3/4,Found
Animal Planet,1_0_16_22_2_1_1860000_0_0_0.png,animalplanet.png,39.0E,(12) 39.0E KU-band Hellas Sat 3/4,Found
Animal Planet,1_0_1F_DA_B2_39E_1860000_0_0_0.png,animalplanet.png,39.0E,(12) 39.0E KU-band Hellas Sat 3/4,Found
Antena 1,1_0_1_65_E_1C_1860000_0_0_0.png,antena1.png,39.0E,(12) 39.0E KU-band Hellas Sat 3/4,Found
Antena 1 HD,1_0_19_116_2_1C_1860000_0_0_0.png,antena1hd.png,39.0E,(12) 39.0E KU-band Hellas Sat 3/4,Found
Antena 3,1_0_1_67_E_1C_1860000_0_0_0.png,antena3.png,39.0E,(12) 39.0E KU-band Hellas Sat 3/4,Found
Antena 3 HD,1_0_19_2BD_146C_A7_1860000_0_0_0.png,antena3hd.png,39.0E,(12) 39.0E KU-band Hellas Sat 3/4,Found
Antena HD,1_0_1_7_0_16E_1860000_0_0_0.png,antenahd.png,39.0E,(12) 39.0E KU-band Hellas Sat 3/4,Found
Antena International,1_0_1_6_0_16E_1860000_0_0_0.png,antenainternational.png,39.0E,(12) 39.0E KU-band Hellas Sat 3/4,Found
Antena Stars,1_0_1_2_0_16E_1860000_0_0_0.png,antenastars.png,39.0E,(12) 39.0E KU-band Hellas Sat 3/4,Found
Antena Stars,1_0_1_66_E_1C_1860000_0_0_0.png,antenastars.png,39.0E,(12) 39.0E KU-band Hellas Sat 3/4,Found
Antena1,1_0_1_1_0_16E_1860000_0_0_0.png,antena1.png,39.0E,(12) 39.0E KU-band Hellas Sat 3/4,Found
Antena3,1_0_1_3_0_16E_1860000_0_0_0.png,antena3.png,39.0E,(12) 39.0E KU-band Hellas Sat 3/4,Found
Arena Action,1_0_16_28_2_1_1860000_0_0_0.png,arenaaction.png,39.0E,(12) 39.0E KU-band Hellas Sat 3/4,Found
Arena Comedy,1_0_16_E0_2_1_1860000_0_0_0.png,arenacomedy.png,39.0E,(12) 39.0E KU-band Hellas Sat 3/4,Found
Arena Life,1_0_16_E1_2_1_1860000_0_0_0.png,arenalife.png,39.0E,(12) 39.0E KU-band Hellas Sat 3/4,Found
Auto Motor Sport HD,1_0_1F_453_B11_39E_1860000_0_0_0.png,automotorsporthd.png,39.0E,(12) 39.0E KU-band Hellas Sat 3/4,Found
Auto Motor and Sport,1_0_19_2EF_7_1_1860000_0_0_0.png,automotorandsport.png,39.0E,(12) 39.0E KU-band Hellas Sat 3/4,Found
B1 TV,1_0_1_6A_E_1C_1860000_0_0_0.png,b1tv.png,39.0E,(12) 39.0E KU-band Hellas Sat 3/4,Found
B1 TV HD,1_0_19_2BF_146C_A7_1860000_0_0_0.png,b1tvhd.png,39.0E,(12) 39.0E KU-band Hellas Sat 3/4,Found
BB VIP ALBANIA 1,1_0_1_136A_3FC_39E_1860000_0_0_0.png,bbvipalbania1.png,39.0E,(12) 39.0E KU-band Hellas Sat 3/4,Found
BB VIP ALBANIA 2,1_0_1_1374_3FC_39E_1860000_0_0_0.png,bbvipalbania2.png,39.0E,(12) 39.0E KU-band Hellas Sat 3/4,Found
BBC Earth,1_0_16_26_2_1_1860000_0_0_0.png,bbcearth.png,39.0E,(12) 39.0E KU-band Hellas Sat 3/4,Found
BBC News,1_0_1F_472_B11_39E_1860000_0_0_0.png,bbcnews.png,39.0E,(12) 39.0E KU-band Hellas Sat 3/4,Found
BBC World,1_0_1_6_1_212C_1860000_0_0_0.png,bbcworld.png,39.0E,(12) 39.0E KU-band Hellas Sat 3/4,Found
BBF,1_0_1_CBC_3FC_39E_1860000_0_0_0.png,bbf.png,39.0E,(12) 39.0E KU-band Hellas Sat 3/4,Found
BG Radio,1_0_2_34_2_1_1860000_0_0_0.png,bgradio.png,39.0E,(12) 39.0E KU-band Hellas Sat 3/4,Found
BHTV,1_0_16_145_2_1_1860000_0_0_0.png,bhtv.png,39.0E,(12) 39.0E KU-band Hellas Sat 3/4,Found
BHTV,1_0_1F_FA_B2_39E_1860000_0_0_0.png,bhtv.png,39.0E,(12) 39.0E KU-band Hellas Sat 3/4,Found
BNT 1 HD,1_0_1F_6E_B1_39E_1860000_0_0_0.png,bnt1hd.png,39.0E,(12) 39.0E KU-band Hellas Sat 3/4,Found
BNT 2,1_0_16_209_1_1_1862FEF_0_0_0.png,bnt2.png,39.0E,(12) 39.0E KU-band Hellas Sat 3/4,Found
BNT 2,1_0_1F_84_B1_39E_1860000_0_0_0.png,bnt2.png,39.0E,(12) 39.0E KU-band Hellas Sat 3/4,Found
BNT 3 HD,1_0_19_2C2_7_1_1860000_0_0_0.png,bnt3hd.png,39.0E,(12) 39.0E KU-band Hellas Sat 3/4,Found
BNT 3 HD,1_0_1F_69_B1_39E_1860000_0_0_0.png,bnt3hd.png,39.0E,(12) 39.0E KU-band Hellas Sat 3/4,Found
BNT 4,1_0_16_2D9_7_1_1860000_0_0_0.png,bnt4.png,39.0E,(12) 39.0E KU-band Hellas Sat 3/4,Found
BNT 4,1_0_1F_76_B1_39E_1860000_0_0_0.png,bnt4.png,39.0E,(12) 39.0E KU-band Hellas Sat 3/4,Found
BNT1 HD,1_0_19_65_5_1_1860000_0_0_0.png,bnt1hd.png,39.0E,(12) 39.0E KU-band Hellas Sat 3/4,Found
Baby TV,1_0_16_205_1_1_1862FEF_0_0_0.png,babytv.png,39.0E,(12) 39.0E KU-band Hellas Sat 3/4,Found
Baby TV,1_0_1F_471_B11_39E_1860000_0_0_0.png,babytv.png,39.0E,(12) 39.0E KU-band Hellas Sat 3/4,Found
Balkanika,1_0_16_E4_2_1_1860000_0_0_0.png,balkanika.png,39.0E,(12) 39.0E KU-band Hellas Sat 3/4,Found
Bez Bagaj,1_0_1F_6D_B1_39E_1860000_0_0_0.png,bezbagaj.png,39.0E,(12) 39.0E KU-band Hellas Sat 3/4,Found
Bloomberg,1_0_1F_461_B11_39E_1860000_0_0_0.png,bloomberg.png,39.0E,(12) 39.0E KU-band Hellas Sat 3/4,Found
Bloomberg BG,1_0_16_AB_2_1_1860000_0_0_0.png,bloombergbg.png,39.0E,(12) 39.0E KU-band Hellas Sat 3/4,Found
Bloomberg TV Bulgaria,1_0_1F_75_B1_39E_1860000_0_0_0.png,bloombergtvbulgaria.png,39.0E,(12) 39.0E KU-band Hellas Sat 3/4,Found
Bollywood Clasic,1_0_1_14B_11_1C_1860000_0_0_0.png,bollywoodclasic.png,39.0E,(12) 39.0E KU-band Hellas Sat 3/4,Found
Box TV,1_0_1F_77_B1_39E_1860000_0_0_0.png,boxtv.png,39.0E,(12) 39.0E KU-band Hellas Sat 3/4,Found
Brazzers,1_0_1F_466_B11_39E_1860000_0_0_0.png,brazzers.png,39.0E,(12) 39.0E KU-band Hellas Sat 3/4,Found
Brazzers TV,1_0_1_8F_F_1C_1860000_0_0_0.png,brazzerstv.png,39.0E,(12) 39.0E KU-band Hellas Sat 3/4,Found
Bubble,1_0_1_DB6_3FC_39E_1860000_0_0_0.png,bubble.png,39.0E,(12) 39.0E KU-band Hellas Sat 3/4,Found
Bulgaria 24,1_0_16_2D0_7_1_1860000_0_0_0.png,bulgaria24.png,39.0E,(12) 39.0E KU-band Hellas Sat 3/4,Found
Bulgaria 24,1_0_1F_85_B1_39E_1860000_0_0_0.png,bulgaria24.png,39.0E,(12) 39.0E KU-band Hellas Sat 3/4,Found
Bulgaria on Air,1_0_16_29_2_1_1860000_0_0_0.png,bulgariaonair.png,39.0E,(12) 39.0E KU-band Hellas Sat 3/4,Found
Bulgaria on Air HD,1_0_1F_DE_B2_39E_1860000_0_0_0.png,bulgariaonairhd.png,39.0E,(12) 39.0E KU-band Hellas Sat 3/4,Found
C&I Network,1_0_1F_DF_B2_39E_1860000_0_0_0.png,cinetwork.png,39.0E,(12) 39.0E KU-band Hellas Sat 3/4,Found
CARTOONITO,1_0_1F_473_B11_39E_1860000_0_0_0.png,cartoonito.png,39.0E,(12) 39.0E KU-band Hellas Sat 3/4,Found
CNBC,1_0_1F_94_B1_39E_1860000_0_0_0.png,cnbc.png,39.0E,(12) 39.0E KU-band Hellas Sat 3/4,Found
CNN,1_0_16_208_1_1_1862FEF_0_0_0.png,cnn.png,39.0E,(12) 39.0E KU-band Hellas Sat 3/4,Found
CNN,1_0_1F_465_B11_39E_1860000_0_0_0.png,cnn.png,39.0E,(12) 39.0E KU-band Hellas Sat 3/4,Found
CTC,1_0_1F_67_B1_39E_1860000_0_0_0.png,ctc.png,39.0E,(12) 39.0E KU-band Hellas Sat 3/4,Found
Cartoon Network,1_0_1_E0_10_1C_1860000_0_0_0.png,cartoonnetwork.png,39.0E,(12) 39.0E KU-band Hellas Sat 3/4,Found
Cartoon Network,1_0_16_E9_2_1_1860000_0_0_0.png,cartoonnetwork.png,39.0E,(12) 39.0E KU-band Hellas Sat 3/4,Found
Cartoon Network,1_0_1F_EE_B2_39E_1860000_0_0_0.png,cartoonnetwork.png,39.0E,(12) 39.0E KU-band Hellas Sat 3/4,Found
Cartoonito,1_0_1_94_D_1C_1860000_0_0_0.png,cartoonito.png,39.0E,(12) 39.0E KU-band Hellas Sat 3/4,Found
Cartoonito,1_0_16_EA_2_1_1860000_0_0_0.png,cartoonito.png,39.0E,(12) 39.0E KU-band Hellas Sat 3/4,Found
Chasse et Peche SD,1_0_16_2F0_7_1_1860000_0_0_0.png,chasseetpechesd.png,39.0E,(12) 39.0E KU-band Hellas Sat 3/4,Found
CineWow,1_0_1_147_2_1C_1860000_0_0_0.png,cinewow.png,39.0E,(12) 39.0E KU-band Hellas Sat 3/4,Found
Cinemania,1_0_1F_74_B1_39E_1860000_0_0_0.png,cinemania.png,39.0E,(12) 39.0E KU-band Hellas Sat 3/4,Found
Cinemax,1_0_1_1C8_D_1C_1860000_0_0_0.png,cinemax.png,39.0E,(12) 39.0E KU-band Hellas Sat 3/4,Found
Cinemax,1_0_19_117_5_1_1860000_0_0_0.png,cinemax.png,39.0E,(12) 39.0E KU-band Hellas Sat 3/4,Found
Cinemax 2,1_0_1_9D_10_1C_1860000_0_0_0.png,cinemax2.png,39.0E,(12) 39.0E KU-band Hellas Sat 3/4,Found
Cinemax 2,1_0_19_118_5_1_1860000_0_0_0.png,cinemax2.png,39.0E,(12) 39.0E KU-band Hellas Sat 3/4,Found
Cinemax 2 HD,1_0_19_202_1_1C_1860000_0_0_0.png,cinemax2hd.png,39.0E,(12) 39.0E KU-band Hellas Sat 3/4,Found
Cinemax 2 HD,1_0_1F_CC_B2_39E_1860000_0_0_0.png,cinemax2hd.png,39.0E,(12) 39.0E KU-band Hellas Sat 3/4,Found
Cinemax HD,1_0_19_203_1_1C_1860000_0_0_0.png,cinemaxhd.png,39.0E,(12) 39.0E KU-band Hellas Sat 3/4,Found
Cinemax HD,1_0_1F_CB_B2_39E_1860000_0_0_0.png,cinemaxhd.png,39.0E,(12) 39.0E KU-band Hellas Sat 3/4,Found
City TV,1_0_16_202_1_1_1862FEF_0_0_0.png,citytv.png,39.0E,(12) 39.0E KU-band Hellas Sat 3/4,Found
City TV,1_0_1F_463_B11_39E_1860000_0_0_0.png,citytv.png,39.0E,(12) 39.0E KU-band Hellas Sat 3/4,Found
Classica,1_0_1F_D4_B2_39E_1860000_0_0_0.png,classica.png,39.0E,(12) 39.0E KU-band Hellas Sat 3/4,Found
Code Fashion,1_0_1F_6B_B1_39E_1860000_0_0_0.png,codefashion.png,39.0E,(12) 39.0E KU-band Hellas Sat 3/4,Found
Code Health,1_0_16_D9_7_1_1860000_0_0_0.png,codehealth.png,39.0E,(12) 39.0E KU-band Hellas Sat 3/4,Found
Code Health,1_0_1F_E2_B2_39E_1860000_0_0_0.png,codehealth.png,39.0E,(12) 39.0E KU-band Hellas Sat 3/4,Found
Comedy Central,1_0_1_143_12_1C_1860000_0_0_0.png,comedycentral.png,39.0E,(12) 39.0E KU-band Hellas Sat 3/4,Found
Cool TV,1_0_1_12E_D_1C_1860000_0_0_0.png,cooltv.png,39.0E,(12) 39.0E KU-band Hellas Sat 3/4,Found
Crime & Investigation,1_0_1_10B_F_1C_1860000_0_0_0.png,crimeinvestigation.png,39.0E,(12) 39.0E KU-band Hellas Sat 3/4,Found
DM Sat,1_0_16_23E_1_1_1862FEF_0_0_0.png,dmsat.png,39.0E,(12) 39.0E KU-band Hellas Sat 3/4,Found
DM Sat,1_0_1F_F0_B2_39E_1860000_0_0_0.png,dmsat.png,39.0E,(12) 39.0E KU-band Hellas Sat 3/4,Found
DSTV,1_0_1F_47B_B11_39E_1860000_0_0_0.png,dstv.png,39.0E,(12) 39.0E KU-band Hellas Sat 3/4,Found
DW,1_0_1F_E5_B2_39E_1860000_0_0_0.png,dw.png,39.0E,(12) 39.0E KU-band Hellas Sat 3/4,Found
Da Vinci,1_0_16_120_1_1_1862FEF_0_0_0.png,davinci.png,39.0E,(12) 39.0E KU-band Hellas Sat 3/4,Found
Desire,1_0_1_CEE_3F2_39E_1860000_0_0_0.png,desire.png,39.0E,(12) 39.0E KU-band Hellas Sat 3/4,Found
Detskii Mir/Teleclub,1_0_1F_6A_B1_39E_1860000_0_0_0.png,detskiimirteleclub.png,39.0E,(12) 39.0E KU-band Hellas Sat 3/4,Found
Diema,1_0_16_46A_1_1_1862FEF_0_0_0.png,diema.png,39.0E,(12) 39.0E KU-band Hellas Sat 3/4,Found
Diema Family,1_0_16_1FD_1_1_1862FEF_0_0_0.png,diemafamily.png,39.0E,(12) 39.0E KU-band Hellas Sat 3/4,Found
Diema Sport 2 HD,1_0_19_2BE_7_1_1860000_0_0_0.png,diemasport2hd.png,39.0E,(12) 39.0E KU-band Hellas Sat 3/4,Found
Diema Sport 2 HD,1_0_1F_C9_B2_39E_1860000_0_0_0.png,diemasport2hd.png,39.0E,(12) 39.0E KU-band Hellas Sat 3/4,Found
Diema Sport 3 HD,1_0_19_CD_5_1_1860000_0_0_0.png,diemasport3hd.png,39.0E,(12) 39.0E KU-band Hellas Sat 3/4,Found
Diema Sport 3 HD,1_0_1F_45F_B11_39E_1860000_0_0_0.png,diemasport3hd.png,39.0E,(12) 39.0E KU-band Hellas Sat 3/4,Found
Diema Sport HD,1_0_19_2BD_7_1_1860000_0_0_0.png,diemasporthd.png,39.0E,(12) 39.0E KU-band Hellas Sat 3/4,Found
Diema Sport HD,1_0_1F_CA_B2_39E_1860000_0_0_0.png,diemasporthd.png,39.0E,(12) 39.0E KU-band Hellas Sat 3/4,Found
Digi24,1_0_1_149_12_1C_1860000_0_0_0.png,digi24.png,39.0E,(12) 39.0E KU-band Hellas Sat 3/4,Found
Discovery Channel,1_0_1_8B_11_1C_1860000_0_0_0.png,discoverychannel.png,39.0E,(12) 39.0E KU-band Hellas Sat 3/4,Found
Discovery Channel,1_0_16_3F8_1_1_1862FEF_0_0_0.png,discoverychannel.png,39.0E,(12) 39.0E KU-band Hellas Sat 3/4,Found
Discovery Channel,1_0_1F_7B_B1_39E_1860000_0_0_0.png,discoverychannel.png,39.0E,(12) 39.0E KU-band Hellas Sat 3/4,Found
Discovery Channel HD,1_0_19_259_146C_A7_1860000_0_0_0.png,discoverychannelhd.png,39.0E,(12) 39.0E KU-band Hellas Sat 3/4,Found
Disney Channel,1_0_1_DA_E_1C_1860000_0_0_0.png,disneychannel.png,39.0E,(12) 39.0E KU-band Hellas Sat 3/4,Found
Disney Channel,1_0_16_203_1_1_1862FEF_0_0_0.png,disneychannel.png,39.0E,(12) 39.0E KU-band Hellas Sat 3/4,Found
Disney Channel,1_0_1F_89_B1_39E_1860000_0_0_0.png,disneychannel.png,39.0E,(12) 39.0E KU-band Hellas Sat 3/4,Found
Disney Jr.,1_0_1F_44E_B11_39E_1860000_0_0_0.png,disneyjr.png,39.0E,(12) 39.0E KU-band Hellas Sat 3/4,Found
Disney Junior,1_0_1_6D_E_1C_1860000_0_0_0.png,disneyjunior.png,39.0E,(12) 39.0E KU-band Hellas Sat 3/4,Found
Disney Junior,1_0_16_207_1_1_1862FEF_0_0_0.png,disneyjunior.png,39.0E,(12) 39.0E KU-band Hellas Sat 3/4,Found
Diva,1_0_1_8D_D_1C_1860000_0_0_0.png,diva.png,39.0E,(12) 39.0E KU-band Hellas Sat 3/4,Found
Dizi,1_0_16_1BC_7_1_1860000_0_0_0.png,dizi.png,39.0E,(12) 39.0E KU-band Hellas Sat 3/4,Found
Dizi,1_0_1F_462_B11_39E_1860000_0_0_0.png,dizi.png,39.0E,(12) 39.0E KU-band Hellas Sat 3/4,Found
Docubox,1_0_1_C9_F_1C_1860000_0_0_0.png,docubox.png,39.0E,(12) 39.0E KU-band Hellas Sat 3/4,Found
Domashniy,1_0_1F_88_B1_39E_1860000_0_0_0.png,domashniy.png,39.0E,(12) 39.0E KU-band Hellas Sat 3/4,Found
Dorcel TV,1_0_16_2C_2_1_1860000_0_0_0.png,dorceltv.png,39.0E,(12) 39.0E KU-band Hellas Sat 3/4,Found
Duck TV,1_0_1F_F1_B2_39E_1860000_0_0_0.png,ducktv.png,39.0E,(12) 39.0E KU-band Hellas Sat 3/4,Found
Duna TV,1_0_1_111_E_1C_1860000_0_0_0.png,dunatv.png,39.0E,(12) 39.0E KU-band Hellas Sat 3/4,Found
E! Entertainment,1_0_1_10A_F_1C_1860000_0_0_0.png,eentertainment.png,39.0E,(12) 39.0E KU-band Hellas Sat 3/4,Found
ELLADA FM,1_0_1_7_A_A_1860000_0_0_0.png,elladafm.png,39.0E,(12) 39.0E KU-band Hellas Sat 3/4,Found
EMI TV,1_0_1_2D0_D_1C_1860000_0_0_0.png,emitv.png,39.0E,(12) 39.0E KU-band Hellas Sat 3/4,Found
EQUtv,1_0_1_1C14_A0_0_186AB83_0_0_0.png,equtv.png,39.0E,(12) 39.0E KU-band Hellas Sat 3/4,Found
ERT 1,1_0_1_A_2_212C_1860000_0_0_0.png,ert1.png,39.0E,(12) 39.0E KU-band Hellas Sat 3/4,Found
ERT 1 HD,1_0_1_28_2_212C_1860000_0_0_0.png,ert1hd.png,39.0E,(12) 39.0E KU-band Hellas Sat 3/4,Found
ERT 1.,1_0_1_3_1_212C_1860000_0_0_0.png,ert1.png,39.0E,(12) 39.0E KU-band Hellas Sat 3/4,Found
ERT 3,1_0_1_23_2_212C_1860000_0_0_0.png,ert3.png,39.0E,(12) 39.0E KU-band Hellas Sat 3/4,Found
ERT 3 HD,1_0_1_2_1_212C_1860000_0_0_0.png,ert3hd.png,39.0E,(12) 39.0E KU-band Hellas Sat 3/4,Found
ERT News,1_0_1_7_1_212C_1860000_0_0_0.png,ertnews.png,39.0E,(12) 39.0E KU-band Hellas Sat 3/4,Found
ERT2 SPORT,1_0_1_14_2_212C_1860000_0_0_0.png,ert2sport.png,39.0E,(12) 39.0E KU-band Hellas Sat 3/4,Found
ERT2 SPORT HD,1_0_1_1_1_212C_1860000_0_0_0.png,ert2sporthd.png,39.0E,(12) 39.0E KU-band Hellas Sat 3/4,Found
EUROBET 11,1_0_1_B_A_A_1860000_0_0_0.png,eurobet11.png,39.0E,(12) 39.0E KU-band Hellas Sat 3/4,Found
EUROBET 12,1_0_1_C_A_A_1860000_0_0_0.png,eurobet12.png,39.0E,(12) 39.0E KU-band Hellas Sat 3/4,Found
EUROBET 13,1_0_1_D_A_A_1860000_0_0_0.png,eurobet13.png,39.0E,(12) 39.0E KU-band Hellas Sat 3/4,Found
EUROBET 14,1_0_1_E_A_A_1860000_0_0_0.png,eurobet14.png,39.0E,(12) 39.0E KU-band Hellas Sat 3/4,Found
EUROBET 15,1_0_1_F_A_A_1860000_0_0_0.png,eurobet15.png,39.0E,(12) 39.0E KU-band Hellas Sat 3/4,Found
Ekids,1_0_16_84_5_1_1860000_0_0_0.png,ekids.png,39.0E,(12) 39.0E KU-band Hellas Sat 3/4,Found
Elrodi,1_0_1_D20_3F2_39E_1860000_0_0_0.png,elrodi.png,39.0E,(12) 39.0E KU-band Hellas Sat 3/4,Found
English Club,1_0_1F_E6_B2_39E_1860000_0_0_0.png,englishclub.png,39.0E,(12) 39.0E KU-band Hellas Sat 3/4,Found
Epic Drama,1_0_1_FC_D_1C_1860000_0_0_0.png,epicdrama.png,39.0E,(12) 39.0E KU-band Hellas Sat 3/4,Found
Epic Drama,1_0_16_1B1_7_1_1860000_0_0_0.png,epicdrama.png,39.0E,(12) 39.0E KU-band Hellas Sat 3/4,Found
Epic Drama,1_0_1F_CE_B2_39E_1860000_0_0_0.png,epicdrama.png,39.0E,(12) 39.0E KU-band Hellas Sat 3/4,Found
Erdely TV,1_0_1_D2_F_1C_1860000_0_0_0.png,erdelytv.png,39.0E,(12) 39.0E KU-band Hellas Sat 3/4,Found
EroXXX HD,1_0_1F_451_B11_39E_1860000_0_0_0.png,eroxxxhd.png,39.0E,(12) 39.0E KU-band Hellas Sat 3/4,Found
Erox,1_0_1F_467_B11_39E_1860000_0_0_0.png,erox.png,39.0E,(12) 39.0E KU-band Hellas Sat 3/4,Found
Etno,1_0_1_D3_11_1C_1860000_0_0_0.png,etno.png,39.0E,(12) 39.0E KU-band Hellas Sat 3/4,Found
EuroNews AL,1_0_1_E4C_3FC_39E_1860000_0_0_0.png,euronewsal.png,39.0E,(12) 39.0E KU-band Hellas Sat 3/4,Found
Euronews,1_0_1F_468_B11_39E_1860000_0_0_0.png,euronews.png,39.0E,(12) 39.0E KU-band Hellas Sat 3/4,Found
Euronews Bulgaria,1_0_16_31_2_1_1860000_0_0_0.png,euronewsbulgaria.png,39.0E,(12) 39.0E KU-band Hellas Sat 3/4,Found
Euronews Bulgaria,1_0_1F_8E_B1_39E_1860000_0_0_0.png,euronewsbulgaria.png,39.0E,(12) 39.0E KU-band Hellas Sat 3/4,Found
Euronews Romania,1_0_1_CE_12_1C_1860000_0_0_0.png,euronewsromania.png,39.0E,(12) 39.0E KU-band Hellas Sat 3/4,Found
Eurosport,1_0_1_12A_12_1C_1860000_0_0_0.png,eurosport.png,39.0E,(12) 39.0E KU-band Hellas Sat 3/4,Found
Eurosport 1,1_0_1F_73_B1_39E_1860000_0_0_0.png,eurosport1.png,39.0E,(12) 39.0E KU-band Hellas Sat 3/4,Found
Eurosport 1 HD,1_0_19_25C_146C_A7_1860000_0_0_0.png,eurosport1hd.png,39.0E,(12) 39.0E KU-band Hellas Sat 3/4,Found
Eurosport 2,1_0_1_D1_D_1C_1860000_0_0_0.png,eurosport2.png,39.0E,(12) 39.0E KU-band Hellas Sat 3/4,Found
Eurosport 2,1_0_19_1F6_1_1_1862FEF_0_0_0.png,eurosport2.png,39.0E,(12) 39.0E KU-band Hellas Sat 3/4,Found
Eurosport 2,1_0_1F_91_B1_39E_1860000_0_0_0.png,eurosport2.png,39.0E,(12) 39.0E KU-band Hellas Sat 3/4,Found
Eurosport 2 HD,1_0_19_2BC_146C_A7_1860000_0_0_0.png,eurosport2hd.png,39.0E,(12) 39.0E KU-band Hellas Sat 3/4,Found
Eurosport HD,1_0_19_16_5_1_1860000_0_0_0.png,eurosporthd.png,39.0E,(12) 39.0E KU-band Hellas Sat 3/4,Found
Evrokom,1_0_16_EB_2_1_1860000_0_0_0.png,evrokom.png,39.0E,(12) 39.0E KU-band Hellas Sat 3/4,Found
Evrokom,1_0_1F_F7_B2_39E_1860000_0_0_0.png,evrokom.png,39.0E,(12) 39.0E KU-band Hellas Sat 3/4,Found
FAX NEWS,1_0_1_582_3F2_39E_1860000_0_0_0.png,faxnews.png,39.0E,(12) 39.0E KU-band Hellas Sat 3/4,Found
FEN TV,1_0_16_E3_2_1_1860000_0_0_0.png,fentv.png,39.0E,(12) 39.0E KU-band Hellas Sat 3/4,Found
FREEDOM,1_0_1F_93_B1_39E_1860000_0_0_0.png,freedom.png,39.0E,(12) 39.0E KU-band Hellas Sat 3/4,Found
Favorit TV,1_0_1_6C_E_1C_1860000_0_0_0.png,favorittv.png,39.0E,(12) 39.0E KU-band Hellas Sat 3/4,Found
Fen Folk TV,1_0_16_E7_2_1_1860000_0_0_0.png,fenfolktv.png,39.0E,(12) 39.0E KU-band Hellas Sat 3/4,Found
FightBox,1_0_1F_8D_B1_39E_1860000_0_0_0.png,fightbox.png,39.0E,(12) 39.0E KU-band Hellas Sat 3/4,Found
Film Cafe,1_0_1_200_10_1C_1860000_0_0_0.png,filmcafe.png,39.0E,(12) 39.0E KU-band Hellas Sat 3/4,Found
Film Mania,1_0_1_89_F_1C_1860000_0_0_0.png,filmmania.png,39.0E,(12) 39.0E KU-band Hellas Sat 3/4,Found
FilmBox Arthouse,1_0_1F_7E_B1_39E_1860000_0_0_0.png,filmboxarthouse.png,39.0E,(12) 39.0E KU-band Hellas Sat 3/4,Found
FilmBox Extra,1_0_19_8A_5_1_1860000_0_0_0.png,filmboxextra.png,39.0E,(12) 39.0E KU-band Hellas Sat 3/4,Found
FilmBox Extra,1_0_1F_D3_B2_39E_1860000_0_0_0.png,filmboxextra.png,39.0E,(12) 39.0E KU-band Hellas Sat 3/4,Found
FilmBox Premium,1_0_1_D6_10_1C_1860000_0_0_0.png,filmboxpremium.png,39.0E,(12) 39.0E KU-band Hellas Sat 3/4,Found
FilmBox Stars,1_0_16_1A5_5_1_1860000_0_0_0.png,filmboxstars.png,39.0E,(12) 39.0E KU-band Hellas Sat 3/4,Found
FilmBox Stars,1_0_1F_7F_B1_39E_1860000_0_0_0.png,filmboxstars.png,39.0E,(12) 39.0E KU-band Hellas Sat 3/4,Found
Filmbox,1_0_1_D7_12_1C_1860000_0_0_0.png,filmbox.png,39.0E,(12) 39.0E KU-band Hellas Sat 3/4,Found
Filmbox,1_0_16_141_2_1_1860000_0_0_0.png,filmbox.png,39.0E,(12) 39.0E KU-band Hellas Sat 3/4,Found
Filmbox Extra,1_0_1_82_12_1C_1860000_0_0_0.png,filmboxextra.png,39.0E,(12) 39.0E KU-band Hellas Sat 3/4,Found
Folk Plus,1_0_1_C58_3F2_39E_1860000_0_0_0.png,folkplus.png,39.0E,(12) 39.0E KU-band Hellas Sat 3/4,Found
Folklor TV,1_0_16_E6_2_1_1860000_0_0_0.png,folklortv.png,39.0E,(12) 39.0E KU-band Hellas Sat 3/4,Found
Folklor TV,1_0_1F_47C_B11_39E_1860000_0_0_0.png,folklortv.png,39.0E,(12) 39.0E KU-band Hellas Sat 3/4,Found
Food Network,1_0_16_2C8_7_1_1860000_0_0_0.png,foodnetwork.png,39.0E,(12) 39.0E KU-band Hellas Sat 3/4,Found
France 24,1_0_16_23_2_1_1860000_0_0_0.png,france24.png,39.0E,(12) 39.0E KU-band Hellas Sat 3/4,Found
France 24,1_0_1F_F3_B2_39E_1860000_0_0_0.png,france24.png,39.0E,(12) 39.0E KU-band Hellas Sat 3/4,Found
H2,1_0_16_2D1_7_1_1860000_0_0_0.png,h2.png,39.0E,(12) 39.0E KU-band Hellas Sat 3/4,Found
HBO,1_0_1_1C7_11_1C_1860000_0_0_0.png,hbo.png,39.0E,(12) 39.0E KU-band Hellas Sat 3/4,Found
HBO,1_0_19_2D2_7_1_1860000_0_0_0.png,hbo.png,39.0E,(12) 39.0E KU-band Hellas Sat 3/4,Found
HBO 2,1_0_1_C2_10_1C_1860000_0_0_0.png,hbo2.png,39.0E,(12) 39.0E KU-band Hellas Sat 3/4,Found
HBO 2,1_0_19_2D3_7_1_1860000_0_0_0.png,hbo2.png,39.0E,(12) 39.0E KU-band Hellas Sat 3/4,Found
HBO 2 HD,1_0_19_205_1_1C_1860000_0_0_0.png,hbo2hd.png,39.0E,(12) 39.0E KU-band Hellas Sat 3/4,Found
HBO 2 HD,1_0_1F_44F_B11_39E_1860000_0_0_0.png,hbo2hd.png,39.0E,(12) 39.0E KU-band Hellas Sat 3/4,Found
HBO 3,1_0_1_19F_11_1C_1860000_0_0_0.png,hbo3.png,39.0E,(12) 39.0E KU-band Hellas Sat 3/4,Found
HBO 3,1_0_19_2D4_7_1_1860000_0_0_0.png,hbo3.png,39.0E,(12) 39.0E KU-band Hellas Sat 3/4,Found
HBO 3 HD,1_0_19_206_1_1C_1860000_0_0_0.png,hbo3hd.png,39.0E,(12) 39.0E KU-band Hellas Sat 3/4,Found
HBO 3 HD,1_0_1F_47A_B11_39E_1860000_0_0_0.png,hbo3hd.png,39.0E,(12) 39.0E KU-band Hellas Sat 3/4,Found
HBO HD,1_0_19_118_2_1C_1860000_0_0_0.png,hbohd.png,39.0E,(12) 39.0E KU-band Hellas Sat 3/4,Found
HBO HD,1_0_1F_478_B11_39E_1860000_0_0_0.png,hbohd.png,39.0E,(12) 39.0E KU-band Hellas Sat 3/4,Found
HGTV,1_0_1_A4_F_1C_1860000_0_0_0.png,hgtv.png,39.0E,(12) 39.0E KU-band Hellas Sat 3/4,Found
HGTV,1_0_16_140_1_1_1862FEF_0_0_0.png,hgtv.png,39.0E,(12) 39.0E KU-band Hellas Sat 3/4,Found
HGTV HD,1_0_1F_458_B11_39E_1860000_0_0_0.png,hgtvhd.png,39.0E,(12) 39.0E KU-band Hellas Sat 3/4,Found
HISTORY Bulgaria,1_0_1F_E8_B2_39E_1860000_0_0_0.png,historybulgaria.png,39.0E,(12) 39.0E KU-band Hellas Sat 3/4,Found
Happy Channel,1_0_1_4_0_16E_1860000_0_0_0.png,happychannel.png,39.0E,(12) 39.0E KU-band Hellas Sat 3/4,Found
Happy Channel,1_0_1_68_D_1C_1860000_0_0_0.png,happychannel.png,39.0E,(12) 39.0E KU-band Hellas Sat 3/4,Found
History,1_0_1_126_12_1C_1860000_0_0_0.png,history.png,39.0E,(12) 39.0E KU-band Hellas Sat 3/4,Found
History Channel,1_0_16_25_2_1_1860000_0_0_0.png,historychannel.png,39.0E,(12) 39.0E KU-band Hellas Sat 3/4,Found
Hit Mix,1_0_1F_ED_B2_39E_1860000_0_0_0.png,hitmix.png,39.0E,(12) 39.0E KU-band Hellas Sat 3/4,Found
Hustler TV,1_0_1_6B_10_1C_1860000_0_0_0.png,hustlertv.png,39.0E,(12) 39.0E KU-band Hellas Sat 3/4,Found
Hustler TV,1_0_16_20A_1_1_1862FEF_0_0_0.png,hustlertv.png,39.0E,(12) 39.0E KU-band Hellas Sat 3/4,Found
ID Xtra,1_0_16_1FC_1_1_1862FEF_0_0_0.png,idxtra.png,39.0E,(12) 39.0E KU-band Hellas Sat 3/4,Found
ID Xtra,1_0_1F_80_B1_39E_1860000_0_0_0.png,idxtra.png,39.0E,(12) 39.0E KU-band Hellas Sat 3/4,Found
Inedit TV,1_0_1_20C_2_1C_1860000_0_0_0.png,inedittv.png,39.0E,(12) 39.0E KU-band Hellas Sat 3/4,Found
Investigation Discovery,1_0_1_14C_12_1C_1860000_0_0_0.png,investigationdiscovery.png,39.0E,(12) 39.0E KU-band Hellas Sat 3/4,Found
Investigation Discovery HD,1_0_19_25D_146C_A7_1860000_0_0_0.png,investigationdiscoveryhd.png,39.0E,(12) 39.0E KU-band Hellas Sat 3/4,Found
Jim Jam,1_0_1F_475_B11_39E_1860000_0_0_0.png,jimjam.png,39.0E,(12) 39.0E KU-band Hellas Sat 3/4,Found
JimJam,1_0_1_CA_F_1C_1860000_0_0_0.png,jimjam.png,39.0E,(12) 39.0E KU-band Hellas Sat 3/4,Found
KANAL D HD,1_0_19_1_6_539_1860000_0_0_0.png,kanaldhd.png,39.0E,(12) 39.0E KU-band Hellas Sat 3/4,Found
Kanal 3,1_0_1F_90_B1_39E_1860000_0_0_0.png,kanal3.png,39.0E,(12) 39.0E KU-band Hellas Sat 3/4,Found
Kanal D,1_0_1_BE_D_1C_1860000_0_0_0.png,kanald.png,39.0E,(12) 39.0E KU-band Hellas Sat 3/4,Found
Kanal D HD,1_0_19_190_1_1C_1860000_0_0_0.png,kanaldhd.png,39.0E,(12) 39.0E KU-band Hellas Sat 3/4,Found
Kanal D2,1_0_1_20F_11_1C_1860000_0_0_0.png,kanald2.png,39.0E,(12) 39.0E KU-band Hellas Sat 3/4,Found
KanalD Drama,1_0_1_83E_3F2_39E_1860000_0_0_0.png,kanalddrama.png,39.0E,(12) 39.0E KU-band Hellas Sat 3/4,Found
Kanali 6,1_0_1_24_A_A_1860000_0_0_0.png,kanali6.png,39.0E,(12) 39.0E KU-band Hellas Sat 3/4,Found
Kanali 7,1_0_1_64A_3F2_39E_1860000_0_0_0.png,kanali7.png,39.0E,(12) 39.0E KU-band Hellas Sat 3/4,Found
Kids,1_0_1_712_3FC_39E_1860000_0_0_0.png,kids.png,39.0E,(12) 39.0E KU-band Hellas Sat 3/4,Found
Kids Stars/Muzika Live,1_0_1F_469_B11_39E_1860000_0_0_0.png,kidsstarsmuzikalive.png,39.0E,(12) 39.0E KU-band Hellas Sat 3/4,Found
KinoNova,1_0_16_3F5_1_1_1862FEF_0_0_0.png,kinonova.png,39.0E,(12) 39.0E KU-band Hellas Sat 3/4,Found
Kiss TV,1_0_1_7C_10_1C_1860000_0_0_0.png,kisstv.png,39.0E,(12) 39.0E KU-band Hellas Sat 3/4,Found
Klan Kosova,1_0_1_13BA_3FC_39E_1860000_0_0_0.png,klankosova.png,39.0E,(12) 39.0E KU-band Hellas Sat 3/4,Found
Klan Music,1_0_1_16A8_3FC_39E_1860000_0_0_0.png,klanmusic.png,39.0E,(12) 39.0E KU-band Hellas Sat 3/4,Found
Klan News,1_0_1_16DA_3FC_39E_1860000_0_0_0.png,klannews.png,39.0E,(12) 39.0E KU-band Hellas Sat 3/4,Found
Klan TV HD,1_0_1_1356_3FC_39E_1860000_0_0_0.png,klantvhd.png,39.0E,(12) 39.0E KU-band Hellas Sat 3/4,Found
Kosmos,1_0_2_C_2_212C_1860000_0_0_0.png,kosmos.png,39.0E,(12) 39.0E KU-band Hellas Sat 3/4,Found
LiveSports Channel,1_0_1_69_A_A_1860000_0_0_0.png,livesportschannel.png,39.0E,(12) 39.0E KU-band Hellas Sat 3/4,Found
Living HD,1_0_1_776_3F2_39E_1860000_0_0_0.png,livinghd.png,39.0E,(12) 39.0E KU-band Hellas Sat 3/4,Found
Love Nature,1_0_1F_EC_B2_39E_1860000_0_0_0.png,lovenature.png,39.0E,(12) 39.0E KU-band Hellas Sat 3/4,Found
Love Nature HD,1_0_19_2C4_7_1_1860000_0_0_0.png,lovenaturehd.png,39.0E,(12) 39.0E KU-band Hellas Sat 3/4,Found
Love Radio,1_0_2_1389_3FC_39E_1860000_0_0_0.png,loveradio.png,39.0E,(12) 39.0E KU-band Hellas Sat 3/4,Found
M1,1_0_1_10F_D_1C_1860000_0_0_0.png,m1.png,39.0E,(12) 39.0E KU-band Hellas Sat 3/4,Found
M2,1_0_1_110_D_1C_1860000_0_0_0.png,m2.png,39.0E,(12) 39.0E KU-band Hellas Sat 3/4,Found
MAK TV,1_0_1_E74_69_212C_1860000_0_0_0.png,maktv.png,39.0E,(12) 39.0E KU-band Hellas Sat 3/4,Found
MAK TV HD,1_0_1_6A4_67_212C_1860000_0_0_0.png,maktvhd.png,39.0E,(12) 39.0E KU-band Hellas Sat 3/4,Found
MAX Movie,1_0_1F_47E_B11_39E_1860000_0_0_0.png,maxmovie.png,39.0E,(12) 39.0E KU-band Hellas Sat 3/4,Found
MAX Sport 1 HD,1_0_19_2BF_7_1_1860000_0_0_0.png,maxsport1hd.png,39.0E,(12) 39.0E KU-band Hellas Sat 3/4,Found
MAX Sport 2 HD,1_0_19_2C0_7_1_1860000_0_0_0.png,maxsport2hd.png,39.0E,(12) 39.0E KU-band Hellas Sat 3/4,Found
MAX Sport 3 HD,1_0_19_2C1_7_1_1860000_0_0_0.png,maxsport3hd.png,39.0E,(12) 39.0E KU-band Hellas Sat 3/4,Found
MAX Sport 4 HD,1_0_19_2C3_7_1_1860000_0_0_0.png,maxsport4hd.png,39.0E,(12) 39.0E KU-band Hellas Sat 3/4,Found
MAX Sport 4 HD,1_0_1F_72_B1_39E_1860000_0_0_0.png,maxsport4hd.png,39.0E,(12) 39.0E KU-band Hellas Sat 3/4,Found
MEGA,1_0_1_E10_69_212C_1860000_0_0_0.png,mega.png,39.0E,(12) 39.0E KU-band Hellas Sat 3/4,Found
MEGA HD,1_0_1_640_67_212C_1860000_0_0_0.png,megahd.png,39.0E,(12) 39.0E KU-band Hellas Sat 3/4,Found
MOLDOVA TV,1_0_1_129_2_1C_1860000_0_0_0.png,moldovatv.png,39.0E,(12) 39.0E KU-band Hellas Sat 3/4,Found
Magic TV,1_0_1_DB_10_1C_1860000_0_0_0.png,magictv.png,39.0E,(12) 39.0E KU-band Hellas Sat 3/4,Found
Magic TV,1_0_1F_46C_B11_39E_1860000_0_0_0.png,magictv.png,39.0E,(12) 39.0E KU-band Hellas Sat 3/4,Found
MagicTV,1_0_16_E8_2_1_1860000_0_0_0.png,magictv.png,39.0E,(12) 39.0E KU-band Hellas Sat 3/4,Found
Marquee TV,1_0_16_236_2_1_1860000_0_0_0.png,marqueetv.png,39.0E,(12) 39.0E KU-band Hellas Sat 3/4,Found
Mate Kitchen,1_0_1F_68_B1_39E_1860000_0_0_0.png,matekitchen.png,39.0E,(12) 39.0E KU-band Hellas Sat 3/4,Found
Max Sport 1 HD,1_0_1F_65_B1_39E_1860000_0_0_0.png,maxsport1hd.png,39.0E,(12) 39.0E KU-band Hellas Sat 3/4,Found
Max Sport 2 HD,1_0_1F_66_B1_39E_1860000_0_0_0.png,maxsport2hd.png,39.0E,(12) 39.0E KU-band Hellas Sat 3/4,Found
Max Sport 3 HD,1_0_1F_70_B1_39E_1860000_0_0_0.png,maxsport3hd.png,39.0E,(12) 39.0E KU-band Hellas Sat 3/4,Found
Mediaset,1_0_1F_D1_B2_39E_1860000_0_0_0.png,mediaset.png,39.0E,(12) 39.0E KU-band Hellas Sat 3/4,Found
Mediaset Italia,1_0_1_125C_3FC_39E_1860000_0_0_0.png,mediasetitalia.png,39.0E,(12) 39.0E KU-band Hellas Sat 3/4,Found
Metropola TV,1_0_1_128_12_1C_1860000_0_0_0.png,metropolatv.png,39.0E,(12) 39.0E KU-band Hellas Sat 3/4,Found
Mezzo,1_0_1F_46B_B11_39E_1860000_0_0_0.png,mezzo.png,39.0E,(12) 39.0E KU-band Hellas Sat 3/4,Found
Minimax,1_0_1_7F_12_1C_1860000_0_0_0.png,minimax.png,39.0E,(12) 39.0E KU-band Hellas Sat 3/4,Found
Motorvision HD,1_0_19_25E_146C_A7_1860000_0_0_0.png,motorvisionhd.png,39.0E,(12) 39.0E KU-band Hellas Sat 3/4,Found
Movie Star,1_0_16_1A6_5_1_1860000_0_0_0.png,moviestar.png,39.0E,(12) 39.0E KU-band Hellas Sat 3/4,Found
MovieStar,1_0_1F_477_B11_39E_1860000_0_0_0.png,moviestar.png,39.0E,(12) 39.0E KU-band Hellas Sat 3/4,Found
Muse,1_0_1_7A8_3FC_39E_1860000_0_0_0.png,muse.png,39.0E,(12) 39.0E KU-band Hellas Sat 3/4,Found
Music Channel,1_0_1_16D_11_1C_1860000_0_0_0.png,musicchannel.png,39.0E,(12) 39.0E KU-band Hellas Sat 3/4,Found
MyZen,1_0_1F_E7_B2_39E_1860000_0_0_0.png,myzen.png,39.0E,(12) 39.0E KU-band Hellas Sat 3/4,Found
NOSTALGIA,1_0_1F_452_B11_39E_1860000_0_0_0.png,nostalgia.png,39.0E,(12) 39.0E KU-band Hellas Sat 3/4,Found
NRJ,1_0_2_33_2_1_1860000_0_0_0.png,nrj.png,39.0E,(12) 39.0E KU-band Hellas Sat 3/4,Found
Nashe Kino,1_0_1F_6C_B1_39E_1860000_0_0_0.png,nashekino.png,39.0E,(12) 39.0E KU-band Hellas Sat 3/4,Found
Nast. Vremya,1_0_16_3F3_1_1_1862FEF_0_0_0.png,nastvremya.png,39.0E,(12) 39.0E KU-band Hellas Sat 3/4,Found
Nat Geo,1_0_1_C6_10_1C_1860000_0_0_0.png,natgeo.png,39.0E,(12) 39.0E KU-band Hellas Sat 3/4,Found
Nat Geo HD,1_0_19_CF_2_1C_1860000_0_0_0.png,natgeohd.png,39.0E,(12) 39.0E KU-band Hellas Sat 3/4,Found
Nat Geo Wild,1_0_1_CD_12_1C_1860000_0_0_0.png,natgeowild.png,39.0E,(12) 39.0E KU-band Hellas Sat 3/4,Found
Nat Geo Wild,1_0_1F_45C_B11_39E_1860000_0_0_0.png,natgeowild.png,39.0E,(12) 39.0E KU-band Hellas Sat 3/4,Found
National 24 Plus,1_0_1_142_11_1C_1860000_0_0_0.png,national24plus.png,39.0E,(12) 39.0E KU-band Hellas Sat 3/4,Found
National Geographic,1_0_1F_45B_B11_39E_1860000_0_0_0.png,nationalgeographic.png,39.0E,(12) 39.0E KU-band Hellas Sat 3/4,Found
National Geographic HD,1_0_19_CC_5_1_1860000_0_0_0.png,nationalgeographichd.png,39.0E,(12) 39.0E KU-band Hellas Sat 3/4,Found
National TV,1_0_1_6F_E_1C_1860000_0_0_0.png,nationaltv.png,39.0E,(12) 39.0E KU-band Hellas Sat 3/4,Found
News 24,1_0_1_618_3F2_39E_1860000_0_0_0.png,news24.png,39.0E,(12) 39.0E KU-band Hellas Sat 3/4,Found
Nick JR,1_0_1_1FE_E_1C_1860000_0_0_0.png,nickjr.png,39.0E,(12) 39.0E KU-band Hellas Sat 3/4,Found
Nick Jr,1_0_16_204_1_1_1862FEF_0_0_0.png,nickjr.png,39.0E,(12) 39.0E KU-band Hellas Sat 3/4,Found
Nick Jr.,1_0_1F_476_B11_39E_1860000_0_0_0.png,nickjr.png,39.0E,(12) 39.0E KU-band Hellas Sat 3/4,Found
Nick Toons,1_0_16_261_7_1_1860000_0_0_0.png,nicktoons.png,39.0E,(12) 39.0E KU-band Hellas Sat 3/4,Found
Nickelodeon,1_0_1_DD_F_1C_1860000_0_0_0.png,nickelodeon.png,39.0E,(12) 39.0E KU-band Hellas Sat 3/4,Found
Nickelodeon,1_0_16_206_1_1_1862FEF_0_0_0.png,nickelodeon.png,39.0E,(12) 39.0E KU-band Hellas Sat 3/4,Found
Nickelodeon,1_0_1F_8A_B1_39E_1860000_0_0_0.png,nickelodeon.png,39.0E,(12) 39.0E KU-band Hellas Sat 3/4,Found
Nicktoons,1_0_1_74_10_1C_1860000_0_0_0.png,nicktoons.png,39.0E,(12) 39.0E KU-band Hellas Sat 3/4,Found
Nicktoons,1_0_1F_FB_B2_39E_1860000_0_0_0.png,nicktoons.png,39.0E,(12) 39.0E KU-band Hellas Sat 3/4,Found
Nostalgia,1_0_16_1A7_5_1_1860000_0_0_0.png,nostalgia.png,39.0E,(12) 39.0E KU-band Hellas Sat 3/4,Found
Nostalgia TV,1_0_1_138_D_1C_1860000_0_0_0.png,nostalgiatv.png,39.0E,(12) 39.0E KU-band Hellas Sat 3/4,Found
Nova HD,1_0_19_D4_5_1_1860000_0_0_0.png,novahd.png,39.0E,(12) 39.0E KU-band Hellas Sat 3/4,Found
Nova News,1_0_16_1F5_1_1_1862FEF_0_0_0.png,novanews.png,39.0E,(12) 39.0E KU-band Hellas Sat 3/4,Found
Nova News HD,1_0_1F_F9_B2_39E_1860000_0_0_0.png,novanewshd.png,39.0E,(12) 39.0E KU-band Hellas Sat 3/4,Found
Nova Sport,1_0_19_1F7_1_1_1862FEF_0_0_0.png,novasport.png,39.0E,(12) 39.0E KU-band Hellas Sat 3/4,Found
Nova Sport HD,1_0_1F_450_B11_39E_1860000_0_0_0.png,novasporthd.png,39.0E,(12) 39.0E KU-band Hellas Sat 3/4,Found
OPEN BEYOND,1_0_1_D48_69_212C_1860000_0_0_0.png,openbeyond.png,39.0E,(12) 39.0E KU-band Hellas Sat 3/4,Found
OPEN BEYOND HD,1_0_1_578_65_212C_1860000_0_0_0.png,openbeyondhd.png,39.0E,(12) 39.0E KU-band Hellas Sat 3/4,Found
Ohota i ribalka,1_0_1F_86_B1_39E_1860000_0_0_0.png,ohotairibalka.png,39.0E,(12) 39.0E KU-band Hellas Sat 3/4,Found
Orange Info,1_0_1_11C_2_1C_1860000_0_0_0.png,orangeinfo.png,39.0E,(12) 39.0E KU-band Hellas Sat 3/4,Found
Orange Sport 1,1_0_1_E1_D_1C_1860000_0_0_0.png,orangesport1.png,39.0E,(12) 39.0E KU-band Hellas Sat 3/4,Found
Orange Sport 2,1_0_1_119_11_1C_1860000_0_0_0.png,orangesport2.png,39.0E,(12) 39.0E KU-band Hellas Sat 3/4,Found
Orange Sport 3,1_0_1_86_F_1C_1860000_0_0_0.png,orangesport3.png,39.0E,(12) 39.0E KU-band Hellas Sat 3/4,Found
Orange Sport 4,1_0_1_DE_F_1C_1860000_0_0_0.png,orangesport4.png,39.0E,(12) 39.0E KU-band Hellas Sat 3/4,Found
Orizont TV,1_0_1_13A_E_1C_1860000_0_0_0.png,orizonttv.png,39.0E,(12) 39.0E KU-band Hellas Sat 3/4,Found
PRO ARENA,1_0_1_76_11_1C_1860000_0_0_0.png,proarena.png,39.0E,(12) 39.0E KU-band Hellas Sat 3/4,Found
PRO ARENA,1_0_1_1DB5_145C_5_1860000_0_0_0.png,proarena.png,39.0E,(12) 39.0E KU-band Hellas Sat 3/4,Found
PRO ARENA HD,1_0_19_213_2_1C_1860000_0_0_0.png,proarenahd.png,39.0E,(12) 39.0E KU-band Hellas Sat 3/4,Found
PRO CINEMA,1_0_1_75_11_1C_1860000_0_0_0.png,procinema.png,39.0E,(12) 39.0E KU-band Hellas Sat 3/4,Found
PRO Cinema,1_0_1_1DB4_145C_5_1860000_0_0_0.png,procinema.png,39.0E,(12) 39.0E KU-band Hellas Sat 3/4,Found
PRO TV,1_0_1_168_E_1C_1860000_0_0_0.png,protv.png,39.0E,(12) 39.0E KU-band Hellas Sat 3/4,Found
PRO TV,1_0_1_1DB1_145C_5_1860000_0_0_0.png,protv.png,39.0E,(12) 39.0E KU-band Hellas Sat 3/4,Found
PRO TV International,1_0_1_1DB3_145C_5_1860000_0_0_0.png,protvinternational.png,39.0E,(12) 39.0E KU-band Hellas Sat 3/4,Found
Panorama TV,1_0_1_1900_3FC_39E_1860000_0_0_0.png,panoramatv.png,39.0E,(12) 39.0E KU-band Hellas Sat 3/4,Found
Party Mix,1_0_1_92_D_1C_1860000_0_0_0.png,partymix.png,39.0E,(12) 39.0E KU-band Hellas Sat 3/4,Found
Penthouse Gold,1_0_1_131_10_1C_1860000_0_0_0.png,penthousegold.png,39.0E,(12) 39.0E KU-band Hellas Sat 3/4,Found
Penthouse Gold,1_0_1F_82_B1_39E_1860000_0_0_0.png,penthousegold.png,39.0E,(12) 39.0E KU-band Hellas Sat 3/4,Found
Penthouse Passion,1_0_1F_E4_B2_39E_1860000_0_0_0.png,penthousepassion.png,39.0E,(12) 39.0E KU-band Hellas Sat 3/4,Found
Peretz,1_0_1F_7D_B1_39E_1860000_0_0_0.png,peretz.png,39.0E,(12) 39.0E KU-band Hellas Sat 3/4,Found
Peretz Int.,1_0_16_143_2_1_1860000_0_0_0.png,peretzint.png,39.0E,(12) 39.0E KU-band Hellas Sat 3/4,Found
Planeta Folk,1_0_16_E5_2_1_1860000_0_0_0.png,planetafolk.png,39.0E,(12) 39.0E KU-band Hellas Sat 3/4,Found
Planeta Folk,1_0_1F_8C_B1_39E_1860000_0_0_0.png,planetafolk.png,39.0E,(12) 39.0E KU-band Hellas Sat 3/4,Found
Planeta HD,1_0_19_CE_5_1_1860000_0_0_0.png,planetahd.png,39.0E,(12) 39.0E KU-band Hellas Sat 3/4,Found
Planeta HD,1_0_1F_81_B1_39E_1860000_0_0_0.png,planetahd.png,39.0E,(12) 39.0E KU-band Hellas Sat 3/4,Found
Prima News,1_0_1_169_11_1C_1860000_0_0_0.png,primanews.png,39.0E,(12) 39.0E KU-band Hellas Sat 3/4,Found
Prima Sport 1,1_0_1_70_D_1C_1860000_0_0_0.png,primasport1.png,39.0E,(12) 39.0E KU-band Hellas Sat 3/4,Found
Prima Sport 2,1_0_1_F0_E_1C_1860000_0_0_0.png,primasport2.png,39.0E,(12) 39.0E KU-band Hellas Sat 3/4,Found
Prima Sport 2 HD,1_0_19_207_1_1C_1860000_0_0_0.png,primasport2hd.png,39.0E,(12) 39.0E KU-band Hellas Sat 3/4,Found
Prima Sport 3,1_0_1_CC_10_1C_1860000_0_0_0.png,primasport3.png,39.0E,(12) 39.0E KU-band Hellas Sat 3/4,Found
Prima Sport 4,1_0_1_CB_12_1C_1860000_0_0_0.png,primasport4.png,39.0E,(12) 39.0E KU-band Hellas Sat 3/4,Found
Prima TV,1_0_1_71_E_1C_1860000_0_0_0.png,primatv.png,39.0E,(12) 39.0E KU-band Hellas Sat 3/4,Found
Prima TV HD,1_0_19_2C3_2_1C_1860000_0_0_0.png,primatvhd.png,39.0E,(12) 39.0E KU-band Hellas Sat 3/4,Found
Private TV,1_0_1_91_F_1C_1860000_0_0_0.png,privatetv.png,39.0E,(12) 39.0E KU-band Hellas Sat 3/4,Found
Private TV,1_0_16_325_1_1_1862FEF_0_0_0.png,privatetv.png,39.0E,(12) 39.0E KU-band Hellas Sat 3/4,Found
RIK,1_0_1_4_1_212C_1860000_0_0_0.png,rik.png,39.0E,(12) 39.0E KU-band Hellas Sat 3/4,Found
RIK1,1_0_1_2_A_A_1860000_0_0_0.png,rik1.png,39.0E,(12) 39.0E KU-band Hellas Sat 3/4,Found
RIK2,1_0_1_3_A_A_1860000_0_0_0.png,rik2.png,39.0E,(12) 39.0E KU-band Hellas Sat 3/4,Found
RIK3,1_0_1_4_A_A_1860000_0_0_0.png,rik3.png,39.0E,(12) 39.0E KU-band Hellas Sat 3/4,Found
RIK4,1_0_1_5_A_A_1860000_0_0_0.png,rik4.png,39.0E,(12) 39.0E KU-band Hellas Sat 3/4,Found
RIKSat,1_0_1_1_A_A_1860000_0_0_0.png,riksat.png,39.0E,(12) 39.0E KU-band Hellas Sat 3/4,Found
RTK1,1_0_1_4BA_3FC_39E_1860000_0_0_0.png,rtk1.png,39.0E,(12) 39.0E KU-band Hellas Sat 3/4,Found
RTL,1_0_1_113_E_1C_1860000_0_0_0.png,rtl.png,39.0E,(12) 39.0E KU-band Hellas Sat 3/4,Found
RTL HAROM,1_0_1_212_2_1C_1860000_0_0_0.png,rtlharom.png,39.0E,(12) 39.0E KU-band Hellas Sat 3/4,Found
RTL KETTO,1_0_1_10E_F_1C_1860000_0_0_0.png,rtlketto.png,39.0E,(12) 39.0E KU-band Hellas Sat 3/4,Found
RTSH,1_0_1_D52_3F2_39E_1860000_0_0_0.png,rtsh.png,39.0E,(12) 39.0E KU-band Hellas Sat 3/4,Found
Racing Channel,1_0_1_68_A_A_1860000_0_0_0.png,racingchannel.png,39.0E,(12) 39.0E KU-band Hellas Sat 3/4,Found
Radio Itsy Bitsy,1_0_1_1F4_D_1C_1860000_0_0_0.png,radioitsybitsy.png,39.0E,(12) 39.0E KU-band Hellas Sat 3/4,Found
Rai 1,1_0_1_D84_3FC_39E_1860000_0_0_0.png,rai1.png,39.0E,(12) 39.0E KU-band Hellas Sat 3/4,Found
Rai 2,1_0_1_1162_3FC_39E_1860000_0_0_0.png,rai2.png,39.0E,(12) 39.0E KU-band Hellas Sat 3/4,Found
Realitatea Plus,1_0_1_77_E_1C_1860000_0_0_0.png,realitateaplus.png,39.0E,(12) 39.0E KU-band Hellas Sat 3/4,Found
Reality Kings,1_0_1F_E9_B2_39E_1860000_0_0_0.png,realitykings.png,39.0E,(12) 39.0E KU-band Hellas Sat 3/4,Found
Report TV,1_0_1_5E6_3F2_39E_1860000_0_0_0.png,reporttv.png,39.0E,(12) 39.0E KU-band Hellas Sat 3/4,Found
Ring HD,1_0_19_85_5_1_1860000_0_0_0.png,ringhd.png,39.0E,(12) 39.0E KU-band Hellas Sat 3/4,Found
Rodina,1_0_16_DB_2_1_1860000_0_0_0.png,rodina.png,39.0E,(12) 39.0E KU-band Hellas Sat 3/4,Found
Rodina TV,1_0_1F_479_B11_39E_1860000_0_0_0.png,rodinatv.png,39.0E,(12) 39.0E KU-band Hellas Sat 3/4,Found
Romania TV,1_0_1_140_11_1C_1860000_0_0_0.png,romaniatv.png,39.0E,(12) 39.0E KU-band Hellas Sat 3/4,Found
Rtsh Sport,1_0_1_1130_3FC_39E_1860000_0_0_0.png,rtshsport.png,39.0E,(12) 39.0E KU-band Hellas Sat 3/4,Found
SKAI,1_0_1_C80_69_212C_1860000_0_0_0.png,skai.png,39.0E,(12) 39.0E KU-band Hellas Sat 3/4,Found
SKAI HD,1_0_1_4B0_65_212C_1860000_0_0_0.png,skaihd.png,39.0E,(12) 39.0E KU-band Hellas Sat 3/4,Found
SKAT,1_0_1F_474_B11_39E_1860000_0_0_0.png,skat.png,39.0E,(12) 39.0E KU-band Hellas Sat 3/4,Found
SKY Showtime 1 HD,1_0_1F_456_B11_39E_1860000_0_0_0.png,skyshowtime1hd.png,39.0E,(12) 39.0E KU-band Hellas Sat 3/4,Found
SKY Showtime 2 HD,1_0_1F_464_B11_39E_1860000_0_0_0.png,skyshowtime2hd.png,39.0E,(12) 39.0E KU-band Hellas Sat 3/4,Found
SPORT 1 HD,1_0_1_B2C_3F2_39E_1860000_0_0_0.png,sport1hd.png,39.0E,(12) 39.0E KU-band Hellas Sat 3/4,Found
SPORT 2 HD,1_0_1_B5E_3F2_39E_1860000_0_0_0.png,sport2hd.png,39.0E,(12) 39.0E KU-band Hellas Sat 3/4,Found
SPORT 3 HD,1_0_1_B90_3F2_39E_1860000_0_0_0.png,sport3hd.png,39.0E,(12) 39.0E KU-band Hellas Sat 3/4,Found
SPORT 4 HD,1_0_1_BC2_3F2_39E_1860000_0_0_0.png,sport4hd.png,39.0E,(12) 39.0E KU-band Hellas Sat 3/4,Found
SPORT 5 HD,1_0_1_C8A_3F2_39E_1860000_0_0_0.png,sport5hd.png,39.0E,(12) 39.0E KU-band Hellas Sat 3/4,Found
SPORT 6 HD,1_0_1_1874_3FC_39E_1860000_0_0_0.png,sport6hd.png,39.0E,(12) 39.0E KU-band Hellas Sat 3/4,Found
SPORT 7 HD,1_0_1_1888_3FC_39E_1860000_0_0_0.png,sport7hd.png,39.0E,(12) 39.0E KU-band Hellas Sat 3/4,Found
SS1-HD,1_0_1_1108_3FC_39E_1860000_0_0_0.png,ss1hd.png,39.0E,(12) 39.0E KU-band Hellas Sat 3/4,Found
SS2-HD,1_0_1_1126_3FC_39E_1860000_0_0_0.png,ss2hd.png,39.0E,(12) 39.0E KU-band Hellas Sat 3/4,Found
SS3-HD,1_0_1_1144_3FC_39E_1860000_0_0_0.png,ss3hd.png,39.0E,(12) 39.0E KU-band Hellas Sat 3/4,Found
SS4-HD,1_0_1_1176_3FC_39E_1860000_0_0_0.png,ss4hd.png,39.0E,(12) 39.0E KU-band Hellas Sat 3/4,Found
SS5-HD,1_0_1_1180_3FC_39E_1860000_0_0_0.png,ss5hd.png,39.0E,(12) 39.0E KU-band Hellas Sat 3/4,Found
SS6-HD,1_0_1_132E_3FC_39E_1860000_0_0_0.png,ss6hd.png,39.0E,(12) 39.0E KU-band Hellas Sat 3/4,Found
SS7-HD,1_0_1_134C_3FC_39E_1860000_0_0_0.png,ss7hd.png,39.0E,(12) 39.0E KU-band Hellas Sat 3/4,Found
SSU,1_0_1_206C_146C_A7_1860000_0_0_0.png,ssu.png,39.0E,(12) 39.0E KU-band Hellas Sat 3/4,Found
SSU CAM,1_0_1_2076_146C_A7_1860000_0_0_0.png,ssucam.png,39.0E,(12) 39.0E KU-band Hellas Sat 3/4,Found
STAR,1_0_1_DAC_69_212C_1860000_0_0_0.png,star.png,39.0E,(12) 39.0E KU-band Hellas Sat 3/4,Found
STAR Channel,1_0_1F_D7_B2_39E_1860000_0_0_0.png,starchannel.png,39.0E,(12) 39.0E KU-band Hellas Sat 3/4,Found
STAR Crime,1_0_1F_D8_B2_39E_1860000_0_0_0.png,starcrime.png,39.0E,(12) 39.0E KU-band Hellas Sat 3/4,Found
STAR HD,1_0_1_5DC_67_212C_1860000_0_0_0.png,starhd.png,39.0E,(12) 39.0E KU-band Hellas Sat 3/4,Found
STAR Life,1_0_1F_D9_B2_39E_1860000_0_0_0.png,starlife.png,39.0E,(12) 39.0E KU-band Hellas Sat 3/4,Found
Series HD,1_0_1_7DA_3F2_39E_1860000_0_0_0.png,serieshd.png,39.0E,(12) 39.0E KU-band Hellas Sat 3/4,Found
Skat TV,1_0_16_EC_2_1_1860000_0_0_0.png,skattv.png,39.0E,(12) 39.0E KU-band Hellas Sat 3/4,Found
Sky News,1_0_1F_F8_B2_39E_1860000_0_0_0.png,skynews.png,39.0E,(12) 39.0E KU-band Hellas Sat 3/4,Found
Sky Showtime 1,1_0_16_1B2_2_1_1860000_0_0_0.png,skyshowtime1.png,39.0E,(12) 39.0E KU-band Hellas Sat 3/4,Found
Sky Showtime 2,1_0_16_1B3_7_1_1860000_0_0_0.png,skyshowtime2.png,39.0E,(12) 39.0E KU-band Hellas Sat 3/4,Found
Smile,1_0_1_870_3F2_39E_1860000_0_0_0.png,smile.png,39.0E,(12) 39.0E KU-band Hellas Sat 3/4,Found
Speranta TV,1_0_1_1FF_F_1C_1860000_0_0_0.png,sperantatv.png,39.0E,(12) 39.0E KU-band Hellas Sat 3/4,Found
Sport Extra,1_0_1_D5_10_1C_1860000_0_0_0.png,sportextra.png,39.0E,(12) 39.0E KU-band Hellas Sat 3/4,Found
Sport News HD,1_0_1_AFA_3F2_39E_1860000_0_0_0.png,sportnewshd.png,39.0E,(12) 39.0E KU-band Hellas Sat 3/4,Found
Star Channel,1_0_16_1FE_1_1_1862FEF_0_0_0.png,starchannel.png,39.0E,(12) 39.0E KU-band Hellas Sat 3/4,Found
Star Crime,1_0_16_200_1_1_1862FEF_0_0_0.png,starcrime.png,39.0E,(12) 39.0E KU-band Hellas Sat 3/4,Found
Star Life,1_0_16_1FF_1_1_1862FEF_0_0_0.png,starlife.png,39.0E,(12) 39.0E KU-band Hellas Sat 3/4,Found
Story4,1_0_1_13F_F_1C_1860000_0_0_0.png,story4.png,39.0E,(12) 39.0E KU-band Hellas Sat 3/4,Found
Super Toons,1_0_16_2C9_7_1_1860000_0_0_0.png,supertoons.png,39.0E,(12) 39.0E KU-band Hellas Sat 3/4,Found
Supertoons,1_0_1F_E1_B2_39E_1860000_0_0_0.png,supertoons.png,39.0E,(12) 39.0E KU-band Hellas Sat 3/4,Found
Syri TV,1_0_1_67C_3F2_39E_1860000_0_0_0.png,syritv.png,39.0E,(12) 39.0E KU-band Hellas Sat 3/4,Found
TANDBERG,1_0_1_1_1_FFFF_1863097_0_0_0.png,tandberg.png,39.0E,(12) 39.0E KU-band Hellas Sat 3/4,Found
TEST HD,1_0_1_1DBA_145C_5_1860000_0_0_0.png,testhd.png,39.0E,(12) 39.0E KU-band Hellas Sat 3/4,Found
TEST HD 2,1_0_1_1DB8_145C_5_1860000_0_0_0.png,testhd2.png,39.0E,(12) 39.0E KU-band Hellas Sat 3/4,Found
TGCom24,1_0_1F_46A_B11_39E_1860000_0_0_0.png,tgcom24.png,39.0E,(12) 39.0E KU-band Hellas Sat 3/4,Found
TIP TV,1_0_1_744_3F2_39E_1860000_0_0_0.png,tiptv.png,39.0E,(12) 39.0E KU-band Hellas Sat 3/4,Found
TLC,1_0_16_1F9_1_1_1862FEF_0_0_0.png,tlc.png,39.0E,(12) 39.0E KU-band Hellas Sat 3/4,Found
TLC,1_0_1F_EA_B2_39E_1860000_0_0_0.png,tlc.png,39.0E,(12) 39.0E KU-band Hellas Sat 3/4,Found
TLC HD,1_0_19_260_146C_A7_1860000_0_0_0.png,tlchd.png,39.0E,(12) 39.0E KU-band Hellas Sat 3/4,Found
TV 1,1_0_1F_47F_B11_39E_1860000_0_0_0.png,tv1.png,39.0E,(12) 39.0E KU-band Hellas Sat 3/4,Found
TV 2,1_0_1_210_2_1C_1860000_0_0_0.png,tv2.png,39.0E,(12) 39.0E KU-band Hellas Sat 3/4,Found
TV 8 International,1_0_1F_CF_B2_39E_1860000_0_0_0.png,tv8international.png,39.0E,(12) 39.0E KU-band Hellas Sat 3/4,Found
TV Paprika,1_0_1_F1_F_1C_1860000_0_0_0.png,tvpaprika.png,39.0E,(12) 39.0E KU-band Hellas Sat 3/4,Found
TV Tourism,1_0_1F_7C_B1_39E_1860000_0_0_0.png,tvtourism.png,39.0E,(12) 39.0E KU-band Hellas Sat 3/4,Found
TV-AS,1_0_1_2D2_10_1C_1860000_0_0_0.png,tvas.png,39.0E,(12) 39.0E KU-band Hellas Sat 3/4,Found
TV1,1_0_16_3F2_1_1_1862FEF_0_0_0.png,tv1.png,39.0E,(12) 39.0E KU-band Hellas Sat 3/4,Found
TV5 Europe,1_0_1_5_1_212C_1860000_0_0_0.png,tv5europe.png,39.0E,(12) 39.0E KU-band Hellas Sat 3/4,Found
TV5 Monde,1_0_1_E7_11_1C_1860000_0_0_0.png,tv5monde.png,39.0E,(12) 39.0E KU-band Hellas Sat 3/4,Found
TV5 Monde,1_0_1F_F5_B2_39E_1860000_0_0_0.png,tv5monde.png,39.0E,(12) 39.0E KU-band Hellas Sat 3/4,Found
TVR 1,1_0_1_7D_D_1C_1860000_0_0_0.png,tvr1.png,39.0E,(12) 39.0E KU-band Hellas Sat 3/4,Found
TVR 1 HD,1_0_19_114_2_1C_1860000_0_0_0.png,tvr1hd.png,39.0E,(12) 39.0E KU-band Hellas Sat 3/4,Found
TVR 2,1_0_1_7E_D_1C_1860000_0_0_0.png,tvr2.png,39.0E,(12) 39.0E KU-band Hellas Sat 3/4,Found
TVR 3,1_0_1_E8_11_1C_1860000_0_0_0.png,tvr3.png,39.0E,(12) 39.0E KU-band Hellas Sat 3/4,Found
TVR CULTURAL,1_0_1_216_10_1C_1860000_0_0_0.png,tvrcultural.png,39.0E,(12) 39.0E KU-band Hellas Sat 3/4,Found
TVR FOLCLOR,1_0_1_11F_E_1C_1860000_0_0_0.png,tvrfolclor.png,39.0E,(12) 39.0E KU-band Hellas Sat 3/4,Found
TVR Sport,1_0_1_93_F_1C_1860000_0_0_0.png,tvrsport.png,39.0E,(12) 39.0E KU-band Hellas Sat 3/4,Found
Tangra MegaRock,1_0_2_36_2_1_1860000_0_0_0.png,tangramegarock.png,39.0E,(12) 39.0E KU-band Hellas Sat 3/4,Found
Taraf,1_0_1_D4_11_1C_1860000_0_0_0.png,taraf.png,39.0E,(12) 39.0E KU-band Hellas Sat 3/4,Found
The Voice,1_0_2_F2_2_1_1860000_0_0_0.png,thevoice.png,39.0E,(12) 39.0E KU-band Hellas Sat 3/4,Found
The Voice,1_0_16_E2_2_1_1860000_0_0_0.png,thevoice.png,39.0E,(12) 39.0E KU-band Hellas Sat 3/4,Found
The Voice,1_0_1F_83_B1_39E_1860000_0_0_0.png,thevoice.png,39.0E,(12) 39.0E KU-band Hellas Sat 3/4,Found
The World,1_0_16_2C7_7_1_1860000_0_0_0.png,theworld.png,39.0E,(12) 39.0E KU-band Hellas Sat 3/4,Found
The World,1_0_1F_454_B11_39E_1860000_0_0_0.png,theworld.png,39.0E,(12) 39.0E KU-band Hellas Sat 3/4,Found
Tiankov Folk,1_0_16_2F_2_1_1860000_0_0_0.png,tiankovfolk.png,39.0E,(12) 39.0E KU-band Hellas Sat 3/4,Found
Tiankov TV,1_0_1F_8F_B1_39E_1860000_0_0_0.png,tiankovtv.png,39.0E,(12) 39.0E KU-band Hellas Sat 3/4,Found
Top Channel HD,1_0_1_1266_3F2_39E_1860000_0_0_0.png,topchannelhd.png,39.0E,(12) 39.0E KU-band Hellas Sat 3/4,Found
Top News,1_0_1_137E_3FC_39E_1860000_0_0_0.png,topnews.png,39.0E,(12) 39.0E KU-band Hellas Sat 3/4,Found
Tra La La,1_0_1_14F_10_1C_1860000_0_0_0.png,tralala.png,39.0E,(12) 39.0E KU-band Hellas Sat 3/4,Found
Tra La La Desene Animate,1_0_1_150_12_1C_1860000_0_0_0.png,tralaladeseneanimate.png,39.0E,(12) 39.0E KU-band Hellas Sat 3/4,Found
Traditional TV,1_0_1_2D1_F_1C_1860000_0_0_0.png,traditionaltv.png,39.0E,(12) 39.0E KU-band Hellas Sat 3/4,Found
Travel Chanel,1_0_16_13F_1_1_1862FEF_0_0_0.png,travelchanel.png,39.0E,(12) 39.0E KU-band Hellas Sat 3/4,Found
Travel Mix,1_0_1_D0_2_1C_1860000_0_0_0.png,travelmix.png,39.0E,(12) 39.0E KU-band Hellas Sat 3/4,Found
Travel TV,1_0_16_13C_1_1_1862FEF_0_0_0.png,traveltv.png,39.0E,(12) 39.0E KU-band Hellas Sat 3/4,Found
Travel TV,1_0_1F_455_B11_39E_1860000_0_0_0.png,traveltv.png,39.0E,(12) 39.0E KU-band Hellas Sat 3/4,Found
TravelXP,1_0_1F_EB_B2_39E_1860000_0_0_0.png,travelxp.png,39.0E,(12) 39.0E KU-band Hellas Sat 3/4,Found
Travelxp HD,1_0_19_2C5_7_1_1860000_0_0_0.png,travelxphd.png,39.0E,(12) 39.0E KU-band Hellas Sat 3/4,Found
Tring Action HD,1_0_1_906_3F2_39E_1860000_0_0_0.png,tringactionhd.png,39.0E,(12) 39.0E KU-band Hellas Sat 3/4,Found
Tring Classic HD,1_0_1_4BA_3F2_39E_1860000_0_0_0.png,tringclassichd.png,39.0E,(12) 39.0E KU-band Hellas Sat 3/4,Found
Tring Collection HD,1_0_1_E7E_3F2_39E_1860000_0_0_0.png,tringcollectionhd.png,39.0E,(12) 39.0E KU-band Hellas Sat 3/4,Found
Tring Comedy,1_0_1_96A_3F2_39E_1860000_0_0_0.png,tringcomedy.png,39.0E,(12) 39.0E KU-band Hellas Sat 3/4,Found
Tring Family HD,1_0_1_9CE_3FC_39E_1860000_0_0_0.png,tringfamilyhd.png,39.0E,(12) 39.0E KU-band Hellas Sat 3/4,Found
Tring Fantasy,1_0_1_99C_3F2_39E_1860000_0_0_0.png,tringfantasy.png,39.0E,(12) 39.0E KU-band Hellas Sat 3/4,Found
Tring History,1_0_1_A64_3FC_39E_1860000_0_0_0.png,tringhistory.png,39.0E,(12) 39.0E KU-band Hellas Sat 3/4,Found
Tring Life,1_0_1_938_3F2_39E_1860000_0_0_0.png,tringlife.png,39.0E,(12) 39.0E KU-band Hellas Sat 3/4,Found
Tring Novelas HD,1_0_1_EB0_3F2_39E_1860000_0_0_0.png,tringnovelashd.png,39.0E,(12) 39.0E KU-band Hellas Sat 3/4,Found
Tring Original,1_0_1_6AE_3FC_39E_1860000_0_0_0.png,tringoriginal.png,39.0E,(12) 39.0E KU-band Hellas Sat 3/4,Found
Tring Planet,1_0_1_A96_3F2_39E_1860000_0_0_0.png,tringplanet.png,39.0E,(12) 39.0E KU-band Hellas Sat 3/4,Found
Tring Shqip,1_0_1_8A2_3F2_39E_1860000_0_0_0.png,tringshqip.png,39.0E,(12) 39.0E KU-band Hellas Sat 3/4,Found
Tring Super HD,1_0_1_8D4_3F2_39E_1860000_0_0_0.png,tringsuperhd.png,39.0E,(12) 39.0E KU-band Hellas Sat 3/4,Found
Tring Tring,1_0_1_6E0_3F2_39E_1860000_0_0_0.png,tringtring.png,39.0E,(12) 39.0E KU-band Hellas Sat 3/4,Found
Tring World,1_0_1_AC8_3F2_39E_1860000_0_0_0.png,tringworld.png,39.0E,(12) 39.0E KU-band Hellas Sat 3/4,Found
Trinitas TV,1_0_1_E2_11_1C_1860000_0_0_0.png,trinitastv.png,39.0E,(12) 39.0E KU-band Hellas Sat 3/4,Found
Trinitas TV HD,1_0_19_2C5_146C_A7_1860000_0_0_0.png,trinitastvhd.png,39.0E,(12) 39.0E KU-band Hellas Sat 3/4,Found
Trito,1_0_2_15_2_212C_1860000_0_0_0.png,trito.png,39.0E,(12) 39.0E KU-band Hellas Sat 3/4,Found
Turkish Stories,1_0_1_1194_3FC_39E_1860000_0_0_0.png,turkishstories.png,39.0E,(12) 39.0E KU-band Hellas Sat 3/4,Found
U TV,1_0_1_148_11_1C_1860000_0_0_0.png,utv.png,39.0E,(12) 39.0E KU-band Hellas Sat 3/4,Found
VIVACOM Arena HD,1_0_19_DD_2_1_1860000_0_0_0.png,vivacomarenahd.png,39.0E,(12) 39.0E KU-band Hellas Sat 3/4,Found
VTK,1_0_1F_457_B11_39E_1860000_0_0_0.png,vtk.png,39.0E,(12) 39.0E KU-band Hellas Sat 3/4,Found
Viasat Explore,1_0_1_F3_F_1C_1860000_0_0_0.png,viasatexplore.png,39.0E,(12) 39.0E KU-band Hellas Sat 3/4,Found
Viasat Explore,1_0_1F_46D_B11_39E_1860000_0_0_0.png,viasatexplore.png,39.0E,(12) 39.0E KU-band Hellas Sat 3/4,Found
Viasat Explorer,1_0_16_1F8_1_1_1862FEF_0_0_0.png,viasatexplorer.png,39.0E,(12) 39.0E KU-band Hellas Sat 3/4,Found
Viasat History,1_0_1_12F_12_1C_1860000_0_0_0.png,viasathistory.png,39.0E,(12) 39.0E KU-band Hellas Sat 3/4,Found
Viasat History,1_0_16_156_1_1_1862FEF_0_0_0.png,viasathistory.png,39.0E,(12) 39.0E KU-band Hellas Sat 3/4,Found
Viasat History,1_0_1F_CD_B2_39E_1860000_0_0_0.png,viasathistory.png,39.0E,(12) 39.0E KU-band Hellas Sat 3/4,Found
Viasat KINO,1_0_1F_45A_B11_39E_1860000_0_0_0.png,viasatkino.png,39.0E,(12) 39.0E KU-band Hellas Sat 3/4,Found
Viasat Kino,1_0_1_12D_12_1C_1860000_0_0_0.png,viasatkino.png,39.0E,(12) 39.0E KU-band Hellas Sat 3/4,Found
Viasat Kino,1_0_16_19F_5_1_1860000_0_0_0.png,viasatkino.png,39.0E,(12) 39.0E KU-band Hellas Sat 3/4,Found
Viasat Nature,1_0_1_130_12_1C_1860000_0_0_0.png,viasatnature.png,39.0E,(12) 39.0E KU-band Hellas Sat 3/4,Found
Viasat Nature,1_0_16_157_1_1_1862FEF_0_0_0.png,viasatnature.png,39.0E,(12) 39.0E KU-band Hellas Sat 3/4,Found
Viasat Nature,1_0_1F_46F_B11_39E_1860000_0_0_0.png,viasatnature.png,39.0E,(12) 39.0E KU-band Hellas Sat 3/4,Found
Viasat True Crime,1_0_16_DF_2_1_1860000_0_0_0.png,viasattruecrime.png,39.0E,(12) 39.0E KU-band Hellas Sat 3/4,Found
Virtual Games1,1_0_1_65_A_A_1860000_0_0_0.png,virtualgames1.png,39.0E,(12) 39.0E KU-band Hellas Sat 3/4,Found
Virtual Games2,1_0_1_66_A_A_1860000_0_0_0.png,virtualgames2.png,39.0E,(12) 39.0E KU-band Hellas Sat 3/4,Found
Virtual Games3,1_0_1_6A_A_A_1860000_0_0_0.png,virtualgames3.png,39.0E,(12) 39.0E KU-band Hellas Sat 3/4,Found
Vivid,1_0_16_326_2_1_1860000_0_0_0.png,vivid.png,39.0E,(12) 39.0E KU-band Hellas Sat 3/4,Found
Vizion Plus HD,1_0_1_3F2_3F2_39E_1860000_0_0_0.png,vizionplushd.png,39.0E,(12) 39.0E KU-band Hellas Sat 3/4,Found
Voice Of Greece,1_0_1_20_A_A_1860000_0_0_0.png,voiceofgreece.png,39.0E,(12) 39.0E KU-band Hellas Sat 3/4,Found
Voice Of Greece,1_0_2_20_2_212C_1860000_0_0_0.png,voiceofgreece.png,39.0E,(12) 39.0E KU-band Hellas Sat 3/4,Found
Vouli,1_0_1_9_2_212C_1860000_0_0_0.png,vouli.png,39.0E,(12) 39.0E KU-band Hellas Sat 3/4,Found
Warner TV,1_0_1_DF_10_1C_1860000_0_0_0.png,warnertv.png,39.0E,(12) 39.0E KU-band Hellas Sat 3/4,Found
Wness TV,1_0_1F_470_B11_39E_1860000_0_0_0.png,wnesstv.png,39.0E,(12) 39.0E KU-band Hellas Sat 3/4,Found
XY Plus,1_0_16_39_2_1_1860000_0_0_0.png,xyplus.png,39.0E,(12) 39.0E KU-band Hellas Sat 3/4,Found
XY Plus,1_0_1F_8B_B1_39E_1860000_0_0_0.png,xyplus.png,39.0E,(12) 39.0E KU-band Hellas Sat 3/4,Found
ZU TV,1_0_1_5_0_16E_1860000_0_0_0.png,zutv.png,39.0E,(12) 39.0E KU-band Hellas Sat 3/4,Found
ZU TV,1_0_1_11E_D_1C_1860000_0_0_0.png,zutv.png,39.0E,(12) 39.0E KU-band Hellas Sat 3/4,Found
Zeppelin,1_0_2_21_2_212C_1860000_0_0_0.png,zeppelin.png,39.0E,(12) 39.0E KU-band Hellas Sat 3/4,Found
Zhivi,1_0_1F_92_B1_39E_1860000_0_0_0.png,zhivi.png,39.0E,(12) 39.0E KU-band Hellas Sat 3/4,Found
bTV Action HD,1_0_19_89_5_1_1860000_0_0_0.png,btvactionhd.png,39.0E,(12) 39.0E KU-band Hellas Sat 3/4,Found
bTV Action HD,1_0_1F_D6_B2_39E_1860000_0_0_0.png,btvactionhd.png,39.0E,(12) 39.0E KU-band Hellas Sat 3/4,Found
bTV Cinema,1_0_16_1FA_1_1_1862FEF_0_0_0.png,btvcinema.png,39.0E,(12) 39.0E KU-band Hellas Sat 3/4,Found
bTV Cinema HD,1_0_1F_78_B1_39E_1860000_0_0_0.png,btvcinemahd.png,39.0E,(12) 39.0E KU-band Hellas Sat 3/4,Found
bTV Comedy,1_0_16_1FB_1_1_1862FEF_0_0_0.png,btvcomedy.png,39.0E,(12) 39.0E KU-band Hellas Sat 3/4,Found
bTV Comedy HD,1_0_1F_79_B1_39E_1860000_0_0_0.png,btvcomedyhd.png,39.0E,(12) 39.0E KU-band Hellas Sat 3/4,Found
bTV HD,1_0_19_CF_5_1_1860000_0_0_0.png,btvhd.png,39.0E,(12) 39.0E KU-band Hellas Sat 3/4,Found
bTV HD,1_0_1F_D5_B2_39E_1860000_0_0_0.png,btvhd.png,39.0E,(12) 39.0E KU-band Hellas Sat 3/4,Found
bTV Story,1_0_16_201_1_1_1862FEF_0_0_0.png,btvstory.png,39.0E,(12) 39.0E KU-band Hellas Sat 3/4,Found
dizi,1_0_1_C8_F_1C_1860000_0_0_0.png,dizi.png,39.0E,(12) 39.0E KU-band Hellas Sat 3/4,Found
e-kids,1_0_1F_F2_B2_39E_1860000_0_0_0.png,ekids.png,39.0E,(12) 39.0E KU-band Hellas Sat 3/4,Found
iConcerts HD,1_0_19_194_2_1C_1860000_0_0_0.png,iconcertshd.png,39.0E,(12) 39.0E KU-band Hellas Sat 3/4,Found
Ловно-рибарски клуб,1_0_19_FB_5_1_1860000_0_0_0.png,.png,39.0E,(12) 39.0E KU-band Hellas Sat 3/4,Found
ТВСБ,1_0_16_2CF_7_1_1860000_0_0_0.png,.png,39.0E,(12) 39.0E KU-band Hellas Sat 3/4,Found
T2_MI_0,1_0_C_320_2_FFFF_1910000_0_0_0.png,t2mi0.png,40.1E,(103) 40.0E C-band Express AM7,Found
,1_0_1_51B_3_42_1A40000_0_0_0.png,.png,42.0E,(14) 42.0E KU-band Türksat 3A/4A/5B/6A,Found
,1_0_1_529_3_42_1A40000_0_0_0.png,.png,42.0E,(14) 42.0E KU-band Türksat 3A/4A/5B/6A,Found
,1_0_1_52B_3_42_1A40000_0_0_0.png,.png,42.0E,(14) 42.0E KU-band Türksat 3A/4A/5B/6A,Found
,1_0_1_52F_3_42_1A40000_0_0_0.png,.png,42.0E,(14) 42.0E KU-band Türksat 3A/4A/5B/6A,Found
,1_0_1_531_3_42_1A40000_0_0_0.png,.png,42.0E,(14) 42.0E KU-band Türksat 3A/4A/5B/6A,Found
,1_0_1_533_3_42_1A40000_0_0_0.png,.png,42.0E,(14) 42.0E KU-band Türksat 3A/4A/5B/6A,Found
,1_0_1_535_3_42_1A40000_0_0_0.png,.png,42.0E,(14) 42.0E KU-band Türksat 3A/4A/5B/6A,Found
,1_0_1_539_3_42_1A40000_0_0_0.png,.png,42.0E,(14) 42.0E KU-band Türksat 3A/4A/5B/6A,Found
,1_0_1_53D_3_42_1A40000_0_0_0.png,.png,42.0E,(14) 42.0E KU-band Türksat 3A/4A/5B/6A,Found
,1_0_1_541_3_42_1A40000_0_0_0.png,.png,42.0E,(14) 42.0E KU-band Türksat 3A/4A/5B/6A,Found
,1_0_1_543_3_42_1A40000_0_0_0.png,.png,42.0E,(14) 42.0E KU-band Türksat 3A/4A/5B/6A,Found
,1_0_1_549_3_42_1A40000_0_0_0.png,.png,42.0E,(14) 42.0E KU-band Türksat 3A/4A/5B/6A,Found
,1_0_1_44F_1_42_1A40000_0_0_0.png,.png,42.0E,(14) 42.0E KU-band Türksat 3A/4A/5B/6A,Found
,1_0_1_551_3_42_1A40000_0_0_0.png,.png,42.0E,(14) 42.0E KU-band Türksat 3A/4A/5B/6A,Found
,1_0_1_553_3_42_1A40000_0_0_0.png,.png,42.0E,(14) 42.0E KU-band Türksat 3A/4A/5B/6A,Found
,1_0_1_555_3_42_1A40000_0_0_0.png,.png,42.0E,(14) 42.0E KU-band Türksat 3A/4A/5B/6A,Found
,1_0_1_45D_1_42_1A40000_0_0_0.png,.png,42.0E,(14) 42.0E KU-band Türksat 3A/4A/5B/6A,Found
,1_0_1_45F_1_42_1A40000_0_0_0.png,.png,42.0E,(14) 42.0E KU-band Türksat 3A/4A/5B/6A,Found
,1_0_1_461_1_42_1A40000_0_0_0.png,.png,42.0E,(14) 42.0E KU-band Türksat 3A/4A/5B/6A,Found
,1_0_1_463_1_42_1A40000_0_0_0.png,.png,42.0E,(14) 42.0E KU-band Türksat 3A/4A/5B/6A,Found
,1_0_1_465_1_42_1A40000_0_0_0.png,.png,42.0E,(14) 42.0E KU-band Türksat 3A/4A/5B/6A,Found
,1_0_1_467_1_42_1A40000_0_0_0.png,.png,42.0E,(14) 42.0E KU-band Türksat 3A/4A/5B/6A,Found
,1_0_1_469_1_42_1A40000_0_0_0.png,.png,42.0E,(14) 42.0E KU-band Türksat 3A/4A/5B/6A,Found
,1_0_1_46B_1_42_1A40000_0_0_0.png,.png,42.0E,(14) 42.0E KU-band Türksat 3A/4A/5B/6A,Found
,1_0_1_46D_1_42_1A40000_0_0_0.png,.png,42.0E,(14) 42.0E KU-band Türksat 3A/4A/5B/6A,Found
,1_0_1_46F_1_42_1A40000_0_0_0.png,.png,42.0E,(14) 42.0E KU-band Türksat 3A/4A/5B/6A,Found
,1_0_1_471_1_42_1A40000_0_0_0.png,.png,42.0E,(14) 42.0E KU-band Türksat 3A/4A/5B/6A,Found
,1_0_1_473_1_42_1A40000_0_0_0.png,.png,42.0E,(14) 42.0E KU-band Türksat 3A/4A/5B/6A,Found
,1_0_1_475_1_42_1A40000_0_0_0.png,.png,42.0E,(14) 42.0E KU-band Türksat 3A/4A/5B/6A,Found
,1_0_1_477_1_42_1A40000_0_0_0.png,.png,42.0E,(14) 42.0E KU-band Türksat 3A/4A/5B/6A,Found
,1_0_1_479_1_42_1A40000_0_0_0.png,.png,42.0E,(14) 42.0E KU-band Türksat 3A/4A/5B/6A,Found
,1_0_1_47B_1_42_1A40000_0_0_0.png,.png,42.0E,(14) 42.0E KU-band Türksat 3A/4A/5B/6A,Found
,1_0_1_47D_1_42_1A40000_0_0_0.png,.png,42.0E,(14) 42.0E KU-band Türksat 3A/4A/5B/6A,Found
,1_0_1_47F_1_42_1A40000_0_0_0.png,.png,42.0E,(14) 42.0E KU-band Türksat 3A/4A/5B/6A,Found
,1_0_1_481_1_42_1A40000_0_0_0.png,.png,42.0E,(14) 42.0E KU-band Türksat 3A/4A/5B/6A,Found
,1_0_1_483_1_42_1A40000_0_0_0.png,.png,42.0E,(14) 42.0E KU-band Türksat 3A/4A/5B/6A,Found
,1_0_2_561_3_42_1A40000_0_0_0.png,.png,42.0E,(14) 42.0E KU-band Türksat 3A/4A/5B/6A,Found
,1_0_2_490_1_42_1A40000_0_0_0.png,.png,42.0E,(14) 42.0E KU-band Türksat 3A/4A/5B/6A,Found
,1_0_2_492_1_42_1A40000_0_0_0.png,.png,42.0E,(14) 42.0E KU-band Türksat 3A/4A/5B/6A,Found
,1_0_2_493_1_42_1A40000_0_0_0.png,.png,42.0E,(14) 42.0E KU-band Türksat 3A/4A/5B/6A,Found
,1_0_2_495_1_42_1A40000_0_0_0.png,.png,42.0E,(14) 42.0E KU-band Türksat 3A/4A/5B/6A,Found
,1_0_2_497_1_42_1A40000_0_0_0.png,.png,42.0E,(14) 42.0E KU-band Türksat 3A/4A/5B/6A,Found
,1_0_2_499_1_42_1A40000_0_0_0.png,.png,42.0E,(14) 42.0E KU-band Türksat 3A/4A/5B/6A,Found
,1_0_9_70C_9_42_1A40000_0_0_0.png,.png,42.0E,(14) 42.0E KU-band Türksat 3A/4A/5B/6A,Found
,1_0_B_710_9_42_1A40000_0_0_0.png,.png,42.0E,(14) 42.0E KU-band Türksat 3A/4A/5B/6A,Found
,1_0_B_711_9_42_1A40000_0_0_0.png,.png,42.0E,(14) 42.0E KU-band Türksat 3A/4A/5B/6A,Found
,1_0_B_73A_9_42_1A40000_0_0_0.png,.png,42.0E,(14) 42.0E KU-band Türksat 3A/4A/5B/6A,Found
,1_0_B_73E_9_42_1A40000_0_0_0.png,.png,42.0E,(14) 42.0E KU-band Türksat 3A/4A/5B/6A,Found
,1_0_19_700_7_42_1A40000_0_0_0.png,.png,42.0E,(14) 42.0E KU-band Türksat 3A/4A/5B/6A,Found
,1_0_19_701_7_42_1A40000_0_0_0.png,.png,42.0E,(14) 42.0E KU-band Türksat 3A/4A/5B/6A,Found
,1_0_19_702_7_42_1A40000_0_0_0.png,.png,42.0E,(14) 42.0E KU-band Türksat 3A/4A/5B/6A,Found
,1_0_19_484_1_42_1A40000_0_0_0.png,.png,42.0E,(14) 42.0E KU-band Türksat 3A/4A/5B/6A,Found
,1_0_19_485_1_42_1A40000_0_0_0.png,.png,42.0E,(14) 42.0E KU-band Türksat 3A/4A/5B/6A,Found
,1_0_19_489_1_42_1A40000_0_0_0.png,.png,42.0E,(14) 42.0E KU-band Türksat 3A/4A/5B/6A,Found
,1_0_19_48C_1_42_1A40000_0_0_0.png,.png,42.0E,(14) 42.0E KU-band Türksat 3A/4A/5B/6A,Found
,1_0_19_4A7_1_42_1A40000_0_0_0.png,.png,42.0E,(14) 42.0E KU-band Türksat 3A/4A/5B/6A,Found
,1_0_19_6B3_7_42_1A40000_0_0_0.png,.png,42.0E,(14) 42.0E KU-band Türksat 3A/4A/5B/6A,Found
,1_0_19_6BB_7_42_1A40000_0_0_0.png,.png,42.0E,(14) 42.0E KU-band Türksat 3A/4A/5B/6A,Found
,1_0_19_6BD_7_42_1A40000_0_0_0.png,.png,42.0E,(14) 42.0E KU-band Türksat 3A/4A/5B/6A,Found
,1_0_19_6FF_7_42_1A40000_0_0_0.png,.png,42.0E,(14) 42.0E KU-band Türksat 3A/4A/5B/6A,Found
,1_0_81_708_1_42_1A40000_0_0_0.png,.png,42.0E,(14) 42.0E KU-band Türksat 3A/4A/5B/6A,Found
,1_0_81_709_9_42_1A40000_0_0_0.png,.png,42.0E,(14) 42.0E KU-band Türksat 3A/4A/5B/6A,Found
,1_0_81_70A_1_42_1A40000_0_0_0.png,.png,42.0E,(14) 42.0E KU-band Türksat 3A/4A/5B/6A,Found
,1_0_81_70B_9_42_1A40000_0_0_0.png,.png,42.0E,(14) 42.0E KU-band Türksat 3A/4A/5B/6A,Found
,1_0_81_70D_1_42_1A40000_0_0_0.png,.png,42.0E,(14) 42.0E KU-band Türksat 3A/4A/5B/6A,Found
,1_0_82_27AF_3_42_1A40000_0_0_0.png,.png,42.0E,(14) 42.0E KU-band Türksat 3A/4A/5B/6A,Found
,1_0_82_BD_9_42_1A40000_0_0_0.png,.png,42.0E,(14) 42.0E KU-band Türksat 3A/4A/5B/6A,Found
'60'lar,1_0_1_784_9_42_1A40000_0_0_0.png,60lar.png,42.0E,(14) 42.0E KU-band Türksat 3A/4A/5B/6A,Found
'80'ler,1_0_1_782_9_42_1A40000_0_0_0.png,80ler.png,42.0E,(14) 42.0E KU-band Türksat 3A/4A/5B/6A,Found
'90'lar,1_0_1_781_9_42_1A40000_0_0_0.png,90lar.png,42.0E,(14) 42.0E KU-band Türksat 3A/4A/5B/6A,Found
0 SIFIR TV,1_0_11_C8E1_A411_42E_1A40000_0_0_0.png,0sifirtv.png,42.0E,(14) 42.0E KU-band Türksat 3A/4A/5B/6A,Found
2000'ler,1_0_1_780_9_42_1A40000_0_0_0.png,2000ler.png,42.0E,(14) 42.0E KU-band Türksat 3A/4A/5B/6A,Found
24,1_0_1_40D8_A2E6_42E_1A40000_0_0_0.png,24.png,42.0E,(14) 42.0E KU-band Türksat 3A/4A/5B/6A,Found
24 HD,1_0_1_413C_A2E7_42E_1A40000_0_0_0.png,24hd.png,42.0E,(14) 42.0E KU-band Türksat 3A/4A/5B/6A,Found
360,1_0_1_40D9_A2E6_42E_1A40000_0_0_0.png,360.png,42.0E,(14) 42.0E KU-band Türksat 3A/4A/5B/6A,Found
360 HD,1_0_1_413D_A2E7_42E_1A40000_0_0_0.png,360hd.png,42.0E,(14) 42.0E KU-band Türksat 3A/4A/5B/6A,Found
5 INTERNATIONAL,1_0_1_439F_EAC5_42E_1A40000_0_0_0.png,5international.png,42.0E,(14) 42.0E KU-band Türksat 3A/4A/5B/6A,Found
5 INTERNATIONAL,1_0_1_43D1_7D6C_42E_1A40000_0_0_0.png,5international.png,42.0E,(14) 42.0E KU-band Türksat 3A/4A/5B/6A,Found
A HABER,1_0_1_283D_9F61_42E_1A40000_0_0_0.png,ahaber.png,42.0E,(14) 42.0E KU-band Türksat 3A/4A/5B/6A,Found
A HABER,1_0_1_28A1_9CA6_42E_1A40000_0_0_0.png,ahaber.png,42.0E,(14) 42.0E KU-band Türksat 3A/4A/5B/6A,Found
A HABER HD,1_0_1_2842_9F61_42E_1A40000_0_0_0.png,ahaberhd.png,42.0E,(14) 42.0E KU-band Türksat 3A/4A/5B/6A,Found
A NEWS HD,1_0_1_4010_9E38_42E_1A40000_0_0_0.png,anewshd.png,42.0E,(14) 42.0E KU-band Türksat 3A/4A/5B/6A,Found
A PARA HD,1_0_1_4011_9E38_42E_1A40000_0_0_0.png,aparahd.png,42.0E,(14) 42.0E KU-band Türksat 3A/4A/5B/6A,Found
A SPOR,1_0_1_283E_9F61_42E_1A40000_0_0_0.png,aspor.png,42.0E,(14) 42.0E KU-band Türksat 3A/4A/5B/6A,Found
A SPOR HD,1_0_1_2843_9F61_42E_1A40000_0_0_0.png,asporhd.png,42.0E,(14) 42.0E KU-band Türksat 3A/4A/5B/6A,Found
A2,1_0_1_284A_9F61_42E_1A40000_0_0_0.png,a2.png,42.0E,(14) 42.0E KU-band Türksat 3A/4A/5B/6A,Found
A2 HD,1_0_1_4012_9E38_42E_1A40000_0_0_0.png,a2hd.png,42.0E,(14) 42.0E KU-band Türksat 3A/4A/5B/6A,Found
ADA TV,1_0_1_C610_A3AD_42E_1A40000_0_0_0.png,adatv.png,42.0E,(14) 42.0E KU-band Türksat 3A/4A/5B/6A,Found
AGRO TV,1_0_1_CBF3_A925_42E_1A40000_0_0_0.png,agrotv.png,42.0E,(14) 42.0E KU-band Türksat 3A/4A/5B/6A,Found
AKIT TV HD,1_0_19_CA58_7B0E_42E_1A40000_0_0_0.png,akittvhd.png,42.0E,(14) 42.0E KU-band Türksat 3A/4A/5B/6A,Found
AKSU TV,1_0_1_3910_A21D_42E_1A40000_0_0_0.png,aksutv.png,42.0E,(14) 42.0E KU-band Türksat 3A/4A/5B/6A,Found
AL HADATH NEWS CHANNEL,1_0_1_C3C1_A475_42E_1A40000_0_0_0.png,alhadathnewschannel.png,42.0E,(14) 42.0E KU-band Türksat 3A/4A/5B/6A,Found
AL JAZEERA CHANNEL,1_0_11_4238_A929_2A_1A40000_0_0_0.png,aljazeerachannel.png,42.0E,(14) 42.0E KU-band Türksat 3A/4A/5B/6A,Found
AL JAZEERA INTERNATIONAL HD,1_0_11_4212_A929_2A_1A40000_0_0_0.png,aljazeerainternationalhd.png,42.0E,(14) 42.0E KU-band Türksat 3A/4A/5B/6A,Found
AL QURAN AL KAREEM TV,1_0_19_C57D_C6D5_42E_1A40000_0_0_0.png,alquranalkareemtv.png,42.0E,(14) 42.0E KU-band Türksat 3A/4A/5B/6A,Found
AL SUNNAH AL NABAWIYAH,1_0_19_C57E_C6D5_42E_1A40000_0_0_0.png,alsunnahalnabawiyah.png,42.0E,(14) 42.0E KU-band Türksat 3A/4A/5B/6A,Found
ALEM FM,1_0_2_40DA_A2E6_42E_1A40000_0_0_0.png,alemfm.png,42.0E,(14) 42.0E KU-band Türksat 3A/4A/5B/6A,Found
ALIKHBARIYA TV,1_0_19_C3BF_A475_42E_1A40000_0_0_0.png,alikhbariyatv.png,42.0E,(14) 42.0E KU-band Türksat 3A/4A/5B/6A,Found
ANADOLUM,1_0_1_C800_A3AE_42E_1A40000_0_0_0.png,anadolum.png,42.0E,(14) 42.0E KU-band Türksat 3A/4A/5B/6A,Found
AROUND THE WORLD,1_0_1_7B0_9_42_1A40000_0_0_0.png,aroundtheworld.png,42.0E,(14) 42.0E KU-band Türksat 3A/4A/5B/6A,Found
AS,1_0_1_C57C_C6D5_42E_1A40000_0_0_0.png,as.png,42.0E,(14) 42.0E KU-band Türksat 3A/4A/5B/6A,Found
ASFTV,1_0_1_519_3_42_1A40000_0_0_0.png,asftv.png,42.0E,(14) 42.0E KU-band Türksat 3A/4A/5B/6A,Found
ASFTV,1_0_1_537_3_42_1A40000_0_0_0.png,asftv.png,42.0E,(14) 42.0E KU-band Türksat 3A/4A/5B/6A,Found
ATV,1_0_1_283C_9F61_42E_1A40000_0_0_0.png,atv.png,42.0E,(14) 42.0E KU-band Türksat 3A/4A/5B/6A,Found
ATV HD,1_0_1_2841_9F61_42E_1A40000_0_0_0.png,atvhd.png,42.0E,(14) 42.0E KU-band Türksat 3A/4A/5B/6A,Found
AYAZ TV,1_0_1_C41E_A4D9_42E_1A40000_0_0_0.png,ayaztv.png,42.0E,(14) 42.0E KU-band Türksat 3A/4A/5B/6A,Found
AZOOMEE,1_0_19_487_1_42_1A40000_0_0_0.png,azoomee.png,42.0E,(14) 42.0E KU-band Türksat 3A/4A/5B/6A,Found
BABY TV,1_0_11_C8DE_A411_42E_1A40000_0_0_0.png,babytv.png,42.0E,(14) 42.0E KU-band Türksat 3A/4A/5B/6A,Found
BABY TV,1_0_19_778_9_42_1A40000_0_0_0.png,babytv.png,42.0E,(14) 42.0E KU-band Türksat 3A/4A/5B/6A,Found
BAROQUE,1_0_1_7B3_9_42_1A40000_0_0_0.png,baroque.png,42.0E,(14) 42.0E KU-band Türksat 3A/4A/5B/6A,Found
BAYRAM FM,1_0_2_C819_A3AE_42E_1A40000_0_0_0.png,bayramfm.png,42.0E,(14) 42.0E KU-band Türksat 3A/4A/5B/6A,Found
BBC CBeebies HD,1_0_11_426F_78B5_2A_1A40000_0_0_0.png,bbccbeebieshd.png,42.0E,(14) 42.0E KU-band Türksat 3A/4A/5B/6A,Found
BBC EARTH,1_0_19_6B1_7_42_1A40000_0_0_0.png,bbcearth.png,42.0E,(14) 42.0E KU-band Türksat 3A/4A/5B/6A,Found
BBC EARTH HD,1_0_11_427D_78B5_2A_1A40000_0_0_0.png,bbcearthhd.png,42.0E,(14) 42.0E KU-band Türksat 3A/4A/5B/6A,Found
BBC FIRST HD,1_0_19_3E84_A8C3_42E_1A40000_0_0_0.png,bbcfirsthd.png,42.0E,(14) 42.0E KU-band Türksat 3A/4A/5B/6A,Found
BBC WORLD NEWS,1_0_19_772_9_42_1A40000_0_0_0.png,bbcworldnews.png,42.0E,(14) 42.0E KU-band Türksat 3A/4A/5B/6A,Found
BBC WORLD NEWS HD,1_0_11_426B_78B5_2A_1A40000_0_0_0.png,bbcworldnewshd.png,42.0E,(14) 42.0E KU-band Türksat 3A/4A/5B/6A,Found
BEST FM,1_0_2_C816_A3AE_42E_1A40000_0_0_0.png,bestfm.png,42.0E,(14) 42.0E KU-band Türksat 3A/4A/5B/6A,Found
BEST FM,1_0_2_14E6_A929_2A_1A40000_0_0_0.png,bestfm.png,42.0E,(14) 42.0E KU-band Türksat 3A/4A/5B/6A,Found
BEYAZ TV HD,1_0_19_C801_A3AE_42E_1A40000_0_0_0.png,beyaztvhd.png,42.0E,(14) 42.0E KU-band Türksat 3A/4A/5B/6A,Found
BI KANAL,1_0_1_C585_C6D5_42E_1A40000_0_0_0.png,bikanal.png,42.0E,(14) 42.0E KU-band Türksat 3A/4A/5B/6A,Found
BIR TV,1_0_1_CA73_7B0E_42E_1A40000_0_0_0.png,birtv.png,42.0E,(14) 42.0E KU-band Türksat 3A/4A/5B/6A,Found
BLOOMBERG,1_0_1_3752_4E85_2A_1A40000_0_0_0.png,bloomberg.png,42.0E,(14) 42.0E KU-band Türksat 3A/4A/5B/6A,Found
BLOOMBERG HT,1_0_1_2BC1_7DC9_42E_1A40000_0_0_0.png,bloomberght.png,42.0E,(14) 42.0E KU-band Türksat 3A/4A/5B/6A,Found
BLOOMBERGHT HD,1_0_19_2AFA_A1B9_42E_1A40000_0_0_0.png,bloomberghthd.png,42.0E,(14) 42.0E KU-band Türksat 3A/4A/5B/6A,Found
BROADWAY,1_0_1_7B1_9_42_1A40000_0_0_0.png,broadway.png,42.0E,(14) 42.0E KU-band Türksat 3A/4A/5B/6A,Found
BRT 1 HD,1_0_1_C60C_A3AD_42E_1A40000_0_0_0.png,brt1hd.png,42.0E,(14) 42.0E KU-band Türksat 3A/4A/5B/6A,Found
BRT 2 HD,1_0_1_C60D_A3AD_42E_1A40000_0_0_0.png,brt2hd.png,42.0E,(14) 42.0E KU-band Türksat 3A/4A/5B/6A,Found
BRT 3,1_0_1_C3B5_A475_42E_1A40000_0_0_0.png,brt3.png,42.0E,(14) 42.0E KU-band Türksat 3A/4A/5B/6A,Found
BRTV ANADOLU,1_0_1_3917_A21D_42E_1A40000_0_0_0.png,brtvanadolu.png,42.0E,(14) 42.0E KU-band Türksat 3A/4A/5B/6A,Found
BU_T,1_0_11_3CB7_C5A8_2A_1A40000_0_0_0.png,but.png,42.0E,(14) 42.0E KU-band Türksat 3A/4A/5B/6A,Found
CAN TEMPO TV,1_0_1_391B_A21D_42E_1A40000_0_0_0.png,cantempotv.png,42.0E,(14) 42.0E KU-band Türksat 3A/4A/5B/6A,Found
CARTOON NETWORK,1_0_1_45B_1_42_1A40000_0_0_0.png,cartoonnetwork.png,42.0E,(14) 42.0E KU-band Türksat 3A/4A/5B/6A,Found
CARTOONITO,1_0_19_77C_9_42_1A40000_0_0_0.png,cartoonito.png,42.0E,(14) 42.0E KU-band Türksat 3A/4A/5B/6A,Found
CAY TV,1_0_1_C684_7660_42E_1A40000_0_0_0.png,caytv.png,42.0E,(14) 42.0E KU-band Türksat 3A/4A/5B/6A,Found
CEM,1_0_1_C584_C6D5_42E_1A40000_0_0_0.png,cem.png,42.0E,(14) 42.0E KU-band Türksat 3A/4A/5B/6A,Found
CGTN DOCUMENTARY HD,1_0_11_4205_A929_2A_1A40000_0_0_0.png,cgtndocumentaryhd.png,42.0E,(14) 42.0E KU-band Türksat 3A/4A/5B/6A,Found
CHANSONS,1_0_1_79D_9_42_1A40000_0_0_0.png,chansons.png,42.0E,(14) 42.0E KU-band Türksat 3A/4A/5B/6A,Found
CHILLOUT,1_0_1_788_9_42_1A40000_0_0_0.png,chillout.png,42.0E,(14) 42.0E KU-band Türksat 3A/4A/5B/6A,Found
CIFTCI TV,1_0_19_3913_A21D_42E_1A40000_0_0_0.png,ciftcitv.png,42.0E,(14) 42.0E KU-band Türksat 3A/4A/5B/6A,Found
CLASSIC MASTERS,1_0_1_787_9_42_1A40000_0_0_0.png,classicmasters.png,42.0E,(14) 42.0E KU-band Türksat 3A/4A/5B/6A,Found
CLASSIC ROCK,1_0_1_79B_9_42_1A40000_0_0_0.png,classicrock.png,42.0E,(14) 42.0E KU-band Türksat 3A/4A/5B/6A,Found
CLASSIC ROCK,1_0_2_14C7_A929_2A_1A40000_0_0_0.png,classicrock.png,42.0E,(14) 42.0E KU-band Türksat 3A/4A/5B/6A,Found
CLASSICAL CALM,1_0_1_7A6_9_42_1A40000_0_0_0.png,classicalcalm.png,42.0E,(14) 42.0E KU-band Türksat 3A/4A/5B/6A,Found
CLASSICAL GREATS,1_0_1_78D_9_42_1A40000_0_0_0.png,classicalgreats.png,42.0E,(14) 42.0E KU-band Türksat 3A/4A/5B/6A,Found
CLASSICAL ORCHESTRAL,1_0_1_78C_9_42_1A40000_0_0_0.png,classicalorchestral.png,42.0E,(14) 42.0E KU-band Türksat 3A/4A/5B/6A,Found
CNBC-E,1_0_19_CBFD_A925_42E_1A40000_0_0_0.png,cnbce.png,42.0E,(14) 42.0E KU-band Türksat 3A/4A/5B/6A,Found
CNN INT HD,1_0_11_3755_4E85_2A_1A40000_0_0_0.png,cnninthd.png,42.0E,(14) 42.0E KU-band Türksat 3A/4A/5B/6A,Found
CNN INTERNATIONAL,1_0_19_6AF_7_42_1A40000_0_0_0.png,cnninternational.png,42.0E,(14) 42.0E KU-band Türksat 3A/4A/5B/6A,Found
COLORBAR H264,1_0_19_1_1_42E_1A40000_0_0_0.png,colorbarh264.png,42.0E,(14) 42.0E KU-band Türksat 3A/4A/5B/6A,Found
COOL JAZZ,1_0_1_78A_9_42_1A40000_0_0_0.png,cooljazz.png,42.0E,(14) 42.0E KU-band Türksat 3A/4A/5B/6A,Found
COSMO EN,1_0_19_6AC_7_42_1A40000_0_0_0.png,cosmoen.png,42.0E,(14) 42.0E KU-band Türksat 3A/4A/5B/6A,Found
COSMOSPORTS,1_0_19_77E_9_42_1A40000_0_0_0.png,cosmosports.png,42.0E,(14) 42.0E KU-band Türksat 3A/4A/5B/6A,Found
D anadolu,1_0_1_52D_3_42_1A40000_0_0_0.png,danadolu.png,42.0E,(14) 42.0E KU-band Türksat 3A/4A/5B/6A,Found
DA VINCI,1_0_19_486_1_42_1A40000_0_0_0.png,davinci.png,42.0E,(14) 42.0E KU-band Türksat 3A/4A/5B/6A,Found
DANCE CLUBBIN',1_0_1_7AD_9_42_1A40000_0_0_0.png,danceclubbin.png,42.0E,(14) 42.0E KU-band Türksat 3A/4A/5B/6A,Found
DANCEFLOOR FILLERS,1_0_1_786_9_42_1A40000_0_0_0.png,dancefloorfillers.png,42.0E,(14) 42.0E KU-band Türksat 3A/4A/5B/6A,Found
DEEP BLUES,1_0_1_78F_9_42_1A40000_0_0_0.png,deepblues.png,42.0E,(14) 42.0E KU-band Türksat 3A/4A/5B/6A,Found
DIGITURK 4K,1_0_1F_420E_A929_2A_1A40000_0_0_0.png,digiturk4k.png,42.0E,(14) 42.0E KU-band Türksat 3A/4A/5B/6A,Found
DISCOVERY CHANNEL,1_0_19_76D_9_42_1A40000_0_0_0.png,discoverychannel.png,42.0E,(14) 42.0E KU-band Türksat 3A/4A/5B/6A,Found
DISCOVERY CHANNEL HD,1_0_11_C8D4_A411_42E_1A40000_0_0_0.png,discoverychannelhd.png,42.0E,(14) 42.0E KU-band Türksat 3A/4A/5B/6A,Found
DISNEY JUNIOR,1_0_19_3E90_A8C3_42E_1A40000_0_0_0.png,disneyjunior.png,42.0E,(14) 42.0E KU-band Türksat 3A/4A/5B/6A,Found
DISNEY JUNIOR HD,1_0_19_3334_A1BC_1_1A40000_0_0_0.png,disneyjuniorhd.png,42.0E,(14) 42.0E KU-band Türksat 3A/4A/5B/6A,Found
DIYANET RADYO,1_0_2_C80C_A3AE_42E_1A40000_0_0_0.png,diyanetradyo.png,42.0E,(14) 42.0E KU-band Türksat 3A/4A/5B/6A,Found
DIYANET TV,1_0_1_C41C_A4D9_42E_1A40000_0_0_0.png,diyanettv.png,42.0E,(14) 42.0E KU-band Türksat 3A/4A/5B/6A,Found
DIYANET TV HD,1_0_19_C803_A3AE_42E_1A40000_0_0_0.png,diyanettvhd.png,42.0E,(14) 42.0E KU-band Türksat 3A/4A/5B/6A,Found
DMAX,1_0_1_2A32_9E99_42E_1A40000_0_0_0.png,dmax.png,42.0E,(14) 42.0E KU-band Türksat 3A/4A/5B/6A,Found
DMAX HD,1_0_19_2A3F_9E99_42E_1A40000_0_0_0.png,dmaxhd.png,42.0E,(14) 42.0E KU-band Türksat 3A/4A/5B/6A,Found
DMDU_E,1_0_11_3CB6_C5A8_2A_1A40000_0_0_0.png,dmdue.png,42.0E,(14) 42.0E KU-band Türksat 3A/4A/5B/6A,Found
DMDU_T,1_0_11_3CB5_C5A8_2A_1A40000_0_0_0.png,dmdut.png,42.0E,(14) 42.0E KU-band Türksat 3A/4A/5B/6A,Found
DOCUSCREEN,1_0_19_77B_9_42_1A40000_0_0_0.png,docuscreen.png,42.0E,(14) 42.0E KU-band Türksat 3A/4A/5B/6A,Found
DOMASHNIY INTERNATIONAL,1_0_1_439A_EAC5_42E_1A40000_0_0_0.png,domashniyinternational.png,42.0E,(14) 42.0E KU-band Türksat 3A/4A/5B/6A,Found
DOMASHNIY INTERNATIONAL,1_0_1_43CC_7D6C_42E_1A40000_0_0_0.png,domashniyinternational.png,42.0E,(14) 42.0E KU-band Türksat 3A/4A/5B/6A,Found
DOST TV,1_0_1_C686_7660_42E_1A40000_0_0_0.png,dosttv.png,42.0E,(14) 42.0E KU-band Türksat 3A/4A/5B/6A,Found
DREAM TV,1_0_19_76E_9_42_1A40000_0_0_0.png,dreamtv.png,42.0E,(14) 42.0E KU-band Türksat 3A/4A/5B/6A,Found
DİZİ PREMIUM,1_0_19_775_9_42_1A40000_0_0_0.png,dizipremium.png,42.0E,(14) 42.0E KU-band Türksat 3A/4A/5B/6A,Found
DİZİSMART MAX,1_0_19_77A_9_42_1A40000_0_0_0.png,dizismartmax.png,42.0E,(14) 42.0E KU-band Türksat 3A/4A/5B/6A,Found
EASY LISTENING,1_0_1_7A5_9_42_1A40000_0_0_0.png,easylistening.png,42.0E,(14) 42.0E KU-band Türksat 3A/4A/5B/6A,Found
EASY LISTENING,1_0_2_14D1_A929_2A_1A40000_0_0_0.png,easylistening.png,42.0E,(14) 42.0E KU-band Türksat 3A/4A/5B/6A,Found
EDESSA TV,1_0_1_C679_7660_42E_1A40000_0_0_0.png,edessatv.png,42.0E,(14) 42.0E KU-band Türksat 3A/4A/5B/6A,Found
EGE TV,1_0_1_C612_A3AD_42E_1A40000_0_0_0.png,egetv.png,42.0E,(14) 42.0E KU-band Türksat 3A/4A/5B/6A,Found
EGEMAX TV,1_0_1_CA74_7B0E_42E_1A40000_0_0_0.png,egemaxtv.png,42.0E,(14) 42.0E KU-band Türksat 3A/4A/5B/6A,Found
EKOL SPORTS,1_0_11_C8E0_A411_42E_1A40000_0_0_0.png,ekolsports.png,42.0E,(14) 42.0E KU-band Türksat 3A/4A/5B/6A,Found
EKOTURK HD,1_0_19_CBE9_A925_42E_1A40000_0_0_0.png,ekoturkhd.png,42.0E,(14) 42.0E KU-band Türksat 3A/4A/5B/6A,Found
EPIC DRAMA,1_0_19_3AFE_A98A_42E_1A40000_0_0_0.png,epicdrama.png,42.0E,(14) 42.0E KU-band Türksat 3A/4A/5B/6A,Found
ER TV,1_0_1_3914_A21D_42E_1A40000_0_0_0.png,ertv.png,42.0E,(14) 42.0E KU-band Türksat 3A/4A/5B/6A,Found
ES TV,1_0_1_3912_A21D_42E_1A40000_0_0_0.png,estv.png,42.0E,(14) 42.0E KU-band Türksat 3A/4A/5B/6A,Found
EURONEWS HD,1_0_11_4272_78B5_2A_1A40000_0_0_0.png,euronewshd.png,42.0E,(14) 42.0E KU-band Türksat 3A/4A/5B/6A,Found
EUROSPORT 1,1_0_19_6A8_7_42_1A40000_0_0_0.png,eurosport1.png,42.0E,(14) 42.0E KU-band Türksat 3A/4A/5B/6A,Found
EUROSPORT 1 HD,1_0_11_3C9D_C5A8_2A_1A40000_0_0_0.png,eurosport1hd.png,42.0E,(14) 42.0E KU-band Türksat 3A/4A/5B/6A,Found
EUROSPORT 2,1_0_19_6A9_7_42_1A40000_0_0_0.png,eurosport2.png,42.0E,(14) 42.0E KU-band Türksat 3A/4A/5B/6A,Found
EUROSPORT 2 HD,1_0_11_426C_78B5_2A_1A40000_0_0_0.png,eurosport2hd.png,42.0E,(14) 42.0E KU-band Türksat 3A/4A/5B/6A,Found
EUROSTAR,1_0_1_C86F_9CA5_42E_1A40000_0_0_0.png,eurostar.png,42.0E,(14) 42.0E KU-band Türksat 3A/4A/5B/6A,Found
FASHION TV,1_0_19_773_9_42_1A40000_0_0_0.png,fashiontv.png,42.0E,(14) 42.0E KU-band Türksat 3A/4A/5B/6A,Found
FASHION TV HD,1_0_11_3756_4E85_2A_1A40000_0_0_0.png,fashiontvhd.png,42.0E,(14) 42.0E KU-band Türksat 3A/4A/5B/6A,Found
FB TV,1_0_19_C9B3_76C1_42E_1A40000_0_0_0.png,fbtv.png,42.0E,(14) 42.0E KU-band Türksat 3A/4A/5B/6A,Found
FB TV HD,1_0_11_4213_A929_2A_1A40000_0_0_0.png,fbtvhd.png,42.0E,(14) 42.0E KU-band Türksat 3A/4A/5B/6A,Found
FENOMEN TURK,1_0_2_3922_A21D_42E_1A40000_0_0_0.png,fenomenturk.png,42.0E,(14) 42.0E KU-band Türksat 3A/4A/5B/6A,Found
FIGHT NETWORK HD,1_0_19_3AFD_A98A_42E_1A40000_0_0_0.png,fightnetworkhd.png,42.0E,(14) 42.0E KU-band Türksat 3A/4A/5B/6A,Found
FIGHTSCREEN,1_0_19_48A_1_42_1A40000_0_0_0.png,fightscreen.png,42.0E,(14) 42.0E KU-band Türksat 3A/4A/5B/6A,Found
FILMSCREEN,1_0_19_771_9_42_1A40000_0_0_0.png,filmscreen.png,42.0E,(14) 42.0E KU-band Türksat 3A/4A/5B/6A,Found
FLASH HABER HD,1_0_19_C871_9CA5_42E_1A40000_0_0_0.png,flashhaberhd.png,42.0E,(14) 42.0E KU-band Türksat 3A/4A/5B/6A,Found
FM TV,1_0_1_C68A_7660_42E_1A40000_0_0_0.png,fmtv.png,42.0E,(14) 42.0E KU-band Türksat 3A/4A/5B/6A,Found
FOLK ROOTS,1_0_1_798_9_42_1A40000_0_0_0.png,folkroots.png,42.0E,(14) 42.0E KU-band Türksat 3A/4A/5B/6A,Found
FRANCE 24,1_0_11_4270_78B5_2A_1A40000_0_0_0.png,france24.png,42.0E,(14) 42.0E KU-band Türksat 3A/4A/5B/6A,Found
FREEDOM,1_0_1_CA62_7B0E_42E_1A40000_0_0_0.png,freedom.png,42.0E,(14) 42.0E KU-band Türksat 3A/4A/5B/6A,Found
FX HD,1_0_19_3B1F_A98A_42E_1A40000_0_0_0.png,fxhd.png,42.0E,(14) 42.0E KU-band Türksat 3A/4A/5B/6A,Found
FX HD,1_0_19_3333_A1BC_1_1A40000_0_0_0.png,fxhd.png,42.0E,(14) 42.0E KU-band Türksat 3A/4A/5B/6A,Found
GENC TV,1_0_1_CBF2_A925_42E_1A40000_0_0_0.png,genctv.png,42.0E,(14) 42.0E KU-band Türksat 3A/4A/5B/6A,Found
GONCA TV,1_0_1_C3BE_A475_42E_1A40000_0_0_0.png,goncatv.png,42.0E,(14) 42.0E KU-band Türksat 3A/4A/5B/6A,Found
GOZDE TV,1_0_1_CBEF_A925_42E_1A40000_0_0_0.png,gozdetv.png,42.0E,(14) 42.0E KU-band Türksat 3A/4A/5B/6A,Found
GREATEST HITS,1_0_1_7AA_9_42_1A40000_0_0_0.png,greatesthits.png,42.0E,(14) 42.0E KU-band Türksat 3A/4A/5B/6A,Found
GRT,1_0_19_390F_A21D_42E_1A40000_0_0_0.png,grt.png,42.0E,(14) 42.0E KU-band Türksat 3A/4A/5B/6A,Found
GRT TV,1_0_1_C68F_7660_42E_1A40000_0_0_0.png,grttv.png,42.0E,(14) 42.0E KU-band Türksat 3A/4A/5B/6A,Found
GUNEYDOGU TV,1_0_1_C67B_7660_42E_1A40000_0_0_0.png,guneydogutv.png,42.0E,(14) 42.0E KU-band Türksat 3A/4A/5B/6A,Found
GZT HD,1_0_19_CBFE_A925_42E_1A40000_0_0_0.png,gzthd.png,42.0E,(14) 42.0E KU-band Türksat 3A/4A/5B/6A,Found
HABER GLOBAL,1_0_1_C807_A3AE_42E_1A40000_0_0_0.png,haberglobal.png,42.0E,(14) 42.0E KU-band Türksat 3A/4A/5B/6A,Found
HABER GLOBAL HD,1_0_19_CA6B_7B0E_42E_1A40000_0_0_0.png,haberglobalhd.png,42.0E,(14) 42.0E KU-band Türksat 3A/4A/5B/6A,Found
HABERTURK,1_0_1_2BC0_7DC9_42E_1A40000_0_0_0.png,haberturk.png,42.0E,(14) 42.0E KU-band Türksat 3A/4A/5B/6A,Found
HABERTURK HD,1_0_19_2AF9_A1B9_42E_1A40000_0_0_0.png,haberturkhd.png,42.0E,(14) 42.0E KU-band Türksat 3A/4A/5B/6A,Found
HABERTURK RADYO,1_0_2_2BC2_7DC9_42E_1A40000_0_0_0.png,haberturkradyo.png,42.0E,(14) 42.0E KU-band Türksat 3A/4A/5B/6A,Found
HABERTURK RADYO,1_0_2_2AFC_A1B9_42E_1A40000_0_0_0.png,haberturkradyo.png,42.0E,(14) 42.0E KU-band Türksat 3A/4A/5B/6A,Found
HABİTAT TV HD,1_0_19_39D5_A989_42E_1A40000_0_0_0.png,habitattvhd.png,42.0E,(14) 42.0E KU-band Türksat 3A/4A/5B/6A,Found
HALK TV,1_0_1_C3B4_A475_42E_1A40000_0_0_0.png,halktv.png,42.0E,(14) 42.0E KU-band Türksat 3A/4A/5B/6A,Found
HALK TV HD,1_0_19_C693_7660_42E_1A40000_0_0_0.png,halktvhd.png,42.0E,(14) 42.0E KU-band Türksat 3A/4A/5B/6A,Found
HAPPY,1_0_2_14D7_A929_2A_1A40000_0_0_0.png,happy.png,42.0E,(14) 42.0E KU-band Türksat 3A/4A/5B/6A,Found
HIP HOP,1_0_1_792_9_42_1A40000_0_0_0.png,hiphop.png,42.0E,(14) 42.0E KU-band Türksat 3A/4A/5B/6A,Found
HIT LIST,1_0_1_7AB_9_42_1A40000_0_0_0.png,hitlist.png,42.0E,(14) 42.0E KU-band Türksat 3A/4A/5B/6A,Found
HOT COUNTRY UK,1_0_1_790_9_42_1A40000_0_0_0.png,hotcountryuk.png,42.0E,(14) 42.0E KU-band Türksat 3A/4A/5B/6A,Found
HOUSE,1_0_1_7A1_9_42_1A40000_0_0_0.png,house.png,42.0E,(14) 42.0E KU-band Türksat 3A/4A/5B/6A,Found
HRT TV,1_0_1_C68D_7660_42E_1A40000_0_0_0.png,hrttv.png,42.0E,(14) 42.0E KU-band Türksat 3A/4A/5B/6A,Found
HT SPOR,1_0_19_CBFC_A925_42E_1A40000_0_0_0.png,htspor.png,42.0E,(14) 42.0E KU-band Türksat 3A/4A/5B/6A,Found
ID,1_0_19_779_9_42_1A40000_0_0_0.png,id.png,42.0E,(14) 42.0E KU-band Türksat 3A/4A/5B/6A,Found
ILKE TV,1_0_1_C613_A3AD_42E_1A40000_0_0_0.png,ilketv.png,42.0E,(14) 42.0E KU-band Türksat 3A/4A/5B/6A,Found
IZVESTIYA,1_0_1_439B_EAC5_42E_1A40000_0_0_0.png,izvestiya.png,42.0E,(14) 42.0E KU-band Türksat 3A/4A/5B/6A,Found
IZVESTIYA,1_0_1_43CD_7D6C_42E_1A40000_0_0_0.png,izvestiya.png,42.0E,(14) 42.0E KU-band Türksat 3A/4A/5B/6A,Found
JAZZ CLASSICS,1_0_1_78B_9_42_1A40000_0_0_0.png,jazzclassics.png,42.0E,(14) 42.0E KU-band Türksat 3A/4A/5B/6A,Found
JAZZ LATINO,1_0_1_7A7_9_42_1A40000_0_0_0.png,jazzlatino.png,42.0E,(14) 42.0E KU-band Türksat 3A/4A/5B/6A,Found
JAZZ NOW,1_0_1_7A8_9_42_1A40000_0_0_0.png,jazznow.png,42.0E,(14) 42.0E KU-band Türksat 3A/4A/5B/6A,Found
K KARDELEN TV,1_0_1_C692_7660_42E_1A40000_0_0_0.png,kkardelentv.png,42.0E,(14) 42.0E KU-band Türksat 3A/4A/5B/6A,Found
KABLO INFO HD,1_0_1_2_1_42E_1A40000_0_0_0.png,kabloinfohd.png,42.0E,(14) 42.0E KU-band Türksat 3A/4A/5B/6A,Found
KABLO INFO HD,1_0_19_C41A_A4D9_42E_1A40000_0_0_0.png,kabloinfohd.png,42.0E,(14) 42.0E KU-band Türksat 3A/4A/5B/6A,Found
KABLO INFO HD,1_0_19_C577_C6D5_42E_1A40000_0_0_0.png,kabloinfohd.png,42.0E,(14) 42.0E KU-band Türksat 3A/4A/5B/6A,Found
KADIRGA TV,1_0_1_C670_7660_42E_1A40000_0_0_0.png,kadirgatv.png,42.0E,(14) 42.0E KU-band Türksat 3A/4A/5B/6A,Found
KAFA RADYO,1_0_2_3937_A21D_42E_1A40000_0_0_0.png,kafaradyo.png,42.0E,(14) 42.0E KU-band Türksat 3A/4A/5B/6A,Found
KANAL 1,1_0_1_2B5F_A1BA_42E_1A40000_0_0_0.png,kanal1.png,42.0E,(14) 42.0E KU-band Türksat 3A/4A/5B/6A,Found
KANAL 12,1_0_1_3935_A21D_42E_1A40000_0_0_0.png,kanal12.png,42.0E,(14) 42.0E KU-band Türksat 3A/4A/5B/6A,Found
KANAL 15,1_0_1_391E_A21D_42E_1A40000_0_0_0.png,kanal15.png,42.0E,(14) 42.0E KU-band Türksat 3A/4A/5B/6A,Found
KANAL 23,1_0_1_391D_A21D_42E_1A40000_0_0_0.png,kanal23.png,42.0E,(14) 42.0E KU-band Türksat 3A/4A/5B/6A,Found
KANAL 26,1_0_1_390E_A21D_42E_1A40000_0_0_0.png,kanal26.png,42.0E,(14) 42.0E KU-band Türksat 3A/4A/5B/6A,Found
KANAL 3 HD,1_0_19_CBF5_A925_42E_1A40000_0_0_0.png,kanal3hd.png,42.0E,(14) 42.0E KU-band Türksat 3A/4A/5B/6A,Found
KANAL 32,1_0_1_CA5E_7B0E_42E_1A40000_0_0_0.png,kanal32.png,42.0E,(14) 42.0E KU-band Türksat 3A/4A/5B/6A,Found
KANAL 33,1_0_1_C9AB_76C1_42E_1A40000_0_0_0.png,kanal33.png,42.0E,(14) 42.0E KU-band Türksat 3A/4A/5B/6A,Found
KANAL 58,1_0_1_3932_A21D_42E_1A40000_0_0_0.png,kanal58.png,42.0E,(14) 42.0E KU-band Türksat 3A/4A/5B/6A,Found
KANAL 7,1_0_1_2CEC_A02A_42E_1A40000_0_0_0.png,kanal7.png,42.0E,(14) 42.0E KU-band Türksat 3A/4A/5B/6A,Found
KANAL 7 HD,1_0_1_2D50_A02B_42E_1A40000_0_0_0.png,kanal7hd.png,42.0E,(14) 42.0E KU-band Türksat 3A/4A/5B/6A,Found
KANAL AVRUPA,1_0_1_C9A8_76C1_42E_1A40000_0_0_0.png,kanalavrupa.png,42.0E,(14) 42.0E KU-band Türksat 3A/4A/5B/6A,Found
KANAL B,1_0_1_C864_9CA5_42E_1A40000_0_0_0.png,kanalb.png,42.0E,(14) 42.0E KU-band Türksat 3A/4A/5B/6A,Found
KANAL D,1_0_1_44D_1_42_1A40000_0_0_0.png,kanald.png,42.0E,(14) 42.0E KU-band Türksat 3A/4A/5B/6A,Found
KANAL D HD,1_0_19_6A5_7_42_1A40000_0_0_0.png,kanaldhd.png,42.0E,(14) 42.0E KU-band Türksat 3A/4A/5B/6A,Found
KANAL FIRAT,1_0_1_3916_A21D_42E_1A40000_0_0_0.png,kanalfirat.png,42.0E,(14) 42.0E KU-band Türksat 3A/4A/5B/6A,Found
KANAL T,1_0_1_C60F_A3AD_42E_1A40000_0_0_0.png,kanalt.png,42.0E,(14) 42.0E KU-band Türksat 3A/4A/5B/6A,Found
KANAL URFA,1_0_1_C67A_7660_42E_1A40000_0_0_0.png,kanalurfa.png,42.0E,(14) 42.0E KU-band Türksat 3A/4A/5B/6A,Found
KANAL V,1_0_1_3909_A21D_42E_1A40000_0_0_0.png,kanalv.png,42.0E,(14) 42.0E KU-band Türksat 3A/4A/5B/6A,Found
KARADENIZ FM,1_0_2_C817_A3AE_42E_1A40000_0_0_0.png,karadenizfm.png,42.0E,(14) 42.0E KU-band Türksat 3A/4A/5B/6A,Found
KIBRIS TV HD,1_0_19_CBF9_A925_42E_1A40000_0_0_0.png,kibristvhd.png,42.0E,(14) 42.0E KU-band Türksat 3A/4A/5B/6A,Found
KON TV,1_0_1_CA5B_7B0E_42E_1A40000_0_0_0.png,kontv.png,42.0E,(14) 42.0E KU-band Türksat 3A/4A/5B/6A,Found
KOY TV,1_0_1_CA67_7B0E_42E_1A40000_0_0_0.png,koytv.png,42.0E,(14) 42.0E KU-band Türksat 3A/4A/5B/6A,Found
KOZA TV,1_0_1_C691_7660_42E_1A40000_0_0_0.png,kozatv.png,42.0E,(14) 42.0E KU-band Türksat 3A/4A/5B/6A,Found
KRAL FM,1_0_2_2A3A_9E99_42E_1A40000_0_0_0.png,kralfm.png,42.0E,(14) 42.0E KU-band Türksat 3A/4A/5B/6A,Found
KRT TV HD,1_0_19_C870_9CA5_42E_1A40000_0_0_0.png,krttvhd.png,42.0E,(14) 42.0E KU-band Türksat 3A/4A/5B/6A,Found
KUDUS TV,1_0_1_C9A6_76C1_42E_1A40000_0_0_0.png,kudustv.png,42.0E,(14) 42.0E KU-band Türksat 3A/4A/5B/6A,Found
KUPE FM,1_0_2_C811_A3AE_42E_1A40000_0_0_0.png,kupefm.png,42.0E,(14) 42.0E KU-band Türksat 3A/4A/5B/6A,Found
LALEGUL FM,1_0_2_C69B_7660_42E_1A40000_0_0_0.png,lalegulfm.png,42.0E,(14) 42.0E KU-band Türksat 3A/4A/5B/6A,Found
LALEGUL TV,1_0_1_C68B_7660_42E_1A40000_0_0_0.png,lalegultv.png,42.0E,(14) 42.0E KU-band Türksat 3A/4A/5B/6A,Found
LATINO TROPICAL,1_0_1_794_9_42_1A40000_0_0_0.png,latinotropical.png,42.0E,(14) 42.0E KU-band Türksat 3A/4A/5B/6A,Found
LIG RADYO,1_0_2_40DB_A2E6_42E_1A40000_0_0_0.png,ligradyo.png,42.0E,(14) 42.0E KU-band Türksat 3A/4A/5B/6A,Found
LINE TV,1_0_1_C67D_7660_42E_1A40000_0_0_0.png,linetv.png,42.0E,(14) 42.0E KU-band Türksat 3A/4A/5B/6A,Found
LOVE NATURE,1_0_19_6B0_7_42_1A40000_0_0_0.png,lovenature.png,42.0E,(14) 42.0E KU-band Türksat 3A/4A/5B/6A,Found
LUYS TV,1_0_1_C9C3_76C1_42E_1A40000_0_0_0.png,luystv.png,42.0E,(14) 42.0E KU-band Türksat 3A/4A/5B/6A,Found
LİDER HABER HD,1_0_19_6AB_7_42_1A40000_0_0_0.png,liderhaberhd.png,42.0E,(14) 42.0E KU-band Türksat 3A/4A/5B/6A,Found
MALATYA VUSLAT TV,1_0_1_392C_A21D_42E_1A40000_0_0_0.png,malatyavuslattv.png,42.0E,(14) 42.0E KU-band Türksat 3A/4A/5B/6A,Found
MAXIMUM PARTY,1_0_1_7AE_9_42_1A40000_0_0_0.png,maximumparty.png,42.0E,(14) 42.0E KU-band Türksat 3A/4A/5B/6A,Found
MCM TOP HD,1_0_11_426D_78B5_2A_1A40000_0_0_0.png,mcmtophd.png,42.0E,(14) 42.0E KU-band Türksat 3A/4A/5B/6A,Found
MEDITERRANEAN MUSIC,1_0_1_7A9_9_42_1A40000_0_0_0.png,mediterraneanmusic.png,42.0E,(14) 42.0E KU-band Türksat 3A/4A/5B/6A,Found
MELTEM TV,1_0_1_C677_7660_42E_1A40000_0_0_0.png,meltemtv.png,42.0E,(14) 42.0E KU-band Türksat 3A/4A/5B/6A,Found
MERCAN TV,1_0_1_3915_A21D_42E_1A40000_0_0_0.png,mercantv.png,42.0E,(14) 42.0E KU-band Türksat 3A/4A/5B/6A,Found
METRO FM,1_0_2_565_3_42_1A40000_0_0_0.png,metrofm.png,42.0E,(14) 42.0E KU-band Türksat 3A/4A/5B/6A,Found
MEZZO HD,1_0_11_3757_4E85_2A_1A40000_0_0_0.png,mezzohd.png,42.0E,(14) 42.0E KU-band Türksat 3A/4A/5B/6A,Found
MK TV,1_0_1_391A_A21D_42E_1A40000_0_0_0.png,mktv.png,42.0E,(14) 42.0E KU-band Türksat 3A/4A/5B/6A,Found
MOONBUG,1_0_19_3B1E_A98A_42E_1A40000_0_0_0.png,moonbug.png,42.0E,(14) 42.0E KU-band Türksat 3A/4A/5B/6A,Found
MOVIE CLASSIC,1_0_19_776_9_42_1A40000_0_0_0.png,movieclassic.png,42.0E,(14) 42.0E KU-band Türksat 3A/4A/5B/6A,Found
NAT GEO HD,1_0_11_3C9F_C5A8_2A_1A40000_0_0_0.png,natgeohd.png,42.0E,(14) 42.0E KU-band Türksat 3A/4A/5B/6A,Found
NAT GEO HD,1_0_19_3332_A1BC_1_1A40000_0_0_0.png,natgeohd.png,42.0E,(14) 42.0E KU-band Türksat 3A/4A/5B/6A,Found
NATURE ESCAPE,1_0_19_774_9_42_1A40000_0_0_0.png,natureescape.png,42.0E,(14) 42.0E KU-band Türksat 3A/4A/5B/6A,Found
NATURE ESCAPE,1_0_19_77D_9_42_1A40000_0_0_0.png,natureescape.png,42.0E,(14) 42.0E KU-band Türksat 3A/4A/5B/6A,Found
NEO,1_0_1_C872_9CA5_42E_1A40000_0_0_0.png,neo.png,42.0E,(14) 42.0E KU-band Türksat 3A/4A/5B/6A,Found
NHK WORLD-JPN,1_0_19_451_1_42_1A40000_0_0_0.png,nhkworldjpn.png,42.0E,(14) 42.0E KU-band Türksat 3A/4A/5B/6A,Found
NICK JR.,1_0_1_3CB9_C5A8_2A_1A40000_0_0_0.png,nickjr.png,42.0E,(14) 42.0E KU-band Türksat 3A/4A/5B/6A,Found
NICKELODEON HD,1_0_11_375A_4E85_2A_1A40000_0_0_0.png,nickelodeonhd.png,42.0E,(14) 42.0E KU-band Türksat 3A/4A/5B/6A,Found
NICKELODEON HD,1_0_19_3B20_A98A_42E_1A40000_0_0_0.png,nickelodeonhd.png,42.0E,(14) 42.0E KU-band Türksat 3A/4A/5B/6A,Found
NICKTOONS,1_0_16_39DE_A989_42E_1A40000_0_0_0.png,nicktoons.png,42.0E,(14) 42.0E KU-band Türksat 3A/4A/5B/6A,Found
NOW,1_0_1_3200_A413_42E_1A40000_0_0_0.png,now.png,42.0E,(14) 42.0E KU-band Türksat 3A/4A/5B/6A,Found
NR1 TURK TV,1_0_1_C9AD_76C1_42E_1A40000_0_0_0.png,nr1turktv.png,42.0E,(14) 42.0E KU-band Türksat 3A/4A/5B/6A,Found
NTV,1_0_1_2A31_9E99_42E_1A40000_0_0_0.png,ntv.png,42.0E,(14) 42.0E KU-band Türksat 3A/4A/5B/6A,Found
NTV HD,1_0_19_2A36_9E99_42E_1A40000_0_0_0.png,ntvhd.png,42.0E,(14) 42.0E KU-band Türksat 3A/4A/5B/6A,Found
NTV MIR,1_0_1_4399_EAC5_42E_1A40000_0_0_0.png,ntvmir.png,42.0E,(14) 42.0E KU-band Türksat 3A/4A/5B/6A,Found
NTV MIR,1_0_1_43CB_7D6C_42E_1A40000_0_0_0.png,ntvmir.png,42.0E,(14) 42.0E KU-band Türksat 3A/4A/5B/6A,Found
NTV PRAVO,1_0_1_4397_EAC5_42E_1A40000_0_0_0.png,ntvpravo.png,42.0E,(14) 42.0E KU-band Türksat 3A/4A/5B/6A,Found
NTV PRAVO,1_0_1_43C9_7D6C_42E_1A40000_0_0_0.png,ntvpravo.png,42.0E,(14) 42.0E KU-band Türksat 3A/4A/5B/6A,Found
NTV RADYO,1_0_2_2A37_9E99_42E_1A40000_0_0_0.png,ntvradyo.png,42.0E,(14) 42.0E KU-band Türksat 3A/4A/5B/6A,Found
NTV SERIAL,1_0_1_4398_EAC5_42E_1A40000_0_0_0.png,ntvserial.png,42.0E,(14) 42.0E KU-band Türksat 3A/4A/5B/6A,Found
NTV SERIAL,1_0_1_43CA_7D6C_42E_1A40000_0_0_0.png,ntvserial.png,42.0E,(14) 42.0E KU-band Türksat 3A/4A/5B/6A,Found
NTV STYLE,1_0_1_4396_EAC5_42E_1A40000_0_0_0.png,ntvstyle.png,42.0E,(14) 42.0E KU-band Türksat 3A/4A/5B/6A,Found
NTV STYLE,1_0_1_43C8_7D6C_42E_1A40000_0_0_0.png,ntvstyle.png,42.0E,(14) 42.0E KU-band Türksat 3A/4A/5B/6A,Found
National Geographic WILD HD,1_0_11_3CA5_C5A8_2A_1A40000_0_0_0.png,nationalgeographicwildhd.png,42.0E,(14) 42.0E KU-band Türksat 3A/4A/5B/6A,Found
ON4 TV,1_0_1_C9B2_76C1_42E_1A40000_0_0_0.png,on4tv.png,42.0E,(14) 42.0E KU-band Türksat 3A/4A/5B/6A,Found
OPERA,1_0_1_7B2_9_42_1A40000_0_0_0.png,opera.png,42.0E,(14) 42.0E KU-band Türksat 3A/4A/5B/6A,Found
ORDU ALTAS TV,1_0_1_CA69_7B0E_42E_1A40000_0_0_0.png,ordualtastv.png,42.0E,(14) 42.0E KU-band Türksat 3A/4A/5B/6A,Found
PERETS INTERNATIONAL,1_0_1_439E_EAC5_42E_1A40000_0_0_0.png,peretsinternational.png,42.0E,(14) 42.0E KU-band Türksat 3A/4A/5B/6A,Found
PERETS INTERNATIONAL,1_0_1_43D0_7D6C_42E_1A40000_0_0_0.png,peretsinternational.png,42.0E,(14) 42.0E KU-band Türksat 3A/4A/5B/6A,Found
PERSIANA TURKIYE,1_0_1_CB26_A02D_42E_1A40000_0_0_0.png,persianaturkiye.png,42.0E,(14) 42.0E KU-band Türksat 3A/4A/5B/6A,Found
POPCORN,1_0_1_7B4_9_42_1A40000_0_0_0.png,popcorn.png,42.0E,(14) 42.0E KU-band Türksat 3A/4A/5B/6A,Found
POWER FM,1_0_2_391F_A21D_42E_1A40000_0_0_0.png,powerfm.png,42.0E,(14) 42.0E KU-band Türksat 3A/4A/5B/6A,Found
POWERTURK TV,1_0_1_390B_A21D_42E_1A40000_0_0_0.png,powerturktv.png,42.0E,(14) 42.0E KU-band Türksat 3A/4A/5B/6A,Found
PROGRAM 1364,1_0_19_554_3_42_1A40000_0_0_0.png,program1364.png,42.0E,(14) 42.0E KU-band Türksat 3A/4A/5B/6A,Found
RADYO 7,1_0_2_C69A_7660_42E_1A40000_0_0_0.png,radyo7.png,42.0E,(14) 42.0E KU-band Türksat 3A/4A/5B/6A,Found
RADYO 7,1_0_2_2CED_A02A_42E_1A40000_0_0_0.png,radyo7.png,42.0E,(14) 42.0E KU-band Türksat 3A/4A/5B/6A,Found
RADYO 90LAR,1_0_19_3B14_A98A_42E_1A40000_0_0_0.png,radyo90lar.png,42.0E,(14) 42.0E KU-band Türksat 3A/4A/5B/6A,Found
RADYO AKUSTİK,1_0_19_3B12_A98A_42E_1A40000_0_0_0.png,radyoakustik.png,42.0E,(14) 42.0E KU-band Türksat 3A/4A/5B/6A,Found
RADYO ARABESK,1_0_19_3B10_A98A_42E_1A40000_0_0_0.png,radyoarabesk.png,42.0E,(14) 42.0E KU-band Türksat 3A/4A/5B/6A,Found
RADYO BLUES,1_0_19_3B16_A98A_42E_1A40000_0_0_0.png,radyoblues.png,42.0E,(14) 42.0E KU-band Türksat 3A/4A/5B/6A,Found
RADYO CALISIYORKEN,1_0_19_3B02_A98A_42E_1A40000_0_0_0.png,radyocalisiyorken.png,42.0E,(14) 42.0E KU-band Türksat 3A/4A/5B/6A,Found
RADYO DİNİ MUSİKİ,1_0_19_3B11_A98A_42E_1A40000_0_0_0.png,radyodinimusiki.png,42.0E,(14) 42.0E KU-band Türksat 3A/4A/5B/6A,Found
RADYO FENOMEN,1_0_2_3923_A21D_42E_1A40000_0_0_0.png,radyofenomen.png,42.0E,(14) 42.0E KU-band Türksat 3A/4A/5B/6A,Found
RADYO JAZZ,1_0_19_3B06_A98A_42E_1A40000_0_0_0.png,radyojazz.png,42.0E,(14) 42.0E KU-band Türksat 3A/4A/5B/6A,Found
RADYO KLASIK,1_0_19_3B0A_A98A_42E_1A40000_0_0_0.png,radyoklasik.png,42.0E,(14) 42.0E KU-band Türksat 3A/4A/5B/6A,Found
RADYO LOUNGE,1_0_19_3B15_A98A_42E_1A40000_0_0_0.png,radyolounge.png,42.0E,(14) 42.0E KU-band Türksat 3A/4A/5B/6A,Found
RADYO MUTLU,1_0_19_3B01_A98A_42E_1A40000_0_0_0.png,radyomutlu.png,42.0E,(14) 42.0E KU-band Türksat 3A/4A/5B/6A,Found
RADYO OLDIES,1_0_19_3B07_A98A_42E_1A40000_0_0_0.png,radyooldies.png,42.0E,(14) 42.0E KU-band Türksat 3A/4A/5B/6A,Found
RADYO RETRO,1_0_19_3B04_A98A_42E_1A40000_0_0_0.png,radyoretro.png,42.0E,(14) 42.0E KU-band Türksat 3A/4A/5B/6A,Found
RADYO SPOR,1_0_2_C813_A3AE_42E_1A40000_0_0_0.png,radyospor.png,42.0E,(14) 42.0E KU-band Türksat 3A/4A/5B/6A,Found
RADYO TURK HALK MUZIGI,1_0_19_3B0E_A98A_42E_1A40000_0_0_0.png,radyoturkhalkmuzigi.png,42.0E,(14) 42.0E KU-band Türksat 3A/4A/5B/6A,Found
RADYO TURK SANAT MUZIGI,1_0_19_3B0F_A98A_42E_1A40000_0_0_0.png,radyoturksanatmuzigi.png,42.0E,(14) 42.0E KU-band Türksat 3A/4A/5B/6A,Found
RADYO TURKCE POP,1_0_19_3B0B_A98A_42E_1A40000_0_0_0.png,radyoturkcepop.png,42.0E,(14) 42.0E KU-band Türksat 3A/4A/5B/6A,Found
RADYO TURKCE SLOW,1_0_19_3B0C_A98A_42E_1A40000_0_0_0.png,radyoturkceslow.png,42.0E,(14) 42.0E KU-band Türksat 3A/4A/5B/6A,Found
RADYO VİVA,1_0_2_491_1_42_1A40000_0_0_0.png,radyoviva.png,42.0E,(14) 42.0E KU-band Türksat 3A/4A/5B/6A,Found
RADYO YABANCI POP,1_0_19_3B08_A98A_42E_1A40000_0_0_0.png,radyoyabancipop.png,42.0E,(14) 42.0E KU-band Türksat 3A/4A/5B/6A,Found
RADYO YABANCI ROCK,1_0_19_3B09_A98A_42E_1A40000_0_0_0.png,radyoyabancirock.png,42.0E,(14) 42.0E KU-band Türksat 3A/4A/5B/6A,Found
RADYO YABANCI SLOW,1_0_19_3B03_A98A_42E_1A40000_0_0_0.png,radyoyabancislow.png,42.0E,(14) 42.0E KU-band Türksat 3A/4A/5B/6A,Found
RAI 1,1_0_1_3751_4E85_2A_1A40000_0_0_0.png,rai1.png,42.0E,(14) 42.0E KU-band Türksat 3A/4A/5B/6A,Found
REHBER TV,1_0_1_C682_7660_42E_1A40000_0_0_0.png,rehbertv.png,42.0E,(14) 42.0E KU-band Türksat 3A/4A/5B/6A,Found
REN INTERNATIONAL,1_0_1_439C_EAC5_42E_1A40000_0_0_0.png,reninternational.png,42.0E,(14) 42.0E KU-band Türksat 3A/4A/5B/6A,Found
REN INTERNATIONAL,1_0_1_43CE_7D6C_42E_1A40000_0_0_0.png,reninternational.png,42.0E,(14) 42.0E KU-band Türksat 3A/4A/5B/6A,Found
RIDDIM,1_0_1_791_9_42_1A40000_0_0_0.png,riddim.png,42.0E,(14) 42.0E KU-band Türksat 3A/4A/5B/6A,Found
ROCK ANTHEMS,1_0_1_79A_9_42_1A40000_0_0_0.png,rockanthems.png,42.0E,(14) 42.0E KU-band Türksat 3A/4A/5B/6A,Found
ROCK'N ROLL,1_0_1_799_9_42_1A40000_0_0_0.png,rocknroll.png,42.0E,(14) 42.0E KU-band Türksat 3A/4A/5B/6A,Found
ROMANCE LATINO,1_0_1_7A3_9_42_1A40000_0_0_0.png,romancelatino.png,42.0E,(14) 42.0E KU-band Türksat 3A/4A/5B/6A,Found
RTR PLANETA,1_0_1_4394_EAC5_42E_1A40000_0_0_0.png,rtrplaneta.png,42.0E,(14) 42.0E KU-band Türksat 3A/4A/5B/6A,Found
RTR PLANETA,1_0_1_43C6_7D6C_42E_1A40000_0_0_0.png,rtrplaneta.png,42.0E,(14) 42.0E KU-band Türksat 3A/4A/5B/6A,Found
RUMELİ TV,1_0_1_518_3_42_1A40000_0_0_0.png,rumelitv.png,42.0E,(14) 42.0E KU-band Türksat 3A/4A/5B/6A,Found
RUMELİ TV,1_0_1_53B_3_42_1A40000_0_0_0.png,rumelitv.png,42.0E,(14) 42.0E KU-band Türksat 3A/4A/5B/6A,Found
RUSSIA 24,1_0_1_4395_EAC5_42E_1A40000_0_0_0.png,russia24.png,42.0E,(14) 42.0E KU-band Türksat 3A/4A/5B/6A,Found
RUSSIA 24,1_0_1_43C7_7D6C_42E_1A40000_0_0_0.png,russia24.png,42.0E,(14) 42.0E KU-band Türksat 3A/4A/5B/6A,Found
S SPORT,1_0_19_39DA_A989_42E_1A40000_0_0_0.png,ssport.png,42.0E,(14) 42.0E KU-band Türksat 3A/4A/5B/6A,Found
SAT7TURK,1_0_1_392A_A21D_42E_1A40000_0_0_0.png,sat7turk.png,42.0E,(14) 42.0E KU-band Türksat 3A/4A/5B/6A,Found
SEMERKAND HD,1_0_19_C57A_C6D5_42E_1A40000_0_0_0.png,semerkandhd.png,42.0E,(14) 42.0E KU-band Türksat 3A/4A/5B/6A,Found
SEMERKAND RADYO,1_0_2_C59E_C6D5_42E_1A40000_0_0_0.png,semerkandradyo.png,42.0E,(14) 42.0E KU-band Türksat 3A/4A/5B/6A,Found
SEMERKAND WAY,1_0_1_C57B_C6D5_42E_1A40000_0_0_0.png,semerkandway.png,42.0E,(14) 42.0E KU-band Türksat 3A/4A/5B/6A,Found
SERVICE 1,1_0_2_56F_3_42_1A40000_0_0_0.png,service1.png,42.0E,(14) 42.0E KU-band Türksat 3A/4A/5B/6A,Found
SERVICE 2,1_0_2_571_3_42_1A40000_0_0_0.png,service2.png,42.0E,(14) 42.0E KU-band Türksat 3A/4A/5B/6A,Found
SERVICE 3,1_0_2_573_3_42_1A40000_0_0_0.png,service3.png,42.0E,(14) 42.0E KU-band Türksat 3A/4A/5B/6A,Found
SERVICE 4,1_0_2_575_3_42_1A40000_0_0_0.png,service4.png,42.0E,(14) 42.0E KU-band Türksat 3A/4A/5B/6A,Found
SEYR FM,1_0_2_3927_A21D_42E_1A40000_0_0_0.png,seyrfm.png,42.0E,(14) 42.0E KU-band Türksat 3A/4A/5B/6A,Found
SHOW HD,1_0_19_2AF8_A1B9_42E_1A40000_0_0_0.png,showhd.png,42.0E,(14) 42.0E KU-band Türksat 3A/4A/5B/6A,Found
SHOW MAX HD,1_0_19_2AFB_A1B9_42E_1A40000_0_0_0.png,showmaxhd.png,42.0E,(14) 42.0E KU-band Türksat 3A/4A/5B/6A,Found
SHOW RADYO,1_0_2_48F_1_42_1A40000_0_0_0.png,showradyo.png,42.0E,(14) 42.0E KU-band Türksat 3A/4A/5B/6A,Found
SHOW TV,1_0_1_2B5C_A1BA_42E_1A40000_0_0_0.png,showtv.png,42.0E,(14) 42.0E KU-band Türksat 3A/4A/5B/6A,Found
SILK (LOVE SONGS),1_0_1_79C_9_42_1A40000_0_0_0.png,silklovesongs.png,42.0E,(14) 42.0E KU-band Türksat 3A/4A/5B/6A,Found
SMOOTH JAZZ,1_0_1_789_9_42_1A40000_0_0_0.png,smoothjazz.png,42.0E,(14) 42.0E KU-band Türksat 3A/4A/5B/6A,Found
SMOOTH JAZZ,1_0_2_14D6_A929_2A_1A40000_0_0_0.png,smoothjazz.png,42.0E,(14) 42.0E KU-band Türksat 3A/4A/5B/6A,Found
SPORSMART,1_0_19_76F_9_42_1A40000_0_0_0.png,sporsmart.png,42.0E,(14) 42.0E KU-band Türksat 3A/4A/5B/6A,Found
SPORSMART 2,1_0_19_6B2_7_42_1A40000_0_0_0.png,sporsmart2.png,42.0E,(14) 42.0E KU-band Türksat 3A/4A/5B/6A,Found
SPORSMART 2,1_0_19_6B6_7_42_1A40000_0_0_0.png,sporsmart2.png,42.0E,(14) 42.0E KU-band Türksat 3A/4A/5B/6A,Found
SPORTSTV,1_0_19_6B5_7_42_1A40000_0_0_0.png,sportstv.png,42.0E,(14) 42.0E KU-band Türksat 3A/4A/5B/6A,Found
STAR TV,1_0_1_2A30_9E99_42E_1A40000_0_0_0.png,startv.png,42.0E,(14) 42.0E KU-band Türksat 3A/4A/5B/6A,Found
STAR TV HD,1_0_19_2A35_9E99_42E_1A40000_0_0_0.png,startvhd.png,42.0E,(14) 42.0E KU-band Türksat 3A/4A/5B/6A,Found
STOON TV,1_0_1_C818_A3AE_42E_1A40000_0_0_0.png,stoontv.png,42.0E,(14) 42.0E KU-band Türksat 3A/4A/5B/6A,Found
STS INTERNATIONAL,1_0_1_439D_EAC5_42E_1A40000_0_0_0.png,stsinternational.png,42.0E,(14) 42.0E KU-band Türksat 3A/4A/5B/6A,Found
STS INTERNATIONAL,1_0_1_43CF_7D6C_42E_1A40000_0_0_0.png,stsinternational.png,42.0E,(14) 42.0E KU-band Türksat 3A/4A/5B/6A,Found
SUN RTV,1_0_1_3908_A21D_42E_1A40000_0_0_0.png,sunrtv.png,42.0E,(14) 42.0E KU-band Türksat 3A/4A/5B/6A,Found
SUSPEND,1_0_1_48E_1_42_1A40000_0_0_0.png,suspend.png,42.0E,(14) 42.0E KU-band Türksat 3A/4A/5B/6A,Found
SZC,1_0_19_CBED_A925_42E_1A40000_0_0_0.png,szc.png,42.0E,(14) 42.0E KU-band Türksat 3A/4A/5B/6A,Found
Soho '70s,1_0_1_783_9_42_1A40000_0_0_0.png,soho70s.png,42.0E,(14) 42.0E KU-band Türksat 3A/4A/5B/6A,Found
SİNEMA 1001,1_0_19_3E8D_A8C3_42E_1A40000_0_0_0.png,sinema1001.png,42.0E,(14) 42.0E KU-band Türksat 3A/4A/5B/6A,Found
SİNEMA 1002,1_0_19_3E8E_A8C3_42E_1A40000_0_0_0.png,sinema1002.png,42.0E,(14) 42.0E KU-band Türksat 3A/4A/5B/6A,Found
SİNEMA 2,1_0_19_39D7_A989_42E_1A40000_0_0_0.png,sinema2.png,42.0E,(14) 42.0E KU-band Türksat 3A/4A/5B/6A,Found
SİNEMA AKSİYON,1_0_19_39D4_A989_42E_1A40000_0_0_0.png,sinemaaksiyon.png,42.0E,(14) 42.0E KU-band Türksat 3A/4A/5B/6A,Found
SİNEMA AKSİYON 2,1_0_19_3E85_A8C3_42E_1A40000_0_0_0.png,sinemaaksiyon2.png,42.0E,(14) 42.0E KU-band Türksat 3A/4A/5B/6A,Found
SİNEMA AİLE,1_0_19_3E87_A8C3_42E_1A40000_0_0_0.png,sinemaaile.png,42.0E,(14) 42.0E KU-band Türksat 3A/4A/5B/6A,Found
SİNEMA AİLE 2,1_0_19_3E88_A8C3_42E_1A40000_0_0_0.png,sinemaaile2.png,42.0E,(14) 42.0E KU-band Türksat 3A/4A/5B/6A,Found
SİNEMA KOMEDİ,1_0_19_3E8B_A8C3_42E_1A40000_0_0_0.png,sinemakomedi.png,42.0E,(14) 42.0E KU-band Türksat 3A/4A/5B/6A,Found
SİNEMA KOMEDİ 2,1_0_19_3E8C_A8C3_42E_1A40000_0_0_0.png,sinemakomedi2.png,42.0E,(14) 42.0E KU-band Türksat 3A/4A/5B/6A,Found
SİNEMA TV,1_0_19_39D6_A989_42E_1A40000_0_0_0.png,sinematv.png,42.0E,(14) 42.0E KU-band Türksat 3A/4A/5B/6A,Found
SİNEMA YERLİ,1_0_19_3E8F_A8C3_42E_1A40000_0_0_0.png,sinemayerli.png,42.0E,(14) 42.0E KU-band Türksat 3A/4A/5B/6A,Found
SİNEMA YERLİ 2,1_0_19_3B19_A98A_42E_1A40000_0_0_0.png,sinemayerli2.png,42.0E,(14) 42.0E KU-band Türksat 3A/4A/5B/6A,Found
T.A.Y TV,1_0_19_6AE_7_42_1A40000_0_0_0.png,taytv.png,42.0E,(14) 42.0E KU-band Türksat 3A/4A/5B/6A,Found
TANGO,1_0_1_7B5_9_42_1A40000_0_0_0.png,tango.png,42.0E,(14) 42.0E KU-band Türksat 3A/4A/5B/6A,Found
TARAFTAR,1_0_11_409F_9FC5_2A_1A40000_0_0_0.png,taraftar.png,42.0E,(14) 42.0E KU-band Türksat 3A/4A/5B/6A,Found
TARAFTAR 2,1_0_11_4287_78B5_2A_1A40000_0_0_0.png,taraftar2.png,42.0E,(14) 42.0E KU-band Türksat 3A/4A/5B/6A,Found
TARAFTAR 3,1_0_11_40A2_9FC5_2A_1A40000_0_0_0.png,taraftar3.png,42.0E,(14) 42.0E KU-band Türksat 3A/4A/5B/6A,Found
TARIM ORMAN EKRANI HD,1_0_19_C578_C6D5_42E_1A40000_0_0_0.png,tarimormanekranihd.png,42.0E,(14) 42.0E KU-band Türksat 3A/4A/5B/6A,Found
TARİH TV,1_0_19_3E91_A8C3_42E_1A40000_0_0_0.png,tarihtv.png,42.0E,(14) 42.0E KU-band Türksat 3A/4A/5B/6A,Found
TEK RUMELI TV,1_0_1_CBF6_A925_42E_1A40000_0_0_0.png,tekrumelitv.png,42.0E,(14) 42.0E KU-band Türksat 3A/4A/5B/6A,Found
TEKNOFEST,1_0_19_6B4_7_42_1A40000_0_0_0.png,teknofest.png,42.0E,(14) 42.0E KU-band Türksat 3A/4A/5B/6A,Found
TEKNOFEST,1_0_19_6B9_7_42_1A40000_0_0_0.png,teknofest.png,42.0E,(14) 42.0E KU-band Türksat 3A/4A/5B/6A,Found
TELE 1 HD,1_0_19_528_3_42_1A40000_0_0_0.png,tele1hd.png,42.0E,(14) 42.0E KU-band Türksat 3A/4A/5B/6A,Found
TELE SAHEL,1_0_1_C426_A4D9_42E_1A40000_0_0_0.png,telesahel.png,42.0E,(14) 42.0E KU-band Türksat 3A/4A/5B/6A,Found
TELE SAHEL,1_0_1_C3C2_A475_42E_1A40000_0_0_0.png,telesahel.png,42.0E,(14) 42.0E KU-band Türksat 3A/4A/5B/6A,Found
TELENEWS,1_0_1_C588_C6D5_42E_1A40000_0_0_0.png,telenews.png,42.0E,(14) 42.0E KU-band Türksat 3A/4A/5B/6A,Found
TEST,1_0_1_3CAA_C5A8_2A_1A40000_0_0_0.png,test.png,42.0E,(14) 42.0E KU-band Türksat 3A/4A/5B/6A,Found
TEST,1_0_11_409D_9FC5_2A_1A40000_0_0_0.png,test.png,42.0E,(14) 42.0E KU-band Türksat 3A/4A/5B/6A,Found
TGRT EU HD,1_0_19_C868_9CA5_42E_1A40000_0_0_0.png,tgrteuhd.png,42.0E,(14) 42.0E KU-band Türksat 3A/4A/5B/6A,Found
TGRT FM,1_0_2_C81B_A3AE_42E_1A40000_0_0_0.png,tgrtfm.png,42.0E,(14) 42.0E KU-band Türksat 3A/4A/5B/6A,Found
TGRT HABER HD,1_0_19_C802_A3AE_42E_1A40000_0_0_0.png,tgrthaberhd.png,42.0E,(14) 42.0E KU-band Türksat 3A/4A/5B/6A,Found
TH TURKHABER,1_0_1_C687_7660_42E_1A40000_0_0_0.png,thturkhaber.png,42.0E,(14) 42.0E KU-band Türksat 3A/4A/5B/6A,Found
THE CHILL LOUNGE,1_0_1_797_9_42_1A40000_0_0_0.png,thechilllounge.png,42.0E,(14) 42.0E KU-band Türksat 3A/4A/5B/6A,Found
TINT,1_0_2_C878_9CA5_42E_1A40000_0_0_0.png,tint.png,42.0E,(14) 42.0E KU-band Türksat 3A/4A/5B/6A,Found
TJK tv HD,1_0_11_3CA8_C5A8_2A_1A40000_0_0_0.png,tjktvhd.png,42.0E,(14) 42.0E KU-band Türksat 3A/4A/5B/6A,Found
TKGS DATA,1_0_C_C80F_A3AE_42E_1A40000_0_0_0.png,tkgsdata.png,42.0E,(14) 42.0E KU-band Türksat 3A/4A/5B/6A,Found
TKGS DATA,1_0_C_C428_A4D9_42E_1A40000_0_0_0.png,tkgsdata.png,42.0E,(14) 42.0E KU-band Türksat 3A/4A/5B/6A,Found
TKGS DATA,1_0_C_C63D_A3AD_42E_1A40000_0_0_0.png,tkgsdata.png,42.0E,(14) 42.0E KU-band Türksat 3A/4A/5B/6A,Found
TKGS DATA,1_0_C_CA88_7B0E_42E_1A40000_0_0_0.png,tkgsdata.png,42.0E,(14) 42.0E KU-band Türksat 3A/4A/5B/6A,Found
TKGS DATA,1_0_C_C69E_7660_42E_1A40000_0_0_0.png,tkgsdata.png,42.0E,(14) 42.0E KU-band Türksat 3A/4A/5B/6A,Found
TKGS DATA,1_0_C_C5A7_C6D5_42E_1A40000_0_0_0.png,tkgsdata.png,42.0E,(14) 42.0E KU-band Türksat 3A/4A/5B/6A,Found
TKGS DATA,1_0_C_C3C9_A475_42E_1A40000_0_0_0.png,tkgsdata.png,42.0E,(14) 42.0E KU-band Türksat 3A/4A/5B/6A,Found
TKGS TEST,1_0_C_C879_9CA5_42E_1A40000_0_0_0.png,tkgstest.png,42.0E,(14) 42.0E KU-band Türksat 3A/4A/5B/6A,Found
TKGS TEST 2,1_0_C_C87A_9CA5_42E_1A40000_0_0_0.png,tkgstest2.png,42.0E,(14) 42.0E KU-band Türksat 3A/4A/5B/6A,Found
TLC,1_0_1_2A44_9E99_42E_1A40000_0_0_0.png,tlc.png,42.0E,(14) 42.0E KU-band Türksat 3A/4A/5B/6A,Found
TLC HD,1_0_19_2A43_9E99_42E_1A40000_0_0_0.png,tlchd.png,42.0E,(14) 42.0E KU-band Türksat 3A/4A/5B/6A,Found
TMB TV,1_0_1_CA59_7B0E_42E_1A40000_0_0_0.png,tmbtv.png,42.0E,(14) 42.0E KU-band Türksat 3A/4A/5B/6A,Found
TNT INT,1_0_1_43A0_EAC5_42E_1A40000_0_0_0.png,tntint.png,42.0E,(14) 42.0E KU-band Türksat 3A/4A/5B/6A,Found
TNT INT,1_0_1_43D2_7D6C_42E_1A40000_0_0_0.png,tntint.png,42.0E,(14) 42.0E KU-band Türksat 3A/4A/5B/6A,Found
TNT MUSIC,1_0_1_43A1_EAC5_42E_1A40000_0_0_0.png,tntmusic.png,42.0E,(14) 42.0E KU-band Türksat 3A/4A/5B/6A,Found
TNT MUSIC,1_0_1_43D3_7D6C_42E_1A40000_0_0_0.png,tntmusic.png,42.0E,(14) 42.0E KU-band Türksat 3A/4A/5B/6A,Found
TRACE URBAN,1_0_19_77F_9_42_1A40000_0_0_0.png,traceurban.png,42.0E,(14) 42.0E KU-band Türksat 3A/4A/5B/6A,Found
TRANCE,1_0_1_793_9_42_1A40000_0_0_0.png,trance.png,42.0E,(14) 42.0E KU-band Türksat 3A/4A/5B/6A,Found
TRT 1,1_0_1_2904_9D6D_42E_1A40000_0_0_0.png,trt1.png,42.0E,(14) 42.0E KU-band Türksat 3A/4A/5B/6A,Found
TRT 1 HD,1_0_11_4237_A929_2A_1A40000_0_0_0.png,trt1hd.png,42.0E,(14) 42.0E KU-band Türksat 3A/4A/5B/6A,Found
TRT 3-SPOR,1_0_19_2907_9D6D_42E_1A40000_0_0_0.png,trt3spor.png,42.0E,(14) 42.0E KU-band Türksat 3A/4A/5B/6A,Found
TRT 4K,1_0_1F_3FAC_A860_42E_1A40000_0_0_0.png,trt4k.png,42.0E,(14) 42.0E KU-band Türksat 3A/4A/5B/6A,Found
TRT ARABI,1_0_1_18_3D_2A_1A40000_0_0_0.png,trtarabi.png,42.0E,(14) 42.0E KU-band Türksat 3A/4A/5B/6A,Found
TRT ARABI HD,1_0_19_17_3D_2A_1A40000_0_0_0.png,trtarabihd.png,42.0E,(14) 42.0E KU-band Türksat 3A/4A/5B/6A,Found
TRT AVAZ,1_0_19_C41D_A4D9_42E_1A40000_0_0_0.png,trtavaz.png,42.0E,(14) 42.0E KU-band Türksat 3A/4A/5B/6A,Found
TRT AVAZ HD,1_0_19_15_3D_2A_1A40000_0_0_0.png,trtavazhd.png,42.0E,(14) 42.0E KU-band Türksat 3A/4A/5B/6A,Found
TRT BELGESEL,1_0_1_2909_9D6D_42E_1A40000_0_0_0.png,trtbelgesel.png,42.0E,(14) 42.0E KU-band Türksat 3A/4A/5B/6A,Found
TRT BELGESEL HD,1_0_19_296C_7919_42E_1A40000_0_0_0.png,trtbelgeselhd.png,42.0E,(14) 42.0E KU-band Türksat 3A/4A/5B/6A,Found
TRT BELGESEL HD,1_0_19_296C_A861_42E_1A40000_0_0_0.png,trtbelgeselhd.png,42.0E,(14) 42.0E KU-band Türksat 3A/4A/5B/6A,Found
TRT COCUK,1_0_1_2908_9D6D_42E_1A40000_0_0_0.png,trtcocuk.png,42.0E,(14) 42.0E KU-band Türksat 3A/4A/5B/6A,Found
TRT COCUK,1_0_1_10_3D_2A_1A40000_0_0_0.png,trtcocuk.png,42.0E,(14) 42.0E KU-band Türksat 3A/4A/5B/6A,Found
TRT DIYANET COCUK,1_0_19_2986_A861_42E_1A40000_0_0_0.png,trtdiyanetcocuk.png,42.0E,(14) 42.0E KU-band Türksat 3A/4A/5B/6A,Found
TRT EBA,1_0_1_C866_9CA5_42E_1A40000_0_0_0.png,trteba.png,42.0E,(14) 42.0E KU-band Türksat 3A/4A/5B/6A,Found
TRT FM,1_0_2_2_1_2A_1A40000_0_0_0.png,trtfm.png,42.0E,(14) 42.0E KU-band Türksat 3A/4A/5B/6A,Found
TRT FM,1_0_2_6_3D_2A_1A40000_0_0_0.png,trtfm.png,42.0E,(14) 42.0E KU-band Türksat 3A/4A/5B/6A,Found
TRT FM,1_0_2_290F_9D6D_42E_1A40000_0_0_0.png,trtfm.png,42.0E,(14) 42.0E KU-band Türksat 3A/4A/5B/6A,Found
TRT GENC,1_0_19_2985_A861_42E_1A40000_0_0_0.png,trtgenc.png,42.0E,(14) 42.0E KU-band Türksat 3A/4A/5B/6A,Found
TRT HABER,1_0_1_5_3D_2A_1A40000_0_0_0.png,trthaber.png,42.0E,(14) 42.0E KU-band Türksat 3A/4A/5B/6A,Found
TRT HABER,1_0_1_2905_9D6D_42E_1A40000_0_0_0.png,trthaber.png,42.0E,(14) 42.0E KU-band Türksat 3A/4A/5B/6A,Found
TRT HABER HD,1_0_19_296A_7919_42E_1A40000_0_0_0.png,trthaberhd.png,42.0E,(14) 42.0E KU-band Türksat 3A/4A/5B/6A,Found
TRT KURDI,1_0_1_1A_3D_2A_1A40000_0_0_0.png,trtkurdi.png,42.0E,(14) 42.0E KU-band Türksat 3A/4A/5B/6A,Found
TRT MUZIK,1_0_1_290B_9D6D_42E_1A40000_0_0_0.png,trtmuzik.png,42.0E,(14) 42.0E KU-band Türksat 3A/4A/5B/6A,Found
TRT MUZIK,1_0_1_C_3D_2A_1A40000_0_0_0.png,trtmuzik.png,42.0E,(14) 42.0E KU-band Türksat 3A/4A/5B/6A,Found
TRT Memleketim FM,1_0_2_2918_9D6D_42E_1A40000_0_0_0.png,trtmemleketimfm.png,42.0E,(14) 42.0E KU-band Türksat 3A/4A/5B/6A,Found
TRT NAGME,1_0_2_6_1_2A_1A40000_0_0_0.png,trtnagme.png,42.0E,(14) 42.0E KU-band Türksat 3A/4A/5B/6A,Found
TRT NAGME,1_0_2_D_3D_2A_1A40000_0_0_0.png,trtnagme.png,42.0E,(14) 42.0E KU-band Türksat 3A/4A/5B/6A,Found
TRT NAGME,1_0_2_2917_9D6D_42E_1A40000_0_0_0.png,trtnagme.png,42.0E,(14) 42.0E KU-band Türksat 3A/4A/5B/6A,Found
TRT Radyo Haber,1_0_2_2910_9D6D_42E_1A40000_0_0_0.png,trtradyohaber.png,42.0E,(14) 42.0E KU-band Türksat 3A/4A/5B/6A,Found
TRT SPOR,1_0_1_19_3D_2A_1A40000_0_0_0.png,trtspor.png,42.0E,(14) 42.0E KU-band Türksat 3A/4A/5B/6A,Found
TRT SPOR HD,1_0_11_3759_4E85_2A_1A40000_0_0_0.png,trtsporhd.png,42.0E,(14) 42.0E KU-band Türksat 3A/4A/5B/6A,Found
TRT SPOR HD,1_0_19_296B_7919_42E_1A40000_0_0_0.png,trtsporhd.png,42.0E,(14) 42.0E KU-band Türksat 3A/4A/5B/6A,Found
TRT SPOR HD,1_0_19_296B_A861_42E_1A40000_0_0_0.png,trtsporhd.png,42.0E,(14) 42.0E KU-band Türksat 3A/4A/5B/6A,Found
TRT SPOR YILDIZ,1_0_19_291D_9D6D_42E_1A40000_0_0_0.png,trtsporyildiz.png,42.0E,(14) 42.0E KU-band Türksat 3A/4A/5B/6A,Found
TRT TURK,1_0_1_2906_9D6D_42E_1A40000_0_0_0.png,trtturk.png,42.0E,(14) 42.0E KU-band Türksat 3A/4A/5B/6A,Found
TRT TURK,1_0_1_9_3D_2A_1A40000_0_0_0.png,trtturk.png,42.0E,(14) 42.0E KU-band Türksat 3A/4A/5B/6A,Found
TRT TURKU,1_0_2_7_1_2A_1A40000_0_0_0.png,trtturku.png,42.0E,(14) 42.0E KU-band Türksat 3A/4A/5B/6A,Found
TRT TURKU,1_0_2_E_3D_2A_1A40000_0_0_0.png,trtturku.png,42.0E,(14) 42.0E KU-band Türksat 3A/4A/5B/6A,Found
TRT TURKU,1_0_2_2919_9D6D_42E_1A40000_0_0_0.png,trtturku.png,42.0E,(14) 42.0E KU-band Türksat 3A/4A/5B/6A,Found
TRT WORLD,1_0_2_5_1_2A_1A40000_0_0_0.png,trtworld.png,42.0E,(14) 42.0E KU-band Türksat 3A/4A/5B/6A,Found
TRT WORLD HD,1_0_19_296D_1_42E_1A40000_0_0_0.png,trtworldhd.png,42.0E,(14) 42.0E KU-band Türksat 3A/4A/5B/6A,Found
TRT WORLD HD,1_0_19_296D_7919_42E_1A40000_0_0_0.png,trtworldhd.png,42.0E,(14) 42.0E KU-band Türksat 3A/4A/5B/6A,Found
TRT World Radio,1_0_2_296F_7919_42E_1A40000_0_0_0.png,trtworldradio.png,42.0E,(14) 42.0E KU-band Türksat 3A/4A/5B/6A,Found
TRT1,1_0_1_1_3D_2A_1A40000_0_0_0.png,trt1.png,42.0E,(14) 42.0E KU-band Türksat 3A/4A/5B/6A,Found
TRT1 HD,1_0_19_2969_7919_42E_1A40000_0_0_0.png,trt1hd.png,42.0E,(14) 42.0E KU-band Türksat 3A/4A/5B/6A,Found
TRT1 HD,1_0_19_2969_A861_42E_1A40000_0_0_0.png,trt1hd.png,42.0E,(14) 42.0E KU-band Türksat 3A/4A/5B/6A,Found
TRT2 HD,1_0_19_290A_9D6D_42E_1A40000_0_0_0.png,trt2hd.png,42.0E,(14) 42.0E KU-band Türksat 3A/4A/5B/6A,Found
TURKISH SILK,1_0_1_7A0_9_42_1A40000_0_0_0.png,turkishsilk.png,42.0E,(14) 42.0E KU-band Türksat 3A/4A/5B/6A,Found
TURKISH SILK,1_0_1_7BA_9_42_1A40000_0_0_0.png,turkishsilk.png,42.0E,(14) 42.0E KU-band Türksat 3A/4A/5B/6A,Found
TURKSAT SAAT,1_0_1_CB25_A02D_42E_1A40000_0_0_0.png,turksatsaat.png,42.0E,(14) 42.0E KU-band Türksat 3A/4A/5B/6A,Found
TURKSAT TANITIM,1_0_1_C419_A4D9_42E_1A40000_0_0_0.png,turksattanitim.png,42.0E,(14) 42.0E KU-band Türksat 3A/4A/5B/6A,Found
TURKSAT TANITIM,1_0_1_CB24_A02D_42E_1A40000_0_0_0.png,turksattanitim.png,42.0E,(14) 42.0E KU-band Türksat 3A/4A/5B/6A,Found
TURKSAT TANITIM HD,1_0_19_C869_9CA5_42E_1A40000_0_0_0.png,turksattanitimhd.png,42.0E,(14) 42.0E KU-band Türksat 3A/4A/5B/6A,Found
TURKSAT TANITIM HD,1_0_19_C9A4_76C1_42E_1A40000_0_0_0.png,turksattanitimhd.png,42.0E,(14) 42.0E KU-band Türksat 3A/4A/5B/6A,Found
TV 1,1_0_1_CA5C_7B0E_42E_1A40000_0_0_0.png,tv1.png,42.0E,(14) 42.0E KU-band Türksat 3A/4A/5B/6A,Found
TV 100 HD,1_0_19_C9B0_76C1_42E_1A40000_0_0_0.png,tv100hd.png,42.0E,(14) 42.0E KU-band Türksat 3A/4A/5B/6A,Found
TV 100 HD,1_0_19_CBE8_A925_42E_1A40000_0_0_0.png,tv100hd.png,42.0E,(14) 42.0E KU-band Türksat 3A/4A/5B/6A,Found
TV 2020,1_0_1_C60E_A3AD_42E_1A40000_0_0_0.png,tv2020.png,42.0E,(14) 42.0E KU-band Türksat 3A/4A/5B/6A,Found
TV 4 HD,1_0_1_413E_A2E7_42E_1A40000_0_0_0.png,tv4hd.png,42.0E,(14) 42.0E KU-band Türksat 3A/4A/5B/6A,Found
TV 41,1_0_1_3919_A21D_42E_1A40000_0_0_0.png,tv41.png,42.0E,(14) 42.0E KU-band Türksat 3A/4A/5B/6A,Found
TV 52,1_0_1_CA6D_7B0E_42E_1A40000_0_0_0.png,tv52.png,42.0E,(14) 42.0E KU-band Türksat 3A/4A/5B/6A,Found
TV 8 INT,1_0_19_526_3_42_1A40000_0_0_0.png,tv8int.png,42.0E,(14) 42.0E KU-band Türksat 3A/4A/5B/6A,Found
"TV 8,5 HD",1_0_19_48B_1_42_1A40000_0_0_0.png,tv85hd.png,42.0E,(14) 42.0E KU-band Türksat 3A/4A/5B/6A,Found
TV 8.5 HD,1_0_19_488_1_42_1A40000_0_0_0.png,tv85hd.png,42.0E,(14) 42.0E KU-band Türksat 3A/4A/5B/6A,Found
TV DEN,1_0_1_CA6F_7B0E_42E_1A40000_0_0_0.png,tvden.png,42.0E,(14) 42.0E KU-band Türksat 3A/4A/5B/6A,Found
TV KAYSERI,1_0_1_CA5D_7B0E_42E_1A40000_0_0_0.png,tvkayseri.png,42.0E,(14) 42.0E KU-band Türksat 3A/4A/5B/6A,Found
TV2,1_0_1_517_3_42_1A40000_0_0_0.png,tv2.png,42.0E,(14) 42.0E KU-band Türksat 3A/4A/5B/6A,Found
TV264,1_0_1_CA70_7B0E_42E_1A40000_0_0_0.png,tv264.png,42.0E,(14) 42.0E KU-band Türksat 3A/4A/5B/6A,Found
TV3,1_0_1_3933_A21D_42E_1A40000_0_0_0.png,tv3.png,42.0E,(14) 42.0E KU-band Türksat 3A/4A/5B/6A,Found
TV42,1_0_1_CA65_7B0E_42E_1A40000_0_0_0.png,tv42.png,42.0E,(14) 42.0E KU-band Türksat 3A/4A/5B/6A,Found
TV5,1_0_1_C9B1_76C1_42E_1A40000_0_0_0.png,tv5.png,42.0E,(14) 42.0E KU-band Türksat 3A/4A/5B/6A,Found
TV5 MONDE EUROPE,1_0_11_4271_78B5_2A_1A40000_0_0_0.png,tv5mondeeurope.png,42.0E,(14) 42.0E KU-band Türksat 3A/4A/5B/6A,Found
TV8,1_0_1_3264_A414_42E_1A40000_0_0_0.png,tv8.png,42.0E,(14) 42.0E KU-band Türksat 3A/4A/5B/6A,Found
TV8 5 HD,1_0_1_3BC5_A415_42E_1A40000_0_0_0.png,tv85hd.png,42.0E,(14) 42.0E KU-band Türksat 3A/4A/5B/6A,Found
TV8 HD,1_0_1_3BC4_A415_42E_1A40000_0_0_0.png,tv8hd.png,42.0E,(14) 42.0E KU-band Türksat 3A/4A/5B/6A,Found
TV85,1_0_1_3265_A414_42E_1A40000_0_0_0.png,tv85.png,42.0E,(14) 42.0E KU-band Türksat 3A/4A/5B/6A,Found
TVNET HD,1_0_1_30D4_A155_42E_1A40000_0_0_0.png,tvnethd.png,42.0E,(14) 42.0E KU-band Türksat 3A/4A/5B/6A,Found
TVNET RADYO,1_0_2_30D5_A155_42E_1A40000_0_0_0.png,tvnetradyo.png,42.0E,(14) 42.0E KU-band Türksat 3A/4A/5B/6A,Found
TYT TURK,1_0_1_C583_C6D5_42E_1A40000_0_0_0.png,tytturk.png,42.0E,(14) 42.0E KU-band Türksat 3A/4A/5B/6A,Found
Tivi6,1_0_1_390C_A21D_42E_1A40000_0_0_0.png,tivi6.png,42.0E,(14) 42.0E KU-band Türksat 3A/4A/5B/6A,Found
Turkmeneli HD,1_0_1_1_1_FFFF_1A4AEE9_0_0_0.png,turkmenelihd.png,42.0E,(14) 42.0E KU-band Türksat 3A/4A/5B/6A,Found
TİCARİ beIN SPORTS 1,1_0_11_40A0_9FC5_2A_1A40000_0_0_0.png,ticaribeinsports1.png,42.0E,(14) 42.0E KU-band Türksat 3A/4A/5B/6A,Found
TİCARİ beIN SPORTS 2,1_0_11_4288_78B5_2A_1A40000_0_0_0.png,ticaribeinsports2.png,42.0E,(14) 42.0E KU-band Türksat 3A/4A/5B/6A,Found
TİCARİ beIN SPORTS 3,1_0_11_40A3_9FC5_2A_1A40000_0_0_0.png,ticaribeinsports3.png,42.0E,(14) 42.0E KU-band Türksat 3A/4A/5B/6A,Found
TİCARİ beIN SPORTS 4,1_0_11_428A_78B5_2A_1A40000_0_0_0.png,ticaribeinsports4.png,42.0E,(14) 42.0E KU-band Türksat 3A/4A/5B/6A,Found
TİCARİ beIN SPORTS 5,1_0_11_3C9A_C5A8_2A_1A40000_0_0_0.png,ticaribeinsports5.png,42.0E,(14) 42.0E KU-band Türksat 3A/4A/5B/6A,Found
TİVİBU SPOR 1 HD,1_0_19_39D2_A989_42E_1A40000_0_0_0.png,tivibuspor1hd.png,42.0E,(14) 42.0E KU-band Türksat 3A/4A/5B/6A,Found
TİVİBU SPOR 1 HD TİCARİ,1_0_19_39D9_A989_42E_1A40000_0_0_0.png,tivibuspor1hdticari.png,42.0E,(14) 42.0E KU-band Türksat 3A/4A/5B/6A,Found
TİVİBU SPOR 2 HD,1_0_19_3AFC_A98A_42E_1A40000_0_0_0.png,tivibuspor2hd.png,42.0E,(14) 42.0E KU-band Türksat 3A/4A/5B/6A,Found
TİVİBU SPOR 2 HD TİCARİ,1_0_19_3B17_A98A_42E_1A40000_0_0_0.png,tivibuspor2hdticari.png,42.0E,(14) 42.0E KU-band Türksat 3A/4A/5B/6A,Found
TİVİBU SPOR 3 HD,1_0_19_3B1B_A98A_42E_1A40000_0_0_0.png,tivibuspor3hd.png,42.0E,(14) 42.0E KU-band Türksat 3A/4A/5B/6A,Found
TİVİBU SPOR 3 HD TİCARİ,1_0_19_3B1C_A98A_42E_1A40000_0_0_0.png,tivibuspor3hdticari.png,42.0E,(14) 42.0E KU-band Türksat 3A/4A/5B/6A,Found
TİVİBU SPOR 4 HD,1_0_19_3AFF_A98A_42E_1A40000_0_0_0.png,tivibuspor4hd.png,42.0E,(14) 42.0E KU-band Türksat 3A/4A/5B/6A,Found
TİVİBU SPOR 4 HD TİCARİ,1_0_19_3B18_A98A_42E_1A40000_0_0_0.png,tivibuspor4hdticari.png,42.0E,(14) 42.0E KU-band Türksat 3A/4A/5B/6A,Found
TİVİBU SPOR HD,1_0_19_39D1_A989_42E_1A40000_0_0_0.png,tivibusporhd.png,42.0E,(14) 42.0E KU-band Türksat 3A/4A/5B/6A,Found
TİVİBU SPOR HD,1_0_19_39D8_A989_42E_1A40000_0_0_0.png,tivibusporhd.png,42.0E,(14) 42.0E KU-band Türksat 3A/4A/5B/6A,Found
TİVİBU TANITIM HD,1_0_19_39D0_A989_42E_1A40000_0_0_0.png,tivibutanitimhd.png,42.0E,(14) 42.0E KU-band Türksat 3A/4A/5B/6A,Found
ULKE TV,1_0_1_2CEE_A02A_42E_1A40000_0_0_0.png,ulketv.png,42.0E,(14) 42.0E KU-band Türksat 3A/4A/5B/6A,Found
ULKE TV HD,1_0_1_2D51_A02B_42E_1A40000_0_0_0.png,ulketvhd.png,42.0E,(14) 42.0E KU-band Türksat 3A/4A/5B/6A,Found
ULUSAL 1 TV,1_0_1_C690_7660_42E_1A40000_0_0_0.png,ulusal1tv.png,42.0E,(14) 42.0E KU-band Türksat 3A/4A/5B/6A,Found
UMKA,1_0_1_43A2_EAC5_42E_1A40000_0_0_0.png,umka.png,42.0E,(14) 42.0E KU-band Türksat 3A/4A/5B/6A,Found
UMKA,1_0_1_43D4_7D6C_42E_1A40000_0_0_0.png,umka.png,42.0E,(14) 42.0E KU-band Türksat 3A/4A/5B/6A,Found
URBAN BEATS,1_0_1_7AC_9_42_1A40000_0_0_0.png,urbanbeats.png,42.0E,(14) 42.0E KU-band Türksat 3A/4A/5B/6A,Found
VAN TV,1_0_1_CBF4_A925_42E_1A40000_0_0_0.png,vantv.png,42.0E,(14) 42.0E KU-band Türksat 3A/4A/5B/6A,Found
VAN65,1_0_1_392D_A21D_42E_1A40000_0_0_0.png,van65.png,42.0E,(14) 42.0E KU-band Türksat 3A/4A/5B/6A,Found
VAV TV,1_0_1_4013_9E38_42E_1A40000_0_0_0.png,vavtv.png,42.0E,(14) 42.0E KU-band Türksat 3A/4A/5B/6A,Found
VIASAT HISTORY,1_0_19_770_9_42_1A40000_0_0_0.png,viasathistory.png,42.0E,(14) 42.0E KU-band Türksat 3A/4A/5B/6A,Found
W-SPORT HD,1_0_19_3B00_A98A_42E_1A40000_0_0_0.png,wsporthd.png,42.0E,(14) 42.0E KU-band Türksat 3A/4A/5B/6A,Found
WILD HD,1_0_19_3331_A1BC_1_1A40000_0_0_0.png,wildhd.png,42.0E,(14) 42.0E KU-band Türksat 3A/4A/5B/6A,Found
WITNESS EYE,1_0_1_CB27_A02D_42E_1A40000_0_0_0.png,witnesseye.png,42.0E,(14) 42.0E KU-band Türksat 3A/4A/5B/6A,Found
WITNESS EYE,1_0_1_C582_C6D5_42E_1A40000_0_0_0.png,witnesseye.png,42.0E,(14) 42.0E KU-band Türksat 3A/4A/5B/6A,Found
YABAN TV HD,1_0_11_4204_A929_2A_1A40000_0_0_0.png,yabantvhd.png,42.0E,(14) 42.0E KU-band Türksat 3A/4A/5B/6A,Found
YENİ KOCAELİ TV,1_0_19_6B7_7_42_1A40000_0_0_0.png,yenikocaelitv.png,42.0E,(14) 42.0E KU-band Türksat 3A/4A/5B/6A,Found
YILDIZ EN,1_0_1_C3C0_A475_42E_1A40000_0_0_0.png,yildizen.png,42.0E,(14) 42.0E KU-band Türksat 3A/4A/5B/6A,Found
ZAROK TV,1_0_1_C674_7660_42E_1A40000_0_0_0.png,zaroktv.png,42.0E,(14) 42.0E KU-band Türksat 3A/4A/5B/6A,Found
atv avrupa,1_0_1_28A0_9CA6_42E_1A40000_0_0_0.png,atvavrupa.png,42.0E,(14) 42.0E KU-band Türksat 3A/4A/5B/6A,Found
beIN,1_0_11_4097_9FC5_2A_1A40000_0_0_0.png,bein.png,42.0E,(14) 42.0E KU-band Türksat 3A/4A/5B/6A,Found
beIN BOX OFFICE,1_0_11_4209_A929_2A_1A40000_0_0_0.png,beinboxoffice.png,42.0E,(14) 42.0E KU-band Türksat 3A/4A/5B/6A,Found
beIN GURME,1_0_11_4096_9FC5_2A_1A40000_0_0_0.png,beingurme.png,42.0E,(14) 42.0E KU-band Türksat 3A/4A/5B/6A,Found
beIN MOVIES PREMIERE,1_0_11_407D_9FC5_2A_1A40000_0_0_0.png,beinmoviespremiere.png,42.0E,(14) 42.0E KU-band Türksat 3A/4A/5B/6A,Found
beIN MOVIES PREMIERE 2,1_0_11_3C91_C5A8_2A_1A40000_0_0_0.png,beinmoviespremiere2.png,42.0E,(14) 42.0E KU-band Türksat 3A/4A/5B/6A,Found
beIN MOVIES STARS,1_0_11_4091_9FC5_2A_1A40000_0_0_0.png,beinmoviesstars.png,42.0E,(14) 42.0E KU-band Türksat 3A/4A/5B/6A,Found
beIN MOVIES TURK,1_0_11_4094_9FC5_2A_1A40000_0_0_0.png,beinmoviesturk.png,42.0E,(14) 42.0E KU-band Türksat 3A/4A/5B/6A,Found
beIN SERIES 1,1_0_11_408E_9FC5_2A_1A40000_0_0_0.png,beinseries1.png,42.0E,(14) 42.0E KU-band Türksat 3A/4A/5B/6A,Found
beIN SERIES 2,1_0_11_408F_9FC5_2A_1A40000_0_0_0.png,beinseries2.png,42.0E,(14) 42.0E KU-band Türksat 3A/4A/5B/6A,Found
beIN SPORTS 1,1_0_11_409E_9FC5_2A_1A40000_0_0_0.png,beinsports1.png,42.0E,(14) 42.0E KU-band Türksat 3A/4A/5B/6A,Found
beIN SPORTS 2,1_0_11_4286_78B5_2A_1A40000_0_0_0.png,beinsports2.png,42.0E,(14) 42.0E KU-band Türksat 3A/4A/5B/6A,Found
beIN SPORTS 3,1_0_11_40A1_9FC5_2A_1A40000_0_0_0.png,beinsports3.png,42.0E,(14) 42.0E KU-band Türksat 3A/4A/5B/6A,Found
beIN SPORTS 4,1_0_11_4289_78B5_2A_1A40000_0_0_0.png,beinsports4.png,42.0E,(14) 42.0E KU-band Türksat 3A/4A/5B/6A,Found
beIN SPORTS 5,1_0_11_3C99_C5A8_2A_1A40000_0_0_0.png,beinsports5.png,42.0E,(14) 42.0E KU-band Türksat 3A/4A/5B/6A,Found
beIN SPORTS HABER,1_0_11_C8DC_A411_42E_1A40000_0_0_0.png,beinsportshaber.png,42.0E,(14) 42.0E KU-band Türksat 3A/4A/5B/6A,Found
beIN SPORTS HABER,1_0_11_C8DF_A411_42E_1A40000_0_0_0.png,beinsportshaber.png,42.0E,(14) 42.0E KU-band Türksat 3A/4A/5B/6A,Found
beIN SPORTS INTERNATIONAL,1_0_11_4206_A929_2A_1A40000_0_0_0.png,beinsportsinternational.png,42.0E,(14) 42.0E KU-band Türksat 3A/4A/5B/6A,Found
beIN SPORTS INTERNATIONAL TICARI,1_0_11_420F_A929_2A_1A40000_0_0_0.png,beinsportsinternationalticari.png,42.0E,(14) 42.0E KU-band Türksat 3A/4A/5B/6A,Found
beIN SPORTS MAX 1,1_0_11_4075_9FC5_2A_1A40000_0_0_0.png,beinsportsmax1.png,42.0E,(14) 42.0E KU-band Türksat 3A/4A/5B/6A,Found
beIN SPORTS MAX 2,1_0_11_3C8F_C5A8_2A_1A40000_0_0_0.png,beinsportsmax2.png,42.0E,(14) 42.0E KU-band Türksat 3A/4A/5B/6A,Found
beIN İZ,1_0_11_4095_9FC5_2A_1A40000_0_0_0.png,beiniz.png,42.0E,(14) 42.0E KU-band Türksat 3A/4A/5B/6A,Found
beIN İZ,1_0_11_409C_9FC5_2A_1A40000_0_0_0.png,beiniz.png,42.0E,(14) 42.0E KU-band Türksat 3A/4A/5B/6A,Found
minikaCOCUK,1_0_1_283F_9F61_42E_1A40000_0_0_0.png,minikacocuk.png,42.0E,(14) 42.0E KU-band Türksat 3A/4A/5B/6A,Found
minikaGO,1_0_1_2840_9F61_42E_1A40000_0_0_0.png,minikago.png,42.0E,(14) 42.0E KU-band Türksat 3A/4A/5B/6A,Found
test_i1,1_0_1_427A_78B5_2A_1A40000_0_0_0.png,testi1.png,42.0E,(14) 42.0E KU-band Türksat 3A/4A/5B/6A,Found
test_i2,1_0_1_427B_78B5_2A_1A40000_0_0_0.png,testi2.png,42.0E,(14) 42.0E KU-band Türksat 3A/4A/5B/6A,Found
test_i3,1_0_1_427C_78B5_2A_1A40000_0_0_0.png,testi3.png,42.0E,(14) 42.0E KU-band Türksat 3A/4A/5B/6A,Found
test_i4,1_0_1_3CAC_C5A8_2A_1A40000_0_0_0.png,testi4.png,42.0E,(14) 42.0E KU-band Türksat 3A/4A/5B/6A,Found
1 TV Georgia,1_0_1_1_0_0_1CC2B57_0_0_0.png,1tvgeorgia.png,46.0E,(17) 46.0E KU-band Azerspace 1,Found
1KANAL EUROPE,1_0_1_3C_1_FFFF_1CC2B7F_0_0_0.png,1kanaleurope.png,46.0E,(17) 46.0E KU-band Azerspace 1,Found
ANEWZ,1_0_1_14_1_FFFF_1CC2B7F_0_0_0.png,anewz.png,46.0E,(17) 46.0E KU-band Azerspace 1,Found
ARB Gunes HD,1_0_1_3_1_0_1CCAB10_0_0_0.png,arbguneshd.png,46.0E,(17) 46.0E KU-band Azerspace 1,Found
ARB HD,1_0_1_1_1_0_1CCAB10_0_0_0.png,arbhd.png,46.0E,(17) 46.0E KU-band Azerspace 1,Found
ARB24 HD,1_0_1_2_1_0_1CCAB10_0_0_0.png,arb24hd.png,46.0E,(17) 46.0E KU-band Azerspace 1,Found
ASAN_FM_100FM,1_0_2_16_1_1_1CC2BA7_0_0_0.png,asanfm100fm.png,46.0E,(17) 46.0E KU-band Azerspace 1,Found
ATV Azerbaijan HD,1_0_1_5_1_1_1CC2BA7_0_0_0.png,atvazerbaijanhd.png,46.0E,(17) 46.0E KU-band Azerspace 1,Found
Ajara TV,1_0_1_2_0_0_1CC2B57_0_0_0.png,ajaratv.png,46.0E,(17) 46.0E KU-band Azerspace 1,Found
Anewz,1_0_1_15_0_0_1CC2B57_0_0_0.png,anewz.png,46.0E,(17) 46.0E KU-band Azerspace 1,Found
Apostrof TV,1_0_1_17_0_0_1CC2B57_0_0_0.png,apostroftv.png,46.0E,(17) 46.0E KU-band Azerspace 1,Found
ArazFM_103.3FM,1_0_2_18_1_1_1CC2BA7_0_0_0.png,arazfm1033fm.png,46.0E,(17) 46.0E KU-band Azerspace 1,Found
AzTV,1_0_1_16_0_0_1CC2B57_0_0_0.png,aztv.png,46.0E,(17) 46.0E KU-band Azerspace 1,Found
AzTV HD,1_0_1_1_1_1_1CC2BA7_0_0_0.png,aztvhd.png,46.0E,(17) 46.0E KU-band Azerspace 1,Found
Azercosmos Promo,1_0_1_27_0_0_1CC2B57_0_0_0.png,azercosmospromo.png,46.0E,(17) 46.0E KU-band Azerspace 1,Found
BAKU TV,1_0_1_1_1_FFFF_1CC2B7F_0_0_0.png,bakutv.png,46.0E,(17) 46.0E KU-band Azerspace 1,Found
BELARUS24 HD,1_0_1_5_1_FFFF_1CC2B7F_0_0_0.png,belarus24hd.png,46.0E,(17) 46.0E KU-band Azerspace 1,Found
BRT 1 HD,1_0_1_10_1_FFFF_1CC2B7F_0_0_0.png,brt1hd.png,46.0E,(17) 46.0E KU-band Azerspace 1,Found
Baku TV,1_0_1_18_0_0_1CC2B57_0_0_0.png,bakutv.png,46.0E,(17) 46.0E KU-band Azerspace 1,Found
CBC Azerbaijan TV HD,1_0_1_7_1_1_1CC2BA7_0_0_0.png,cbcazerbaijantvhd.png,46.0E,(17) 46.0E KU-band Azerspace 1,Found
CBC Sport TV HD,1_0_1_8_1_1_1CC2BA7_0_0_0.png,cbcsporttvhd.png,46.0E,(17) 46.0E KU-band Azerspace 1,Found
CBC_FM,1_0_2_1F_1_1_1CC2BA7_0_0_0.png,cbcfm.png,46.0E,(17) 46.0E KU-band Azerspace 1,Found
Comedy Arkhi,1_0_1_D_0_0_1CC2B57_0_0_0.png,comedyarkhi.png,46.0E,(17) 46.0E KU-band Azerspace 1,Found
Dunya TV,1_0_1_C_1_1_1CC2BA7_0_0_0.png,dunyatv.png,46.0E,(17) 46.0E KU-band Azerspace 1,Found
FM_106.3,1_0_2_1D_1_1_1CC2BA7_0_0_0.png,fm1063.png,46.0E,(17) 46.0E KU-band Azerspace 1,Found
GDS TV,1_0_1_4_0_0_1CC2B57_0_0_0.png,gdstv.png,46.0E,(17) 46.0E KU-band Azerspace 1,Found
GROZNIY TV,1_0_1_3_1_FFFF_1CC2B7F_0_0_0.png,grozniytv.png,46.0E,(17) 46.0E KU-band Azerspace 1,Found
GUNAZ TV,1_0_1_8_1_FFFF_1CC2B7F_0_0_0.png,gunaztv.png,46.0E,(17) 46.0E KU-band Azerspace 1,Found
Haber Global HD,1_0_1_14_0_0_1CC2B57_0_0_0.png,haberglobalhd.png,46.0E,(17) 46.0E KU-band Azerspace 1,Found
IRAN INTERNATIONAL,1_0_1_D_1_FFFF_1CC2B7F_0_0_0.png,iraninternational.png,46.0E,(17) 46.0E KU-band Azerspace 1,Found
Ictimai TV HD,1_0_1_4_1_1_1CC2BA7_0_0_0.png,ictimaitvhd.png,46.0E,(17) 46.0E KU-band Azerspace 1,Found
Ictimai_Radio,1_0_2_1C_1_1_1CC2BA7_0_0_0.png,ictimairadio.png,46.0E,(17) 46.0E KU-band Azerspace 1,Found
Idman TV HD,1_0_1_2_1_1_1CC2BA7_0_0_0.png,idmantvhd.png,46.0E,(17) 46.0E KU-band Azerspace 1,Found
Imedi TV,1_0_1_3_0_0_1CC2B57_0_0_0.png,imeditv.png,46.0E,(17) 46.0E KU-band Azerspace 1,Found
Kanal S,1_0_1_4_1_0_1CCAB10_0_0_0.png,kanals.png,46.0E,(17) 46.0E KU-band Azerspace 1,Found
Marao,1_0_1_24_0_0_1CC2B57_0_0_0.png,marao.png,46.0E,(17) 46.0E KU-band Azerspace 1,Found
Marneuli TV,1_0_1_F_0_0_1CC2B57_0_0_0.png,marneulitv.png,46.0E,(17) 46.0E KU-band Azerspace 1,Found
Medeniyyet TV HD,1_0_1_3_1_1_1CC2BA7_0_0_0.png,medeniyyettvhd.png,46.0E,(17) 46.0E KU-band Azerspace 1,Found
MediaFM_105.5FM,1_0_2_19_1_1_1CC2BA7_0_0_0.png,mediafm1055fm.png,46.0E,(17) 46.0E KU-band Azerspace 1,Found
NAXCIVAN TV HD,1_0_1_2_1_FFFF_1CC2B7F_0_0_0.png,naxcivantvhd.png,46.0E,(17) 46.0E KU-band Azerspace 1,Found
OMID E IRAN,1_0_1_F_1_FFFF_1CC2B7F_0_0_0.png,omideiran.png,46.0E,(17) 46.0E KU-band Azerspace 1,Found
PAL DOGA,1_0_2_34_1_FFFF_1CC2B7F_0_0_0.png,paldoga.png,46.0E,(17) 46.0E KU-band Azerspace 1,Found
PAL FM,1_0_2_33_1_FFFF_1CC2B7F_0_0_0.png,palfm.png,46.0E,(17) 46.0E KU-band Azerspace 1,Found
PARS TV,1_0_1_E_1_FFFF_1CC2B7F_0_0_0.png,parstv.png,46.0E,(17) 46.0E KU-band Azerspace 1,Found
Palitra News,1_0_1_11_0_0_1CC2B57_0_0_0.png,palitranews.png,46.0E,(17) 46.0E KU-band Azerspace 1,Found
Pos TV,1_0_1_E_0_0_1CC2B57_0_0_0.png,postv.png,46.0E,(17) 46.0E KU-band Azerspace 1,Found
Radio_Int,1_0_2_1B_1_1_1CC2BA7_0_0_0.png,radioint.png,46.0E,(17) 46.0E KU-band Azerspace 1,Found
Radio_Respublika,1_0_2_15_1_1_1CC2BA7_0_0_0.png,radiorespublika.png,46.0E,(17) 46.0E KU-band Azerspace 1,Found
Real FM,1_0_2_21_1_1_1CC2BA7_0_0_0.png,realfm.png,46.0E,(17) 46.0E KU-band Azerspace 1,Found
Real TV HD,1_0_1_9_1_1_1CC2BA7_0_0_0.png,realtvhd.png,46.0E,(17) 46.0E KU-band Azerspace 1,Found
Rustavi 2,1_0_1_B_0_0_1CC2B57_0_0_0.png,rustavi2.png,46.0E,(17) 46.0E KU-band Azerspace 1,Found
SNG MK2,1_0_1_15_1_1_1CC2B3F_0_0_0.png,sngmk2.png,46.0E,(17) 46.0E KU-band Azerspace 1,Found
Space TV HD,1_0_1_A_1_1_1CC2BA7_0_0_0.png,spacetvhd.png,46.0E,(17) 46.0E KU-band Azerspace 1,Found
Space_FM,1_0_2_20_1_1_1CC2BA7_0_0_0.png,spacefm.png,46.0E,(17) 46.0E KU-band Azerspace 1,Found
TMB_Radio,1_0_2_17_1_1_1CC2BA7_0_0_0.png,tmbradio.png,46.0E,(17) 46.0E KU-band Azerspace 1,Found
TV Pirveli,1_0_1_6_0_0_1CC2B57_0_0_0.png,tvpirveli.png,46.0E,(17) 46.0E KU-band Azerspace 1,Found
Topaz 2,1_0_1_25_0_0_1CC2B57_0_0_0.png,topaz2.png,46.0E,(17) 46.0E KU-band Azerspace 1,Found
VIRTUAL SPORTS,1_0_1_9_1_FFFF_1CC2B7F_0_0_0.png,virtualsports.png,46.0E,(17) 46.0E KU-band Azerspace 1,Found
VIRTUAL SPORTS BL,1_0_1_A_1_FFFF_1CC2B7F_0_0_0.png,virtualsportsbl.png,46.0E,(17) 46.0E KU-band Azerspace 1,Found
Xazar TV HD,1_0_1_6_1_1_1CC2BA7_0_0_0.png,xazartvhd.png,46.0E,(17) 46.0E KU-band Azerspace 1,Found
Xezer_FM,1_0_2_1E_1_1_1CC2BA7_0_0_0.png,xezerfm.png,46.0E,(17) 46.0E KU-band Azerspace 1,Found
GOLD FM,1_0_2_102_0_0_1CD0F14_0_0_0.png,goldfm.png,46.1E,(106) 46.0E C-band Azerspace 1,Found
TURKSAT TANITIM SD,1_0_1_1_1_FF01_1F40000_0_0_0.png,turksattanitimsd.png,50.0E,(18) 50.0E KU-band Türksat 4B,Found
365 dney,1_0_1_83A_2_FF00_2030000_0_0_0.png,365dney.png,51.5E,(19) 51.5E KU-band Belintersat 1,Found
Arsenal,1_0_1_858_2_FF00_2030000_0_0_0.png,arsenal.png,51.5E,(19) 51.5E KU-band Belintersat 1,Found
Football,1_0_1_85E_2_FF00_2030000_0_0_0.png,football.png,51.5E,(19) 51.5E KU-band Belintersat 1,Found
KHL Prime,1_0_1_85F_2_FF00_2030000_0_0_0.png,khlprime.png,51.5E,(19) 51.5E KU-band Belintersat 1,Found
KVN TV,1_0_1_859_2_FF00_2030000_0_0_0.png,kvntv.png,51.5E,(19) 51.5E KU-band Belintersat 1,Found
Kinohit,1_0_1_842_2_FF00_2030000_0_0_0.png,kinohit.png,51.5E,(19) 51.5E KU-band Belintersat 1,Found
Kinomix,1_0_1_843_2_FF00_2030000_0_0_0.png,kinomix.png,51.5E,(19) 51.5E KU-band Belintersat 1,Found
Kinopremera,1_0_1_844_2_FF00_2030000_0_0_0.png,kinopremera.png,51.5E,(19) 51.5E KU-band Belintersat 1,Found
Kinosemya,1_0_1_846_2_FF00_2030000_0_0_0.png,kinosemya.png,51.5E,(19) 51.5E KU-band Belintersat 1,Found
Kinosvidanie,1_0_1_848_2_FF00_2030000_0_0_0.png,kinosvidanie.png,51.5E,(19) 51.5E KU-band Belintersat 1,Found
Kosmicheskiy,1_0_1_855_2_FF00_2030000_0_0_0.png,kosmicheskiy.png,51.5E,(19) 51.5E KU-band Belintersat 1,Found
Kto Est Kto,1_0_1_835_2_FF00_2030000_0_0_0.png,ktoestkto.png,51.5E,(19) 51.5E KU-band Belintersat 1,Found
Kuhnya TV,1_0_1_84D_2_FF00_2030000_0_0_0.png,kuhnyatv.png,51.5E,(19) 51.5E KU-band Belintersat 1,Found
Lya Minor,1_0_1_84E_2_FF00_2030000_0_0_0.png,lyaminor.png,51.5E,(19) 51.5E KU-band Belintersat 1,Found
MIR,1_0_19_C20_3_FF00_2030000_0_0_0.png,mir.png,51.5E,(19) 51.5E KU-band Belintersat 1,Found
Malysh,1_0_1_838_2_FF00_2030000_0_0_0.png,malysh.png,51.5E,(19) 51.5E KU-band Belintersat 1,Found
Muzhskoe Kino,1_0_1_849_2_FF00_2030000_0_0_0.png,muzhskoekino.png,51.5E,(19) 51.5E KU-band Belintersat 1,Found
Muzhskoy,1_0_1_83F_2_FF00_2030000_0_0_0.png,muzhskoy.png,51.5E,(19) 51.5E KU-band Belintersat 1,Found
Nashe Novoe Kino,1_0_1_845_2_FF00_2030000_0_0_0.png,nashenovoekino.png,51.5E,(19) 51.5E KU-band Belintersat 1,Found
Rodnoe Kino,1_0_1_84B_2_FF00_2030000_0_0_0.png,rodnoekino.png,51.5E,(19) 51.5E KU-band Belintersat 1,Found
RuTV,1_0_16_878_2_FF00_2030000_0_0_0.png,rutv.png,51.5E,(19) 51.5E KU-band Belintersat 1,Found
Ryzhiy,1_0_1_837_2_FF00_2030000_0_0_0.png,ryzhiy.png,51.5E,(19) 51.5E KU-band Belintersat 1,Found
STV,1_0_19_C1F_3_FF00_2030000_0_0_0.png,stv.png,51.5E,(19) 51.5E KU-band Belintersat 1,Found
TEST,1_0_19_C29_3_FF00_2030000_0_0_0.png,test.png,51.5E,(19) 51.5E KU-band Belintersat 1,Found
TEST5,1_0_19_884_2_FF00_2030000_0_0_0.png,test5.png,51.5E,(19) 51.5E KU-band Belintersat 1,Found
Tayny Galaktiki,1_0_1_854_2_FF00_2030000_0_0_0.png,taynygalaktiki.png,51.5E,(19) 51.5E KU-band Belintersat 1,Found
Zagorodnaya Zhizn,1_0_1_863_2_FF00_2030000_0_0_0.png,zagorodnayazhizn.png,51.5E,(19) 51.5E KU-band Belintersat 1,Found
viju_Explore,1_0_16_87E_2_FF00_2030000_0_0_0.png,vijuexplore.png,51.5E,(19) 51.5E KU-band Belintersat 1,Found
viju_History,1_0_16_87F_2_FF00_2030000_0_0_0.png,vijuhistory.png,51.5E,(19) 51.5E KU-band Belintersat 1,Found
viju_Nature,1_0_16_880_2_FF00_2030000_0_0_0.png,vijunature.png,51.5E,(19) 51.5E KU-band Belintersat 1,Found
viju_TV1000,1_0_16_87B_2_FF00_2030000_0_0_0.png,vijutv1000.png,51.5E,(19) 51.5E KU-band Belintersat 1,Found
viju_TV1000_Action,1_0_16_87D_2_FF00_2030000_0_0_0.png,vijutv1000action.png,51.5E,(19) 51.5E KU-band Belintersat 1,Found
STAR FM,1_0_1_20_1_1_2048EAB_0_0_0.png,starfm.png,51.6E,(108) 51.5E C-band Belintersat 1,Found
1TV,1_0_1_11_117E_117E_2080000_0_0_0.png,1tv.png,52.0E,(20) 52.0E KU-band TurkmenÄlem/MonacoSat,Found
247Box,1_0_1_5_2506_2506_2080000_0_0_0.png,247box.png,52.0E,(20) 52.0E KU-band TurkmenÄlem/MonacoSat,Found
4Kurd,1_0_1_2F_1D36_1D36_2080000_0_0_0.png,4kurd.png,52.0E,(20) 52.0E KU-band TurkmenÄlem/MonacoSat,Found
4Te,1_0_1_A_117E_117E_2080000_0_0_0.png,4te.png,52.0E,(20) 52.0E KU-band TurkmenÄlem/MonacoSat,Found
4U Family,1_0_1_E_117E_117E_2080000_0_0_0.png,4ufamily.png,52.0E,(20) 52.0E KU-band TurkmenÄlem/MonacoSat,Found
4U TV HD,1_0_1_18_2506_2506_2080000_0_0_0.png,4utvhd.png,52.0E,(20) 52.0E KU-band TurkmenÄlem/MonacoSat,Found
ARAX TV,1_0_1_D_211E_211E_2080000_0_0_0.png,araxtv.png,52.0E,(20) 52.0E KU-band TurkmenÄlem/MonacoSat,Found
ARKO TV,1_0_1_9_211E_211E_2080000_0_0_0.png,arkotv.png,52.0E,(20) 52.0E KU-band TurkmenÄlem/MonacoSat,Found
AVA Family,1_0_1_331_194E_194E_2080000_0_0_0.png,avafamily.png,52.0E,(20) 52.0E KU-band TurkmenÄlem/MonacoSat,Found
AVA Series,1_0_1_15_194E_194E_2080000_0_0_0.png,avaseries.png,52.0E,(20) 52.0E KU-band TurkmenÄlem/MonacoSat,Found
AWE,1_0_19_259_258_1_2080000_0_0_0.png,awe.png,52.0E,(20) 52.0E KU-band TurkmenÄlem/MonacoSat,Found
Afghanistan Intl,1_0_1_3C_2506_2506_2080000_0_0_0.png,afghanistanintl.png,52.0E,(20) 52.0E KU-band TurkmenÄlem/MonacoSat,Found
Afghanistan Intl Radio,1_0_1_3E_2506_2506_2080000_0_0_0.png,afghanistanintlradio.png,52.0E,(20) 52.0E KU-band TurkmenÄlem/MonacoSat,Found
Afghanistan Intl SD,1_0_1_3D_2506_2506_2080000_0_0_0.png,afghanistanintlsd.png,52.0E,(20) 52.0E KU-band TurkmenÄlem/MonacoSat,Found
Al Furqan Radio,1_0_1_C_211E_211E_2080000_0_0_0.png,alfurqanradio.png,52.0E,(20) 52.0E KU-band TurkmenÄlem/MonacoSat,Found
Azadi TV HD,1_0_1_29_211E_211E_2080000_0_0_0.png,azaditvhd.png,52.0E,(20) 52.0E KU-band TurkmenÄlem/MonacoSat,Found
Azadi TV SD,1_0_1_9_2506_2506_2080000_0_0_0.png,azaditvsd.png,52.0E,(20) 52.0E KU-band TurkmenÄlem/MonacoSat,Found
BBC Earth,1_0_19_26A_258_1_2080000_0_0_0.png,bbcearth.png,52.0E,(20) 52.0E KU-band TurkmenÄlem/MonacoSat,Found
BBC News Afghanistan,1_0_1_6_2506_2506_2080000_0_0_0.png,bbcnewsafghanistan.png,52.0E,(20) 52.0E KU-band TurkmenÄlem/MonacoSat,Found
BBC News Persian,1_0_1_12_194E_194E_2080000_0_0_0.png,bbcnewspersian.png,52.0E,(20) 52.0E KU-band TurkmenÄlem/MonacoSat,Found
Classic TV,1_0_1_31_1D36_1D36_2080000_0_0_0.png,classictv.png,52.0E,(20) 52.0E KU-band TurkmenÄlem/MonacoSat,Found
DATIS TV,1_0_1_10_211E_211E_2080000_0_0_0.png,datistv.png,52.0E,(20) 52.0E KU-band TurkmenÄlem/MonacoSat,Found
Derakhte Zendegi,1_0_1_4_117E_117E_2080000_0_0_0.png,derakhtezendegi.png,52.0E,(20) 52.0E KU-band TurkmenÄlem/MonacoSat,Found
Discovery HD,1_0_19_2C8_2BC_1_2080000_0_0_0.png,discoveryhd.png,52.0E,(20) 52.0E KU-band TurkmenÄlem/MonacoSat,Found
Duck TV,1_0_1_25B_258_1_2080000_0_0_0.png,ducktv.png,52.0E,(20) 52.0E KU-band TurkmenÄlem/MonacoSat,Found
Dunya naw TV - farah,1_0_1_328_194E_194E_2080000_0_0_0.png,dunyanawtvfarah.png,52.0E,(20) 52.0E KU-band TurkmenÄlem/MonacoSat,Found
Eslah TV,1_0_1_2C7_194E_194E_2080000_0_0_0.png,eslahtv.png,52.0E,(20) 52.0E KU-band TurkmenÄlem/MonacoSat,Found
FOX Business Network,1_0_19_2BE_2BC_1_2080000_0_0_0.png,foxbusinessnetwork.png,52.0E,(20) 52.0E KU-band TurkmenÄlem/MonacoSat,Found
FOX News Channel,1_0_19_2BD_2BC_1_2080000_0_0_0.png,foxnewschannel.png,52.0E,(20) 52.0E KU-band TurkmenÄlem/MonacoSat,Found
Fight Network,1_0_19_25C_258_1_2080000_0_0_0.png,fightnetwork.png,52.0E,(20) 52.0E KU-band TurkmenÄlem/MonacoSat,Found
Gold Star TV,1_0_1_12_1D36_1D36_2080000_0_0_0.png,goldstartv.png,52.0E,(20) 52.0E KU-band TurkmenÄlem/MonacoSat,Found
Gulli Bil Arabi,1_0_1_25D_258_1_2080000_0_0_0.png,gullibilarabi.png,52.0E,(20) 52.0E KU-band TurkmenÄlem/MonacoSat,Found
Home+ HD,1_0_1_A_1D36_1D36_2080000_0_0_0.png,homehd.png,52.0E,(20) 52.0E KU-band TurkmenÄlem/MonacoSat,Found
ICNET 1 HD,1_0_1_F_211E_211E_2080000_0_0_0.png,icnet1hd.png,52.0E,(20) 52.0E KU-band TurkmenÄlem/MonacoSat,Found
ICNET 3 HD,1_0_1_8_211E_211E_2080000_0_0_0.png,icnet3hd.png,52.0E,(20) 52.0E KU-band TurkmenÄlem/MonacoSat,Found
ID HD,1_0_19_2C9_2BC_1_2080000_0_0_0.png,idhd.png,52.0E,(20) 52.0E KU-band TurkmenÄlem/MonacoSat,Found
IRAN TODAY,1_0_1_13_211E_211E_2080000_0_0_0.png,irantoday.png,52.0E,(20) 52.0E KU-band TurkmenÄlem/MonacoSat,Found
ITN,1_0_1_C_194E_194E_2080000_0_0_0.png,itn.png,52.0E,(20) 52.0E KU-band TurkmenÄlem/MonacoSat,Found
ITN HD,1_0_1_3_2506_2506_2080000_0_0_0.png,itnhd.png,52.0E,(20) 52.0E KU-band TurkmenÄlem/MonacoSat,Found
Iran Film HD,1_0_1_1B_2506_2506_2080000_0_0_0.png,iranfilmhd.png,52.0E,(20) 52.0E KU-band TurkmenÄlem/MonacoSat,Found
Iran-e-Farda TV,1_0_1_23_194E_194E_2080000_0_0_0.png,iranefardatv.png,52.0E,(20) 52.0E KU-band TurkmenÄlem/MonacoSat,Found
Kanal Jadid,1_0_1_26_194E_194E_2080000_0_0_0.png,kanaljadid.png,52.0E,(20) 52.0E KU-band TurkmenÄlem/MonacoSat,Found
Kanal Yek HD,1_0_1_9_117E_117E_2080000_0_0_0.png,kanalyekhd.png,52.0E,(20) 52.0E KU-band TurkmenÄlem/MonacoSat,Found
KhabarKhan TV,1_0_1_8_194E_194E_2080000_0_0_0.png,khabarkhantv.png,52.0E,(20) 52.0E KU-band TurkmenÄlem/MonacoSat,Found
Khalij Radio,1_0_1_17_211E_211E_2080000_0_0_0.png,khalijradio.png,52.0E,(20) 52.0E KU-band TurkmenÄlem/MonacoSat,Found
Khalij TV,1_0_1_14_117E_117E_2080000_0_0_0.png,khalijtv.png,52.0E,(20) 52.0E KU-band TurkmenÄlem/MonacoSat,Found
Khalij TV,1_0_1_2A_211E_211E_2080000_0_0_0.png,khalijtv.png,52.0E,(20) 52.0E KU-band TurkmenÄlem/MonacoSat,Found
Khane Film,1_0_1_E_211E_211E_2080000_0_0_0.png,khanefilm.png,52.0E,(20) 52.0E KU-band TurkmenÄlem/MonacoSat,Found
Khane Honarmandan,1_0_1_29_194E_194E_2080000_0_0_0.png,khanehonarmandan.png,52.0E,(20) 52.0E KU-band TurkmenÄlem/MonacoSat,Found
MBC Persia HD,1_0_1_1C_2506_2506_2080000_0_0_0.png,mbcpersiahd.png,52.0E,(20) 52.0E KU-band TurkmenÄlem/MonacoSat,Found
MBC Persia SD,1_0_1_20_211E_211E_2080000_0_0_0.png,mbcpersiasd.png,52.0E,(20) 52.0E KU-band TurkmenÄlem/MonacoSat,Found
MTC,1_0_1_12_2506_2506_2080000_0_0_0.png,mtc.png,52.0E,(20) 52.0E KU-band TurkmenÄlem/MonacoSat,Found
Maah TV,1_0_1_4_211E_211E_2080000_0_0_0.png,maahtv.png,52.0E,(20) 52.0E KU-band TurkmenÄlem/MonacoSat,Found
Maawj TV HD,1_0_1_A_211E_211E_2080000_0_0_0.png,maawjtvhd.png,52.0E,(20) 52.0E KU-band TurkmenÄlem/MonacoSat,Found
Manoto TV,1_0_1_F_117E_117E_2080000_0_0_0.png,manototv.png,52.0E,(20) 52.0E KU-band TurkmenÄlem/MonacoSat,Found
Manoto TV,1_0_1_11_194E_194E_2080000_0_0_0.png,manototv.png,52.0E,(20) 52.0E KU-band TurkmenÄlem/MonacoSat,Found
Mardom TV,1_0_1_332_194E_194E_2080000_0_0_0.png,mardomtv.png,52.0E,(20) 52.0E KU-band TurkmenÄlem/MonacoSat,Found
Meraj TV,1_0_1_1A_2506_2506_2080000_0_0_0.png,merajtv.png,52.0E,(20) 52.0E KU-band TurkmenÄlem/MonacoSat,Found
Meta Film HD,1_0_1_7_117E_117E_2080000_0_0_0.png,metafilmhd.png,52.0E,(20) 52.0E KU-band TurkmenÄlem/MonacoSat,Found
Nahade Azadi,1_0_1_1_117E_117E_2080000_0_0_0.png,nahadeazadi.png,52.0E,(20) 52.0E KU-band TurkmenÄlem/MonacoSat,Found
Nautical HD,1_0_19_25A_258_1_2080000_0_0_0.png,nauticalhd.png,52.0E,(20) 52.0E KU-band TurkmenÄlem/MonacoSat,Found
Navahang,1_0_1_330_194E_194E_2080000_0_0_0.png,navahang.png,52.0E,(20) 52.0E KU-band TurkmenÄlem/MonacoSat,Found
Navid TV,1_0_1_1_211E_211E_2080000_0_0_0.png,navidtv.png,52.0E,(20) 52.0E KU-band TurkmenÄlem/MonacoSat,Found
Newsmax TV,1_0_1_264_258_1_2080000_0_0_0.png,newsmaxtv.png,52.0E,(20) 52.0E KU-band TurkmenÄlem/MonacoSat,Found
OXIR TV,1_0_1_323_194E_194E_2080000_0_0_0.png,oxirtv.png,52.0E,(20) 52.0E KU-band TurkmenÄlem/MonacoSat,Found
Omid e Iran,1_0_1_A_2506_2506_2080000_0_0_0.png,omideiran.png,52.0E,(20) 52.0E KU-band TurkmenÄlem/MonacoSat,Found
PMC HD,1_0_1_B_2506_2506_2080000_0_0_0.png,pmchd.png,52.0E,(20) 52.0E KU-band TurkmenÄlem/MonacoSat,Found
PMC Planeta,1_0_1_C_117E_117E_2080000_0_0_0.png,pmcplaneta.png,52.0E,(20) 52.0E KU-band TurkmenÄlem/MonacoSat,Found
PMC Royale,1_0_1_1A_117E_117E_2080000_0_0_0.png,pmcroyale.png,52.0E,(20) 52.0E KU-band TurkmenÄlem/MonacoSat,Found
PMC SELECT,1_0_1_24_117E_117E_2080000_0_0_0.png,pmcselect.png,52.0E,(20) 52.0E KU-band TurkmenÄlem/MonacoSat,Found
Pars TV,1_0_1_28_194E_194E_2080000_0_0_0.png,parstv.png,52.0E,(20) 52.0E KU-band TurkmenÄlem/MonacoSat,Found
Payam Aramesh HD,1_0_1_6_211E_211E_2080000_0_0_0.png,payamarameshhd.png,52.0E,(20) 52.0E KU-band TurkmenÄlem/MonacoSat,Found
Payam E Doost,1_0_1_21_194E_194E_2080000_0_0_0.png,payamedoost.png,52.0E,(20) 52.0E KU-band TurkmenÄlem/MonacoSat,Found
Persiana Cinema,1_0_1_3_1D36_1D36_2080000_0_0_0.png,persianacinema.png,52.0E,(20) 52.0E KU-band TurkmenÄlem/MonacoSat,Found
Persiana Comedy,1_0_1_7_1D36_1D36_2080000_0_0_0.png,persianacomedy.png,52.0E,(20) 52.0E KU-band TurkmenÄlem/MonacoSat,Found
Persiana Family,1_0_1_1_1D36_1D36_2080000_0_0_0.png,persianafamily.png,52.0E,(20) 52.0E KU-band TurkmenÄlem/MonacoSat,Found
Persiana Fight HD,1_0_1_16_2506_2506_2080000_0_0_0.png,persianafighthd.png,52.0E,(20) 52.0E KU-band TurkmenÄlem/MonacoSat,Found
Persiana Folk,1_0_1_17_1D36_1D36_2080000_0_0_0.png,persianafolk.png,52.0E,(20) 52.0E KU-band TurkmenÄlem/MonacoSat,Found
Persiana Iranian,1_0_1_5_1D36_1D36_2080000_0_0_0.png,persianairanian.png,52.0E,(20) 52.0E KU-band TurkmenÄlem/MonacoSat,Found
Persiana Junior,1_0_1_4_1D36_1D36_2080000_0_0_0.png,persianajunior.png,52.0E,(20) 52.0E KU-band TurkmenÄlem/MonacoSat,Found
Persiana Korea,1_0_1_18_1D36_1D36_2080000_0_0_0.png,persianakorea.png,52.0E,(20) 52.0E KU-band TurkmenÄlem/MonacoSat,Found
Persiana Medical,1_0_1_26_117E_117E_2080000_0_0_0.png,persianamedical.png,52.0E,(20) 52.0E KU-band TurkmenÄlem/MonacoSat,Found
Persiana Music,1_0_1_D_1D36_1D36_2080000_0_0_0.png,persianamusic.png,52.0E,(20) 52.0E KU-band TurkmenÄlem/MonacoSat,Found
Persiana Nostalgia,1_0_1_E_1D36_1D36_2080000_0_0_0.png,persiananostalgia.png,52.0E,(20) 52.0E KU-band TurkmenÄlem/MonacoSat,Found
Persiana Reality,1_0_1_6_117E_117E_2080000_0_0_0.png,persianareality.png,52.0E,(20) 52.0E KU-band TurkmenÄlem/MonacoSat,Found
Persiana Series,1_0_1_8_1D36_1D36_2080000_0_0_0.png,persianaseries.png,52.0E,(20) 52.0E KU-band TurkmenÄlem/MonacoSat,Found
Persiana Sports,1_0_1_2D_1D36_1D36_2080000_0_0_0.png,persianasports.png,52.0E,(20) 52.0E KU-band TurkmenÄlem/MonacoSat,Found
Persiana Sports 2,1_0_1_B_117E_117E_2080000_0_0_0.png,persianasports2.png,52.0E,(20) 52.0E KU-band TurkmenÄlem/MonacoSat,Found
Persiana Sports 2,1_0_1_C_1D36_1D36_2080000_0_0_0.png,persianasports2.png,52.0E,(20) 52.0E KU-band TurkmenÄlem/MonacoSat,Found
Pro Sport,1_0_1_3_117E_117E_2080000_0_0_0.png,prosport.png,52.0E,(20) 52.0E KU-band TurkmenÄlem/MonacoSat,Found
Project Leon,1_0_1_14_211E_211E_2080000_0_0_0.png,projectleon.png,52.0E,(20) 52.0E KU-band TurkmenÄlem/MonacoSat,Found
Promo,1_0_1_2_194E_194E_2080000_0_0_0.png,promo.png,52.0E,(20) 52.0E KU-band TurkmenÄlem/MonacoSat,Found
Promo,1_0_1_5_117E_117E_2080000_0_0_0.png,promo.png,52.0E,(20) 52.0E KU-band TurkmenÄlem/MonacoSat,Found
Promo,1_0_1_21_117E_117E_2080000_0_0_0.png,promo.png,52.0E,(20) 52.0E KU-band TurkmenÄlem/MonacoSat,Found
Promo,1_0_1_27_211E_211E_2080000_0_0_0.png,promo.png,52.0E,(20) 52.0E KU-band TurkmenÄlem/MonacoSat,Found
Radio Begum,1_0_1_4_194E_194E_2080000_0_0_0.png,radiobegum.png,52.0E,(20) 52.0E KU-band TurkmenÄlem/MonacoSat,Found
Radio Farda,1_0_1_9_194E_194E_2080000_0_0_0.png,radiofarda.png,52.0E,(20) 52.0E KU-band TurkmenÄlem/MonacoSat,Found
Radio Javan HD,1_0_1_12_211E_211E_2080000_0_0_0.png,radiojavanhd.png,52.0E,(20) 52.0E KU-band TurkmenÄlem/MonacoSat,Found
Radio Javan SD,1_0_1_3_211E_211E_2080000_0_0_0.png,radiojavansd.png,52.0E,(20) 52.0E KU-band TurkmenÄlem/MonacoSat,Found
Radio Jawanan,1_0_1_25_194E_194E_2080000_0_0_0.png,radiojawanan.png,52.0E,(20) 52.0E KU-band TurkmenÄlem/MonacoSat,Found
Rah E Ferda TV,1_0_1_15_211E_211E_2080000_0_0_0.png,raheferdatv.png,52.0E,(20) 52.0E KU-band TurkmenÄlem/MonacoSat,Found
ReelPX-Action,1_0_1_25E_258_1_2080000_0_0_0.png,reelpxaction.png,52.0E,(20) 52.0E KU-band TurkmenÄlem/MonacoSat,Found
ReelPX-Comedy,1_0_1_260_258_1_2080000_0_0_0.png,reelpxcomedy.png,52.0E,(20) 52.0E KU-band TurkmenÄlem/MonacoSat,Found
ReelPX-Crime,1_0_1_262_258_1_2080000_0_0_0.png,reelpxcrime.png,52.0E,(20) 52.0E KU-band TurkmenÄlem/MonacoSat,Found
ReelPX-Family,1_0_1_261_258_1_2080000_0_0_0.png,reelpxfamily.png,52.0E,(20) 52.0E KU-band TurkmenÄlem/MonacoSat,Found
ReelPX-Unlimited,1_0_1_263_258_1_2080000_0_0_0.png,reelpxunlimited.png,52.0E,(20) 52.0E KU-band TurkmenÄlem/MonacoSat,Found
RiC.today,1_0_19_269_258_1_2080000_0_0_0.png,rictoday.png,52.0E,(20) 52.0E KU-band TurkmenÄlem/MonacoSat,Found
Royal TV,1_0_1_B_211E_211E_2080000_0_0_0.png,royaltv.png,52.0E,(20) 52.0E KU-band TurkmenÄlem/MonacoSat,Found
SETAREH TV,1_0_1_4_2506_2506_2080000_0_0_0.png,setarehtv.png,52.0E,(20) 52.0E KU-band TurkmenÄlem/MonacoSat,Found
SL one,1_0_1_5_211E_211E_2080000_0_0_0.png,slone.png,52.0E,(20) 52.0E KU-band TurkmenÄlem/MonacoSat,Found
SL two,1_0_1_329_194E_194E_2080000_0_0_0.png,sltwo.png,52.0E,(20) 52.0E KU-band TurkmenÄlem/MonacoSat,Found
SUPERYACHT TV,1_0_1_13_194E_194E_2080000_0_0_0.png,superyachttv.png,52.0E,(20) 52.0E KU-band TurkmenÄlem/MonacoSat,Found
Sharq Global TV,1_0_1_2BD_194E_194E_2080000_0_0_0.png,sharqglobaltv.png,52.0E,(20) 52.0E KU-band TurkmenÄlem/MonacoSat,Found
SkyNews HD,1_0_1_2C7_2BC_1_2080000_0_0_0.png,skynewshd.png,52.0E,(20) 52.0E KU-band TurkmenÄlem/MonacoSat,Found
Solh Sports,1_0_1_1D_194E_194E_2080000_0_0_0.png,solhsports.png,52.0E,(20) 52.0E KU-band TurkmenÄlem/MonacoSat,Found
Sun Music TV,1_0_1_23_117E_117E_2080000_0_0_0.png,sunmusictv.png,52.0E,(20) 52.0E KU-band TurkmenÄlem/MonacoSat,Found
Supermovies,1_0_1_2C0_2BC_1_2080000_0_0_0.png,supermovies.png,52.0E,(20) 52.0E KU-band TurkmenÄlem/MonacoSat,Found
T2 HD,1_0_1_1B_117E_117E_2080000_0_0_0.png,t2hd.png,52.0E,(20) 52.0E KU-band TurkmenÄlem/MonacoSat,Found
TBN Nejat,1_0_1_2_1D36_1D36_2080000_0_0_0.png,tbnnejat.png,52.0E,(20) 52.0E KU-band TurkmenÄlem/MonacoSat,Found
TMTV,1_0_1_6_194E_194E_2080000_0_0_0.png,tmtv.png,52.0E,(20) 52.0E KU-band TurkmenÄlem/MonacoSat,Found
TVMONACO,1_0_1_2CA_2BC_1_2080000_0_0_0.png,tvmonaco.png,52.0E,(20) 52.0E KU-band TurkmenÄlem/MonacoSat,Found
Tapesh HD,1_0_1_22_117E_117E_2080000_0_0_0.png,tapeshhd.png,52.0E,(20) 52.0E KU-band TurkmenÄlem/MonacoSat,Found
Tennis Channel,1_0_1_2CB_2BC_1_2080000_0_0_0.png,tennischannel.png,52.0E,(20) 52.0E KU-band TurkmenÄlem/MonacoSat,Found
Trace Sports HD,1_0_1_2C1_2BC_1_2080000_0_0_0.png,tracesportshd.png,52.0E,(20) 52.0E KU-band TurkmenÄlem/MonacoSat,Found
VOA Persian,1_0_19_B_194E_194E_2080000_0_0_0.png,voapersian.png,52.0E,(20) 52.0E KU-band TurkmenÄlem/MonacoSat,Found
Vibes,1_0_1_26B_258_1_2080000_0_0_0.png,vibes.png,52.0E,(20) 52.0E KU-band TurkmenÄlem/MonacoSat,Found
WNS,1_0_1_1_2506_2506_2080000_0_0_0.png,wns.png,52.0E,(20) 52.0E KU-band TurkmenÄlem/MonacoSat,Found
WNS,1_0_1_2_211E_211E_2080000_0_0_0.png,wns.png,52.0E,(20) 52.0E KU-band TurkmenÄlem/MonacoSat,Found
WNS,1_0_1_7_194E_194E_2080000_0_0_0.png,wns.png,52.0E,(20) 52.0E KU-band TurkmenÄlem/MonacoSat,Found
WNS,1_0_1_12_117E_117E_2080000_0_0_0.png,wns.png,52.0E,(20) 52.0E KU-band TurkmenÄlem/MonacoSat,Found
Wild Earth,1_0_1_2C6_2BC_1_2080000_0_0_0.png,wildearth.png,52.0E,(20) 52.0E KU-band TurkmenÄlem/MonacoSat,Found
Woman TV,1_0_1_7_211E_211E_2080000_0_0_0.png,womantv.png,52.0E,(20) 52.0E KU-band TurkmenÄlem/MonacoSat,Found
Your Time TV,1_0_1_D_194E_194E_2080000_0_0_0.png,yourtimetv.png,52.0E,(20) 52.0E KU-band TurkmenÄlem/MonacoSat,Found
Your Time TV HD,1_0_1_3_194E_194E_2080000_0_0_0.png,yourtimetvhd.png,52.0E,(20) 52.0E KU-band TurkmenÄlem/MonacoSat,Found
YourTime TV,1_0_1_2C1_194E_194E_2080000_0_0_0.png,yourtimetv.png,52.0E,(20) 52.0E KU-band TurkmenÄlem/MonacoSat,Found
YourTime TV HD,1_0_1_1_194E_194E_2080000_0_0_0.png,yourtimetvhd.png,52.0E,(20) 52.0E KU-band TurkmenÄlem/MonacoSat,Found
ZooMoo TV HD,1_0_19_2BF_2BC_1_2080000_0_0_0.png,zoomootvhd.png,52.0E,(20) 52.0E KU-band TurkmenÄlem/MonacoSat,Found
24.7 MUSIC,1_0_1_8_A_1_20D0000_0_0_0.png,247music.png,52.5E,(21) 52.5E KU-band Al Yah 1,Found
24B HD,1_0_1_F_7_1_20D0000_0_0_0.png,24bhd.png,52.5E,(21) 52.5E KU-band Al Yah 1,Found
ABALFADHLTV,1_0_1_4F_4_1_20D0000_0_0_0.png,abalfadhltv.png,52.5E,(21) 52.5E KU-band Al Yah 1,Found
AF Sport,1_0_1_239_2_1_20D0000_0_0_0.png,afsport.png,52.5E,(21) 52.5E KU-band Al Yah 1,Found
ATN,1_0_1_24C_2_1_20D0000_0_0_0.png,atn.png,52.5E,(21) 52.5E KU-band Al Yah 1,Found
ATN,1_0_1_65B_4_20D_20D0000_0_0_0.png,atn.png,52.5E,(21) 52.5E KU-band Al Yah 1,Found
ATN NEWS,1_0_1_65A_4_20D_20D0000_0_0_0.png,atnnews.png,52.5E,(21) 52.5E KU-band Al Yah 1,Found
ATV Eritrea,1_0_1_1_A_1_20D0000_0_0_0.png,atveritrea.png,52.5E,(21) 52.5E KU-band Al Yah 1,Found
AYENEH HD,1_0_1_4_5_1_20D0000_0_0_0.png,ayenehhd.png,52.5E,(21) 52.5E KU-band Al Yah 1,Found
AYENEH HD,1_0_1_49_4_1_20D0000_0_0_0.png,ayenehhd.png,52.5E,(21) 52.5E KU-band Al Yah 1,Found
AYENEH TV,1_0_1_1B_2_1_20D0000_0_0_0.png,ayenehtv.png,52.5E,(21) 52.5E KU-band Al Yah 1,Found
Afghanistan Entertainment,1_0_1_23D_2_1_20D0000_0_0_0.png,afghanistanentertainment.png,52.5E,(21) 52.5E KU-band Al Yah 1,Found
Afghanistan International,1_0_1_5_4_1_20D0000_0_0_0.png,afghanistaninternational.png,52.5E,(21) 52.5E KU-band Al Yah 1,Found
Afghanistan international,1_0_1_252_2_1_20D0000_0_0_0.png,afghanistaninternational.png,52.5E,(21) 52.5E KU-band Al Yah 1,Found
Al Arabiya,1_0_1_1DB_2_1_20D0000_0_0_0.png,alarabiya.png,52.5E,(21) 52.5E KU-band Al Yah 1,Found
Al Ekhbaria HD,1_0_1_A2C_1A_2BE_20D0000_0_0_0.png,alekhbariahd.png,52.5E,(21) 52.5E KU-band Al Yah 1,Found
AlHadi TV,1_0_1_17_2_1_20D0000_0_0_0.png,alhaditv.png,52.5E,(21) 52.5E KU-band Al Yah 1,Found
Albasiya Alhussainia TV,1_0_1_6_A_1_20D0000_0_0_0.png,albasiyaalhussainiatv.png,52.5E,(21) 52.5E KU-band Al Yah 1,Found
Amu TV,1_0_1_247_2_1_20D0000_0_0_0.png,amutv.png,52.5E,(21) 52.5E KU-band Al Yah 1,Found
Arezo HD,1_0_1_656_4_20D_20D0000_0_0_0.png,arezohd.png,52.5E,(21) 52.5E KU-band Al Yah 1,Found
Arezo TV,1_0_1_24D_2_1_20D0000_0_0_0.png,arezotv.png,52.5E,(21) 52.5E KU-band Al Yah 1,Found
Aryen TV,1_0_1_15_3_1_20D0000_0_0_0.png,aryentv.png,52.5E,(21) 52.5E KU-band Al Yah 1,Found
Axumawian TV,1_0_1_10_A_1_20D0000_0_0_0.png,axumawiantv.png,52.5E,(21) 52.5E KU-band Al Yah 1,Found
Ayaz TV,1_0_1_E_A_1_20D0000_0_0_0.png,ayaztv.png,52.5E,(21) 52.5E KU-band Al Yah 1,Found
BABY TV HD,1_0_19_3_18_20D_20D0000_0_0_0.png,babytvhd.png,52.5E,(21) 52.5E KU-band Al Yah 1,Found
BBC Afghan radio,1_0_1_18_A_1_20D0000_0_0_0.png,bbcafghanradio.png,52.5E,(21) 52.5E KU-band Al Yah 1,Found
BBC Afghanistan,1_0_1_6B_A_1_20D0000_0_0_0.png,bbcafghanistan.png,52.5E,(21) 52.5E KU-band Al Yah 1,Found
BBC Arabic,1_0_1_B_5_1_20D0000_0_0_0.png,bbcarabic.png,52.5E,(21) 52.5E KU-band Al Yah 1,Found
BBC Arabic,1_0_1_17_A_1_20D0000_0_0_0.png,bbcarabic.png,52.5E,(21) 52.5E KU-band Al Yah 1,Found
BBC Arabic HD,1_0_1_9_5_1_20D0000_0_0_0.png,bbcarabichd.png,52.5E,(21) 52.5E KU-band Al Yah 1,Found
BBC News Afghanistan,1_0_1_F_5_1_20D0000_0_0_0.png,bbcnewsafghanistan.png,52.5E,(21) 52.5E KU-band Al Yah 1,Found
BBC News Afghanistan,1_0_1_6B_8_1_20D0000_0_0_0.png,bbcnewsafghanistan.png,52.5E,(21) 52.5E KU-band Al Yah 1,Found
BBC News Arabic,1_0_1_67_8_1_20D0000_0_0_0.png,bbcnewsarabic.png,52.5E,(21) 52.5E KU-band Al Yah 1,Found
BBC News Persian,1_0_1_65_8_1_20D0000_0_0_0.png,bbcnewspersian.png,52.5E,(21) 52.5E KU-band Al Yah 1,Found
BBC PERSIA,1_0_1_16_A_1_20D0000_0_0_0.png,bbcpersia.png,52.5E,(21) 52.5E KU-band Al Yah 1,Found
BEITOLABBAS,1_0_1_32_3_1_20D0000_0_0_0.png,beitolabbas.png,52.5E,(21) 52.5E KU-band Al Yah 1,Found
Bahoriston,1_0_1_3_7_1_20D0000_0_0_0.png,bahoriston.png,52.5E,(21) 52.5E KU-band Al Yah 1,Found
Barbud Music,1_0_1_245_2_1_20D0000_0_0_0.png,barbudmusic.png,52.5E,(21) 52.5E KU-band Al Yah 1,Found
Begum TV,1_0_1_1E8_2_1_20D0000_0_0_0.png,begumtv.png,52.5E,(21) 52.5E KU-band Al Yah 1,Found
C+,1_0_1_3F_1_1_20DADF6_0_0_0.png,c.png,52.5E,(21) 52.5E KU-band Al Yah 1,Found
CHANNEL ONE,1_0_1_1F_3_1_20D0000_0_0_0.png,channelone.png,52.5E,(21) 52.5E KU-band Al Yah 1,Found
CHANNEL ONE HD,1_0_1_4_4_1_20D0000_0_0_0.png,channelonehd.png,52.5E,(21) 52.5E KU-band Al Yah 1,Found
CHANNEL8,1_0_1_13_A_1_20D0000_0_0_0.png,channel8.png,52.5E,(21) 52.5E KU-band Al Yah 1,Found
CHEKAD TV,1_0_1_650_4_20D_20D0000_0_0_0.png,chekadtv.png,52.5E,(21) 52.5E KU-band Al Yah 1,Found
CITY TV,1_0_1_46_1_1_20DADF6_0_0_0.png,citytv.png,52.5E,(21) 52.5E KU-band Al Yah 1,Found
CITY TV,1_0_1_5A_3_1_20D0000_0_0_0.png,citytv.png,52.5E,(21) 52.5E KU-band Al Yah 1,Found
CNN International,1_0_1_E_5_1_20D0000_0_0_0.png,cnninternational.png,52.5E,(21) 52.5E KU-band Al Yah 1,Found
CNN International,1_0_1_CA_8_1_20D0000_0_0_0.png,cnninternational.png,52.5E,(21) 52.5E KU-band Al Yah 1,Found
DIDGAH TV,1_0_1_48_1_1_20DADF6_0_0_0.png,didgahtv.png,52.5E,(21) 52.5E KU-band Al Yah 1,Found
DISNEY CHANNEL,1_0_19_18_18_20D_20D0000_0_0_0.png,disneychannel.png,52.5E,(21) 52.5E KU-band Al Yah 1,Found
DISNEY JUNIOR,1_0_19_19_18_20D_20D0000_0_0_0.png,disneyjunior.png,52.5E,(21) 52.5E KU-band Al Yah 1,Found
Dedebit TV,1_0_1_D_A_1_20D0000_0_0_0.png,dedebittv.png,52.5E,(21) 52.5E KU-band Al Yah 1,Found
Drpal,1_0_1_7_A_1_20D0000_0_0_0.png,drpal.png,52.5E,(21) 52.5E KU-band Al Yah 1,Found
Drpal SD,1_0_1_15_A_1_20D0000_0_0_0.png,drpalsd.png,52.5E,(21) 52.5E KU-band Al Yah 1,Found
Dushanbe HD,1_0_1_7_7_1_20D0000_0_0_0.png,dushanbehd.png,52.5E,(21) 52.5E KU-band Al Yah 1,Found
FAZA TV,1_0_1_246_2_1_20D0000_0_0_0.png,fazatv.png,52.5E,(21) 52.5E KU-band Al Yah 1,Found
FOX ACTON MOVIES HD,1_0_19_7_18_20D_20D0000_0_0_0.png,foxactonmovieshd.png,52.5E,(21) 52.5E KU-band Al Yah 1,Found
Football-HD,1_0_1_8_7_1_20D0000_0_0_0.png,footballhd.png,52.5E,(21) 52.5E KU-band Al Yah 1,Found
GANJE HOZOUR,1_0_1_47_1_1_20DADF6_0_0_0.png,ganjehozour.png,52.5E,(21) 52.5E KU-band Al Yah 1,Found
GANJE HOZOUR 2,1_0_1_2F_3_1_20D0000_0_0_0.png,ganjehozour2.png,52.5E,(21) 52.5E KU-band Al Yah 1,Found
GANJE HOZOUR 3,1_0_1_18_2_1_20D0000_0_0_0.png,ganjehozour3.png,52.5E,(21) 52.5E KU-band Al Yah 1,Found
GANJE HOZOUR 4,1_0_1_4D_1_1_20DADF6_0_0_0.png,ganjehozour4.png,52.5E,(21) 52.5E KU-band Al Yah 1,Found
GANJE HOZOUR 5,1_0_1_3B_1_1_20DADF6_0_0_0.png,ganjehozour5.png,52.5E,(21) 52.5E KU-band Al Yah 1,Found
GEM AZ,1_0_1_17_7_1_20D0000_0_0_0.png,gemaz.png,52.5E,(21) 52.5E KU-band Al Yah 1,Found
GEM BOLLYWOOD,1_0_1_13_6_1_20D0000_0_0_0.png,gembollywood.png,52.5E,(21) 52.5E KU-band Al Yah 1,Found
GEM CLASSIC,1_0_1_14_6_1_20D0000_0_0_0.png,gemclassic.png,52.5E,(21) 52.5E KU-band Al Yah 1,Found
GEM COMEDY,1_0_1_18_7_1_20D0000_0_0_0.png,gemcomedy.png,52.5E,(21) 52.5E KU-band Al Yah 1,Found
GEM DRAMA,1_0_1_22_6_1_20D0000_0_0_0.png,gemdrama.png,52.5E,(21) 52.5E KU-band Al Yah 1,Found
GEM ENTERTAINMENT,1_0_1_1A_6_1_20D0000_0_0_0.png,gementertainment.png,52.5E,(21) 52.5E KU-band Al Yah 1,Found
GEM FILM,1_0_1_1E_6_1_20D0000_0_0_0.png,gemfilm.png,52.5E,(21) 52.5E KU-band Al Yah 1,Found
GEM FIT,1_0_1_F_6_1_20D0000_0_0_0.png,gemfit.png,52.5E,(21) 52.5E KU-band Al Yah 1,Found
GEM FOOD,1_0_1_E_6_1_20D0000_0_0_0.png,gemfood.png,52.5E,(21) 52.5E KU-band Al Yah 1,Found
GEM JUNIOR,1_0_1_17_6_1_20D0000_0_0_0.png,gemjunior.png,52.5E,(21) 52.5E KU-band Al Yah 1,Found
GEM KIDS,1_0_1_1C_6_1_20D0000_0_0_0.png,gemkids.png,52.5E,(21) 52.5E KU-band Al Yah 1,Found
GEM LIFE,1_0_1_12_6_1_20D0000_0_0_0.png,gemlife.png,52.5E,(21) 52.5E KU-band Al Yah 1,Found
GEM NATURE,1_0_1_16_6_1_20D0000_0_0_0.png,gemnature.png,52.5E,(21) 52.5E KU-band Al Yah 1,Found
GEM PIXEL,1_0_1_28_6_1_20D0000_0_0_0.png,gempixel.png,52.5E,(21) 52.5E KU-band Al Yah 1,Found
GEM SERIES,1_0_1_15_6_1_20D0000_0_0_0.png,gemseries.png,52.5E,(21) 52.5E KU-band Al Yah 1,Found
GEM SERIES+ HD,1_0_1_13_7_1_20D0000_0_0_0.png,gemserieshd.png,52.5E,(21) 52.5E KU-band Al Yah 1,Found
GEM SPORT SD,1_0_1_1D_6_1_20D0000_0_0_0.png,gemsportsd.png,52.5E,(21) 52.5E KU-band Al Yah 1,Found
GEM TV,1_0_1_19_6_1_20D0000_0_0_0.png,gemtv.png,52.5E,(21) 52.5E KU-band Al Yah 1,Found
Grand Cinema,1_0_1_6_5_1_20D0000_0_0_0.png,grandcinema.png,52.5E,(21) 52.5E KU-band Al Yah 1,Found
Grand Cinema,1_0_1_50_4_1_20D0000_0_0_0.png,grandcinema.png,52.5E,(21) 52.5E KU-band Al Yah 1,Found
Gulf movie,1_0_1_A_A_1_20D0000_0_0_0.png,gulfmovie.png,52.5E,(21) 52.5E KU-band Al Yah 1,Found
HAMBASTEGI TV,1_0_1_5_5_1_20D0000_0_0_0.png,hambastegitv.png,52.5E,(21) 52.5E KU-band Al Yah 1,Found
HOD HOD HD,1_0_1_3_4_1_20D0000_0_0_0.png,hodhodhd.png,52.5E,(21) 52.5E KU-band Al Yah 1,Found
Hamsafar,1_0_1_49_1_1_20DADF6_0_0_0.png,hamsafar.png,52.5E,(21) 52.5E KU-band Al Yah 1,Found
Holly Quran,1_0_2_A3C_1A_2BE_20D0000_0_0_0.png,hollyquran.png,52.5E,(21) 52.5E KU-band Al Yah 1,Found
IMAM HUSSEIN 1 HD,1_0_1_30_3_1_20D0000_0_0_0.png,imamhussein1hd.png,52.5E,(21) 52.5E KU-band Al Yah 1,Found
IMAM HUSSEIN 1 SD,1_0_1_14_3_1_20D0000_0_0_0.png,imamhussein1sd.png,52.5E,(21) 52.5E KU-band Al Yah 1,Found
IRANOVA,1_0_1_3D_1_1_20DADF6_0_0_0.png,iranova.png,52.5E,(21) 52.5E KU-band Al Yah 1,Found
Imam Hussain Arabic,1_0_1_4_A_1_20D0000_0_0_0.png,imamhussainarabic.png,52.5E,(21) 52.5E KU-band Al Yah 1,Found
Iran International,1_0_1_6D_8_1_20D0000_0_0_0.png,iraninternational.png,52.5E,(21) 52.5E KU-band Al Yah 1,Found
Iran International HD,1_0_1_2_5_1_20D0000_0_0_0.png,iraninternationalhd.png,52.5E,(21) 52.5E KU-band Al Yah 1,Found
Iran International HD,1_0_1_6E_8_1_20D0000_0_0_0.png,iraninternationalhd.png,52.5E,(21) 52.5E KU-band Al Yah 1,Found
JANNATUL BAQI' TV,1_0_1_1_4_1_20D0000_0_0_0.png,jannatulbaqitv.png,52.5E,(21) 52.5E KU-band Al Yah 1,Found
JK Music,1_0_1_12_2_1_20D0000_0_0_0.png,jkmusic.png,52.5E,(21) 52.5E KU-band Al Yah 1,Found
JK Music,1_0_1_5B_3_1_20D0000_0_0_0.png,jkmusic.png,52.5E,(21) 52.5E KU-band Al Yah 1,Found
Jahonnamo,1_0_1_4_7_1_20D0000_0_0_0.png,jahonnamo.png,52.5E,(21) 52.5E KU-band Al Yah 1,Found
KALEMEH TV,1_0_1_19_2_1_20D0000_0_0_0.png,kalemehtv.png,52.5E,(21) 52.5E KU-band Al Yah 1,Found
KSA SPORT1 HD,1_0_1_15E3_1A_2BE_20D0000_0_0_0.png,ksasport1hd.png,52.5E,(21) 52.5E KU-band Al Yah 1,Found
KSA SPORT2 HD,1_0_1_15E4_1A_2BE_20D0000_0_0_0.png,ksasport2hd.png,52.5E,(21) 52.5E KU-band Al Yah 1,Found
KSA SPORTS 3 HD,1_0_1_15E5_1A_2BE_20D0000_0_0_0.png,ksasports3hd.png,52.5E,(21) 52.5E KU-band Al Yah 1,Found
KSA SPORTS 4 HD,1_0_1_15E7_1A_2BE_20D0000_0_0_0.png,ksasports4hd.png,52.5E,(21) 52.5E KU-band Al Yah 1,Found
Kalemeh TV,1_0_1_1_1_1_20DADF6_0_0_0.png,kalemehtv.png,52.5E,(21) 52.5E KU-band Al Yah 1,Found
LUX TV,1_0_1_43_1_1_20DADF6_0_0_0.png,luxtv.png,52.5E,(21) 52.5E KU-band Al Yah 1,Found
Lemar,1_0_1_23A_2_1_20D0000_0_0_0.png,lemar.png,52.5E,(21) 52.5E KU-band Al Yah 1,Found
MARJAEYAT TV,1_0_1_13_3_1_20D0000_0_0_0.png,marjaeyattv.png,52.5E,(21) 52.5E KU-band Al Yah 1,Found
MBC Persia,1_0_1_D_5_1_20D0000_0_0_0.png,mbcpersia.png,52.5E,(21) 52.5E KU-band Al Yah 1,Found
MBC Persia,1_0_1_68_8_1_20D0000_0_0_0.png,mbcpersia.png,52.5E,(21) 52.5E KU-band Al Yah 1,Found
MI TV,1_0_1_34_3_1_20D0000_0_0_0.png,mitv.png,52.5E,(21) 52.5E KU-band Al Yah 1,Found
MIFA MUSIC HD,1_0_1_16_7_1_20D0000_0_0_0.png,mifamusichd.png,52.5E,(21) 52.5E KU-band Al Yah 1,Found
MODERN ECONOMY,1_0_1_1B_7_1_20D0000_0_0_0.png,moderneconomy.png,52.5E,(21) 52.5E KU-band Al Yah 1,Found
MOVIE ONE,1_0_1_7_2_1_20D0000_0_0_0.png,movieone.png,52.5E,(21) 52.5E KU-band Al Yah 1,Found
MY TV,1_0_1_42_1_1_20DADF6_0_0_0.png,mytv.png,52.5E,(21) 52.5E KU-band Al Yah 1,Found
Manoto TV,1_0_1_8_5_1_20D0000_0_0_0.png,manototv.png,52.5E,(21) 52.5E KU-band Al Yah 1,Found
Manoto TV,1_0_1_17_3_1_20D0000_0_0_0.png,manototv.png,52.5E,(21) 52.5E KU-band Al Yah 1,Found
NEWFLIX,1_0_1_45_4_1_20D0000_0_0_0.png,newflix.png,52.5E,(21) 52.5E KU-band Al Yah 1,Found
NGC HD,1_0_19_F_18_20D_20D0000_0_0_0.png,ngchd.png,52.5E,(21) 52.5E KU-band Al Yah 1,Found
NT TEST CARD 17,1_0_1_2_2_1_20D0000_0_0_0.png,nttestcard17.png,52.5E,(21) 52.5E KU-band Al Yah 1,Found
NT TEST CARD 17,1_0_1_50_1_1_20DADF6_0_0_0.png,nttestcard17.png,52.5E,(21) 52.5E KU-band Al Yah 1,Found
NT TESTCARD 1,1_0_1_24_3_1_20D0000_0_0_0.png,nttestcard1.png,52.5E,(21) 52.5E KU-band Al Yah 1,Found
NT TESTCARD 16,1_0_1_44_4_1_20D0000_0_0_0.png,nttestcard16.png,52.5E,(21) 52.5E KU-band Al Yah 1,Found
NT TESTCARD 3,1_0_1_2D_3_1_20D0000_0_0_0.png,nttestcard3.png,52.5E,(21) 52.5E KU-band Al Yah 1,Found
NT TESTCARD 9,1_0_1_47_3_1_20D0000_0_0_0.png,nttestcard9.png,52.5E,(21) 52.5E KU-band Al Yah 1,Found
NT Test Card 22,1_0_1_1C_3_1_20D0000_0_0_0.png,nttestcard22.png,52.5E,(21) 52.5E KU-band Al Yah 1,Found
Nedaa El Islam,1_0_2_A40_1A_2BE_20D0000_0_0_0.png,nedaaelislam.png,52.5E,(21) 52.5E KU-band Al Yah 1,Found
ONM,1_0_1_F_A_1_20D0000_0_0_0.png,onm.png,52.5E,(21) 52.5E KU-band Al Yah 1,Found
ONYX HD,1_0_1_B_7_1_20D0000_0_0_0.png,onyxhd.png,52.5E,(21) 52.5E KU-band Al Yah 1,Found
PAYAM-E-AFGHAN,1_0_1_46_3_1_20D0000_0_0_0.png,payameafghan.png,52.5E,(21) 52.5E KU-band Al Yah 1,Found
PERSIAN MUSIC,1_0_1_4B_1_1_20DADF6_0_0_0.png,persianmusic.png,52.5E,(21) 52.5E KU-band Al Yah 1,Found
RADIO MOJDEH,1_0_1_1D_2_1_20D0000_0_0_0.png,radiomojdeh.png,52.5E,(21) 52.5E KU-band Al Yah 1,Found
RADIS,1_0_1_2_4_1_20D0000_0_0_0.png,radis.png,52.5E,(21) 52.5E KU-band Al Yah 1,Found
RADIS,1_0_1_1E_2_1_20D0000_0_0_0.png,radis.png,52.5E,(21) 52.5E KU-band Al Yah 1,Found
RIVER,1_0_1_11_6_1_20D0000_0_0_0.png,river.png,52.5E,(21) 52.5E KU-band Al Yah 1,Found
RTA EDUCATION HD,1_0_1_662_4_20D_20D0000_0_0_0.png,rtaeducationhd.png,52.5E,(21) 52.5E KU-band Al Yah 1,Found
RTA EDUCATION RADIO,1_0_1_663_4_20D_20D0000_0_0_0.png,rtaeducationradio.png,52.5E,(21) 52.5E KU-band Al Yah 1,Found
RTA HD,1_0_1_65E_4_20D_20D0000_0_0_0.png,rtahd.png,52.5E,(21) 52.5E KU-band Al Yah 1,Found
RTA NATIONAL RADIO,1_0_1_666_4_20D_20D0000_0_0_0.png,rtanationalradio.png,52.5E,(21) 52.5E KU-band Al Yah 1,Found
RTA NEWS HD,1_0_1_65F_4_20D_20D0000_0_0_0.png,rtanewshd.png,52.5E,(21) 52.5E KU-band Al Yah 1,Found
RTA SHARIAT RADIO,1_0_1_667_4_20D_20D0000_0_0_0.png,rtashariatradio.png,52.5E,(21) 52.5E KU-band Al Yah 1,Found
RTA SPORT HD,1_0_1_660_4_20D_20D0000_0_0_0.png,rtasporthd.png,52.5E,(21) 52.5E KU-band Al Yah 1,Found
RTA TARANUM RADIO,1_0_1_665_4_20D_20D0000_0_0_0.png,rtataranumradio.png,52.5E,(21) 52.5E KU-band Al Yah 1,Found
RTA-WORLD,1_0_1_661_4_20D_20D0000_0_0_0.png,rtaworld.png,52.5E,(21) 52.5E KU-band Al Yah 1,Found
RUBIX,1_0_1_10_6_1_20D0000_0_0_0.png,rubix.png,52.5E,(21) 52.5E KU-band Al Yah 1,Found
RUBY MUSIC,1_0_1_40_1_1_20DADF6_0_0_0.png,rubymusic.png,52.5E,(21) 52.5E KU-band Al Yah 1,Found
Radio Farda,1_0_1_C_5_1_20D0000_0_0_0.png,radiofarda.png,52.5E,(21) 52.5E KU-band Al Yah 1,Found
Radio Farda,1_0_1_6C_8_1_20D0000_0_0_0.png,radiofarda.png,52.5E,(21) 52.5E KU-band Al Yah 1,Found
Rostam Media,1_0_1_41_1_1_20DADF6_0_0_0.png,rostammedia.png,52.5E,(21) 52.5E KU-band Al Yah 1,Found
SAT7 PARS,1_0_1_11_2_1_20D0000_0_0_0.png,sat7pars.png,52.5E,(21) 52.5E KU-band Al Yah 1,Found
SAUDI CH For Quran HD,1_0_1_15E1_1A_2BE_20D0000_0_0_0.png,saudichforquranhd.png,52.5E,(21) 52.5E KU-band Al Yah 1,Found
SAUDI CH For Sunnah HD,1_0_1_15E2_1A_2BE_20D0000_0_0_0.png,saudichforsunnahhd.png,52.5E,(21) 52.5E KU-band Al Yah 1,Found
SAUDI TV HD,1_0_1_A29_1A_2BE_20D0000_0_0_0.png,sauditvhd.png,52.5E,(21) 52.5E KU-band Al Yah 1,Found
SBC HD,1_0_1_A2B_1A_2BE_20D0000_0_0_0.png,sbchd.png,52.5E,(21) 52.5E KU-band Al Yah 1,Found
SHABAKEH 7 HD,1_0_1_48_4_1_20D0000_0_0_0.png,shabakeh7hd.png,52.5E,(21) 52.5E KU-band Al Yah 1,Found
SHABAKEH 7 SD,1_0_1_B_2_1_20D0000_0_0_0.png,shabakeh7sd.png,52.5E,(21) 52.5E KU-band Al Yah 1,Found
SMTV,1_0_1_1D1_2_1_20D0000_0_0_0.png,smtv.png,52.5E,(21) 52.5E KU-band Al Yah 1,Found
STAR MOVIES HD,1_0_19_2_18_20D_20D0000_0_0_0.png,starmovieshd.png,52.5E,(21) 52.5E KU-band Al Yah 1,Found
STARWORLD HD,1_0_19_1_18_20D_20D0000_0_0_0.png,starworldhd.png,52.5E,(21) 52.5E KU-band Al Yah 1,Found
Safina,1_0_1_2_7_1_20D0000_0_0_0.png,safina.png,52.5E,(21) 52.5E KU-band Al Yah 1,Found
Saudia Alaan TV HD,1_0_1_A2D_1A_2BE_20D0000_0_0_0.png,saudiaalaantvhd.png,52.5E,(21) 52.5E KU-band Al Yah 1,Found
Shams TV,1_0_1_251_2_1_20D0000_0_0_0.png,shamstv.png,52.5E,(21) 52.5E KU-band Al Yah 1,Found
Shamshad,1_0_1_644_4_20D_20D0000_0_0_0.png,shamshad.png,52.5E,(21) 52.5E KU-band Al Yah 1,Found
Simay Azadi HD,1_0_1_9_4_1_20D0000_0_0_0.png,simayazadihd.png,52.5E,(21) 52.5E KU-band Al Yah 1,Found
Simay Azadi SD,1_0_1_F_2_1_20D0000_0_0_0.png,simayazadisd.png,52.5E,(21) 52.5E KU-band Al Yah 1,Found
Sinamo,1_0_1_6_7_1_20D0000_0_0_0.png,sinamo.png,52.5E,(21) 52.5E KU-band Al Yah 1,Found
TAK TV,1_0_1_44_1_1_20DADF6_0_0_0.png,taktv.png,52.5E,(21) 52.5E KU-band Al Yah 1,Found
TALA KIDS,1_0_1_4A_1_1_20DADF6_0_0_0.png,talakids.png,52.5E,(21) 52.5E KU-band Al Yah 1,Found
TIN TV,1_0_1_4F_1_1_20DADF6_0_0_0.png,tintv.png,52.5E,(21) 52.5E KU-band Al Yah 1,Found
TMT Shahnavoz,1_0_1_9_7_1_20D0000_0_0_0.png,tmtshahnavoz.png,52.5E,(21) 52.5E KU-band Al Yah 1,Found
TMTV,1_0_1_47_4_1_20D0000_0_0_0.png,tmtv.png,52.5E,(21) 52.5E KU-band Al Yah 1,Found
TOWHEED TV,1_0_1_59_4_1_20D0000_0_0_0.png,towheedtv.png,52.5E,(21) 52.5E KU-band Al Yah 1,Found
TV-Khatlon,1_0_1_A_7_1_20D0000_0_0_0.png,tvkhatlon.png,52.5E,(21) 52.5E KU-band Al Yah 1,Found
TV8,1_0_1_C_2_1_20D0000_0_0_0.png,tv8.png,52.5E,(21) 52.5E KU-band Al Yah 1,Found
TV_Varzish,1_0_1_5_7_1_20D0000_0_0_0.png,tvvarzish.png,52.5E,(21) 52.5E KU-band Al Yah 1,Found
Tibeb Ybrah,1_0_1_C_A_1_20D0000_0_0_0.png,tibebybrah.png,52.5E,(21) 52.5E KU-band Al Yah 1,Found
Tigrai TV,1_0_1_2_A_1_20D0000_0_0_0.png,tigraitv.png,52.5E,(21) 52.5E KU-band Al Yah 1,Found
Tojikiston,1_0_1_1_7_1_20D0000_0_0_0.png,tojikiston.png,52.5E,(21) 52.5E KU-band Al Yah 1,Found
Tolo HD,1_0_1_23B_2_1_20D0000_0_0_0.png,tolohd.png,52.5E,(21) 52.5E KU-band Al Yah 1,Found
Tolo HD,1_0_1_642_4_20D_20D0000_0_0_0.png,tolohd.png,52.5E,(21) 52.5E KU-band Al Yah 1,Found
Tolo News,1_0_1_23C_2_1_20D0000_0_0_0.png,tolonews.png,52.5E,(21) 52.5E KU-band Al Yah 1,Found
Toosheh TV,1_0_1_3E_1_1_20DADF6_0_0_0.png,tooshehtv.png,52.5E,(21) 52.5E KU-band Al Yah 1,Found
Towheed TV SD,1_0_1_16_3_1_20D0000_0_0_0.png,towheedtvsd.png,52.5E,(21) 52.5E KU-band Al Yah 1,Found
VALIASR TV,1_0_1_53_4_1_20D0000_0_0_0.png,valiasrtv.png,52.5E,(21) 52.5E KU-band Al Yah 1,Found
VELAYAT TV,1_0_1_51_1_1_20DADF6_0_0_0.png,velayattv.png,52.5E,(21) 52.5E KU-band Al Yah 1,Found
VOA Afghanistan,1_0_1_1D5_2_1_20D0000_0_0_0.png,voaafghanistan.png,52.5E,(21) 52.5E KU-band Al Yah 1,Found
VOA PERSIAN,1_0_1_7_5_1_20D0000_0_0_0.png,voapersian.png,52.5E,(21) 52.5E KU-band Al Yah 1,Found
VOA Persian HD,1_0_1_CB_8_1_20D0000_0_0_0.png,voapersianhd.png,52.5E,(21) 52.5E KU-band Al Yah 1,Found
Vilayet Tv,1_0_1_3_A_1_20D0000_0_0_0.png,vilayettv.png,52.5E,(21) 52.5E KU-band Al Yah 1,Found
Watan TV,1_0_1_4E_4_1_20D0000_0_0_0.png,watantv.png,52.5E,(21) 52.5E KU-band Al Yah 1,Found
ZED TV,1_0_1_1_5_1_20D0000_0_0_0.png,zedtv.png,52.5E,(21) 52.5E KU-band Al Yah 1,Found
Zemed Tv,1_0_1_12_A_1_20D0000_0_0_0.png,zemedtv.png,52.5E,(21) 52.5E KU-band Al Yah 1,Found
Zhwandoon TV,1_0_1_654_4_20D_20D0000_0_0_0.png,zhwandoontv.png,52.5E,(21) 52.5E KU-band Al Yah 1,Found
AFAQ,1_0_2_1C_1F4_3E8_2120000_0_0_0.png,afaq.png,53.0E,(22) 53.0E KU-band Express AM6,Found
AL Manar,1_0_19_1_1_1_212B157_0_0_0.png,almanar.png,53.0E,(22) 53.0E KU-band Express AM6,Found
ARYEN TV,1_0_19_12_1F4_3E8_2120000_0_0_0.png,aryentv.png,53.0E,(22) 53.0E KU-band Express AM6,Found
Allhthah TV,1_0_1_1_1000_2000_2120000_0_0_0.png,allhthahtv.png,53.0E,(22) 53.0E KU-band Express AM6,Found
Almasirah,1_0_1_1_1000_FFFF_212B160_0_0_0.png,almasirah.png,53.0E,(22) 53.0E KU-band Express AM6,Found
Alternative Shorai TV,1_0_1_6_1F4_3E8_2120000_0_0_0.png,alternativeshoraitv.png,53.0E,(22) 53.0E KU-band Express AM6,Found
Belgorod,1_0_1_324_4_1_2120000_0_0_0.png,belgorod.png,53.0E,(22) 53.0E KU-band Express AM6,Found
Brynsk,1_0_1_320_4_1_2120000_0_0_0.png,brynsk.png,53.0E,(22) 53.0E KU-band Express AM6,Found
COMEDY_M0,1_0_2_1A6_4_71_2120000_0_0_0.png,comedym0.png,53.0E,(22) 53.0E KU-band Express AM6,Found
COMEDY_M2,1_0_2_1A7_4_71_2120000_0_0_0.png,comedym2.png,53.0E,(22) 53.0E KU-band Express AM6,Found
DW International,1_0_1_7_1F4_3E8_2120000_0_0_0.png,dwinternational.png,53.0E,(22) 53.0E KU-band Express AM6,Found
ENERGY_M0,1_0_2_19E_4_71_2120000_0_0_0.png,energym0.png,53.0E,(22) 53.0E KU-band Express AM6,Found
ENERGY_M2,1_0_2_19B_4_71_2120000_0_0_0.png,energym2.png,53.0E,(22) 53.0E KU-band Express AM6,Found
ENERGY_M4,1_0_2_19C_4_71_2120000_0_0_0.png,energym4.png,53.0E,(22) 53.0E KU-band Express AM6,Found
GuberniyaTV,1_0_1_1_321_1_2120000_0_0_0.png,guberniyatv.png,53.0E,(22) 53.0E KU-band Express AM6,Found
Iran International HD,1_0_19_B_1F4_3E8_2120000_0_0_0.png,iraninternationalhd.png,53.0E,(22) 53.0E KU-band Express AM6,Found
Love Radio,1_0_2_F_D_1111_2120000_0_0_0.png,loveradio.png,53.0E,(22) 53.0E KU-band Express AM6,Found
Mayak,1_0_1_460_9_1_2120000_0_0_0.png,mayak.png,53.0E,(22) 53.0E KU-band Express AM6,Found
Mir-24,1_0_1_BCC_1_1_212AA69_0_0_0.png,mir24.png,53.0E,(22) 53.0E KU-band Express AM6,Found
Moskva-24,1_0_1_C08_1_1_212AA69_0_0_0.png,moskva24.png,53.0E,(22) 53.0E KU-band Express AM6,Found
NTV Mir,1_0_1_1_1_1_2122CC1_0_0_0.png,ntvmir.png,53.0E,(22) 53.0E KU-band Express AM6,Found
Radio CH50,1_0_2_C_1_1_2122CC1_0_0_0.png,radioch50.png,53.0E,(22) 53.0E KU-band Express AM6,Found
Radio CH51,1_0_2_D_1_1_2122CC1_0_0_0.png,radioch51.png,53.0E,(22) 53.0E KU-band Express AM6,Found
Radio CH52,1_0_2_E_1_1_2122CC1_0_0_0.png,radioch52.png,53.0E,(22) 53.0E KU-band Express AM6,Found
Radio CH54,1_0_2_F_1_1_2122CC1_0_0_0.png,radioch54.png,53.0E,(22) 53.0E KU-band Express AM6,Found
Radio CH55,1_0_2_10_1_1_2122CC1_0_0_0.png,radioch55.png,53.0E,(22) 53.0E KU-band Express AM6,Found
Radio CH56,1_0_2_11_1_1_2122CC1_0_0_0.png,radioch56.png,53.0E,(22) 53.0E KU-band Express AM6,Found
Radio CH57,1_0_2_12_1_1_2122CC1_0_0_0.png,radioch57.png,53.0E,(22) 53.0E KU-band Express AM6,Found
Radio CH58,1_0_2_13_1_1_2122CC1_0_0_0.png,radioch58.png,53.0E,(22) 53.0E KU-band Express AM6,Found
Radio CH59,1_0_2_14_1_1_2122CC1_0_0_0.png,radioch59.png,53.0E,(22) 53.0E KU-band Express AM6,Found
Rojava HD,1_0_1_1_1_FFFF_212B187_0_0_0.png,rojavahd.png,53.0E,(22) 53.0E KU-band Express AM6,Found
Rudaw TV,1_0_19_3_1F4_3E8_2120000_0_0_0.png,rudawtv.png,53.0E,(22) 53.0E KU-band Express AM6,Found
SAM FM,1_0_2_1B_1F4_3E8_2120000_0_0_0.png,samfm.png,53.0E,(22) 53.0E KU-band Express AM6,Found
SWAT FM,1_0_2_1D_1F4_3E8_2120000_0_0_0.png,swatfm.png,53.0E,(22) 53.0E KU-band Express AM6,Found
Service 800,1_0_1_320_9_1_2120000_0_0_0.png,service800.png,53.0E,(22) 53.0E KU-band Express AM6,Found
T2_MI_Rostov,1_0_1_326_4_1_2120000_0_0_0.png,t2mirostov.png,53.0E,(22) 53.0E KU-band Express AM6,Found
TBS TV,1_0_1_8_1F4_3E8_2120000_0_0_0.png,tbstv.png,53.0E,(22) 53.0E KU-band Express AM6,Found
TIGRAI Radio,1_0_2_A_1F4_3E8_2120000_0_0_0.png,tigrairadio.png,53.0E,(22) 53.0E KU-band Express AM6,Found
TIGRAI TV,1_0_1_9_1F4_3E8_2120000_0_0_0.png,tigraitv.png,53.0E,(22) 53.0E KU-band Express AM6,Found
Vesti FM,1_0_1_456_9_1_2120000_0_0_0.png,vestifm.png,53.0E,(22) 53.0E KU-band Express AM6,Found
Yaroslavl,1_0_1_321_4_1_2120000_0_0_0.png,yaroslavl.png,53.0E,(22) 53.0E KU-band Express AM6,Found
khalij,1_0_1_1_1_0_212B0E1_0_0_0.png,khalij.png,53.0E,(22) 53.0E KU-band Express AM6,Found
Amedia 1,1_0_16_DBF7_233_70_2250000_0_0_0.png,amedia1.png,54.9E,(23) 54.9E KU-band G-Sat 16 & Yamal 402,Found
Amedia 2,1_0_16_DBF6_233_70_2250000_0_0_0.png,amedia2.png,54.9E,(23) 54.9E KU-band G-Sat 16 & Yamal 402,Found
Blue Hustler,1_0_16_DD91_237_70_2250000_0_0_0.png,bluehustler.png,54.9E,(23) 54.9E KU-band G-Sat 16 & Yamal 402,Found
Blue Hustler,1_0_16_DBF9_233_70_2250000_0_0_0.png,bluehustler.png,54.9E,(23) 54.9E KU-band G-Sat 16 & Yamal 402,Found
DFM,1_0_2_DDAB_237_70_2250000_0_0_0.png,dfm.png,54.9E,(23) 54.9E KU-band G-Sat 16 & Yamal 402,Found
ENERGY FM,1_0_2_DDAA_237_70_2250000_0_0_0.png,energyfm.png,54.9E,(23) 54.9E KU-band G-Sat 16 & Yamal 402,Found
Gulli Girl,1_0_16_DC06_233_70_2250000_0_0_0.png,gulligirl.png,54.9E,(23) 54.9E KU-band G-Sat 16 & Yamal 402,Found
HIT FM,1_0_2_DDAD_237_70_2250000_0_0_0.png,hitfm.png,54.9E,(23) 54.9E KU-band G-Sat 16 & Yamal 402,Found
Hollywood,1_0_16_DD29_236_70_2250000_0_0_0.png,hollywood.png,54.9E,(23) 54.9E KU-band G-Sat 16 & Yamal 402,Found
KinoLiving,1_0_16_DD2D_236_70_2250000_0_0_0.png,kinoliving.png,54.9E,(23) 54.9E KU-band G-Sat 16 & Yamal 402,Found
Love Radio,1_0_2_DDB6_237_70_2250000_0_0_0.png,loveradio.png,54.9E,(23) 54.9E KU-band G-Sat 16 & Yamal 402,Found
MCM Top,1_0_16_DD22_236_70_2250000_0_0_0.png,mcmtop.png,54.9E,(23) 54.9E KU-band G-Sat 16 & Yamal 402,Found
Maximum,1_0_2_DDAE_237_70_2250000_0_0_0.png,maximum.png,54.9E,(23) 54.9E KU-band G-Sat 16 & Yamal 402,Found
Red Lips,1_0_16_DC09_233_70_2250000_0_0_0.png,redlips.png,54.9E,(23) 54.9E KU-band G-Sat 16 & Yamal 402,Found
TiJi,1_0_16_DC05_233_70_2250000_0_0_0.png,tiji.png,54.9E,(23) 54.9E KU-band G-Sat 16 & Yamal 402,Found
ducktv,1_0_16_DD27_236_70_2250000_0_0_0.png,ducktv.png,54.9E,(23) 54.9E KU-band G-Sat 16 & Yamal 402,Found
viju Explore,1_0_16_DD20_236_70_2250000_0_0_0.png,vijuexplore.png,54.9E,(23) 54.9E KU-band G-Sat 16 & Yamal 402,Found
viju History,1_0_16_DD21_236_70_2250000_0_0_0.png,vijuhistory.png,54.9E,(23) 54.9E KU-band G-Sat 16 & Yamal 402,Found
viju Nature,1_0_16_DD23_236_70_2250000_0_0_0.png,vijunature.png,54.9E,(23) 54.9E KU-band G-Sat 16 & Yamal 402,Found
viju TV1000,1_0_16_DD2B_236_70_2250000_0_0_0.png,vijutv1000.png,54.9E,(23) 54.9E KU-band G-Sat 16 & Yamal 402,Found
viju TV1000 action,1_0_16_DD2A_236_70_2250000_0_0_0.png,vijutv1000action.png,54.9E,(23) 54.9E KU-band G-Sat 16 & Yamal 402,Found
viju TV1000 русское,1_0_16_DC0A_233_70_2250000_0_0_0.png,vijutv1000.png,54.9E,(23) 54.9E KU-band G-Sat 16 & Yamal 402,Found
АВТО24,1_0_16_DBF5_233_70_2250000_0_0_0.png,24.png,54.9E,(23) 54.9E KU-band G-Sat 16 & Yamal 402,Found
АРМЕНИЯ ТВ,1_0_16_DD1E_236_70_2250000_0_0_0.png,.png,54.9E,(23) 54.9E KU-band G-Sat 16 & Yamal 402,Found
Авторадио,1_0_2_DDA8_237_70_2250000_0_0_0.png,.png,54.9E,(23) 54.9E KU-band G-Sat 16 & Yamal 402,Found
БОБЁР,1_0_16_DD25_236_70_2250000_0_0_0.png,.png,54.9E,(23) 54.9E KU-band G-Sat 16 & Yamal 402,Found
БОКС ТВ,1_0_16_DC01_233_70_2250000_0_0_0.png,.png,54.9E,(23) 54.9E KU-band G-Sat 16 & Yamal 402,Found
Бизнес ФМ Москва,1_0_2_DDAF_237_70_2250000_0_0_0.png,.png,54.9E,(23) 54.9E KU-band G-Sat 16 & Yamal 402,Found
В гостях у сказки,1_0_16_DD2F_236_70_2250000_0_0_0.png,.png,54.9E,(23) 54.9E KU-band G-Sat 16 & Yamal 402,Found
Вести ФМ,1_0_2_DDB9_237_70_2250000_0_0_0.png,.png,54.9E,(23) 54.9E KU-band G-Sat 16 & Yamal 402,Found
Время далекое и близкое,1_0_16_DD35_236_70_2250000_0_0_0.png,.png,54.9E,(23) 54.9E KU-band G-Sat 16 & Yamal 402,Found
ДОМАШНИЕ ЖИВОТНЫЕ,1_0_16_DBFA_233_70_2250000_0_0_0.png,.png,54.9E,(23) 54.9E KU-band G-Sat 16 & Yamal 402,Found
ДОРАМА,1_0_16_DD30_236_70_2250000_0_0_0.png,.png,54.9E,(23) 54.9E KU-band G-Sat 16 & Yamal 402,Found
Детское радио,1_0_2_DDB8_237_70_2250000_0_0_0.png,.png,54.9E,(23) 54.9E KU-band G-Sat 16 & Yamal 402,Found
Дикий,1_0_16_DC07_233_70_2250000_0_0_0.png,.png,54.9E,(23) 54.9E KU-band G-Sat 16 & Yamal 402,Found
Дом Кино,1_0_16_DD26_236_70_2250000_0_0_0.png,.png,54.9E,(23) 54.9E KU-band G-Sat 16 & Yamal 402,Found
Дом Кино Премиум HD,1_0_19_DB8B_232_70_2250000_0_0_0.png,hd.png,54.9E,(23) 54.9E KU-band G-Sat 16 & Yamal 402,Found
Домашний,1_0_16_DD86_237_70_2250000_0_0_0.png,.png,54.9E,(23) 54.9E KU-band G-Sat 16 & Yamal 402,Found
ЕвроКино,1_0_16_DD19_236_70_2250000_0_0_0.png,.png,54.9E,(23) 54.9E KU-band G-Sat 16 & Yamal 402,Found
ЖАРА,1_0_16_DD38_236_70_2250000_0_0_0.png,.png,54.9E,(23) 54.9E KU-band G-Sat 16 & Yamal 402,Found
ЖИВИ!,1_0_16_DBFC_233_70_2250000_0_0_0.png,.png,54.9E,(23) 54.9E KU-band G-Sat 16 & Yamal 402,Found
Женский Журнал,1_0_16_DD33_236_70_2250000_0_0_0.png,.png,54.9E,(23) 54.9E KU-band G-Sat 16 & Yamal 402,Found
ЗВЕЗДА Плюс,1_0_16_DD9C_237_70_2250000_0_0_0.png,.png,54.9E,(23) 54.9E KU-band G-Sat 16 & Yamal 402,Found
Звезда,1_0_16_DD89_237_70_2250000_0_0_0.png,.png,54.9E,(23) 54.9E KU-band G-Sat 16 & Yamal 402,Found
Иллюзион+,1_0_16_DBF8_233_70_2250000_0_0_0.png,.png,54.9E,(23) 54.9E KU-band G-Sat 16 & Yamal 402,Found
КВН ТВ,1_0_16_DBF3_233_70_2250000_0_0_0.png,.png,54.9E,(23) 54.9E KU-band G-Sat 16 & Yamal 402,Found
КИНОМИКС,1_0_16_DBF1_233_70_2250000_0_0_0.png,.png,54.9E,(23) 54.9E KU-band G-Sat 16 & Yamal 402,Found
КИНОПРЕМЬЕРА HD,1_0_19_DB8D_232_70_2250000_0_0_0.png,hd.png,54.9E,(23) 54.9E KU-band G-Sat 16 & Yamal 402,Found
КИНОСВИДАНИЕ,1_0_16_DBEE_233_70_2250000_0_0_0.png,.png,54.9E,(23) 54.9E KU-band G-Sat 16 & Yamal 402,Found
КИНОСЕМЬЯ,1_0_16_DBED_233_70_2250000_0_0_0.png,.png,54.9E,(23) 54.9E KU-band G-Sat 16 & Yamal 402,Found
КИНОУЖАС,1_0_16_DD1A_236_70_2250000_0_0_0.png,.png,54.9E,(23) 54.9E KU-band G-Sat 16 & Yamal 402,Found
КИНОХИТ,1_0_16_DBEF_233_70_2250000_0_0_0.png,.png,54.9E,(23) 54.9E KU-band G-Sat 16 & Yamal 402,Found
Карусель,1_0_16_DD82_237_70_2250000_0_0_0.png,.png,54.9E,(23) 54.9E KU-band G-Sat 16 & Yamal 402,Found
Комсомольская правда,1_0_2_DDB2_237_70_2250000_0_0_0.png,.png,54.9E,(23) 54.9E KU-band G-Sat 16 & Yamal 402,Found
Кто есть кто,1_0_16_DC00_233_70_2250000_0_0_0.png,.png,54.9E,(23) 54.9E KU-band G-Sat 16 & Yamal 402,Found
МАТЧ ПРЕМЬЕР HD,1_0_19_DB8E_232_70_2250000_0_0_0.png,hd.png,54.9E,(23) 54.9E KU-band G-Sat 16 & Yamal 402,Found
МАТЧ! HD,1_0_19_DB8A_232_70_2250000_0_0_0.png,hd.png,54.9E,(23) 54.9E KU-band G-Sat 16 & Yamal 402,Found
МАТЧ! ФУТБОЛ 1 HD,1_0_19_DB8C_232_70_2250000_0_0_0.png,1hd.png,54.9E,(23) 54.9E KU-band G-Sat 16 & Yamal 402,Found
МАТЧ! ФУТБОЛ 2 HD,1_0_19_DB89_232_70_2250000_0_0_0.png,2hd.png,54.9E,(23) 54.9E KU-band G-Sat 16 & Yamal 402,Found
МАТЧ! ФУТБОЛ 3 HD,1_0_19_DB8F_232_70_2250000_0_0_0.png,3hd.png,54.9E,(23) 54.9E KU-band G-Sat 16 & Yamal 402,Found
МИР,1_0_16_DD8A_237_70_2250000_0_0_0.png,.png,54.9E,(23) 54.9E KU-band G-Sat 16 & Yamal 402,Found
МУЗ,1_0_16_DD96_237_70_2250000_0_0_0.png,.png,54.9E,(23) 54.9E KU-band G-Sat 16 & Yamal 402,Found
Маяк,1_0_2_DDBA_237_70_2250000_0_0_0.png,.png,54.9E,(23) 54.9E KU-band G-Sat 16 & Yamal 402,Found
Милицейская волна,1_0_2_DDB0_237_70_2250000_0_0_0.png,.png,54.9E,(23) 54.9E KU-band G-Sat 16 & Yamal 402,Found
Мир Баскетбола,1_0_16_DBF4_233_70_2250000_0_0_0.png,.png,54.9E,(23) 54.9E KU-band G-Sat 16 & Yamal 402,Found
Мой Мир,1_0_16_DD1F_236_70_2250000_0_0_0.png,.png,54.9E,(23) 54.9E KU-band G-Sat 16 & Yamal 402,Found
Моя стихия,1_0_16_DD28_236_70_2250000_0_0_0.png,.png,54.9E,(23) 54.9E KU-band G-Sat 16 & Yamal 402,Found
Мультиландия,1_0_16_DC02_233_70_2250000_0_0_0.png,.png,54.9E,(23) 54.9E KU-band G-Sat 16 & Yamal 402,Found
НАШЕ НОВОЕ КИНО,1_0_16_DBF0_233_70_2250000_0_0_0.png,.png,54.9E,(23) 54.9E KU-band G-Sat 16 & Yamal 402,Found
НТВ,1_0_16_DD7F_237_70_2250000_0_0_0.png,.png,54.9E,(23) 54.9E KU-band G-Sat 16 & Yamal 402,Found
НТВ Право,1_0_16_DD93_237_70_2250000_0_0_0.png,.png,54.9E,(23) 54.9E KU-band G-Sat 16 & Yamal 402,Found
НТВ Сериал,1_0_16_DBFD_233_70_2250000_0_0_0.png,.png,54.9E,(23) 54.9E KU-band G-Sat 16 & Yamal 402,Found
НТВ Стиль,1_0_16_DD94_237_70_2250000_0_0_0.png,.png,54.9E,(23) 54.9E KU-band G-Sat 16 & Yamal 402,Found
НТВ-ХИТ,1_0_16_DBFB_233_70_2250000_0_0_0.png,.png,54.9E,(23) 54.9E KU-band G-Sat 16 & Yamal 402,Found
ПОБЕДА,1_0_16_DD37_236_70_2250000_0_0_0.png,.png,54.9E,(23) 54.9E KU-band G-Sat 16 & Yamal 402,Found
ПЯТНИЦА,1_0_16_DD88_237_70_2250000_0_0_0.png,.png,54.9E,(23) 54.9E KU-band G-Sat 16 & Yamal 402,Found
Первый канал,1_0_16_DD7D_237_70_2250000_0_0_0.png,.png,54.9E,(23) 54.9E KU-band G-Sat 16 & Yamal 402,Found
Продвижение,1_0_16_DD92_237_70_2250000_0_0_0.png,.png,54.9E,(23) 54.9E KU-band G-Sat 16 & Yamal 402,Found
Пятый канал,1_0_16_DD80_237_70_2250000_0_0_0.png,.png,54.9E,(23) 54.9E KU-band G-Sat 16 & Yamal 402,Found
РЕН ТВ,1_0_16_DD84_237_70_2250000_0_0_0.png,.png,54.9E,(23) 54.9E KU-band G-Sat 16 & Yamal 402,Found
РОДНОЕ КИНО,1_0_16_DBF2_233_70_2250000_0_0_0.png,.png,54.9E,(23) 54.9E KU-band G-Sat 16 & Yamal 402,Found
Радио Ваня,1_0_2_DDA9_237_70_2250000_0_0_0.png,.png,54.9E,(23) 54.9E KU-band G-Sat 16 & Yamal 402,Found
Радио МИР,1_0_2_DDB5_237_70_2250000_0_0_0.png,.png,54.9E,(23) 54.9E KU-band G-Sat 16 & Yamal 402,Found
Радио России,1_0_2_DDBB_237_70_2250000_0_0_0.png,.png,54.9E,(23) 54.9E KU-band G-Sat 16 & Yamal 402,Found
Радио Сибирь,1_0_2_DDBC_237_70_2250000_0_0_0.png,.png,54.9E,(23) 54.9E KU-band G-Sat 16 & Yamal 402,Found
Радость моя,1_0_16_DD1D_236_70_2250000_0_0_0.png,.png,54.9E,(23) 54.9E KU-band G-Sat 16 & Yamal 402,Found
Романтика,1_0_2_DDA7_237_70_2250000_0_0_0.png,.png,54.9E,(23) 54.9E KU-band G-Sat 16 & Yamal 402,Found
Россия 1,1_0_16_DD7E_237_70_2250000_0_0_0.png,1.png,54.9E,(23) 54.9E KU-band G-Sat 16 & Yamal 402,Found
Россия 24,1_0_16_DD9B_237_70_2250000_0_0_0.png,24.png,54.9E,(23) 54.9E KU-band G-Sat 16 & Yamal 402,Found
Россия К,1_0_16_DD81_237_70_2250000_0_0_0.png,.png,54.9E,(23) 54.9E KU-band G-Sat 16 & Yamal 402,Found
Русский Иллюзион,1_0_16_DD1C_236_70_2250000_0_0_0.png,.png,54.9E,(23) 54.9E KU-band G-Sat 16 & Yamal 402,Found
Русское радио,1_0_2_DDAC_237_70_2250000_0_0_0.png,.png,54.9E,(23) 54.9E KU-band G-Sat 16 & Yamal 402,Found
СОЛНЦЕ,1_0_16_DD90_237_70_2250000_0_0_0.png,.png,54.9E,(23) 54.9E KU-band G-Sat 16 & Yamal 402,Found
СПАС,1_0_16_DD8D_237_70_2250000_0_0_0.png,.png,54.9E,(23) 54.9E KU-band G-Sat 16 & Yamal 402,Found
СТС,1_0_16_DD85_237_70_2250000_0_0_0.png,.png,54.9E,(23) 54.9E KU-band G-Sat 16 & Yamal 402,Found
Суббота!,1_0_16_DD99_237_70_2250000_0_0_0.png,.png,54.9E,(23) 54.9E KU-band G-Sat 16 & Yamal 402,Found
СуперГерои,1_0_16_DBFF_233_70_2250000_0_0_0.png,.png,54.9E,(23) 54.9E KU-band G-Sat 16 & Yamal 402,Found
ТВ-3,1_0_16_DD87_237_70_2250000_0_0_0.png,3.png,54.9E,(23) 54.9E KU-band G-Sat 16 & Yamal 402,Found
ТВЦ,1_0_16_DD83_237_70_2250000_0_0_0.png,.png,54.9E,(23) 54.9E KU-band G-Sat 16 & Yamal 402,Found
ТНТ,1_0_16_DD8B_237_70_2250000_0_0_0.png,.png,54.9E,(23) 54.9E KU-band G-Sat 16 & Yamal 402,Found
ТНТ4,1_0_16_DD8E_237_70_2250000_0_0_0.png,4.png,54.9E,(23) 54.9E KU-band G-Sat 16 & Yamal 402,Found
ТОЧКА.РФ,1_0_19_DB90_232_70_2250000_0_0_0.png,.png,54.9E,(23) 54.9E KU-band G-Sat 16 & Yamal 402,Found
Танцуй!,1_0_16_DD2E_236_70_2250000_0_0_0.png,.png,54.9E,(23) 54.9E KU-band G-Sat 16 & Yamal 402,Found
Точка отрыва,1_0_16_DD1B_236_70_2250000_0_0_0.png,.png,54.9E,(23) 54.9E KU-band G-Sat 16 & Yamal 402,Found
Усадьба-ТВ,1_0_16_DC08_233_70_2250000_0_0_0.png,.png,54.9E,(23) 54.9E KU-band G-Sat 16 & Yamal 402,Found
Че,1_0_16_DD8C_237_70_2250000_0_0_0.png,.png,54.9E,(23) 54.9E KU-band G-Sat 16 & Yamal 402,Found
Ю,1_0_16_DD8F_237_70_2250000_0_0_0.png,.png,54.9E,(23) 54.9E KU-band G-Sat 16 & Yamal 402,Found
A Plus,1_0_1_1928_277A_A_23A0000_0_0_0.png,aplus.png,57.0E,(24) 57.0E KU-band NSS 12,Found
ABBAY TV,1_0_1_18D0_2778_A_23A0000_0_0_0.png,abbaytv.png,57.0E,(24) 57.0E KU-band NSS 12,Found
AL JAZEERA,1_0_1_1772_2775_A_23A0000_0_0_0.png,aljazeera.png,57.0E,(24) 57.0E KU-band NSS 12,Found
ARTS TV,1_0_1_1909_277A_A_23A0000_0_0_0.png,artstv.png,57.0E,(24) 57.0E KU-band NSS 12,Found
ARTS TV,1_0_1_18B1_2778_A_23A0000_0_0_0.png,artstv.png,57.0E,(24) 57.0E KU-band NSS 12,Found
Africa TV 1,1_0_1_191E_277A_A_23A0000_0_0_0.png,africatv1.png,57.0E,(24) 57.0E KU-band NSS 12,Found
Africa TV 1 Quran,1_0_1_1940_277A_A_23A0000_0_0_0.png,africatv1quran.png,57.0E,(24) 57.0E KU-band NSS 12,Found
Amhara TV HD,1_0_1_18A2_2778_A_23A0000_0_0_0.png,amharatvhd.png,57.0E,(24) 57.0E KU-band NSS 12,Found
Anointing TV,1_0_1_183F_277B_1_23A0000_0_0_0.png,anointingtv.png,57.0E,(24) 57.0E KU-band NSS 12,Found
Arara TV,1_0_1_192D_277A_A_23A0000_0_0_0.png,araratv.png,57.0E,(24) 57.0E KU-band NSS 12,Found
Black Max,1_0_1_17E0_2777_A_23A0000_0_0_0.png,blackmax.png,57.0E,(24) 57.0E KU-band NSS 12,Found
CGTN,1_0_19_1776_2775_A_23A0000_0_0_0.png,cgtn.png,57.0E,(24) 57.0E KU-band NSS 12,Found
CM TV,1_0_1_1849_277B_1_23A0000_0_0_0.png,cmtv.png,57.0E,(24) 57.0E KU-band NSS 12,Found
CNN,1_0_1_1771_2775_A_23A0000_0_0_0.png,cnn.png,57.0E,(24) 57.0E KU-band NSS 12,Found
Channel 1,1_0_1_193F_277A_A_23A0000_0_0_0.png,channel1.png,57.0E,(24) 57.0E KU-band NSS 12,Found
Christ Army TV,1_0_1_183B_277B_1_23A0000_0_0_0.png,christarmytv.png,57.0E,(24) 57.0E KU-band NSS 12,Found
DUBAI ONE,1_0_1_1773_2775_A_23A0000_0_0_0.png,dubaione.png,57.0E,(24) 57.0E KU-band NSS 12,Found
EBS,1_0_1_190A_277A_A_23A0000_0_0_0.png,ebs.png,57.0E,(24) 57.0E KU-band NSS 12,Found
EBS Cinema,1_0_1_17D6_2777_A_23A0000_0_0_0.png,ebscinema.png,57.0E,(24) 57.0E KU-band NSS 12,Found
EBS HD,1_0_1_17D5_2777_A_23A0000_0_0_0.png,ebshd.png,57.0E,(24) 57.0E KU-band NSS 12,Found
EBS Musika,1_0_1_17D7_2777_A_23A0000_0_0_0.png,ebsmusika.png,57.0E,(24) 57.0E KU-band NSS 12,Found
EOTC,1_0_1_18E3_2778_A_23A0000_0_0_0.png,eotc.png,57.0E,(24) 57.0E KU-band NSS 12,Found
ERI TV,1_0_1_1851_277B_1_23A0000_0_0_0.png,eritv.png,57.0E,(24) 57.0E KU-band NSS 12,Found
ETV ENT HD,1_0_1_17D8_2777_A_23A0000_0_0_0.png,etventhd.png,57.0E,(24) 57.0E KU-band NSS 12,Found
ETV NEWS HD,1_0_1_189C_2778_A_23A0000_0_0_0.png,etvnewshd.png,57.0E,(24) 57.0E KU-band NSS 12,Found
Fana TV HD,1_0_1_1806_2777_A_23A0000_0_0_0.png,fanatvhd.png,57.0E,(24) 57.0E KU-band NSS 12,Found
France 24 (In English),1_0_1_17F4_2777_A_23A0000_0_0_0.png,france24inenglish.png,57.0E,(24) 57.0E KU-band NSS 12,Found
GMM TV,1_0_1_18E5_2778_A_23A0000_0_0_0.png,gmmtv.png,57.0E,(24) 57.0E KU-band NSS 12,Found
Gospel TV,1_0_1_184A_277B_1_23A0000_0_0_0.png,gospeltv.png,57.0E,(24) 57.0E KU-band NSS 12,Found
Hagerie TV,1_0_1_1829_2777_A_23A0000_0_0_0.png,hagerietv.png,57.0E,(24) 57.0E KU-band NSS 12,Found
Hope Channel Ethiopia,1_0_1_18DF_2778_A_23A0000_0_0_0.png,hopechannelethiopia.png,57.0E,(24) 57.0E KU-band NSS 12,Found
Jesus TV Ethiopia,1_0_1_1850_277B_1_23A0000_0_0_0.png,jesustvethiopia.png,57.0E,(24) 57.0E KU-band NSS 12,Found
MARSIL TV,1_0_1_185C_277B_1_23A0000_0_0_0.png,marsiltv.png,57.0E,(24) 57.0E KU-band NSS 12,Found
MOAA TV,1_0_1_192C_277A_A_23A0000_0_0_0.png,moaatv.png,57.0E,(24) 57.0E KU-band NSS 12,Found
NBC Ethiopia TV,1_0_1_182D_2777_A_23A0000_0_0_0.png,nbcethiopiatv.png,57.0E,(24) 57.0E KU-band NSS 12,Found
Nesiha TV,1_0_1_1921_277A_A_23A0000_0_0_0.png,nesihatv.png,57.0E,(24) 57.0E KU-band NSS 12,Found
OBN,1_0_1_1904_277A_A_23A0000_0_0_0.png,obn.png,57.0E,(24) 57.0E KU-band NSS 12,Found
OBN HORN OF AFRICA,1_0_1_18E7_2778_A_23A0000_0_0_0.png,obnhornofafrica.png,57.0E,(24) 57.0E KU-band NSS 12,Found
OK TV,1_0_1_1937_277A_A_23A0000_0_0_0.png,oktv.png,57.0E,(24) 57.0E KU-band NSS 12,Found
QUR'AN TV,1_0_1_177E_2775_A_23A0000_0_0_0.png,qurantv.png,57.0E,(24) 57.0E KU-band NSS 12,Found
SES Demo,1_0_1_1914_277A_A_23A0000_0_0_0.png,sesdemo.png,57.0E,(24) 57.0E KU-band NSS 12,Found
SES Demo,1_0_1_184C_277B_1_23A0000_0_0_0.png,sesdemo.png,57.0E,(24) 57.0E KU-band NSS 12,Found
SES Demo,1_0_1_18B0_2778_A_23A0000_0_0_0.png,sesdemo.png,57.0E,(24) 57.0E KU-band NSS 12,Found
SES Demo,1_0_1_17E8_2777_A_23A0000_0_0_0.png,sesdemo.png,57.0E,(24) 57.0E KU-band NSS 12,Found
SRTV,1_0_1_1854_277B_1_23A0000_0_0_0.png,srtv.png,57.0E,(24) 57.0E KU-band NSS 12,Found
TIVI5MONDE,1_0_1_17FD_2777_A_23A0000_0_0_0.png,tivi5monde.png,57.0E,(24) 57.0E KU-band NSS 12,Found
TV5MONDE AFRIQUE,1_0_1_17FC_2777_A_23A0000_0_0_0.png,tv5mondeafrique.png,57.0E,(24) 57.0E KU-band NSS 12,Found
WOLAITA TV HD,1_0_1_18DD_2778_A_23A0000_0_0_0.png,wolaitatvhd.png,57.0E,(24) 57.0E KU-band NSS 12,Found
01 BBC One,1_0_16_1FA5_3_11_23B0000_0_0_0.png,01bbcone.png,57.1E,(109) 57.0E C-band NSS 12,Found
02 BBC Two,1_0_16_1FA6_3_11_23B0000_0_0_0.png,02bbctwo.png,57.1E,(109) 57.0E C-band NSS 12,Found
03 ITV,1_0_16_1FA7_3_11_23B0000_0_0_0.png,03itv.png,57.1E,(109) 57.0E C-band NSS 12,Found
04 Channel 4,1_0_16_1FAD_3_11_23B0000_0_0_0.png,04channel4.png,57.1E,(109) 57.0E C-band NSS 12,Found
05 Channel 5,1_0_16_1FAE_3_11_23B0000_0_0_0.png,05channel5.png,57.1E,(109) 57.0E C-band NSS 12,Found
06 BFBS Extra,1_0_16_1FA8_3_11_23B0000_0_0_0.png,06bfbsextra.png,57.1E,(109) 57.0E C-band NSS 12,Found
07 BFBS Extra 2,1_0_16_1FB5_3_11_23B0000_0_0_0.png,07bfbsextra2.png,57.1E,(109) 57.0E C-band NSS 12,Found
08,1_0_16_1FAF_3_11_23B0000_0_0_0.png,08.png,57.1E,(109) 57.0E C-band NSS 12,Found
09,1_0_16_1FB0_3_11_23B0000_0_0_0.png,09.png,57.1E,(109) 57.0E C-band NSS 12,Found
10,1_0_16_1FB1_3_11_23B0000_0_0_0.png,10.png,57.1E,(109) 57.0E C-band NSS 12,Found
11,1_0_16_1FB3_3_11_23B0000_0_0_0.png,11.png,57.1E,(109) 57.0E C-band NSS 12,Found
12,1_0_16_1FB4_3_11_23B0000_0_0_0.png,12.png,57.1E,(109) 57.0E C-band NSS 12,Found
13,1_0_16_1FB2_3_11_23B0000_0_0_0.png,13.png,57.1E,(109) 57.0E C-band NSS 12,Found
14,1_0_16_1FB8_3_11_23B0000_0_0_0.png,14.png,57.1E,(109) 57.0E C-band NSS 12,Found
15 Kantipur TV,1_0_16_1FB6_3_11_23B0000_0_0_0.png,15kantipurtv.png,57.1E,(109) 57.0E C-band NSS 12,Found
16,1_0_16_1FB7_3_11_23B0000_0_0_0.png,16.png,57.1E,(109) 57.0E C-band NSS 12,Found
17 Sky News,1_0_16_1FAC_3_11_23B0000_0_0_0.png,17skynews.png,57.1E,(109) 57.0E C-band NSS 12,Found
18 Sky Sports,1_0_16_1FA9_3_11_23B0000_0_0_0.png,18skysports.png,57.1E,(109) 57.0E C-band NSS 12,Found
19 TNT Sports,1_0_16_1FAA_3_11_23B0000_0_0_0.png,19tntsports.png,57.1E,(109) 57.0E C-band NSS 12,Found
20 BFBS Sport,1_0_16_1FAB_3_11_23B0000_0_0_0.png,20bfbssport.png,57.1E,(109) 57.0E C-band NSS 12,Found
ABC NEWS 24,1_0_1_79_2_1_23B0000_0_0_0.png,abcnews24.png,57.1E,(109) 57.0E C-band NSS 12,Found
AFN|news,1_0_16_12F_65_12_23B0000_0_0_0.png,afnnews.png,57.1E,(109) 57.0E C-band NSS 12,Found
AFN|sports,1_0_16_130_65_12_23B0000_0_0_0.png,afnsports.png,57.1E,(109) 57.0E C-band NSS 12,Found
AFN|sports 2,1_0_1_131_65_12_23B0000_0_0_0.png,afnsports2.png,57.1E,(109) 57.0E C-band NSS 12,Found
BBC EARTH,1_0_1_7F_2_1_23B0000_0_0_0.png,bbcearth.png,57.1E,(109) 57.0E C-band NSS 12,Found
BBC HD,1_0_1_75_2_1_23B0000_0_0_0.png,bbchd.png,57.1E,(109) 57.0E C-band NSS 12,Found
BBC LIFESTYLE,1_0_1_81_2_1_23B0000_0_0_0.png,bbclifestyle.png,57.1E,(109) 57.0E C-band NSS 12,Found
BBC WORLD NEWS,1_0_1_6A_2_1_23B0000_0_0_0.png,bbcworldnews.png,57.1E,(109) 57.0E C-band NSS 12,Found
BLOOMBERG,1_0_1_68_2_1_23B0000_0_0_0.png,bloomberg.png,57.1E,(109) 57.0E C-band NSS 12,Found
CCTV ENTERTAINMENT,1_0_1_90_2_1_23B0000_0_0_0.png,cctventertainment.png,57.1E,(109) 57.0E C-band NSS 12,Found
CCTV4,1_0_1_91_2_1_23B0000_0_0_0.png,cctv4.png,57.1E,(109) 57.0E C-band NSS 12,Found
CHINA MOVIE CHANNEL,1_0_1_8F_2_1_23B0000_0_0_0.png,chinamoviechannel.png,57.1E,(109) 57.0E C-band NSS 12,Found
CNNi,1_0_1_7B_2_1_23B0000_0_0_0.png,cnni.png,57.1E,(109) 57.0E C-band NSS 12,Found
FOOD,1_0_1_7C_2_1_23B0000_0_0_0.png,food.png,57.1E,(109) 57.0E C-band NSS 12,Found
FOX NEWS,1_0_1_67_2_1_23B0000_0_0_0.png,foxnews.png,57.1E,(109) 57.0E C-band NSS 12,Found
FRANCE24,1_0_1_83_2_1_23B0000_0_0_0.png,france24.png,57.1E,(109) 57.0E C-band NSS 12,Found
First_service,1_0_1_1_1000_2000_23B0000_0_0_0.png,firstservice.png,57.1E,(109) 57.0E C-band NSS 12,Found
HGTV,1_0_1_7D_2_1_23B0000_0_0_0.png,hgtv.png,57.1E,(109) 57.0E C-band NSS 12,Found
HUNAN,1_0_1_8C_2_1_23B0000_0_0_0.png,hunan.png,57.1E,(109) 57.0E C-band NSS 12,Found
MEDIASET ITALIA,1_0_1_84_2_1_23B0000_0_0_0.png,mediasetitalia.png,57.1E,(109) 57.0E C-band NSS 12,Found
METROTV,1_0_1_92_2_1_23B0000_0_0_0.png,metrotv.png,57.1E,(109) 57.0E C-band NSS 12,Found
MTN INFO,1_0_1_64_2_1_23B0000_0_0_0.png,mtninfo.png,57.1E,(109) 57.0E C-band NSS 12,Found
MTN SE HD,1_0_1_65_2_1_23B0000_0_0_0.png,mtnsehd.png,57.1E,(109) 57.0E C-band NSS 12,Found
MTN SE HD2,1_0_1_C8_2_1_23B0000_0_0_0.png,mtnsehd2.png,57.1E,(109) 57.0E C-band NSS 12,Found
NATGEO,1_0_1_A1_2_1_23B0000_0_0_0.png,natgeo.png,57.1E,(109) 57.0E C-band NSS 12,Found
PRIME FAVORITE,1_0_1_74_2_1_23B0000_0_0_0.png,primefavorite.png,57.1E,(109) 57.0E C-band NSS 12,Found
PRIME JOURNEY,1_0_1_6B_2_1_23B0000_0_0_0.png,primejourney.png,57.1E,(109) 57.0E C-band NSS 12,Found
PRIME ONE,1_0_1_6E_2_1_23B0000_0_0_0.png,primeone.png,57.1E,(109) 57.0E C-band NSS 12,Found
RAIITALIA,1_0_1_85_2_1_23B0000_0_0_0.png,raiitalia.png,57.1E,(109) 57.0E C-band NSS 12,Found
RTL,1_0_1_70_2_1_23B0000_0_0_0.png,rtl.png,57.1E,(109) 57.0E C-band NSS 12,Found
SKY NEWS,1_0_1_69_2_1_23B0000_0_0_0.png,skynews.png,57.1E,(109) 57.0E C-band NSS 12,Found
SPORT24,1_0_1_6D_2_1_23B0000_0_0_0.png,sport24.png,57.1E,(109) 57.0E C-band NSS 12,Found
SPORT24 EXTRA,1_0_1_6F_2_1_23B0000_0_0_0.png,sport24extra.png,57.1E,(109) 57.0E C-band NSS 12,Found
TFC,1_0_1_73_2_1_23B0000_0_0_0.png,tfc.png,57.1E,(109) 57.0E C-band NSS 12,Found
TRAVEL,1_0_1_7E_2_1_23B0000_0_0_0.png,travel.png,57.1E,(109) 57.0E C-band NSS 12,Found
TVASIA,1_0_1_72_2_1_23B0000_0_0_0.png,tvasia.png,57.1E,(109) 57.0E C-band NSS 12,Found
TVE,1_0_1_76_2_1_23B0000_0_0_0.png,tve.png,57.1E,(109) 57.0E C-band NSS 12,Found
ESPN EMEA Service-6,1_0_1_6_1_FFFF_46AA0A_0_0_0.png,espnemeaservice6.png,58.5E,(25) 58.5E KU-band KazSat 3,Found
NHL Service-1,1_0_1_1_1_FFFF_46AA0A_0_0_0.png,nhlservice1.png,58.5E,(25) 58.5E KU-band KazSat 3,Found
NHL Service-2,1_0_1_2_1_FFFF_46AA0A_0_0_0.png,nhlservice2.png,58.5E,(25) 58.5E KU-band KazSat 3,Found
NHL Service-5,1_0_1_5_1_FFFF_46AA0A_0_0_0.png,nhlservice5.png,58.5E,(25) 58.5E KU-band KazSat 3,Found
IRIB AZARBAYJAN,1_0_1_A9_68_E26_26C0000_0_0_0.png,iribazarbayjan.png,62.0E,(26) 62.0E KU-band Intelsat 39,Found
IRIB BUSHEHR,1_0_1_B2_1234_ABCD_26C0000_0_0_0.png,iribbushehr.png,62.0E,(26) 62.0E KU-band Intelsat 39,Found
IRIB DENA,1_0_1_BD_1234_ABCD_26C0000_0_0_0.png,iribdena.png,62.0E,(26) 62.0E KU-band Intelsat 39,Found
IRIB FARS,1_0_1_A4_1234_ABCD_26C0000_0_0_0.png,iribfars.png,62.0E,(26) 62.0E KU-band Intelsat 39,Found
IRIB KH.JONOOBI,1_0_1_C0_1F4_E26_26C0000_0_0_0.png,iribkhjonoobi.png,62.0E,(26) 62.0E KU-band Intelsat 39,Found
IRIB KH.RAZAVI,1_0_1_A1_1F4_E26_26C0000_0_0_0.png,iribkhrazavi.png,62.0E,(26) 62.0E KU-band Intelsat 39,Found
IRIB KH.SHOMALI,1_0_1_B0_1F4_E26_26C0000_0_0_0.png,iribkhshomali.png,62.0E,(26) 62.0E KU-band Intelsat 39,Found
IRIB SEMNAN,1_0_1_BE_68_68_26C0000_0_0_0.png,iribsemnan.png,62.0E,(26) 62.0E KU-band Intelsat 39,Found
IRIB-AFTAB,1_0_1_BA_1234_ABCD_26C0000_0_0_0.png,iribaftab.png,62.0E,(26) 62.0E KU-band Intelsat 39,Found
IRIB-BARAN,1_0_1_A7_1FA_E26_26C0000_0_0_0.png,iribbaran.png,62.0E,(26) 62.0E KU-band Intelsat 39,Found
IRIB-HAMEDAN,1_0_1_B4_1234_ABCD_26C0000_0_0_0.png,iribhamedan.png,62.0E,(26) 62.0E KU-band Intelsat 39,Found
IRIB-HAMOON,1_0_1_B1_1234_ABCD_26C0000_0_0_0.png,iribhamoon.png,62.0E,(26) 62.0E KU-band Intelsat 39,Found
IRIB-Kerman,1_0_1_AD_1234_ABCD_26C0000_0_0_0.png,iribkerman.png,62.0E,(26) 62.0E KU-band Intelsat 39,Found
IRIB-Khalijefars,1_0_1_B9_1234_ABCD_26C0000_0_0_0.png,iribkhalijefars.png,62.0E,(26) 62.0E KU-band Intelsat 39,Found
IRIB-NOOR,1_0_1_AF_1234_ABCD_26C0000_0_0_0.png,iribnoor.png,62.0E,(26) 62.0E KU-band Intelsat 39,Found
IRIB-Qazvin,1_0_1_C1_1FA_E26_26C0000_0_0_0.png,iribqazvin.png,62.0E,(26) 62.0E KU-band Intelsat 39,Found
RAADIO NAMA HAMEDAN,1_0_1_17C_1234_ABCD_26C0000_0_0_0.png,raadionamahamedan.png,62.0E,(26) 62.0E KU-band Intelsat 39,Found
RADIO FARS,1_0_1_1D0_1234_ABCD_26C0000_0_0_0.png,radiofars.png,62.0E,(26) 62.0E KU-band Intelsat 39,Found
RADIO NAMA AZARBAYJAN SHARGHI,1_0_1_16A_258_62E_26C0000_0_0_0.png,radionamaazarbayjansharghi.png,62.0E,(26) 62.0E KU-band Intelsat 39,Found
RADIO NAMA BUSHEHR,1_0_1_17A_1234_ABCD_26C0000_0_0_0.png,radionamabushehr.png,62.0E,(26) 62.0E KU-band Intelsat 39,Found
RADIO NAMA FARS,1_0_1_16C_1234_ABCD_26C0000_0_0_0.png,radionamafars.png,62.0E,(26) 62.0E KU-band Intelsat 39,Found
RADIO NAMA QAZVIN,1_0_1_189_1FA_E26_26C0000_0_0_0.png,radionamaqazvin.png,62.0E,(26) 62.0E KU-band Intelsat 39,Found
RADIO NAMA QOM,1_0_1_177_1234_ABCD_26C0000_0_0_0.png,radionamaqom.png,62.0E,(26) 62.0E KU-band Intelsat 39,Found
RADIO NAMA SISTAN VA BALOOCHEST,1_0_1_179_1234_ABCD_26C0000_0_0_0.png,radionamasistanvabaloochest.png,62.0E,(26) 62.0E KU-band Intelsat 39,Found
RADIONAMA,1_0_1_181_1234_ABCD_26C0000_0_0_0.png,radionama.png,62.0E,(26) 62.0E KU-band Intelsat 39,Found
RADIONAMA ARDABIL,1_0_1_17F_258_62E_26C0000_0_0_0.png,radionamaardabil.png,62.0E,(26) 62.0E KU-band Intelsat 39,Found
RADIONAMA ARDABIL,1_0_1_17F_64_62E_26C0000_0_0_0.png,radionamaardabil.png,62.0E,(26) 62.0E KU-band Intelsat 39,Found
RADIONAMA AZARBAYJAN GHARBI,1_0_1_171_68_E26_26C0000_0_0_0.png,radionamaazarbayjangharbi.png,62.0E,(26) 62.0E KU-band Intelsat 39,Found
RADIONAMA AZARBAYJAN SHARGHI,1_0_1_16A_64_62E_26C0000_0_0_0.png,radionamaazarbayjansharghi.png,62.0E,(26) 62.0E KU-band Intelsat 39,Found
RADIONAMA KOHGILUYE VA BOYERAHMAD,1_0_1_185_1234_ABCD_26C0000_0_0_0.png,radionamakohgiluyevaboyerahmad.png,62.0E,(26) 62.0E KU-band Intelsat 39,Found
RADIONAMA SEMNAN,1_0_1_186_68_68_26C0000_0_0_0.png,radionamasemnan.png,62.0E,(26) 62.0E KU-band Intelsat 39,Found
RADIONAMA-KERMAN,1_0_1_175_1234_ABCD_26C0000_0_0_0.png,radionamakerman.png,62.0E,(26) 62.0E KU-band Intelsat 39,Found
Radio-Nama-Markazi,1_0_1_182_1234_ABCD_26C0000_0_0_0.png,radionamamarkazi.png,62.0E,(26) 62.0E KU-band Intelsat 39,Found
Radionama_Guilan,1_0_1_16F_1FA_E26_26C0000_0_0_0.png,radionamaguilan.png,62.0E,(26) 62.0E KU-band Intelsat 39,Found
SABALAN,1_0_1_B7_258_62E_26C0000_0_0_0.png,sabalan.png,62.0E,(26) 62.0E KU-band Intelsat 39,Found
SABALAN,1_0_1_B7_64_62E_26C0000_0_0_0.png,sabalan.png,62.0E,(26) 62.0E KU-band Intelsat 39,Found
SAHAND SD,1_0_1_A2_258_62E_26C0000_0_0_0.png,sahandsd.png,62.0E,(26) 62.0E KU-band Intelsat 39,Found
SAHAND SD,1_0_1_A2_64_62E_26C0000_0_0_0.png,sahandsd.png,62.0E,(26) 62.0E KU-band Intelsat 39,Found
Service-2,1_0_1_2_1_FFFF_26CABBA_0_0_0.png,service2.png,62.0E,(26) 62.0E KU-band Intelsat 39,Found
ANGEL TV,1_0_1_1_D_33_2950000_0_0_0.png,angeltv.png,66.1E,(111) 66.0E C-band Intelsat 17,Found
TV 5,1_0_1_20_D_33_2950000_0_0_0.png,tv5.png,66.1E,(111) 66.0E C-band Intelsat 17,Found
,1_0_0_160_2_49_2AD0000_0_0_0.png,.png,68.5E,(29) 68.5E KU-band Intelsat 20/36,Found
ANGEL TV,1_0_1_C670_6_49_2AD0000_0_0_0.png,angeltv.png,68.5E,(29) 68.5E KU-band Intelsat 20/36,Found
Amazing Facts,1_0_19_E_1A_14_2AD0000_0_0_0.png,amazingfacts.png,68.5E,(29) 68.5E KU-band Intelsat 20/36,Found
Ambience TV,1_0_1_E4_2_49_2AD0000_0_0_0.png,ambiencetv.png,68.5E,(29) 68.5E KU-band Intelsat 20/36,Found
CHRIST-TV,1_0_1_C587_6_49_2AD0000_0_0_0.png,christtv.png,68.5E,(29) 68.5E KU-band Intelsat 20/36,Found
Celebration TV,1_0_1_CB_5_49_2AD0000_0_0_0.png,celebrationtv.png,68.5E,(29) 68.5E KU-band Intelsat 20/36,Found
Champions TV Plus,1_0_1_CF_2_49_2AD0000_0_0_0.png,championstvplus.png,68.5E,(29) 68.5E KU-band Intelsat 20/36,Found
DAYSTAR,1_0_1_C57F_6_49_2AD0000_0_0_0.png,daystar.png,68.5E,(29) 68.5E KU-band Intelsat 20/36,Found
DUNAMIS TV,1_0_1_D4_5_49_2AD0000_0_0_0.png,dunamistv.png,68.5E,(29) 68.5E KU-band Intelsat 20/36,Found
DUNAMIS TV,1_0_1_D5_2_49_2AD0000_0_0_0.png,dunamistv.png,68.5E,(29) 68.5E KU-band Intelsat 20/36,Found
Divine Hand TV,1_0_1_E8_5_49_2AD0000_0_0_0.png,divinehandtv.png,68.5E,(29) 68.5E KU-band Intelsat 20/36,Found
EBENZER TV,1_0_1_EA_5_49_2AD0000_0_0_0.png,ebenzertv.png,68.5E,(29) 68.5E KU-band Intelsat 20/36,Found
Encounter Jesus TV,1_0_1_81_2_49_2AD0000_0_0_0.png,encounterjesustv.png,68.5E,(29) 68.5E KU-band Intelsat 20/36,Found
Encounter TV,1_0_1_102_5_49_2AD0000_0_0_0.png,encountertv.png,68.5E,(29) 68.5E KU-band Intelsat 20/36,Found
Ezekiel HD,1_0_1_C582_6_49_2AD0000_0_0_0.png,ezekielhd.png,68.5E,(29) 68.5E KU-band Intelsat 20/36,Found
FANO TV,1_0_1_58_2_49_2AD0000_0_0_0.png,fanotv.png,68.5E,(29) 68.5E KU-band Intelsat 20/36,Found
Free Indeed TV,1_0_1_6A_2_49_2AD0000_0_0_0.png,freeindeedtv.png,68.5E,(29) 68.5E KU-band Intelsat 20/36,Found
Freedom on air HD,1_0_1_16_1A_14_2AD0000_0_0_0.png,freedomonairhd.png,68.5E,(29) 68.5E KU-band Intelsat 20/36,Found
Freedom on air HD,1_0_19_16_1A_14_2AD0000_0_0_0.png,freedomonairhd.png,68.5E,(29) 68.5E KU-band Intelsat 20/36,Found
Freedom on air SD,1_0_1_17_1A_14_2AD0000_0_0_0.png,freedomonairsd.png,68.5E,(29) 68.5E KU-band Intelsat 20/36,Found
Full Life TV,1_0_1_5_22_14_2AD0000_0_0_0.png,fulllifetv.png,68.5E,(29) 68.5E KU-band Intelsat 20/36,Found
Full Life TV,1_0_1_F2_5_49_2AD0000_0_0_0.png,fulllifetv.png,68.5E,(29) 68.5E KU-band Intelsat 20/36,Found
GFN Soccer,1_0_1_4_22_14_2AD0000_0_0_0.png,gfnsoccer.png,68.5E,(29) 68.5E KU-band Intelsat 20/36,Found
GNF TV,1_0_1_F5_5_49_2AD0000_0_0_0.png,gnftv.png,68.5E,(29) 68.5E KU-band Intelsat 20/36,Found
HC Africa,1_0_1_11_1A_14_2AD0000_0_0_0.png,hcafrica.png,68.5E,(29) 68.5E KU-band Intelsat 20/36,Found
HC International,1_0_1_F_1A_14_2AD0000_0_0_0.png,hcinternational.png,68.5E,(29) 68.5E KU-band Intelsat 20/36,Found
HC Tanzania,1_0_1_12_1A_14_2AD0000_0_0_0.png,hctanzania.png,68.5E,(29) 68.5E KU-band Intelsat 20/36,Found
KLN,1_0_1_7D_2_49_2AD0000_0_0_0.png,kln.png,68.5E,(29) 68.5E KU-band Intelsat 20/36,Found
Liberation TV,1_0_1_E2_2_49_2AD0000_0_0_0.png,liberationtv.png,68.5E,(29) 68.5E KU-band Intelsat 20/36,Found
Mercy TV Plus,1_0_1_6D_2_49_2AD0000_0_0_0.png,mercytvplus.png,68.5E,(29) 68.5E KU-band Intelsat 20/36,Found
Mindset,1_0_1_C_1A_14_2AD0000_0_0_0.png,mindset.png,68.5E,(29) 68.5E KU-band Intelsat 20/36,Found
NAC,1_0_1_C671_6_49_2AD0000_0_0_0.png,nac.png,68.5E,(29) 68.5E KU-band Intelsat 20/36,Found
NEW JERUSALEM,1_0_1_DE_5_49_2AD0000_0_0_0.png,newjerusalem.png,68.5E,(29) 68.5E KU-band Intelsat 20/36,Found
Novo Tempo,1_0_1_10_1A_14_2AD0000_0_0_0.png,novotempo.png,68.5E,(29) 68.5E KU-band Intelsat 20/36,Found
PRESS TV,1_0_1_325_1_E26_2AD0000_0_0_0.png,presstv.png,68.5E,(29) 68.5E KU-band Intelsat 20/36,Found
Prophetic,1_0_1_69_2_49_2AD0000_0_0_0.png,prophetic.png,68.5E,(29) 68.5E KU-band Intelsat 20/36,Found
REMITE TV,1_0_1_D9_5_49_2AD0000_0_0_0.png,remitetv.png,68.5E,(29) 68.5E KU-band Intelsat 20/36,Found
RHEMA TV,1_0_1_103_5_49_2AD0000_0_0_0.png,rhematv.png,68.5E,(29) 68.5E KU-band Intelsat 20/36,Found
RHEMA TV,1_0_1_10E_2_49_2AD0000_0_0_0.png,rhematv.png,68.5E,(29) 68.5E KU-band Intelsat 20/36,Found
RTM TV,1_0_1_109_5_49_2AD0000_0_0_0.png,rtmtv.png,68.5E,(29) 68.5E KU-band Intelsat 20/36,Found
RTM TV,1_0_1_83_2_49_2AD0000_0_0_0.png,rtmtv.png,68.5E,(29) 68.5E KU-band Intelsat 20/36,Found
SMTV,1_0_1_1_22_14_2AD0000_0_0_0.png,smtv.png,68.5E,(29) 68.5E KU-band Intelsat 20/36,Found
SPARE,1_0_1_C577_6_49_2AD0000_0_0_0.png,spare.png,68.5E,(29) 68.5E KU-band Intelsat 20/36,Found
Sam TV,1_0_1_3_22_14_2AD0000_0_0_0.png,samtv.png,68.5E,(29) 68.5E KU-band Intelsat 20/36,Found
Sunnah TV,1_0_1_2_22_14_2AD0000_0_0_0.png,sunnahtv.png,68.5E,(29) 68.5E KU-band Intelsat 20/36,Found
Temple TV,1_0_1_F4_2_49_2AD0000_0_0_0.png,templetv.png,68.5E,(29) 68.5E KU-band Intelsat 20/36,Found
Temple TV_33K,1_0_1_F1_5_49_2AD0000_0_0_0.png,templetv33k.png,68.5E,(29) 68.5E KU-band Intelsat 20/36,Found
UBN,1_0_1_66_2_49_2AD0000_0_0_0.png,ubn.png,68.5E,(29) 68.5E KU-band Intelsat 20/36,Found
WRM TV,1_0_1_7E_5_49_2AD0000_0_0_0.png,wrmtv.png,68.5E,(29) 68.5E KU-band Intelsat 20/36,Found
iFILM ENG,1_0_1_326_1_E26_2AD0000_0_0_0.png,ifilmeng.png,68.5E,(29) 68.5E KU-band Intelsat 20/36,Found
ABP NEWS,1_0_1_1_6_F_2AE0000_0_0_0.png,abpnews.png,68.6E,(112) 68.5E C-band Intelsat 20/36,Found
AND TV,1_0_1_7567_29_1_2AE0000_0_0_0.png,andtv.png,68.6E,(112) 68.5E C-band Intelsat 20/36,Found
AND TV HD,1_0_1_39_16_1_2AE0000_0_0_0.png,andtvhd.png,68.6E,(112) 68.5E C-band Intelsat 20/36,Found
Al Jazeera English,1_0_1_2_1_1_2AE0FE0_0_0_0.png,aljazeeraenglish.png,68.6E,(112) 68.5E C-band Intelsat 20/36,Found
CGTN,1_0_1_4_1_1_2AE0FE0_0_0_0.png,cgtn.png,68.6E,(112) 68.5E C-band Intelsat 20/36,Found
Colors,1_0_1_14_69_87F_2AE0000_0_0_0.png,colors.png,68.6E,(112) 68.5E C-band Intelsat 20/36,Found
Colors,1_0_1_A29_69_87F_2AE0000_0_0_0.png,colors.png,68.6E,(112) 68.5E C-band Intelsat 20/36,Found
Colors HD,1_0_1_A2A_69_87F_2AE0000_0_0_0.png,colorshd.png,68.6E,(112) 68.5E C-band Intelsat 20/36,Found
Colors HD,1_0_1_5B_69_87F_2AE0000_0_0_0.png,colorshd.png,68.6E,(112) 68.5E C-band Intelsat 20/36,Found
Colors Rishtey,1_0_1_17_69_87F_2AE0000_0_0_0.png,colorsrishtey.png,68.6E,(112) 68.5E C-band Intelsat 20/36,Found
Colors Rishtey,1_0_1_A2B_69_87F_2AE0000_0_0_0.png,colorsrishtey.png,68.6E,(112) 68.5E C-band Intelsat 20/36,Found
FOODXP,1_0_1_459_1_1C_2AE0000_0_0_0.png,foodxp.png,68.6E,(112) 68.5E C-band Intelsat 20/36,Found
Huda TV,1_0_19_6_1_1_2AE1036_0_0_0.png,hudatv.png,68.6E,(112) 68.5E C-band Intelsat 20/36,Found
MTV,1_0_1_A_69_87F_2AE0000_0_0_0.png,mtv.png,68.6E,(112) 68.5E C-band Intelsat 20/36,Found
MTV,1_0_1_A32_69_87F_2AE0000_0_0_0.png,mtv.png,68.6E,(112) 68.5E C-band Intelsat 20/36,Found
NEWS 18 INDIA,1_0_16_65FA_1_7_2AE0000_0_0_0.png,news18india.png,68.6E,(112) 68.5E C-band Intelsat 20/36,Found
Nick Junior,1_0_1_1E_69_87F_2AE0000_0_0_0.png,nickjunior.png,68.6E,(112) 68.5E C-band Intelsat 20/36,Found
Nick Junior,1_0_1_A34_69_87F_2AE0000_0_0_0.png,nickjunior.png,68.6E,(112) 68.5E C-band Intelsat 20/36,Found
Peace TV English HD,1_0_19_2_1_1_2AE1036_0_0_0.png,peacetvenglishhd.png,68.6E,(112) 68.5E C-band Intelsat 20/36,Found
Sanskar,1_0_1_1_3_1_2AE0000_0_0_0.png,sanskar.png,68.6E,(112) 68.5E C-band Intelsat 20/36,Found
Star Gold,1_0_1_8DA_69_87F_2AE0000_0_0_0.png,stargold.png,68.6E,(112) 68.5E C-band Intelsat 20/36,Found
Star Plus,1_0_1_8D9_69_87F_2AE0000_0_0_0.png,starplus.png,68.6E,(112) 68.5E C-band Intelsat 20/36,Found
Star Plus HD,1_0_1_8DB_69_87F_2AE0000_0_0_0.png,starplushd.png,68.6E,(112) 68.5E C-band Intelsat 20/36,Found
Star Vijay,1_0_1_8DC_69_87F_2AE0000_0_0_0.png,starvijay.png,68.6E,(112) 68.5E C-band Intelsat 20/36,Found
TRAVELXP HD,1_0_1_44C_1_1C_2AE0000_0_0_0.png,travelxphd.png,68.6E,(112) 68.5E C-band Intelsat 20/36,Found
TRT WORLD HD,1_0_1_323_2C_16_2AE0000_0_0_0.png,trtworldhd.png,68.6E,(112) 68.5E C-band Intelsat 20/36,Found
Test service,1_0_1_458_3_1C_2AE0000_0_0_0.png,testservice.png,68.6E,(112) 68.5E C-band Intelsat 20/36,Found
ZEE CINEMA,1_0_1_7565_29_1_2AE0000_0_0_0.png,zeecinema.png,68.6E,(112) 68.5E C-band Intelsat 20/36,Found
ZEE CINEMA HD,1_0_1_34_14_1_2AE0000_0_0_0.png,zeecinemahd.png,68.6E,(112) 68.5E C-band Intelsat 20/36,Found
ZEE TV,1_0_1_7564_29_1_2AE0000_0_0_0.png,zeetv.png,68.6E,(112) 68.5E C-band Intelsat 20/36,Found
ZEE TV HD,1_0_1_35_14_1_2AE0000_0_0_0.png,zeetvhd.png,68.6E,(112) 68.5E C-band Intelsat 20/36,Found
travelxp,1_0_1_456_1_1C_2AE0000_0_0_0.png,travelxp.png,68.6E,(112) 68.5E C-band Intelsat 20/36,Found
ATV,1_0_1_6_2_1_2C10000_0_0_0.png,atv.png,70.5E,(30) 70.5E KU-band Eutelsat 70B,Found
Ala-Too24,1_0_1_2_0_71D_2C10000_0_0_0.png,alatoo24.png,70.5E,(30) 70.5E KU-band Eutelsat 70B,Found
Armenia TV,1_0_1_4_2_1_2C10000_0_0_0.png,armeniatv.png,70.5E,(30) 70.5E KU-band Eutelsat 70B,Found
Armenian Public TV,1_0_1_1_2_1_2C10000_0_0_0.png,armenianpublictv.png,70.5E,(30) 70.5E KU-band Eutelsat 70B,Found
ERICSSON,1_0_1_65_1_FFFF_2C1B119_0_0_0.png,ericsson.png,70.5E,(30) 70.5E KU-band Eutelsat 70B,Found
Eвропа Плюс,1_0_2_231_0_71D_2C10000_0_0_0.png,e.png,70.5E,(30) 70.5E KU-band Eutelsat 70B,Found
Fastsports,1_0_1_7_2_1_2C10000_0_0_0.png,fastsports.png,70.5E,(30) 70.5E KU-band Eutelsat 70B,Found
Kentron,1_0_1_8_2_1_2C10000_0_0_0.png,kentron.png,70.5E,(30) 70.5E KU-band Eutelsat 70B,Found
LoveRadio,1_0_2_1A_0_71D_2C10000_0_0_0.png,loveradio.png,70.5E,(30) 70.5E KU-band Eutelsat 70B,Found
MIR,1_0_1_A_0_71D_2C10000_0_0_0.png,mir.png,70.5E,(30) 70.5E KU-band Eutelsat 70B,Found
MTA1-HD,1_0_19_1_1_1_2C1B18A_0_0_0.png,mta1hd.png,70.5E,(30) 70.5E KU-band Eutelsat 70B,Found
Music,1_0_1_5_0_71D_2C10000_0_0_0.png,music.png,70.5E,(30) 70.5E KU-band Eutelsat 70B,Found
Service 1,1_0_1_E_2_1_2C10000_0_0_0.png,service1.png,70.5E,(30) 70.5E KU-band Eutelsat 70B,Found
TV-001,1_0_1_1_0_0_2C1B0DB_0_0_0.png,tv001.png,70.5E,(30) 70.5E KU-band Eutelsat 70B,Found
Thaqalayn,1_0_1_1_1_1_2C1B11F_0_0_0.png,thaqalayn.png,70.5E,(30) 70.5E KU-band Eutelsat 70B,Found
Кыргызстан обондору,1_0_2_232_0_71D_2C10000_0_0_0.png,.png,70.5E,(30) 70.5E KU-band Eutelsat 70B,Found
Суйунчу,1_0_2_233_0_71D_2C10000_0_0_0.png,.png,70.5E,(30) 70.5E KU-band Eutelsat 70B,Found
KISSFM,1_0_2_1_1_1234_2D20000_0_0_0.png,kissfm.png,72.2E,(113) 72.1E C-band Intelsat 22,Found
TBC 1,1_0_1_FA1_4_4_2D20000_0_0_0.png,tbc1.png,72.2E,(113) 72.1E C-band Intelsat 22,Found
Daystar,1_0_1_19A_1_64_2EE0000_0_0_0.png,daystar.png,75.0E,(32) 75.0E KU-band ABS 2/2A,Found
SBN International,1_0_1_13_1_64_2EE0000_0_0_0.png,sbninternational.png,75.0E,(32) 75.0E KU-band ABS 2/2A,Found
Shalom TV,1_0_1_1_1_64_2EE0000_0_0_0.png,shalomtv.png,75.0E,(32) 75.0E KU-band ABS 2/2A,Found
tv-k,1_0_1_1_1000_2000_2EE0000_0_0_0.png,tvk.png,75.0E,(32) 75.0E KU-band ABS 2/2A,Found
ARYQTV,1_0_1_7_3_1_2FE0000_0_0_0.png,aryqtv.png,76.6E,(116) 76.5E C-band Apstar 7,Found
Capital TV,1_0_1_E_2846_5AD_2FE0000_0_0_0.png,capitaltv.png,76.6E,(116) 76.5E C-band Apstar 7,Found
Channel5,1_0_19_2D_27DA_539_2FE0000_0_0_0.png,channel5.png,76.6E,(116) 76.5E C-band Apstar 7,Found
EUROSPORT,1_0_1_191_1_1_2FE8EC4_0_0_0.png,eurosport.png,76.6E,(116) 76.5E C-band Apstar 7,Found
EUROSPORT HD,1_0_1_1F5_1_1_2FE8EC4_0_0_0.png,eurosporthd.png,76.6E,(116) 76.5E C-band Apstar 7,Found
Luxe TV HD,1_0_19_3EA_1_765E_2FE0000_0_0_0.png,luxetvhd.png,76.6E,(116) 76.5E C-band Apstar 7,Found
MEZZO Live HD,1_0_19_3EE_1_765E_2FE0000_0_0_0.png,mezzolivehd.png,76.6E,(116) 76.5E C-band Apstar 7,Found
NEWS ONE,1_0_1_2_1_1_2FE8EA1_0_0_0.png,newsone.png,76.6E,(116) 76.5E C-band Apstar 7,Found
NTV HD,1_0_1_3_0_0_2FE0EBC_0_0_0.png,ntvhd.png,76.6E,(116) 76.5E C-band Apstar 7,Found
SBN International,1_0_1_13_8_1_2FE0000_0_0_0.png,sbninternational.png,76.6E,(116) 76.5E C-band Apstar 7,Found
TRACE SPORT STARS HD,1_0_19_3ED_1_765E_2FE0000_0_0_0.png,tracesportstarshd.png,76.6E,(116) 76.5E C-band Apstar 7,Found
TV ONE,1_0_1_1_1_1_2FE8EA1_0_0_0.png,tvone.png,76.6E,(116) 76.5E C-band Apstar 7,Found
ALKAFEEL,1_0_19_1_1_1_3112B90_0_0_0.png,alkafeel.png,78.5E,(34) 78.5E KU-band Thaicom 6/8,Found
ALKAWTHAR,1_0_1_81_68_E26_3110000_0_0_0.png,alkawthar.png,78.5E,(34) 78.5E KU-band Thaicom 6/8,Found
AMOOZESH,1_0_1_6B_66_E26_3110000_0_0_0.png,amoozesh.png,78.5E,(34) 78.5E KU-band Thaicom 6/8,Found
IRIB QURAN,1_0_1_6C_66_E26_3110000_0_0_0.png,iribquran.png,78.5E,(34) 78.5E KU-band Thaicom 6/8,Found
IRIB TV1,1_0_1_65_66_E26_3110000_0_0_0.png,iribtv1.png,78.5E,(34) 78.5E KU-band Thaicom 6/8,Found
IRIB TV2,1_0_1_66_66_E26_3110000_0_0_0.png,iribtv2.png,78.5E,(34) 78.5E KU-band Thaicom 6/8,Found
IRIB TV3,1_0_1_67_66_E26_3110000_0_0_0.png,iribtv3.png,78.5E,(34) 78.5E KU-band Thaicom 6/8,Found
IRIB TV4,1_0_1_68_66_E26_3110000_0_0_0.png,iribtv4.png,78.5E,(34) 78.5E KU-band Thaicom 6/8,Found
IRIB-ABADAN,1_0_1_A8_66_E26_3110000_0_0_0.png,iribabadan.png,78.5E,(34) 78.5E KU-band Thaicom 6/8,Found
IRINN,1_0_1_6A_66_E26_3110000_0_0_0.png,irinn.png,78.5E,(34) 78.5E KU-band Thaicom 6/8,Found
IRINN 2,1_0_1_74_66_E26_3110000_0_0_0.png,irinn2.png,78.5E,(34) 78.5E KU-band Thaicom 6/8,Found
MOSTANAD,1_0_1_6D_66_E26_3110000_0_0_0.png,mostanad.png,78.5E,(34) 78.5E KU-band Thaicom 6/8,Found
MOSTANAD HD,1_0_1F_8B_68_E26_3110000_0_0_0.png,mostanadhd.png,78.5E,(34) 78.5E KU-band Thaicom 6/8,Found
NAMAYESH,1_0_1_70_66_E26_3110000_0_0_0.png,namayesh.png,78.5E,(34) 78.5E KU-band Thaicom 6/8,Found
NASIM,1_0_1_69_66_E26_3110000_0_0_0.png,nasim.png,78.5E,(34) 78.5E KU-band Thaicom 6/8,Found
OFOGH,1_0_1_71_66_E26_3110000_0_0_0.png,ofogh.png,78.5E,(34) 78.5E KU-band Thaicom 6/8,Found
OMID,1_0_1_6E_66_E26_3110000_0_0_0.png,omid.png,78.5E,(34) 78.5E KU-band Thaicom 6/8,Found
POOYA,1_0_1_6F_66_E26_3110000_0_0_0.png,pooya.png,78.5E,(34) 78.5E KU-band Thaicom 6/8,Found
PRESS TV,1_0_1_82_68_E26_3110000_0_0_0.png,presstv.png,78.5E,(34) 78.5E KU-band Thaicom 6/8,Found
QURAN HD,1_0_1F_90_68_E26_3110000_0_0_0.png,quranhd.png,78.5E,(34) 78.5E KU-band Thaicom 6/8,Found
RADIONAMA ABADAN,1_0_1_170_66_E26_3110000_0_0_0.png,radionamaabadan.png,78.5E,(34) 78.5E KU-band Thaicom 6/8,Found
SALAMAT,1_0_1_77_66_E26_3110000_0_0_0.png,salamat.png,78.5E,(34) 78.5E KU-band Thaicom 6/8,Found
TAMASHA,1_0_1_73_66_E26_3110000_0_0_0.png,tamasha.png,78.5E,(34) 78.5E KU-band Thaicom 6/8,Found
TAMASHA HD,1_0_1F_8E_68_E26_3110000_0_0_0.png,tamashahd.png,78.5E,(34) 78.5E KU-band Thaicom 6/8,Found
TV1 HD,1_0_1F_83_68_E26_3110000_0_0_0.png,tv1hd.png,78.5E,(34) 78.5E KU-band Thaicom 6/8,Found
TV3 HD,1_0_1F_85_68_E26_3110000_0_0_0.png,tv3hd.png,78.5E,(34) 78.5E KU-band Thaicom 6/8,Found
VARZESH,1_0_1_75_66_E26_3110000_0_0_0.png,varzesh.png,78.5E,(34) 78.5E KU-band Thaicom 6/8,Found
iFILM,1_0_1_72_66_E26_3110000_0_0_0.png,ifilm.png,78.5E,(34) 78.5E KU-band Thaicom 6/8,Found
.Black,1_0_1_D7_66_1_3200000_0_0_0.png,black.png,80.0E,(35) 80.0E KU-band Express 80,Found
.Red,1_0_1_D5_66_1_3200000_0_0_0.png,red.png,80.0E,(35) 80.0E KU-band Express 80,Found
.Red HD,1_0_1_266_CC_1_3200000_0_0_0.png,redhd.png,80.0E,(35) 80.0E KU-band Express 80,Found
.Sci-Fi,1_0_1_D6_66_1_3200000_0_0_0.png,scifi.png,80.0E,(35) 80.0E KU-band Express 80,Found
24KZ,1_0_1_3C6_D0_1_3200000_0_0_0.png,24kz.png,80.0E,(35) 80.0E KU-band Express 80,Found
360 Novosti,1_0_1_1B_14_1113_3200000_0_0_0.png,360novosti.png,80.0E,(35) 80.0E KU-band Express 80,Found
360 Подмосковье,1_0_1_322_CE_1_3200000_0_0_0.png,360.png,80.0E,(35) 80.0E KU-band Express 80,Found
365 дней ТВ,1_0_1_2FC_D2_1_3200000_0_0_0.png,365.png,80.0E,(35) 80.0E KU-band Express 80,Found
8 Канал,1_0_1_CC_66_1_3200000_0_0_0.png,8.png,80.0E,(35) 80.0E KU-band Express 80,Found
Amedia 1,1_0_1_326_CE_1_3200000_0_0_0.png,amedia1.png,80.0E,(35) 80.0E KU-band Express 80,Found
Amedia 2,1_0_1_335_CE_1_3200000_0_0_0.png,amedia2.png,80.0E,(35) 80.0E KU-band Express 80,Found
Amedia Hit HD,1_0_1_130_C9_1_3200000_0_0_0.png,amediahithd.png,80.0E,(35) 80.0E KU-band Express 80,Found
Amedia Premium HD,1_0_1_32F_CE_1_3200000_0_0_0.png,amediapremiumhd.png,80.0E,(35) 80.0E KU-band Express 80,Found
Ani,1_0_1_3CB_D0_1_3200000_0_0_0.png,ani.png,80.0E,(35) 80.0E KU-band Express 80,Found
BABY TIME,1_0_1_5_14_1113_3200000_0_0_0.png,babytime.png,80.0E,(35) 80.0E KU-band Express 80,Found
BRIDGE,1_0_1_21_14_1113_3200000_0_0_0.png,bridge.png,80.0E,(35) 80.0E KU-band Express 80,Found
BRIDGE CLASSIC,1_0_1_1D_14_1113_3200000_0_0_0.png,bridgeclassic.png,80.0E,(35) 80.0E KU-band Express 80,Found
BRIDGE DELUXE,1_0_1_23_14_1113_3200000_0_0_0.png,bridgedeluxe.png,80.0E,(35) 80.0E KU-band Express 80,Found
BRIDGE ETHNO,1_0_1_24_14_1113_3200000_0_0_0.png,bridgeethno.png,80.0E,(35) 80.0E KU-band Express 80,Found
BRIDGE FRESH,1_0_1_20_14_1113_3200000_0_0_0.png,bridgefresh.png,80.0E,(35) 80.0E KU-band Express 80,Found
BRIDGE HITS,1_0_1_1C_14_1113_3200000_0_0_0.png,bridgehits.png,80.0E,(35) 80.0E KU-band Express 80,Found
BRIDGE ROCK,1_0_1_1F_14_1113_3200000_0_0_0.png,bridgerock.png,80.0E,(35) 80.0E KU-band Express 80,Found
BRIDGE Russkiy Hit,1_0_1_22_14_1113_3200000_0_0_0.png,bridgerusskiyhit.png,80.0E,(35) 80.0E KU-band Express 80,Found
BRIDGE SHLYAGER,1_0_1_1E_14_1113_3200000_0_0_0.png,bridgeshlyager.png,80.0E,(35) 80.0E KU-band Express 80,Found
BRIDGE TV,1_0_1_329_CE_1_3200000_0_0_0.png,bridgetv.png,80.0E,(35) 80.0E KU-band Express 80,Found
BRIDGE TV Classic,1_0_1_2CC_CD_1_3200000_0_0_0.png,bridgetvclassic.png,80.0E,(35) 80.0E KU-band Express 80,Found
BRIDGE TV Русский Хит,1_0_1_1A2_CA_1_3200000_0_0_0.png,bridgetv.png,80.0E,(35) 80.0E KU-band Express 80,Found
Bolt,1_0_1_2CB_CD_1_3200000_0_0_0.png,bolt.png,80.0E,(35) 80.0E KU-band Express 80,Found
Brazzers TV Europe,1_0_1_1A5_CA_1_3200000_0_0_0.png,brazzerstveurope.png,80.0E,(35) 80.0E KU-band Express 80,Found
DFM,1_0_2_BF_65_1_3200000_0_0_0.png,dfm.png,80.0E,(35) 80.0E KU-band Express 80,Found
Da Vinci,1_0_1_70_65_1_3200000_0_0_0.png,davinci.png,80.0E,(35) 80.0E KU-band Express 80,Found
Epic,1_0_1_3D4_D0_1_3200000_0_0_0.png,epic.png,80.0E,(35) 80.0E KU-band Express 80,Found
Extreme,1_0_1_19D_CA_1_3200000_0_0_0.png,extreme.png,80.0E,(35) 80.0E KU-band Express 80,Found
Fashion HD,1_0_1_33A_CE_1_3200000_0_0_0.png,fashionhd.png,80.0E,(35) 80.0E KU-band Express 80,Found
Gagsnetwork,1_0_16_1FD_CB_1_3200000_0_0_0.png,gagsnetwork.png,80.0E,(35) 80.0E KU-band Express 80,Found
Gulli Girl,1_0_1_20E_CB_1_3200000_0_0_0.png,gulligirl.png,80.0E,(35) 80.0E KU-band Express 80,Found
Hollywood,1_0_1_3D5_D0_1_3200000_0_0_0.png,hollywood.png,80.0E,(35) 80.0E KU-band Express 80,Found
KHL,1_0_1_327_CE_1_3200000_0_0_0.png,khl.png,80.0E,(35) 80.0E KU-band Express 80,Found
KHL Prime HD,1_0_1_32E_CE_1_3200000_0_0_0.png,khlprimehd.png,80.0E,(35) 80.0E KU-band Express 80,Found
Kids TV,1_0_1_2F2_D2_1_3200000_0_0_0.png,kidstv.png,80.0E,(35) 80.0E KU-band Express 80,Found
LEOMAX24,1_0_1_6F_65_1_3200000_0_0_0.png,leomax24.png,80.0E,(35) 80.0E KU-band Express 80,Found
LUXURY,1_0_1_7_14_1113_3200000_0_0_0.png,luxury.png,80.0E,(35) 80.0E KU-band Express 80,Found
Love Radio,1_0_2_C_14_1113_3200000_0_0_0.png,loveradio.png,80.0E,(35) 80.0E KU-band Express 80,Found
NTV Kazakstan,1_0_1_1_14_1113_3200000_0_0_0.png,ntvkazakstan.png,80.0E,(35) 80.0E KU-band Express 80,Found
O!,1_0_1_35B_D1_1_3200000_0_0_0.png,o.png,80.0E,(35) 80.0E KU-band Express 80,Found
O2TV,1_0_1_1A0_CA_1_3200000_0_0_0.png,o2tv.png,80.0E,(35) 80.0E KU-band Express 80,Found
Ocean,1_0_1_337_CE_1_3200000_0_0_0.png,ocean.png,80.0E,(35) 80.0E KU-band Express 80,Found
Plan B,1_0_1_353_D1_1_3200000_0_0_0.png,planb.png,80.0E,(35) 80.0E KU-band Express 80,Found
Plan B HD,1_0_1_198_CA_1_3200000_0_0_0.png,planbhd.png,80.0E,(35) 80.0E KU-band Express 80,Found
Playboy TV,1_0_1_387_CF_1_3200000_0_0_0.png,playboytv.png,80.0E,(35) 80.0E KU-band Express 80,Found
RT DOC HD,1_0_1_3_14_1113_3200000_0_0_0.png,rtdochd.png,80.0E,(35) 80.0E KU-band Express 80,Found
RT Region SD,1_0_1_2_14_1113_3200000_0_0_0.png,rtregionsd.png,80.0E,(35) 80.0E KU-band Express 80,Found
RTG HD,1_0_1_134_C9_1_3200000_0_0_0.png,rtghd.png,80.0E,(35) 80.0E KU-band Express 80,Found
RTG TV,1_0_1_328_CE_1_3200000_0_0_0.png,rtgtv.png,80.0E,(35) 80.0E KU-band Express 80,Found
Red Lips,1_0_1_3BB_D0_1_3200000_0_0_0.png,redlips.png,80.0E,(35) 80.0E KU-band Express 80,Found
Ru TV,1_0_1_39A_CF_1_3200000_0_0_0.png,rutv.png,80.0E,(35) 80.0E KU-band Express 80,Found
SHOT TV,1_0_1_397_CF_1_3200000_0_0_0.png,shottv.png,80.0E,(35) 80.0E KU-band Express 80,Found
START Air,1_0_16_1FA_CB_1_3200000_0_0_0.png,startair.png,80.0E,(35) 80.0E KU-band Express 80,Found
START World,1_0_16_1FB_CB_1_3200000_0_0_0.png,startworld.png,80.0E,(35) 80.0E KU-band Express 80,Found
Shanson TV Int.,1_0_1_2CE_CD_1_3200000_0_0_0.png,shansontvint.png,80.0E,(35) 80.0E KU-band Express 80,Found
Shopping Live,1_0_1_CD_66_1_3200000_0_0_0.png,shoppinglive.png,80.0E,(35) 80.0E KU-band Express 80,Found
Silk Way,1_0_1_2C2_CD_1_3200000_0_0_0.png,silkway.png,80.0E,(35) 80.0E KU-band Express 80,Found
Star Cinema,1_0_1_2C1_CD_1_3200000_0_0_0.png,starcinema.png,80.0E,(35) 80.0E KU-band Express 80,Found
Star Family,1_0_1_2C0_CD_1_3200000_0_0_0.png,starfamily.png,80.0E,(35) 80.0E KU-band Express 80,Found
TV XXI,1_0_1_25B_CC_1_3200000_0_0_0.png,tvxxi.png,80.0E,(35) 80.0E KU-band Express 80,Found
Telekanal 360,1_0_1_1A_14_1113_3200000_0_0_0.png,telekanal360.png,80.0E,(35) 80.0E KU-band Express 80,Found
Terra,1_0_1_398_CF_1_3200000_0_0_0.png,terra.png,80.0E,(35) 80.0E KU-band Express 80,Found
Test 520,1_0_1_208_CB_1_3200000_0_0_0.png,test520.png,80.0E,(35) 80.0E KU-band Express 80,Found
Test 522,1_0_1_20A_CB_1_3200000_0_0_0.png,test522.png,80.0E,(35) 80.0E KU-band Express 80,Found
The Explorers,1_0_1_35C_D1_1_3200000_0_0_0.png,theexplorers.png,80.0E,(35) 80.0E KU-band Express 80,Found
TiJi,1_0_1_205_CB_1_3200000_0_0_0.png,tiji.png,80.0E,(35) 80.0E KU-band Express 80,Found
Torre Ricca,1_0_1_6_14_1113_3200000_0_0_0.png,torrericca.png,80.0E,(35) 80.0E KU-band Express 80,Found
VKUS,1_0_1_4_14_1113_3200000_0_0_0.png,vkus.png,80.0E,(35) 80.0E KU-band Express 80,Found
viju Explore,1_0_1_74_65_1_3200000_0_0_0.png,vijuexplore.png,80.0E,(35) 80.0E KU-band Express 80,Found
viju History,1_0_1_75_65_1_3200000_0_0_0.png,vijuhistory.png,80.0E,(35) 80.0E KU-band Express 80,Found
viju Nature,1_0_1_76_65_1_3200000_0_0_0.png,vijunature.png,80.0E,(35) 80.0E KU-band Express 80,Found
viju TV1000,1_0_1_73_65_1_3200000_0_0_0.png,vijutv1000.png,80.0E,(35) 80.0E KU-band Express 80,Found
viju TV1000 action,1_0_1_72_65_1_3200000_0_0_0.png,vijutv1000action.png,80.0E,(35) 80.0E KU-band Express 80,Found
viju TV1000 romantica,1_0_1_13A_C9_1_3200000_0_0_0.png,vijutv1000romantica.png,80.0E,(35) 80.0E KU-band Express 80,Found
viju TV1000 новелла,1_0_1_7A_65_1_3200000_0_0_0.png,vijutv1000.png,80.0E,(35) 80.0E KU-band Express 80,Found
viju TV1000 русское,1_0_1_71_65_1_3200000_0_0_0.png,vijutv1000.png,80.0E,(35) 80.0E KU-band Express 80,Found
Авто 24,1_0_1_3CC_D0_1_3200000_0_0_0.png,24.png,80.0E,(35) 80.0E KU-band Express 80,Found
Анекдот ТВ,1_0_1_35F_D1_1_3200000_0_0_0.png,.png,80.0E,(35) 80.0E KU-band Express 80,Found
Аппетитный,1_0_1_2F3_D2_1_3200000_0_0_0.png,.png,80.0E,(35) 80.0E KU-band Express 80,Found
Ашкадар,1_0_2_37D_CE_1_3200000_0_0_0.png,.png,80.0E,(35) 80.0E KU-band Express 80,Found
БСТ,1_0_1_2D9_CD_1_3200000_0_0_0.png,.png,80.0E,(35) 80.0E KU-band Express 80,Found
БелРос,1_0_1_2C7_CD_1_3200000_0_0_0.png,.png,80.0E,(35) 80.0E KU-band Express 80,Found
Бобёр,1_0_1_2E0_CD_1_3200000_0_0_0.png,.png,80.0E,(35) 80.0E KU-band Express 80,Found
Большая Азия,1_0_1_3A0_CF_1_3200000_0_0_0.png,.png,80.0E,(35) 80.0E KU-band Express 80,Found
В гостях у сказки,1_0_1_38F_CF_1_3200000_0_0_0.png,.png,80.0E,(35) 80.0E KU-band Express 80,Found
Ваш Успех,1_0_16_1F7_CB_1_3200000_0_0_0.png,.png,80.0E,(35) 80.0E KU-band Express 80,Found
Вести ФМ,1_0_2_1EC_CA_1_3200000_0_0_0.png,.png,80.0E,(35) 80.0E KU-band Express 80,Found
Ветта 24,1_0_1_2D4_CD_1_3200000_0_0_0.png,24.png,80.0E,(35) 80.0E KU-band Express 80,Found
Витрина ТВ,1_0_1_D8_66_1_3200000_0_0_0.png,.png,80.0E,(35) 80.0E KU-band Express 80,Found
Волга,1_0_1_1A3_CA_1_3200000_0_0_0.png,.png,80.0E,(35) 80.0E KU-band Express 80,Found
Восток,1_0_1_399_CF_1_3200000_0_0_0.png,.png,80.0E,(35) 80.0E KU-band Express 80,Found
Глазами Туриста HD,1_0_1_132_C9_1_3200000_0_0_0.png,hd.png,80.0E,(35) 80.0E KU-band Express 80,Found
Детский,1_0_1_39C_CF_1_3200000_0_0_0.png,.png,80.0E,(35) 80.0E KU-band Express 80,Found
Детский Мир,1_0_1_339_CE_1_3200000_0_0_0.png,.png,80.0E,(35) 80.0E KU-band Express 80,Found
Диалоги о рыбалке,1_0_1_1A4_CA_1_3200000_0_0_0.png,.png,80.0E,(35) 80.0E KU-band Express 80,Found
Дикая охота HD,1_0_1_197_CA_1_3200000_0_0_0.png,hd.png,80.0E,(35) 80.0E KU-band Express 80,Found
Дикая рыбалка HD,1_0_1_196_CA_1_3200000_0_0_0.png,hd.png,80.0E,(35) 80.0E KU-band Express 80,Found
Дикий,1_0_1_2D1_CD_1_3200000_0_0_0.png,.png,80.0E,(35) 80.0E KU-band Express 80,Found
Доктор,1_0_1_39D_CF_1_3200000_0_0_0.png,.png,80.0E,(35) 80.0E KU-band Express 80,Found
Дом кино,1_0_1_2D5_CD_1_3200000_0_0_0.png,.png,80.0E,(35) 80.0E KU-band Express 80,Found
Домашний,1_0_1_D1_66_1_3200000_0_0_0.png,.png,80.0E,(35) 80.0E KU-band Express 80,Found
Домашний (+2),1_0_1_32C_CE_1_3200000_0_0_0.png,2.png,80.0E,(35) 80.0E KU-band Express 80,Found
Домашний (+4),1_0_1_3D1_D0_1_3200000_0_0_0.png,4.png,80.0E,(35) 80.0E KU-band Express 80,Found
Домашний HD,1_0_1_358_D1_1_3200000_0_0_0.png,hd.png,80.0E,(35) 80.0E KU-band Express 80,Found
Дон 24,1_0_1_2D6_CD_1_3200000_0_0_0.png,24.png,80.0E,(35) 80.0E KU-band Express 80,Found
ЕГЭ,1_0_1_2D7_CD_1_3200000_0_0_0.png,.png,80.0E,(35) 80.0E KU-band Express 80,Found
Еврокино,1_0_1_1AA_CA_1_3200000_0_0_0.png,.png,80.0E,(35) 80.0E KU-band Express 80,Found
Европа Плюс,1_0_1_33D_CE_1_3200000_0_0_0.png,.png,80.0E,(35) 80.0E KU-band Express 80,Found
Енисей HD,1_0_1_139_C9_1_3200000_0_0_0.png,hd.png,80.0E,(35) 80.0E KU-band Express 80,Found
Жара,1_0_1_2C5_CD_1_3200000_0_0_0.png,.png,80.0E,(35) 80.0E KU-band Express 80,Found
Живая Планета,1_0_1_3CA_D0_1_3200000_0_0_0.png,.png,80.0E,(35) 80.0E KU-band Express 80,Found
Живая Природа HD,1_0_1_133_C9_1_3200000_0_0_0.png,hd.png,80.0E,(35) 80.0E KU-band Express 80,Found
Живи активно HD,1_0_1_203_CB_1_3200000_0_0_0.png,hd.png,80.0E,(35) 80.0E KU-band Express 80,Found
ЗВЕЗДА ПЛЮС,1_0_1_2DF_CD_1_3200000_0_0_0.png,.png,80.0E,(35) 80.0E KU-band Express 80,Found
Загородная жизнь,1_0_1_333_CE_1_3200000_0_0_0.png,.png,80.0E,(35) 80.0E KU-band Express 80,Found
Зал суда,1_0_16_1FC_CB_1_3200000_0_0_0.png,.png,80.0E,(35) 80.0E KU-band Express 80,Found
Звезда,1_0_1_6D_65_1_3200000_0_0_0.png,.png,80.0E,(35) 80.0E KU-band Express 80,Found
Звезда (+2),1_0_1_263_CC_1_3200000_0_0_0.png,2.png,80.0E,(35) 80.0E KU-band Express 80,Found
Звезда (+4),1_0_1_3D2_D0_1_3200000_0_0_0.png,4.png,80.0E,(35) 80.0E KU-band Express 80,Found
Зоопарк,1_0_1_385_CF_1_3200000_0_0_0.png,.png,80.0E,(35) 80.0E KU-band Express 80,Found
ИНДИЙСКОЕ КИНО,1_0_1_390_CF_1_3200000_0_0_0.png,.png,80.0E,(35) 80.0E KU-band Express 80,Found
Известия,1_0_1_33B_CE_1_3200000_0_0_0.png,.png,80.0E,(35) 80.0E KU-band Express 80,Found
Иллюзион +,1_0_1_386_CF_1_3200000_0_0_0.png,.png,80.0E,(35) 80.0E KU-band Express 80,Found
Индия,1_0_1_212_CB_1_3200000_0_0_0.png,.png,80.0E,(35) 80.0E KU-band Express 80,Found
Инфоканал Телекарта,1_0_1_65_65_1_3200000_0_0_0.png,.png,80.0E,(35) 80.0E KU-band Express 80,Found
История,1_0_1_3C5_D0_1_3200000_0_0_0.png,.png,80.0E,(35) 80.0E KU-band Express 80,Found
КВН ТВ,1_0_1_38B_CF_1_3200000_0_0_0.png,.png,80.0E,(35) 80.0E KU-band Express 80,Found
КИНОМИКС HD,1_0_1_135_C9_1_3200000_0_0_0.png,hd.png,80.0E,(35) 80.0E KU-band Express 80,Found
КИНОПРЕМЬЕРА HD,1_0_1_202_CB_1_3200000_0_0_0.png,hd.png,80.0E,(35) 80.0E KU-band Express 80,Found
КИНОСВИДАНИЕ,1_0_1_2CF_CD_1_3200000_0_0_0.png,.png,80.0E,(35) 80.0E KU-band Express 80,Found
Картун,1_0_1_356_D1_1_3200000_0_0_0.png,.png,80.0E,(35) 80.0E KU-band Express 80,Found
Карусель,1_0_1_6A_65_1_3200000_0_0_0.png,.png,80.0E,(35) 80.0E KU-band Express 80,Found
Катунь 24,1_0_1_38A_CF_1_3200000_0_0_0.png,24.png,80.0E,(35) 80.0E KU-band Express 80,Found
Кинеко,1_0_1_38D_CF_1_3200000_0_0_0.png,.png,80.0E,(35) 80.0E KU-band Express 80,Found
Кинеко HD,1_0_1_391_CF_1_3200000_0_0_0.png,hd.png,80.0E,(35) 80.0E KU-band Express 80,Found
Кино 24,1_0_1_25D_CC_1_3200000_0_0_0.png,24.png,80.0E,(35) 80.0E KU-band Express 80,Found
Кино ТВ (+4),1_0_1_334_CE_1_3200000_0_0_0.png,4.png,80.0E,(35) 80.0E KU-band Express 80,Found
Кино ТВ HD,1_0_1_136_C9_1_3200000_0_0_0.png,hd.png,80.0E,(35) 80.0E KU-band Express 80,Found
Киноман,1_0_16_389_CF_1_3200000_0_0_0.png,.png,80.0E,(35) 80.0E KU-band Express 80,Found
Киносемья HD,1_0_1_336_CE_1_3200000_0_0_0.png,hd.png,80.0E,(35) 80.0E KU-band Express 80,Found
Кинохит HD,1_0_1_2CD_CD_1_3200000_0_0_0.png,hd.png,80.0E,(35) 80.0E KU-band Express 80,Found
Ключ,1_0_1_330_CE_1_3200000_0_0_0.png,.png,80.0E,(35) 80.0E KU-band Express 80,Found
Комедия,1_0_1_3BE_D0_1_3200000_0_0_0.png,.png,80.0E,(35) 80.0E KU-band Express 80,Found
Конный мир,1_0_1_38E_CF_1_3200000_0_0_0.png,.png,80.0E,(35) 80.0E KU-band Express 80,Found
Курай,1_0_1_2D8_CD_1_3200000_0_0_0.png,.png,80.0E,(35) 80.0E KU-band Express 80,Found
Кухня ТВ,1_0_1_325_CE_1_3200000_0_0_0.png,.png,80.0E,(35) 80.0E KU-band Express 80,Found
ЛОТ-регион,1_0_1_39F_CF_1_3200000_0_0_0.png,.png,80.0E,(35) 80.0E KU-band Express 80,Found
Легенда,1_0_1_2BD_CD_1_3200000_0_0_0.png,.png,80.0E,(35) 80.0E KU-band Express 80,Found
Любимое кино,1_0_1_2C6_CD_1_3200000_0_0_0.png,.png,80.0E,(35) 80.0E KU-band Express 80,Found
Лёва HD,1_0_1_191_CA_1_3200000_0_0_0.png,hd.png,80.0E,(35) 80.0E KU-band Express 80,Found
МУЖСКОЕ КИНО,1_0_1_273_CC_1_3200000_0_0_0.png,.png,80.0E,(35) 80.0E KU-band Express 80,Found
МУЗ ТВ,1_0_1_D3_66_1_3200000_0_0_0.png,.png,80.0E,(35) 80.0E KU-band Express 80,Found
МЫ,1_0_1_2F1_D2_1_3200000_0_0_0.png,.png,80.0E,(35) 80.0E KU-band Express 80,Found
Майдан,1_0_1_1F5_CB_1_3200000_0_0_0.png,.png,80.0E,(35) 80.0E KU-band Express 80,Found
Мама,1_0_1_260_CC_1_3200000_0_0_0.png,.png,80.0E,(35) 80.0E KU-band Express 80,Found
Матч Арена,1_0_1_3C2_D0_1_3200000_0_0_0.png,.png,80.0E,(35) 80.0E KU-band Express 80,Found
Матч Боец,1_0_1_3BD_D0_1_3200000_0_0_0.png,.png,80.0E,(35) 80.0E KU-band Express 80,Found
Матч Игра,1_0_1_3C7_D0_1_3200000_0_0_0.png,.png,80.0E,(35) 80.0E KU-band Express 80,Found
Матч Страна,1_0_1_3C4_D0_1_3200000_0_0_0.png,.png,80.0E,(35) 80.0E KU-band Express 80,Found
Матч ТВ,1_0_1_68_65_1_3200000_0_0_0.png,.png,80.0E,(35) 80.0E KU-band Express 80,Found
Матч ТВ HD,1_0_1_3D3_D0_1_3200000_0_0_0.png,hd.png,80.0E,(35) 80.0E KU-band Express 80,Found
Матч Футбол 1,1_0_1_3B7_D0_1_3200000_0_0_0.png,1.png,80.0E,(35) 80.0E KU-band Express 80,Found
Матч Футбол 2,1_0_1_3B8_D0_1_3200000_0_0_0.png,2.png,80.0E,(35) 80.0E KU-band Express 80,Found
Матч Футбол 3,1_0_1_3B9_D0_1_3200000_0_0_0.png,3.png,80.0E,(35) 80.0E KU-band Express 80,Found
Матч! Премьер,1_0_1_D4_66_1_3200000_0_0_0.png,.png,80.0E,(35) 80.0E KU-band Express 80,Found
Мир,1_0_1_2C4_CD_1_3200000_0_0_0.png,.png,80.0E,(35) 80.0E KU-band Express 80,Found
Мир 24,1_0_1_DC_66_1_3200000_0_0_0.png,24.png,80.0E,(35) 80.0E KU-band Express 80,Found
Мир Баскетбола,1_0_1_2F6_D2_1_3200000_0_0_0.png,.png,80.0E,(35) 80.0E KU-band Express 80,Found
Мир Белогорья,1_0_1_3CD_D0_1_3200000_0_0_0.png,.png,80.0E,(35) 80.0E KU-band Express 80,Found
Мир Увлечений,1_0_1_2D2_CD_1_3200000_0_0_0.png,.png,80.0E,(35) 80.0E KU-band Express 80,Found
Мир сериала,1_0_1_338_CE_1_3200000_0_0_0.png,.png,80.0E,(35) 80.0E KU-band Express 80,Found
Москва 24,1_0_1_321_CE_1_3200000_0_0_0.png,24.png,80.0E,(35) 80.0E KU-band Express 80,Found
Мосфильм. Золотая коллекция,1_0_1_26D_CC_1_3200000_0_0_0.png,.png,80.0E,(35) 80.0E KU-band Express 80,Found
Моя Планета,1_0_1_25A_CC_1_3200000_0_0_0.png,.png,80.0E,(35) 80.0E KU-band Express 80,Found
Моя планета HD,1_0_1_26B_CC_1_3200000_0_0_0.png,hd.png,80.0E,(35) 80.0E KU-band Express 80,Found
Мужской,1_0_1_332_CE_1_3200000_0_0_0.png,.png,80.0E,(35) 80.0E KU-band Express 80,Found
Мульт,1_0_1_25C_CC_1_3200000_0_0_0.png,.png,80.0E,(35) 80.0E KU-band Express 80,Found
Мульт HD,1_0_1_131_C9_1_3200000_0_0_0.png,hd.png,80.0E,(35) 80.0E KU-band Express 80,Found
МультиМузыка,1_0_1_3C1_D0_1_3200000_0_0_0.png,.png,80.0E,(35) 80.0E KU-band Express 80,Found
Мультиландия,1_0_1_2C9_CD_1_3200000_0_0_0.png,.png,80.0E,(35) 80.0E KU-band Express 80,Found
НВВ,1_0_1_270_CC_1_3200000_0_0_0.png,.png,80.0E,(35) 80.0E KU-band Express 80,Found
НИК,1_0_1_271_CC_1_3200000_0_0_0.png,.png,80.0E,(35) 80.0E KU-band Express 80,Found
НСК 49 (Новосибирск),1_0_1_1A9_CA_1_3200000_0_0_0.png,49.png,80.0E,(35) 80.0E KU-band Express 80,Found
НСТВ,1_0_16_25F_CC_1_3200000_0_0_0.png,.png,80.0E,(35) 80.0E KU-band Express 80,Found
НТВ,1_0_1_69_65_1_3200000_0_0_0.png,.png,80.0E,(35) 80.0E KU-band Express 80,Found
НТВ (+2),1_0_1_324_CE_1_3200000_0_0_0.png,2.png,80.0E,(35) 80.0E KU-band Express 80,Found
НТВ (+4),1_0_1_3D0_D0_1_3200000_0_0_0.png,4.png,80.0E,(35) 80.0E KU-band Express 80,Found
НТВ (+7),1_0_1_19C_CA_1_3200000_0_0_0.png,7.png,80.0E,(35) 80.0E KU-band Express 80,Found
НТВ HD,1_0_1_199_CA_1_3200000_0_0_0.png,hd.png,80.0E,(35) 80.0E KU-band Express 80,Found
НТВ Право,1_0_1_194_CA_1_3200000_0_0_0.png,.png,80.0E,(35) 80.0E KU-band Express 80,Found
НТВ Сериал,1_0_1_195_CA_1_3200000_0_0_0.png,.png,80.0E,(35) 80.0E KU-band Express 80,Found
НТВ Стиль,1_0_1_193_CA_1_3200000_0_0_0.png,.png,80.0E,(35) 80.0E KU-band Express 80,Found
НТВ Хит,1_0_1_38C_CF_1_3200000_0_0_0.png,.png,80.0E,(35) 80.0E KU-band Express 80,Found
Наука,1_0_1_259_CC_1_3200000_0_0_0.png,.png,80.0E,(35) 80.0E KU-band Express 80,Found
Наука HD,1_0_1_26A_CC_1_3200000_0_0_0.png,hd.png,80.0E,(35) 80.0E KU-band Express 80,Found
Наше новое кино,1_0_1_192_CA_1_3200000_0_0_0.png,.png,80.0E,(35) 80.0E KU-band Express 80,Found
Ностальгия,1_0_1_3CE_D0_1_3200000_0_0_0.png,.png,80.0E,(35) 80.0E KU-band Express 80,Found
ОРТРК - 12 канал,1_0_1_2DA_CD_1_3200000_0_0_0.png,12.png,80.0E,(35) 80.0E KU-band Express 80,Found
ОТВ (Екатеринбург),1_0_1_1A1_CA_1_3200000_0_0_0.png,.png,80.0E,(35) 80.0E KU-band Express 80,Found
ОТВ Челябинск БУЛАТ,1_0_1_1F6_CB_1_3200000_0_0_0.png,.png,80.0E,(35) 80.0E KU-band Express 80,Found
Общественное ТВ России,1_0_1_210_CB_1_3200000_0_0_0.png,.png,80.0E,(35) 80.0E KU-band Express 80,Found
Омское радио,1_0_2_1EE_CA_1_3200000_0_0_0.png,.png,80.0E,(35) 80.0E KU-band Express 80,Found
Оружие,1_0_1_35E_D1_1_3200000_0_0_0.png,.png,80.0E,(35) 80.0E KU-band Express 80,Found
Открытый мир,1_0_1_2DC_CD_1_3200000_0_0_0.png,.png,80.0E,(35) 80.0E KU-band Express 80,Found
Охота и Рыбалка,1_0_1_393_CF_1_3200000_0_0_0.png,.png,80.0E,(35) 80.0E KU-band Express 80,Found
Первый Вегетарианский,1_0_1_1A6_CA_1_3200000_0_0_0.png,.png,80.0E,(35) 80.0E KU-band Express 80,Found
Первый Канал HD (+4),1_0_1_395_CF_1_3200000_0_0_0.png,hd4.png,80.0E,(35) 80.0E KU-band Express 80,Found
Первый канал,1_0_1_66_65_1_3200000_0_0_0.png,.png,80.0E,(35) 80.0E KU-band Express 80,Found
Первый канал (+2),1_0_1_D9_66_1_3200000_0_0_0.png,2.png,80.0E,(35) 80.0E KU-band Express 80,Found
Первый канал (+4),1_0_1_3C9_D0_1_3200000_0_0_0.png,4.png,80.0E,(35) 80.0E KU-band Express 80,Found
Первый канал HD,1_0_1_201_CB_1_3200000_0_0_0.png,hd.png,80.0E,(35) 80.0E KU-band Express 80,Found
Петербург 5 канал,1_0_1_78_65_1_3200000_0_0_0.png,5.png,80.0E,(35) 80.0E KU-band Express 80,Found
Пингвин,1_0_1_2DE_CD_1_3200000_0_0_0.png,.png,80.0E,(35) 80.0E KU-band Express 80,Found
Победа,1_0_1_204_CB_1_3200000_0_0_0.png,.png,80.0E,(35) 80.0E KU-band Express 80,Found
Продвижение (Москва),1_0_1_2C8_CD_1_3200000_0_0_0.png,.png,80.0E,(35) 80.0E KU-band Express 80,Found
Продвижение (Сибирь),1_0_1_2CA_CD_1_3200000_0_0_0.png,.png,80.0E,(35) 80.0E KU-band Express 80,Found
Пятница,1_0_1_1FE_CB_1_3200000_0_0_0.png,.png,80.0E,(35) 80.0E KU-band Express 80,Found
РБК,1_0_1_323_CE_1_3200000_0_0_0.png,.png,80.0E,(35) 80.0E KU-band Express 80,Found
РЕН,1_0_1_6B_65_1_3200000_0_0_0.png,.png,80.0E,(35) 80.0E KU-band Express 80,Found
РЕН (+2),1_0_1_1F8_CB_1_3200000_0_0_0.png,2.png,80.0E,(35) 80.0E KU-band Express 80,Found
РЕН (+4),1_0_1_3CF_D0_1_3200000_0_0_0.png,4.png,80.0E,(35) 80.0E KU-band Express 80,Found
РЕН (+7),1_0_1_26F_CC_1_3200000_0_0_0.png,7.png,80.0E,(35) 80.0E KU-band Express 80,Found
Радио Вера,1_0_2_1EF_CA_1_3200000_0_0_0.png,.png,80.0E,(35) 80.0E KU-band Express 80,Found
Радио Максимум,1_0_2_128_66_1_3200000_0_0_0.png,.png,80.0E,(35) 80.0E KU-band Express 80,Found
Радио Маяк,1_0_2_1ED_CA_1_3200000_0_0_0.png,.png,80.0E,(35) 80.0E KU-band Express 80,Found
Радио России,1_0_2_1EB_CA_1_3200000_0_0_0.png,.png,80.0E,(35) 80.0E KU-band Express 80,Found
Радио Страна FM,1_0_1_3D6_D0_1_3200000_0_0_0.png,fm.png,80.0E,(35) 80.0E KU-band Express 80,Found
Родное кино,1_0_1_2D3_CD_1_3200000_0_0_0.png,.png,80.0E,(35) 80.0E KU-band Express 80,Found
Романс,1_0_1_354_D1_1_3200000_0_0_0.png,.png,80.0E,(35) 80.0E KU-band Express 80,Found
Россия 1,1_0_1_67_65_1_3200000_0_0_0.png,1.png,80.0E,(35) 80.0E KU-band Express 80,Found
Россия 1 (+2),1_0_1_DA_66_1_3200000_0_0_0.png,12.png,80.0E,(35) 80.0E KU-band Express 80,Found
Россия 1 (+4),1_0_1_3C3_D0_1_3200000_0_0_0.png,14.png,80.0E,(35) 80.0E KU-band Express 80,Found
Россия 1 (+7),1_0_1_2FB_D2_1_3200000_0_0_0.png,17.png,80.0E,(35) 80.0E KU-band Express 80,Found
Россия 24,1_0_1_D0_66_1_3200000_0_0_0.png,24.png,80.0E,(35) 80.0E KU-band Express 80,Found
Россия HD,1_0_1_396_CF_1_3200000_0_0_0.png,hd.png,80.0E,(35) 80.0E KU-band Express 80,Found
Россия К,1_0_1_26E_CC_1_3200000_0_0_0.png,.png,80.0E,(35) 80.0E KU-band Express 80,Found
Русская История,1_0_1_20B_CB_1_3200000_0_0_0.png,.png,80.0E,(35) 80.0E KU-band Express 80,Found
Русская ночь,1_0_1_3BC_D0_1_3200000_0_0_0.png,.png,80.0E,(35) 80.0E KU-band Express 80,Found
Русский Бестселлер,1_0_1_2C3_CD_1_3200000_0_0_0.png,.png,80.0E,(35) 80.0E KU-band Express 80,Found
Русский Детектив,1_0_1_2BF_CD_1_3200000_0_0_0.png,.png,80.0E,(35) 80.0E KU-band Express 80,Found
Русский Роман,1_0_1_2BE_CD_1_3200000_0_0_0.png,.png,80.0E,(35) 80.0E KU-band Express 80,Found
Русский иллюзион,1_0_1_1A8_CA_1_3200000_0_0_0.png,.png,80.0E,(35) 80.0E KU-band Express 80,Found
Русское Радио,1_0_2_C1_65_1_3200000_0_0_0.png,.png,80.0E,(35) 80.0E KU-band Express 80,Found
Русское Радио (+2),1_0_2_127_66_1_3200000_0_0_0.png,2.png,80.0E,(35) 80.0E KU-band Express 80,Found
СТС,1_0_1_6C_65_1_3200000_0_0_0.png,.png,80.0E,(35) 80.0E KU-band Express 80,Found
СТС (+2),1_0_1_32B_CE_1_3200000_0_0_0.png,2.png,80.0E,(35) 80.0E KU-band Express 80,Found
СТС (+4),1_0_1_3BA_D0_1_3200000_0_0_0.png,4.png,80.0E,(35) 80.0E KU-band Express 80,Found
СТС (+7),1_0_1_32A_CE_1_3200000_0_0_0.png,7.png,80.0E,(35) 80.0E KU-band Express 80,Found
СТС HD,1_0_1_3C0_D0_1_3200000_0_0_0.png,hd.png,80.0E,(35) 80.0E KU-band Express 80,Found
СТС Kids,1_0_1_1A7_CA_1_3200000_0_0_0.png,kids.png,80.0E,(35) 80.0E KU-band Express 80,Found
СТС Love,1_0_1_D2_66_1_3200000_0_0_0.png,love.png,80.0E,(35) 80.0E KU-band Express 80,Found
Сапфир,1_0_1_388_CF_1_3200000_0_0_0.png,.png,80.0E,(35) 80.0E KU-band Express 80,Found
Сапфир HD,1_0_1_392_CF_1_3200000_0_0_0.png,hd.png,80.0E,(35) 80.0E KU-band Express 80,Found
Сарафан,1_0_1_25E_CC_1_3200000_0_0_0.png,.png,80.0E,(35) 80.0E KU-band Express 80,Found
Саспенс,1_0_1_355_D1_1_3200000_0_0_0.png,.png,80.0E,(35) 80.0E KU-band Express 80,Found
Синема,1_0_1_262_CC_1_3200000_0_0_0.png,.png,80.0E,(35) 80.0E KU-band Express 80,Found
Синема HD,1_0_1_269_CC_1_3200000_0_0_0.png,hd.png,80.0E,(35) 80.0E KU-band Express 80,Found
Совершенно секретно,1_0_1_19F_CA_1_3200000_0_0_0.png,.png,80.0E,(35) 80.0E KU-band Express 80,Found
Солнце,1_0_1_C9_66_1_3200000_0_0_0.png,.png,80.0E,(35) 80.0E KU-band Express 80,Found
Союз,1_0_1_CA_66_1_3200000_0_0_0.png,.png,80.0E,(35) 80.0E KU-band Express 80,Found
Спас,1_0_1_1FF_CB_1_3200000_0_0_0.png,.png,80.0E,(35) 80.0E KU-band Express 80,Found
Спутник ФМ,1_0_2_37C_CE_1_3200000_0_0_0.png,.png,80.0E,(35) 80.0E KU-band Express 80,Found
Старт,1_0_1_2F4_D2_1_3200000_0_0_0.png,.png,80.0E,(35) 80.0E KU-band Express 80,Found
Старт Триумф,1_0_1_2F5_D2_1_3200000_0_0_0.png,.png,80.0E,(35) 80.0E KU-band Express 80,Found
Суббота,1_0_1_79_65_1_3200000_0_0_0.png,.png,80.0E,(35) 80.0E KU-band Express 80,Found
Т24,1_0_1_265_CC_1_3200000_0_0_0.png,24.png,80.0E,(35) 80.0E KU-band Express 80,Found
ТВ Центр Москва,1_0_1_211_CB_1_3200000_0_0_0.png,.png,80.0E,(35) 80.0E KU-band Express 80,Found
ТВ-3,1_0_1_DB_66_1_3200000_0_0_0.png,3.png,80.0E,(35) 80.0E KU-band Express 80,Found
ТВ-3 HD,1_0_1_357_D1_1_3200000_0_0_0.png,3hd.png,80.0E,(35) 80.0E KU-band Express 80,Found
ТНВ Планета,1_0_1_213_CB_1_3200000_0_0_0.png,.png,80.0E,(35) 80.0E KU-band Express 80,Found
ТНТ,1_0_1_6E_65_1_3200000_0_0_0.png,.png,80.0E,(35) 80.0E KU-band Express 80,Found
ТНТ (+2),1_0_1_20F_CB_1_3200000_0_0_0.png,2.png,80.0E,(35) 80.0E KU-band Express 80,Found
ТНТ (+4),1_0_1_3C8_D0_1_3200000_0_0_0.png,4.png,80.0E,(35) 80.0E KU-band Express 80,Found
ТНТ HD,1_0_1_19A_CA_1_3200000_0_0_0.png,hd.png,80.0E,(35) 80.0E KU-band Express 80,Found
ТНТ Music,1_0_1_CF_66_1_3200000_0_0_0.png,music.png,80.0E,(35) 80.0E KU-band Express 80,Found
ТНТ4,1_0_1_DD_66_1_3200000_0_0_0.png,4.png,80.0E,(35) 80.0E KU-band Express 80,Found
Тайны Галактики,1_0_1_331_CE_1_3200000_0_0_0.png,.png,80.0E,(35) 80.0E KU-band Express 80,Found
Татарстан Новый Век,1_0_1_200_CB_1_3200000_0_0_0.png,.png,80.0E,(35) 80.0E KU-band Express 80,Found
Театр,1_0_1_2DB_CD_1_3200000_0_0_0.png,.png,80.0E,(35) 80.0E KU-band Express 80,Found
Телеканал 2x2,1_0_1_DE_66_1_3200000_0_0_0.png,2x2.png,80.0E,(35) 80.0E KU-band Express 80,Found
Телеканал 360 HD,1_0_1_35A_D1_1_3200000_0_0_0.png,360hd.png,80.0E,(35) 80.0E KU-band Express 80,Found
Точка отрыва,1_0_1_33C_CE_1_3200000_0_0_0.png,.png,80.0E,(35) 80.0E KU-band Express 80,Found
Туган Тел,1_0_1_261_CC_1_3200000_0_0_0.png,.png,80.0E,(35) 80.0E KU-band Express 80,Found
Удмуртия,1_0_1_32D_CE_1_3200000_0_0_0.png,.png,80.0E,(35) 80.0E KU-band Express 80,Found
Феникс плюс Кино,1_0_1_35D_D1_1_3200000_0_0_0.png,.png,80.0E,(35) 80.0E KU-band Express 80,Found
Футбол,1_0_1_19B_CA_1_3200000_0_0_0.png,.png,80.0E,(35) 80.0E KU-band Express 80,Found
Чаваш Ен,1_0_1_2D0_CD_1_3200000_0_0_0.png,.png,80.0E,(35) 80.0E KU-band Express 80,Found
Че ТВ,1_0_1_394_CF_1_3200000_0_0_0.png,.png,80.0E,(35) 80.0E KU-band Express 80,Found
Шансон ТВ,1_0_1_2DD_CD_1_3200000_0_0_0.png,.png,80.0E,(35) 80.0E KU-band Express 80,Found
Шаян ТВ,1_0_1_264_CC_1_3200000_0_0_0.png,.png,80.0E,(35) 80.0E KU-band Express 80,Found
Ю ТВ,1_0_1_CE_66_1_3200000_0_0_0.png,.png,80.0E,(35) 80.0E KU-band Express 80,Found
Ювелирочка,1_0_1_CB_66_1_3200000_0_0_0.png,.png,80.0E,(35) 80.0E KU-band Express 80,Found
Юлдаш,1_0_2_37B_CE_1_3200000_0_0_0.png,.png,80.0E,(35) 80.0E KU-band Express 80,Found
A1 TV,1_0_16_6_2_9_33F0000_0_0_0.png,a1tv.png,83.1E,(118) 83.0E C-band G-Sat 10/24/30,Found
B4U MUSIC,1_0_1_C9_1_2_33F0000_0_0_0.png,b4umusic.png,83.1E,(118) 83.0E C-band G-Sat 10/24/30,Found
B4U Movies,1_0_1_CA_1_2_33F0000_0_0_0.png,b4umovies.png,83.1E,(118) 83.0E C-band G-Sat 10/24/30,Found
BS TV,1_0_16_8_2_9_33F0000_0_0_0.png,bstv.png,83.1E,(118) 83.0E C-band G-Sat 10/24/30,Found
GS TV,1_0_1_578_2_1_33F0000_0_0_0.png,gstv.png,83.1E,(118) 83.0E C-band G-Sat 10/24/30,Found
Music India,1_0_1_29_1_2_33F0000_0_0_0.png,musicindia.png,83.1E,(118) 83.0E C-band G-Sat 10/24/30,Found
NEWS 24,1_0_16_1_1_1_33F1025_0_0_0.png,news24.png,83.1E,(118) 83.0E C-band G-Sat 10/24/30,Found
OM TV,1_0_1_C7_1_2_33F0000_0_0_0.png,omtv.png,83.1E,(118) 83.0E C-band G-Sat 10/24/30,Found
OTV,1_0_1_3_1_1_33F8FE9_0_0_0.png,otv.png,83.1E,(118) 83.0E C-band G-Sat 10/24/30,Found
PITAARA,1_0_1_7_1_2_33F0000_0_0_0.png,pitaara.png,83.1E,(118) 83.0E C-band G-Sat 10/24/30,Found
Republic TV Bharat,1_0_1_14_1_1_33F0F55_0_0_0.png,republictvbharat.png,83.1E,(118) 83.0E C-band G-Sat 10/24/30,Found
TEST-4,1_0_16_4_1_1_33F1025_0_0_0.png,test4.png,83.1E,(118) 83.0E C-band G-Sat 10/24/30,Found
TEST-7,1_0_16_7_1_1_33F1025_0_0_0.png,test7.png,83.1E,(118) 83.0E C-band G-Sat 10/24/30,Found
TV 100,1_0_1_4_4_1_33F0000_0_0_0.png,tv100.png,83.1E,(118) 83.0E C-band G-Sat 10/24/30,Found
Test,1_0_1_3_2_1_33F0000_0_0_0.png,test.png,83.1E,(118) 83.0E C-band G-Sat 10/24/30,Found
Test 1,1_0_1_2_1_1_33F8F15_0_0_0.png,test1.png,83.1E,(118) 83.0E C-band G-Sat 10/24/30,Found
Test 3,1_0_1_5_2_1_33F0000_0_0_0.png,test3.png,83.1E,(118) 83.0E C-band G-Sat 10/24/30,Found
ZEE PUNJABI,1_0_1_47_C9_1_33F0000_0_0_0.png,zeepunjabi.png,83.1E,(118) 83.0E C-band G-Sat 10/24/30,Found
ZING,1_0_1_7554_1_1_33F103C_0_0_0.png,zing.png,83.1E,(118) 83.0E C-band G-Sat 10/24/30,Found
MTV,1_0_1_19_1_1_3718E30_0_0_0.png,mtv.png,88.1E,(120) 88.0E C-band ST 2,Found
HIT_FM,1_0_2_68_12_90E_3840000_0_0_0.png,hitfm.png,90.0E,(39) 90.0E KU-band Yamal 401,Found
Parole di Vita,1_0_1_1A90_12_90E_3840000_0_0_0.png,paroledivita.png,90.0E,(39) 90.0E KU-band Yamal 401,Found
RTR PLANETA,1_0_1_B_17_1_3840000_0_0_0.png,rtrplaneta.png,90.0E,(39) 90.0E KU-band Yamal 401,Found
SMTV,1_0_1_4_12_90E_3840000_0_0_0.png,smtv.png,90.0E,(39) 90.0E KU-band Yamal 401,Found
Sport FM,1_0_2_10_12_90E_3840000_0_0_0.png,sportfm.png,90.0E,(39) 90.0E KU-band Yamal 401,Found
TRT AVAZ,1_0_1_1_12_90E_3840000_0_0_0.png,trtavaz.png,90.0E,(39) 90.0E KU-band Yamal 401,Found
TRT COCUK,1_0_1_3_12_90E_3840000_0_0_0.png,trtcocuk.png,90.0E,(39) 90.0E KU-band Yamal 401,Found
TRT FM,1_0_2_C_12_90E_3840000_0_0_0.png,trtfm.png,90.0E,(39) 90.0E KU-band Yamal 401,Found
AASTHA,1_0_1_83D_3_63_3A70000_0_0_0.png,aastha.png,93.5E,(42) 93.5E KU-band G-Sat 15/17,Found
ABP NEWS,1_0_1_7DA_1_63_3A70000_0_0_0.png,abpnews.png,93.5E,(42) 93.5E KU-band G-Sat 15/17,Found
Aaj Tak,1_0_1_7E0_1_63_3A70000_0_0_0.png,aajtak.png,93.5E,(42) 93.5E KU-band G-Sat 15/17,Found
B4U MUSIC,1_0_1_7D9_1_63_3A70000_0_0_0.png,b4umusic.png,93.5E,(42) 93.5E KU-band G-Sat 15/17,Found
B4U Movies,1_0_1_7DC_1_63_3A70000_0_0_0.png,b4umovies.png,93.5E,(42) 93.5E KU-band G-Sat 15/17,Found
COLORS RISHTEY,1_0_1_842_3_63_3A70000_0_0_0.png,colorsrishtey.png,93.5E,(42) 93.5E KU-band G-Sat 15/17,Found
Dangal,1_0_1_80D_2_63_3A70000_0_0_0.png,dangal.png,93.5E,(42) 93.5E KU-band G-Sat 15/17,Found
KBS WORLD,1_0_16_905_7_63_3A70000_0_0_0.png,kbsworld.png,93.5E,(42) 93.5E KU-band G-Sat 15/17,Found
NDTV INDIA,1_0_1_867_4_63_3A70000_0_0_0.png,ndtvindia.png,93.5E,(42) 93.5E KU-band G-Sat 15/17,Found
News 18 India,1_0_1_868_4_63_3A70000_0_0_0.png,news18india.png,93.5E,(42) 93.5E KU-band G-Sat 15/17,Found
RT,1_0_1_86D_4_63_3A70000_0_0_0.png,rt.png,93.5E,(42) 93.5E KU-band G-Sat 15/17,Found
STAR UTSAV,1_0_1_809_2_63_3A70000_0_0_0.png,starutsav.png,93.5E,(42) 93.5E KU-band G-Sat 15/17,Found
Sanskar TV,1_0_1_846_3_63_3A70000_0_0_0.png,sanskartv.png,93.5E,(42) 93.5E KU-band G-Sat 15/17,Found
TEST 620,1_0_1_8E9_6_63_3A70000_0_0_0.png,test620.png,93.5E,(42) 93.5E KU-band G-Sat 15/17,Found
TEST 708,1_0_16_904_7_63_3A70000_0_0_0.png,test708.png,93.5E,(42) 93.5E KU-band G-Sat 15/17,Found
ZEE NEWS,1_0_1_843_3_63_3A70000_0_0_0.png,zeenews.png,93.5E,(42) 93.5E KU-band G-Sat 15/17,Found
,1_0_0_1B59_28_A4_3A80000_0_0_0.png,.png,93.6E,(123) 93.5E C-band G-Sat 15/17,Found
,1_0_19_1_0_0_3A80EB1_0_0_0.png,.png,93.6E,(123) 93.5E C-band G-Sat 15/17,Found
,1_0_19_1_0_0_3A80EB7_0_0_0.png,.png,93.6E,(123) 93.5E C-band G-Sat 15/17,Found
Colors Cineplex,1_0_1_8A4_28_A4_3A80000_0_0_0.png,colorscineplex.png,93.6E,(123) 93.5E C-band G-Sat 15/17,Found
Disney Channel,1_0_1_8A3_28_A4_3A80000_0_0_0.png,disneychannel.png,93.6E,(123) 93.5E C-band G-Sat 15/17,Found
Disney Channel HD,1_0_1_8A1_28_A4_3A80000_0_0_0.png,disneychannelhd.png,93.6E,(123) 93.5E C-band G-Sat 15/17,Found
Disney Junior,1_0_1_8A2_28_A4_3A80000_0_0_0.png,disneyjunior.png,93.6E,(123) 93.5E C-band G-Sat 15/17,Found
ETV-PLUS,1_0_1_F_1_1_33F0FA5_0_0_0.png,etvplus.png,93.6E,(123) 93.5E C-band G-Sat 15/17,Found
Eurosport-HD,1_0_1_1F5_1_1_3A88F37_0_0_0.png,eurosporthd.png,93.6E,(123) 93.5E C-band G-Sat 15/17,Found
AL Arabia HD,1_0_19_3_1_1_3EE0FF0_0_0_0.png,alarabiahd.png,100.6E,(126) 100.5E C-band AsiaSat 5,Found
Angel TV,1_0_1_12F_1_1_3EE0FF0_0_0_0.png,angeltv.png,100.6E,(126) 100.5E C-band AsiaSat 5,Found
Antena 1,1_0_2_55_0_0_3EE8F14_0_0_0.png,antena1.png,100.6E,(126) 100.5E C-band AsiaSat 5,Found
BBC Arabic,1_0_2_365C_13C_1_3EE0000_0_0_0.png,bbcarabic.png,100.6E,(126) 100.5E C-band AsiaSat 5,Found
Cubavision Internacional,1_0_1_12C_1_1_3EE0FF0_0_0_0.png,cubavisioninternacional.png,100.6E,(126) 100.5E C-band AsiaSat 5,Found
Daystar,1_0_1_12E_1_1_3EE0FF0_0_0_0.png,daystar.png,100.6E,(126) 100.5E C-band AsiaSat 5,Found
Libya Al Wataniya,1_0_1_56_1_1_3EE0FF0_0_0_0.png,libyaalwataniya.png,100.6E,(126) 100.5E C-band AsiaSat 5,Found
OVERON 1,1_0_1_2B_8_FFFF_3EE0F00_0_0_0.png,overon1.png,100.6E,(126) 100.5E C-band AsiaSat 5,Found
OVERON 2,1_0_1_2C_8_FFFF_3EE0F00_0_0_0.png,overon2.png,100.6E,(126) 100.5E C-band AsiaSat 5,Found
OVERON 3,1_0_1_2D_8_FFFF_3EE0F00_0_0_0.png,overon3.png,100.6E,(126) 100.5E C-band AsiaSat 5,Found
Oman TV,1_0_19_5_1_1_3EE0FF0_0_0_0.png,omantv.png,100.6E,(126) 100.5E C-band AsiaSat 5,Found
Qatar TV,1_0_19_64_1_1_3EE0FF0_0_0_0.png,qatartv.png,100.6E,(126) 100.5E C-band AsiaSat 5,Found
Saudi Quran,1_0_1_55_1_1_3EE0FF0_0_0_0.png,saudiquran.png,100.6E,(126) 100.5E C-band AsiaSat 5,Found
Saudi Sunnah,1_0_1_52_1_1_3EE0FF0_0_0_0.png,saudisunnah.png,100.6E,(126) 100.5E C-band AsiaSat 5,Found
Sharjah TV,1_0_1_54_1_1_3EE0FF0_0_0_0.png,sharjahtv.png,100.6E,(126) 100.5E C-band AsiaSat 5,Found
Sudan TV,1_0_1_53_1_1_3EE0FF0_0_0_0.png,sudantv.png,100.6E,(126) 100.5E C-band AsiaSat 5,Found
DM News English,1_0_1_5E_9_FFFF_41F0F28_0_0_0.png,dmnewsenglish.png,105.5E,(128) 105.4E C-band AsiaSat 7/8,Found
Dubai International,1_0_19_1_A_FFFF_3EE0FC8_0_0_0.png,dubaiinternational.png,105.5E,(128) 105.4E C-band AsiaSat 7/8,Found
France 24 (en Francais),1_0_1_A_A_FFFF_3EE0FC8_0_0_0.png,france24enfrancais.png,105.5E,(128) 105.4E C-band AsiaSat 7/8,Found
France 24 (in English),1_0_1_9_A_FFFF_3EE0FC8_0_0_0.png,france24inenglish.png,105.5E,(128) 105.4E C-band AsiaSat 7/8,Found
France 24 HD (in English),1_0_19_5_A_FFFF_3EE0FC8_0_0_0.png,france24hdinenglish.png,105.5E,(128) 105.4E C-band AsiaSat 7/8,Found
Glorious TV,1_0_1_51_9_FFFF_41F0F28_0_0_0.png,glorioustv.png,105.5E,(128) 105.4E C-band AsiaSat 7/8,Found
Kartoon Channel,1_0_19_27_9_FFFF_41F0F28_0_0_0.png,kartoonchannel.png,105.5E,(128) 105.4E C-band AsiaSat 7/8,Found
PRAISE TV,1_0_1_5D_9_FFFF_41F0F28_0_0_0.png,praisetv.png,105.5E,(128) 105.4E C-band AsiaSat 7/8,Found
,1_0_82_3520_11_AC_4390000_0_0_0.png,.png,108.1E,(49) 108.1E KU-band SES 7/9 & Merah Putih,Found
,1_0_82_352C_E_AC_4390000_0_0_0.png,.png,108.1E,(49) 108.1E KU-band SES 7/9 & Merah Putih,Found
,1_0_82_355B_F_AC_4390000_0_0_0.png,.png,108.1E,(49) 108.1E KU-band SES 7/9 & Merah Putih,Found
,1_0_82_3699_10_AC_4390000_0_0_0.png,.png,108.1E,(49) 108.1E KU-band SES 7/9 & Merah Putih,Found
,1_0_82_34E7_12_AC_4390000_0_0_0.png,.png,108.1E,(49) 108.1E KU-band SES 7/9 & Merah Putih,Found
Baby TV,1_0_1_2F73_11_AC_4390000_0_0_0.png,babytv.png,108.1E,(49) 108.1E KU-band SES 7/9 & Merah Putih,Found
MK TV,1_0_1_3385_F_AC_4390000_0_0_0.png,mktv.png,108.1E,(49) 108.1E KU-band SES 7/9 & Merah Putih,Found
TEST4,1_0_82_3542_11_AC_4390000_0_0_0.png,test4.png,108.1E,(49) 108.1E KU-band SES 7/9 & Merah Putih,Found
Test Channel,1_0_1_356F_E_AC_4390000_0_0_0.png,testchannel.png,108.1E,(49) 108.1E KU-band SES 7/9 & Merah Putih,Found
Test1_15,1_0_1_33_F_AC_4390000_0_0_0.png,test115.png,108.1E,(49) 108.1E KU-band SES 7/9 & Merah Putih,Found
The QYOU,1_0_1_3482_11_AC_4390000_0_0_0.png,theqyou.png,108.1E,(49) 108.1E KU-band SES 7/9 & Merah Putih,Found
test3,1_0_1_26DE_10_AC_4390000_0_0_0.png,test3.png,108.1E,(49) 108.1E KU-band SES 7/9 & Merah Putih,Found
test4,1_0_1_26DF_10_AC_4390000_0_0_0.png,test4.png,108.1E,(49) 108.1E KU-band SES 7/9 & Merah Putih,Found
,1_0_0_1_0_0_46B116_0_0_0.png,.png,Unknown,Unknown,Found
