Channel Name,SRP Filename,SNP Filename,Position,Satellite,Status
CHAINE 2,1_0_2_F_1_0_CB70000_0_0_0.png,chaine2.png,34.5W,(54) 34.5W KU-band Intelsat 35e,Missing
RADIO_BKU,1_0_2_E_1_0_CB70000_0_0_0.png,radiobku.png,34.5W,(54) 34.5W KU-band Intelsat 35e,Missing
Service Radio 1,1_0_2_10_1_0_CB70000_0_0_0.png,serviceradio1.png,34.5W,(54) 34.5W KU-band Intelsat 35e,Missing
Service Radio 2,1_0_2_11_1_0_CB70000_0_0_0.png,serviceradio2.png,34.5W,(54) 34.5W KU-band Intelsat 35e,Missing
Service Radio 3,1_0_2_12_1_0_CB70000_0_0_0.png,serviceradio3.png,34.5W,(54) 34.5W KU-band Intelsat 35e,Missing
Service Radio 4,1_0_2_13_1_0_CB70000_0_0_0.png,serviceradio4.png,34.5W,(54) 34.5W KU-band Intelsat 35e,Missing
10939H SID 0x01,1_0_1_1_2_0_CE40000_0_0_0.png,10939hsid0x01.png,30.0W,(55) 30.0W KU-band SpainSat / Hispasat 30W-5/30W-6,Missing
11222H SID 0xbd2,1_0_64_BD2_EA74_1_CE40000_0_0_0.png,11222hsid0xbd2.png,30.0W,(55) 30.0W KU-band SpainSat / Hispasat 30W-5/30W-6,Missing
11222H SID 0xbd3,1_0_64_BD3_EA74_1_CE40000_0_0_0.png,11222hsid0xbd3.png,30.0W,(55) 30.0W KU-band SpainSat / Hispasat 30W-5/30W-6,Missing
11222H SID 0xbd4,1_0_C_BD4_EA74_1_CE40000_0_0_0.png,11222hsid0xbd4.png,30.0W,(55) 30.0W KU-band SpainSat / Hispasat 30W-5/30W-6,Missing
11222H SID 0xbdb,1_0_C_BDB_EA74_1_CE40000_0_0_0.png,11222hsid0xbdb.png,30.0W,(55) 30.0W KU-band SpainSat / Hispasat 30W-5/30W-6,Missing
11222H SID 0xbdc,1_0_C_BDC_EA74_1_CE40000_0_0_0.png,11222hsid0xbdc.png,30.0W,(55) 30.0W KU-band SpainSat / Hispasat 30W-5/30W-6,Missing
11222H SID 0xbdd,1_0_C_BDD_EA74_1_CE40000_0_0_0.png,11222hsid0xbdd.png,30.0W,(55) 30.0W KU-band SpainSat / Hispasat 30W-5/30W-6,Missing
11222H SID 0xbde,1_0_C_BDE_EA74_1_CE40000_0_0_0.png,11222hsid0xbde.png,30.0W,(55) 30.0W KU-band SpainSat / Hispasat 30W-5/30W-6,Missing
11222H SID 0xbea,1_0_64_BEA_EA74_1_CE40000_0_0_0.png,11222hsid0xbea.png,30.0W,(55) 30.0W KU-band SpainSat / Hispasat 30W-5/30W-6,Missing
11222H SID 0xbf4,1_0_C_BF4_EA74_1_CE40000_0_0_0.png,11222hsid0xbf4.png,30.0W,(55) 30.0W KU-band SpainSat / Hispasat 30W-5/30W-6,Missing
11222H SID 0xfffe,1_0_64_FFFE_EA74_1_CE40000_0_0_0.png,11222hsid0xfffe.png,30.0W,(55) 30.0W KU-band SpainSat / Hispasat 30W-5/30W-6,Missing
11302H SID 0xcc6,1_0_64_CC6_EA76_1_CE40000_0_0_0.png,11302hsid0xcc6.png,30.0W,(55) 30.0W KU-band SpainSat / Hispasat 30W-5/30W-6,Missing
11302H SID 0xcc7,1_0_C_CC7_EA76_1_CE40000_0_0_0.png,11302hsid0xcc7.png,30.0W,(55) 30.0W KU-band SpainSat / Hispasat 30W-5/30W-6,Missing
11302H SID 0xcc8,1_0_64_CC8_EA76_1_CE40000_0_0_0.png,11302hsid0xcc8.png,30.0W,(55) 30.0W KU-band SpainSat / Hispasat 30W-5/30W-6,Missing
11302H SID 0xcc9,1_0_64_CC9_EA76_1_CE40000_0_0_0.png,11302hsid0xcc9.png,30.0W,(55) 30.0W KU-band SpainSat / Hispasat 30W-5/30W-6,Missing
11302H SID 0xcca,1_0_64_CCA_EA76_1_CE40000_0_0_0.png,11302hsid0xcca.png,30.0W,(55) 30.0W KU-band SpainSat / Hispasat 30W-5/30W-6,Missing
11302H SID 0xcd1,1_0_64_CD1_EA76_1_CE40000_0_0_0.png,11302hsid0xcd1.png,30.0W,(55) 30.0W KU-band SpainSat / Hispasat 30W-5/30W-6,Missing
11302H SID 0xcd2,1_0_C_CD2_EA76_1_CE40000_0_0_0.png,11302hsid0xcd2.png,30.0W,(55) 30.0W KU-band SpainSat / Hispasat 30W-5/30W-6,Missing
11302H SID 0xcd3,1_0_64_CD3_EA76_1_CE40000_0_0_0.png,11302hsid0xcd3.png,30.0W,(55) 30.0W KU-band SpainSat / Hispasat 30W-5/30W-6,Missing
11302H SID 0xcd4,1_0_C_CD4_EA76_1_CE40000_0_0_0.png,11302hsid0xcd4.png,30.0W,(55) 30.0W KU-band SpainSat / Hispasat 30W-5/30W-6,Missing
11302H SID 0xfffe,1_0_C_FFFE_EA76_1_CE40000_0_0_0.png,11302hsid0xfffe.png,30.0W,(55) 30.0W KU-band SpainSat / Hispasat 30W-5/30W-6,Missing
11347H SID 0xce5,1_0_C_CE5_EA77_0_CE40000_0_0_0.png,11347hsid0xce5.png,30.0W,(55) 30.0W KU-band SpainSat / Hispasat 30W-5/30W-6,Missing
11347H SID 0xce6,1_0_C_CE6_EA77_0_CE40000_0_0_0.png,11347hsid0xce6.png,30.0W,(55) 30.0W KU-band SpainSat / Hispasat 30W-5/30W-6,Missing
11347H SID 0xce7,1_0_C_CE7_EA77_0_CE40000_0_0_0.png,11347hsid0xce7.png,30.0W,(55) 30.0W KU-band SpainSat / Hispasat 30W-5/30W-6,Missing
11347H SID 0xce8,1_0_C_CE8_EA77_0_CE40000_0_0_0.png,11347hsid0xce8.png,30.0W,(55) 30.0W KU-band SpainSat / Hispasat 30W-5/30W-6,Missing
11347H SID 0xce9,1_0_C_CE9_EA77_0_CE40000_0_0_0.png,11347hsid0xce9.png,30.0W,(55) 30.0W KU-band SpainSat / Hispasat 30W-5/30W-6,Missing
11347H SID 0xcea,1_0_C_CEA_EA77_0_CE40000_0_0_0.png,11347hsid0xcea.png,30.0W,(55) 30.0W KU-band SpainSat / Hispasat 30W-5/30W-6,Missing
11347H SID 0xceb,1_0_64_CEB_EA77_0_CE40000_0_0_0.png,11347hsid0xceb.png,30.0W,(55) 30.0W KU-band SpainSat / Hispasat 30W-5/30W-6,Missing
11347H SID 0xcec,1_0_C_CEC_EA77_0_CE40000_0_0_0.png,11347hsid0xcec.png,30.0W,(55) 30.0W KU-band SpainSat / Hispasat 30W-5/30W-6,Missing
11347H SID 0xfffe,1_0_C_FFFE_EA77_0_CE40000_0_0_0.png,11347hsid0xfffe.png,30.0W,(55) 30.0W KU-band SpainSat / Hispasat 30W-5/30W-6,Missing
11382H SID 0xdc0,1_0_C_DC0_EA79_1_CE40000_0_0_0.png,11382hsid0xdc0.png,30.0W,(55) 30.0W KU-band SpainSat / Hispasat 30W-5/30W-6,Missing
11382H SID 0xdc1,1_0_64_DC1_EA79_1_CE40000_0_0_0.png,11382hsid0xdc1.png,30.0W,(55) 30.0W KU-band SpainSat / Hispasat 30W-5/30W-6,Missing
11382H SID 0xdc2,1_0_64_DC2_EA79_1_CE40000_0_0_0.png,11382hsid0xdc2.png,30.0W,(55) 30.0W KU-band SpainSat / Hispasat 30W-5/30W-6,Missing
11382H SID 0xdc3,1_0_C_DC3_EA79_1_CE40000_0_0_0.png,11382hsid0xdc3.png,30.0W,(55) 30.0W KU-band SpainSat / Hispasat 30W-5/30W-6,Missing
11382H SID 0xdc4,1_0_64_DC4_EA79_1_CE40000_0_0_0.png,11382hsid0xdc4.png,30.0W,(55) 30.0W KU-band SpainSat / Hispasat 30W-5/30W-6,Missing
11382H SID 0xdcb,1_0_64_DCB_EA79_1_CE40000_0_0_0.png,11382hsid0xdcb.png,30.0W,(55) 30.0W KU-band SpainSat / Hispasat 30W-5/30W-6,Missing
11382H SID 0xdcc,1_0_C_DCC_EA79_1_CE40000_0_0_0.png,11382hsid0xdcc.png,30.0W,(55) 30.0W KU-band SpainSat / Hispasat 30W-5/30W-6,Missing
11382H SID 0xdcd,1_0_C_DCD_EA79_1_CE40000_0_0_0.png,11382hsid0xdcd.png,30.0W,(55) 30.0W KU-band SpainSat / Hispasat 30W-5/30W-6,Missing
11382H SID 0xdce,1_0_C_DCE_EA79_1_CE40000_0_0_0.png,11382hsid0xdce.png,30.0W,(55) 30.0W KU-band SpainSat / Hispasat 30W-5/30W-6,Missing
11382H SID 0xfffe,1_0_C_FFFE_EA79_1_CE40000_0_0_0.png,11382hsid0xfffe.png,30.0W,(55) 30.0W KU-band SpainSat / Hispasat 30W-5/30W-6,Missing
11653H SID 0x515,1_0_C_515_EA63_0_CE40000_0_0_0.png,11653hsid0x515.png,30.0W,(55) 30.0W KU-band SpainSat / Hispasat 30W-5/30W-6,Missing
11653H SID 0x517,1_0_C_517_EA63_0_CE40000_0_0_0.png,11653hsid0x517.png,30.0W,(55) 30.0W KU-band SpainSat / Hispasat 30W-5/30W-6,Missing
11653H SID 0xfffe,1_0_C_FFFE_EA63_0_CE40000_0_0_0.png,11653hsid0xfffe.png,30.0W,(55) 30.0W KU-band SpainSat / Hispasat 30W-5/30W-6,Missing
11674H SID 0x58c,1_0_C_58C_EA64_0_CE40000_0_0_0.png,11674hsid0x58c.png,30.0W,(55) 30.0W KU-band SpainSat / Hispasat 30W-5/30W-6,Missing
11674H SID 0x58d,1_0_C_58D_EA64_0_CE40000_0_0_0.png,11674hsid0x58d.png,30.0W,(55) 30.0W KU-band SpainSat / Hispasat 30W-5/30W-6,Missing
11674H SID 0x597,1_0_C_597_EA64_0_CE40000_0_0_0.png,11674hsid0x597.png,30.0W,(55) 30.0W KU-band SpainSat / Hispasat 30W-5/30W-6,Missing
11674H SID 0x5a0,1_0_C_5A0_EA64_0_CE40000_0_0_0.png,11674hsid0x5a0.png,30.0W,(55) 30.0W KU-band SpainSat / Hispasat 30W-5/30W-6,Missing
11674H SID 0xfffe,1_0_C_FFFE_EA64_0_CE40000_0_0_0.png,11674hsid0xfffe.png,30.0W,(55) 30.0W KU-band SpainSat / Hispasat 30W-5/30W-6,Missing
11675H SID 0x58f,1_0_64_58F_EA64_0_CE40000_0_0_0.png,11675hsid0x58f.png,30.0W,(55) 30.0W KU-band SpainSat / Hispasat 30W-5/30W-6,Missing
11675H SID 0x599,1_0_64_599_EA64_0_CE40000_0_0_0.png,11675hsid0x599.png,30.0W,(55) 30.0W KU-band SpainSat / Hispasat 30W-5/30W-6,Missing
12084V SID 0x3f0,1_0_C_3F0_EA68_0_CE40000_0_0_0.png,12084vsid0x3f0.png,30.0W,(55) 30.0W KU-band SpainSat / Hispasat 30W-5/30W-6,Missing
12084V SID 0xfffe,1_0_C_FFFE_EA68_0_CE40000_0_0_0.png,12084vsid0xfffe.png,30.0W,(55) 30.0W KU-band SpainSat / Hispasat 30W-5/30W-6,Missing
12360H SID 0x0d,1_0_C_D_26_36_CE40000_0_0_0.png,12360hsid0x0d.png,30.0W,(55) 30.0W KU-band SpainSat / Hispasat 30W-5/30W-6,Missing
12360H SID 0x13,1_0_C_13_26_36_CE40000_0_0_0.png,12360hsid0x13.png,30.0W,(55) 30.0W KU-band SpainSat / Hispasat 30W-5/30W-6,Missing
12360H SID 0x14,1_0_C_14_26_36_CE40000_0_0_0.png,12360hsid0x14.png,30.0W,(55) 30.0W KU-band SpainSat / Hispasat 30W-5/30W-6,Missing
12360H SID 0x19,1_0_C_19_26_36_CE40000_0_0_0.png,12360hsid0x19.png,30.0W,(55) 30.0W KU-band SpainSat / Hispasat 30W-5/30W-6,Missing
12437H SID 0x12,1_0_C_12_2F_36_CE40000_0_0_0.png,12437hsid0x12.png,30.0W,(55) 30.0W KU-band SpainSat / Hispasat 30W-5/30W-6,Missing
12437H SID 0x17a6,1_0_2_17A6_2F_36_CE40000_0_0_0.png,12437hsid0x17a6.png,30.0W,(55) 30.0W KU-band SpainSat / Hispasat 30W-5/30W-6,Missing
12476H SID 0x17ac,1_0_2_17AC_30_36_CE40000_0_0_0.png,12476hsid0x17ac.png,30.0W,(55) 30.0W KU-band SpainSat / Hispasat 30W-5/30W-6,Missing
12476H SID 0x17af,1_0_2_17AF_30_36_CE40000_0_0_0.png,12476hsid0x17af.png,30.0W,(55) 30.0W KU-band SpainSat / Hispasat 30W-5/30W-6,Missing
12476H SID 0x17b0,1_0_2_17B0_30_36_CE40000_0_0_0.png,12476hsid0x17b0.png,30.0W,(55) 30.0W KU-band SpainSat / Hispasat 30W-5/30W-6,Missing
12476H SID 0x17b1,1_0_2_17B1_30_36_CE40000_0_0_0.png,12476hsid0x17b1.png,30.0W,(55) 30.0W KU-band SpainSat / Hispasat 30W-5/30W-6,Missing
12548V SID 0x6a5,1_0_C_6A5_EA67_0_CE40000_0_0_0.png,12548vsid0x6a5.png,30.0W,(55) 30.0W KU-band SpainSat / Hispasat 30W-5/30W-6,Missing
12548V SID 0x6a6,1_0_C_6A6_EA67_0_CE40000_0_0_0.png,12548vsid0x6a6.png,30.0W,(55) 30.0W KU-band SpainSat / Hispasat 30W-5/30W-6,Missing
12548V SID 0x6a7,1_0_C_6A7_EA67_0_CE40000_0_0_0.png,12548vsid0x6a7.png,30.0W,(55) 30.0W KU-band SpainSat / Hispasat 30W-5/30W-6,Missing
12548V SID 0xfffe,1_0_C_FFFE_EA67_0_CE40000_0_0_0.png,12548vsid0xfffe.png,30.0W,(55) 30.0W KU-band SpainSat / Hispasat 30W-5/30W-6,Missing
12631V SID 0x3e9,1_0_C_3E9_EA62_0_CE40000_0_0_0.png,12631vsid0x3e9.png,30.0W,(55) 30.0W KU-band SpainSat / Hispasat 30W-5/30W-6,Missing
12631V SID 0x3ea,1_0_C_3EA_EA62_0_CE40000_0_0_0.png,12631vsid0x3ea.png,30.0W,(55) 30.0W KU-band SpainSat / Hispasat 30W-5/30W-6,Missing
12631V SID 0x3eb,1_0_C_3EB_EA62_0_CE40000_0_0_0.png,12631vsid0x3eb.png,30.0W,(55) 30.0W KU-band SpainSat / Hispasat 30W-5/30W-6,Missing
12631V SID 0xfffe,1_0_C_FFFE_EA62_0_CE40000_0_0_0.png,12631vsid0xfffe.png,30.0W,(55) 30.0W KU-band SpainSat / Hispasat 30W-5/30W-6,Missing
12671V SID 0x3e8,1_0_C_3E8_EA61_0_CE40000_0_0_0.png,12671vsid0x3e8.png,30.0W,(55) 30.0W KU-band SpainSat / Hispasat 30W-5/30W-6,Missing
12671V SID 0x3ec,1_0_C_3EC_EA61_0_CE40000_0_0_0.png,12671vsid0x3ec.png,30.0W,(55) 30.0W KU-band SpainSat / Hispasat 30W-5/30W-6,Missing
12671V SID 0x3ed,1_0_C_3ED_EA61_0_CE40000_0_0_0.png,12671vsid0x3ed.png,30.0W,(55) 30.0W KU-band SpainSat / Hispasat 30W-5/30W-6,Missing
12671V SID 0x3ee,1_0_C_3EE_EA61_0_CE40000_0_0_0.png,12671vsid0x3ee.png,30.0W,(55) 30.0W KU-band SpainSat / Hispasat 30W-5/30W-6,Missing
12671V SID 0xfffe,1_0_C_FFFE_EA61_0_CE40000_0_0_0.png,12671vsid0xfffe.png,30.0W,(55) 30.0W KU-band SpainSat / Hispasat 30W-5/30W-6,Missing
ACORES,1_0_2_6_1_1_CE40000_0_0_0.png,acores.png,30.0W,(55) 30.0W KU-band SpainSat / Hispasat 30W-5/30W-6,Missing
ANT1 MADEIRA,1_0_2_9_1_1_CE40000_0_0_0.png,ant1madeira.png,30.0W,(55) 30.0W KU-band SpainSat / Hispasat 30W-5/30W-6,Missing
ANT3 MADEIRA,1_0_2_A_1_1_CE40000_0_0_0.png,ant3madeira.png,30.0W,(55) 30.0W KU-band SpainSat / Hispasat 30W-5/30W-6,Missing
ARAGON RADIO HUESCA,1_0_2_27B5_3E9_22D4_CE40000_0_0_0.png,aragonradiohuesca.png,30.0W,(55) 30.0W KU-band SpainSat / Hispasat 30W-5/30W-6,Missing
ARAGON RADIO TERUEL,1_0_2_27B6_3E9_22D4_CE40000_0_0_0.png,aragonradioteruel.png,30.0W,(55) 30.0W KU-band SpainSat / Hispasat 30W-5/30W-6,Missing
ARAGON RADIO ZARAGOZA,1_0_2_27B1_3E9_22D4_CE40000_0_0_0.png,aragonradiozaragoza.png,30.0W,(55) 30.0W KU-band SpainSat / Hispasat 30W-5/30W-6,Missing
ARAGON TV HD,1_0_19_27B2_3E9_22D4_CE40000_0_0_0.png,aragontvhd.png,30.0W,(55) 30.0W KU-band SpainSat / Hispasat 30W-5/30W-6,Missing
CMR,1_0_2_52A_30_36_CE40000_0_0_0.png,cmr.png,30.0W,(55) 30.0W KU-band SpainSat / Hispasat 30W-5/30W-6,Missing
CMR,1_0_2_126E_2F_36_CE40000_0_0_0.png,cmr.png,30.0W,(55) 30.0W KU-band SpainSat / Hispasat 30W-5/30W-6,Missing
COPE SAT 2,1_0_2_1E_65_0_CE40000_0_0_0.png,copesat2.png,30.0W,(55) 30.0W KU-band SpainSat / Hispasat 30W-5/30W-6,Missing
Canção Nova,1_0_1_1266_2F_36_CE40000_0_0_0.png,canonova.png,30.0W,(55) 30.0W KU-band SpainSat / Hispasat 30W-5/30W-6,Missing
Canção Nova,1_0_1_17C8_30_36_CE40000_0_0_0.png,canonova.png,30.0W,(55) 30.0W KU-band SpainSat / Hispasat 30W-5/30W-6,Missing
Canção Nova,1_0_1_9E1_2F_36_CE40000_0_0_0.png,canonova.png,30.0W,(55) 30.0W KU-band SpainSat / Hispasat 30W-5/30W-6,Missing
Canção Nova,1_0_1_12F4_30_36_CE40000_0_0_0.png,canonova.png,30.0W,(55) 30.0W KU-band SpainSat / Hispasat 30W-5/30W-6,Missing
Caça e Pesca,1_0_1_32F_2F_36_CE40000_0_0_0.png,caaepesca.png,30.0W,(55) 30.0W KU-band SpainSat / Hispasat 30W-5/30W-6,Missing
DAZN 1 HD,1_0_1_13AE_27_36_CE40000_0_0_0.png,dazn1hd.png,30.0W,(55) 30.0W KU-band SpainSat / Hispasat 30W-5/30W-6,Missing
Disney Júnior,1_0_1_139B_30_36_CE40000_0_0_0.png,disneyjnior.png,30.0W,(55) 30.0W KU-band SpainSat / Hispasat 30W-5/30W-6,Missing
Disney Júnior,1_0_1_9E2_2F_36_CE40000_0_0_0.png,disneyjnior.png,30.0W,(55) 30.0W KU-band SpainSat / Hispasat 30W-5/30W-6,Missing
EXTREMADURA FM,1_0_2_74_65_0_CE40000_0_0_0.png,extremadurafm.png,30.0W,(55) 30.0W KU-band SpainSat / Hispasat 30W-5/30W-6,Missing
Europa FM,1_0_2_2_65_0_CE40000_0_0_0.png,europafm.png,30.0W,(55) 30.0W KU-band SpainSat / Hispasat 30W-5/30W-6,Missing
FM HUESCA,1_0_2_3B_65_0_CE40000_0_0_0.png,fmhuesca.png,30.0W,(55) 30.0W KU-band SpainSat / Hispasat 30W-5/30W-6,Missing
FM TERUEL,1_0_2_3C_65_0_CE40000_0_0_0.png,fmteruel.png,30.0W,(55) 30.0W KU-band SpainSat / Hispasat 30W-5/30W-6,Missing
FM ZARAGOZA,1_0_2_3A_65_0_CE40000_0_0_0.png,fmzaragoza.png,30.0W,(55) 30.0W KU-band SpainSat / Hispasat 30W-5/30W-6,Missing
Hollywood HD,1_0_1_1785_26_36_CE40000_0_0_0.png,hollywoodhd.png,30.0W,(55) 30.0W KU-band SpainSat / Hispasat 30W-5/30W-6,Missing
Kuriakos TV HD,1_0_1_1262_2F_36_CE40000_0_0_0.png,kuriakostvhd.png,30.0W,(55) 30.0W KU-band SpainSat / Hispasat 30W-5/30W-6,Missing
Kuriakos TV HD,1_0_1_FD_30_36_CE40000_0_0_0.png,kuriakostvhd.png,30.0W,(55) 30.0W KU-band SpainSat / Hispasat 30W-5/30W-6,Missing
MegaStar,1_0_2_27_65_0_CE40000_0_0_0.png,megastar.png,30.0W,(55) 30.0W KU-band SpainSat / Hispasat 30W-5/30W-6,Missing
OCASIONAIS,1_0_2_5_1_1_CE40000_0_0_0.png,ocasionais.png,30.0W,(55) 30.0W KU-band SpainSat / Hispasat 30W-5/30W-6,Missing
Oxigénio,1_0_2_523_30_36_CE40000_0_0_0.png,oxignio.png,30.0W,(55) 30.0W KU-band SpainSat / Hispasat 30W-5/30W-6,Missing
Oxigénio,1_0_2_126B_2F_36_CE40000_0_0_0.png,oxignio.png,30.0W,(55) 30.0W KU-band SpainSat / Hispasat 30W-5/30W-6,Missing
R1_ALBACE_PRADO,1_0_2_302_EA79_1_CE40000_0_0_0.png,r1albaceprado.png,30.0W,(55) 30.0W KU-band SpainSat / Hispasat 30W-5/30W-6,Missing
R1_ALICAN_PRADO,1_0_2_474_EA74_1_CE40000_0_0_0.png,r1alicanprado.png,30.0W,(55) 30.0W KU-band SpainSat / Hispasat 30W-5/30W-6,Missing
R1_ALMERI_PRADO,1_0_2_262_EA79_1_CE40000_0_0_0.png,r1almeriprado.png,30.0W,(55) 30.0W KU-band SpainSat / Hispasat 30W-5/30W-6,Missing
R1_ANDALU_PRADO,1_0_2_140_EA76_1_CE40000_0_0_0.png,r1andaluprado.png,30.0W,(55) 30.0W KU-band SpainSat / Hispasat 30W-5/30W-6,Missing
R1_ANDALU_PRADO,1_0_2_140_EA79_1_CE40000_0_0_0.png,r1andaluprado.png,30.0W,(55) 30.0W KU-band SpainSat / Hispasat 30W-5/30W-6,Missing
R1_ARAGON_PRADO,1_0_2_1FE_EA76_1_CE40000_0_0_0.png,r1aragonprado.png,30.0W,(55) 30.0W KU-band SpainSat / Hispasat 30W-5/30W-6,Missing
R1_ARAGON_PRADO,1_0_2_1FE_EA79_1_CE40000_0_0_0.png,r1aragonprado.png,30.0W,(55) 30.0W KU-band SpainSat / Hispasat 30W-5/30W-6,Missing
R1_ASTURI_PRADO,1_0_2_19A_EA76_1_CE40000_0_0_0.png,r1asturiprado.png,30.0W,(55) 30.0W KU-band SpainSat / Hispasat 30W-5/30W-6,Missing
R1_ASTURI_TORRE,1_0_2_19A_EA79_1_CE40000_0_0_0.png,r1asturitorre.png,30.0W,(55) 30.0W KU-band SpainSat / Hispasat 30W-5/30W-6,Missing
R1_AVILA__PRADO,1_0_2_348_EA76_1_CE40000_0_0_0.png,r1avilaprado.png,30.0W,(55) 30.0W KU-band SpainSat / Hispasat 30W-5/30W-6,Missing
R1_BALEAR_PRADO,1_0_2_E6_EA76_1_CE40000_0_0_0.png,r1balearprado.png,30.0W,(55) 30.0W KU-band SpainSat / Hispasat 30W-5/30W-6,Missing
R1_BALEAR_PRADO,1_0_2_E6_EA79_1_CE40000_0_0_0.png,r1balearprado.png,30.0W,(55) 30.0W KU-band SpainSat / Hispasat 30W-5/30W-6,Missing
R1_BILBAO_PRADO,1_0_2_460_EA76_1_CE40000_0_0_0.png,r1bilbaoprado.png,30.0W,(55) 30.0W KU-band SpainSat / Hispasat 30W-5/30W-6,Missing
R1_BURGOS_PRADO,1_0_2_352_EA76_1_CE40000_0_0_0.png,r1burgosprado.png,30.0W,(55) 30.0W KU-band SpainSat / Hispasat 30W-5/30W-6,Missing
R1_CADIZ__PRADO,1_0_2_26C_EA79_1_CE40000_0_0_0.png,r1cadizprado.png,30.0W,(55) 30.0W KU-band SpainSat / Hispasat 30W-5/30W-6,Missing
R1_CANTAB_PRADO,1_0_2_14A_EA76_1_CE40000_0_0_0.png,r1cantabprado.png,30.0W,(55) 30.0W KU-band SpainSat / Hispasat 30W-5/30W-6,Missing
R1_CANTAB_TORRE,1_0_2_14A_EA79_1_CE40000_0_0_0.png,r1cantabtorre.png,30.0W,(55) 30.0W KU-band SpainSat / Hispasat 30W-5/30W-6,Missing
R1_CARTAG_PRADO,1_0_2_456_EA79_1_CE40000_0_0_0.png,r1cartagprado.png,30.0W,(55) 30.0W KU-band SpainSat / Hispasat 30W-5/30W-6,Missing
R1_CASTEL_PRADO,1_0_2_47E_EA74_1_CE40000_0_0_0.png,r1castelprado.png,30.0W,(55) 30.0W KU-band SpainSat / Hispasat 30W-5/30W-6,Missing
R1_CATALU_PRADO,1_0_2_1AE_EA76_1_CE40000_0_0_0.png,r1cataluprado.png,30.0W,(55) 30.0W KU-band SpainSat / Hispasat 30W-5/30W-6,Missing
R1_CATALU_PRADO,1_0_2_1AE_EA79_1_CE40000_0_0_0.png,r1cataluprado.png,30.0W,(55) 30.0W KU-band SpainSat / Hispasat 30W-5/30W-6,Missing
R1_CEUTA__PRADO,1_0_2_2C6_EA79_1_CE40000_0_0_0.png,r1ceutaprado.png,30.0W,(55) 30.0W KU-band SpainSat / Hispasat 30W-5/30W-6,Missing
R1_CLMANC_PRADO,1_0_2_82_EA76_1_CE40000_0_0_0.png,r1clmancprado.png,30.0W,(55) 30.0W KU-band SpainSat / Hispasat 30W-5/30W-6,Missing
R1_CLMANC_PRADO,1_0_2_82_EA79_1_CE40000_0_0_0.png,r1clmancprado.png,30.0W,(55) 30.0W KU-band SpainSat / Hispasat 30W-5/30W-6,Missing
R1_CORDOB_PRADO,1_0_2_280_EA79_1_CE40000_0_0_0.png,r1cordobprado.png,30.0W,(55) 30.0W KU-band SpainSat / Hispasat 30W-5/30W-6,Missing
R1_CUENCA_PRADO,1_0_2_334_EA79_1_CE40000_0_0_0.png,r1cuencaprado.png,30.0W,(55) 30.0W KU-band SpainSat / Hispasat 30W-5/30W-6,Missing
R1_CYLEON_PRADO,1_0_2_FA_EA76_1_CE40000_0_0_0.png,r1cyleonprado.png,30.0W,(55) 30.0W KU-band SpainSat / Hispasat 30W-5/30W-6,Missing
R1_CYLEON_TORRE,1_0_2_FA_EA79_1_CE40000_0_0_0.png,r1cyleontorre.png,30.0W,(55) 30.0W KU-band SpainSat / Hispasat 30W-5/30W-6,Missing
R1_C_REAL_PRADO,1_0_2_32A_EA79_1_CE40000_0_0_0.png,r1crealprado.png,30.0W,(55) 30.0W KU-band SpainSat / Hispasat 30W-5/30W-6,Missing
R1_EXTREM_PRADO,1_0_2_154_EA76_1_CE40000_0_0_0.png,r1extremprado.png,30.0W,(55) 30.0W KU-band SpainSat / Hispasat 30W-5/30W-6,Missing
R1_EXTREM_TORRE,1_0_2_154_EA79_1_CE40000_0_0_0.png,r1extremtorre.png,30.0W,(55) 30.0W KU-band SpainSat / Hispasat 30W-5/30W-6,Missing
R1_GALICI_PRADO,1_0_2_104_EA76_1_CE40000_0_0_0.png,r1galiciprado.png,30.0W,(55) 30.0W KU-band SpainSat / Hispasat 30W-5/30W-6,Missing
R1_GALICI_PRADO,1_0_2_104_EA79_1_CE40000_0_0_0.png,r1galiciprado.png,30.0W,(55) 30.0W KU-band SpainSat / Hispasat 30W-5/30W-6,Missing
R1_GIJON__PRADO,1_0_2_2EE_EA76_1_CE40000_0_0_0.png,r1gijonprado.png,30.0W,(55) 30.0W KU-band SpainSat / Hispasat 30W-5/30W-6,Missing
R1_GIRONA_PRADO,1_0_2_3CA_EA79_1_CE40000_0_0_0.png,r1gironaprado.png,30.0W,(55) 30.0W KU-band SpainSat / Hispasat 30W-5/30W-6,Missing
R1_GRANAD_PRADO,1_0_2_28A_EA79_1_CE40000_0_0_0.png,r1granadprado.png,30.0W,(55) 30.0W KU-band SpainSat / Hispasat 30W-5/30W-6,Missing
R1_GUADAL_PRADO,1_0_2_33E_EA79_1_CE40000_0_0_0.png,r1guadalprado.png,30.0W,(55) 30.0W KU-band SpainSat / Hispasat 30W-5/30W-6,Missing
R1_HUELVA_PRADO,1_0_2_294_EA79_1_CE40000_0_0_0.png,r1huelvaprado.png,30.0W,(55) 30.0W KU-band SpainSat / Hispasat 30W-5/30W-6,Missing
R1_HUESCA_PRADO,1_0_2_2DA_EA79_1_CE40000_0_0_0.png,r1huescaprado.png,30.0W,(55) 30.0W KU-band SpainSat / Hispasat 30W-5/30W-6,Missing
R1_JAEN___PRADO,1_0_2_29E_EA79_1_CE40000_0_0_0.png,r1jaenprado.png,30.0W,(55) 30.0W KU-band SpainSat / Hispasat 30W-5/30W-6,Missing
R1_LARIOJ_PRADO,1_0_2_21C_EA76_1_CE40000_0_0_0.png,r1lariojprado.png,30.0W,(55) 30.0W KU-band SpainSat / Hispasat 30W-5/30W-6,Missing
R1_LARIOJ_TORRE,1_0_2_21C_EA79_1_CE40000_0_0_0.png,r1lariojtorre.png,30.0W,(55) 30.0W KU-band SpainSat / Hispasat 30W-5/30W-6,Missing
R1_LEON___PRADO,1_0_2_35C_EA76_1_CE40000_0_0_0.png,r1leonprado.png,30.0W,(55) 30.0W KU-band SpainSat / Hispasat 30W-5/30W-6,Missing
R1_LLEIDA_PRADO,1_0_2_3F2_EA79_1_CE40000_0_0_0.png,r1lleidaprado.png,30.0W,(55) 30.0W KU-band SpainSat / Hispasat 30W-5/30W-6,Missing
R1_LUGO___PRADO,1_0_2_410_EA76_1_CE40000_0_0_0.png,r1lugoprado.png,30.0W,(55) 30.0W KU-band SpainSat / Hispasat 30W-5/30W-6,Missing
R1_MADRID_PRADO,1_0_2_D2_EA76_1_CE40000_0_0_0.png,r1madridprado.png,30.0W,(55) 30.0W KU-band SpainSat / Hispasat 30W-5/30W-6,Missing
R1_MADRID_PRADO,1_0_2_D2_EA79_1_CE40000_0_0_0.png,r1madridprado.png,30.0W,(55) 30.0W KU-band SpainSat / Hispasat 30W-5/30W-6,Missing
R1_MALAGA_PRADO,1_0_2_276_EA79_1_CE40000_0_0_0.png,r1malagaprado.png,30.0W,(55) 30.0W KU-band SpainSat / Hispasat 30W-5/30W-6,Missing
R1_MELILL_PRADO,1_0_2_2D0_EA79_1_CE40000_0_0_0.png,r1melillprado.png,30.0W,(55) 30.0W KU-band SpainSat / Hispasat 30W-5/30W-6,Missing
R1_MERIDA_PRADO,1_0_2_3FC_EA76_1_CE40000_0_0_0.png,r1meridaprado.png,30.0W,(55) 30.0W KU-band SpainSat / Hispasat 30W-5/30W-6,Missing
R1_MURCIA_PRADO,1_0_2_1C2_EA76_1_CE40000_0_0_0.png,r1murciaprado.png,30.0W,(55) 30.0W KU-band SpainSat / Hispasat 30W-5/30W-6,Missing
R1_MURCIA_PRADO,1_0_2_1C2_EA79_1_CE40000_0_0_0.png,r1murciaprado.png,30.0W,(55) 30.0W KU-band SpainSat / Hispasat 30W-5/30W-6,Missing
R1_NACION_PRADO,1_0_2_64_EA76_1_CE40000_0_0_0.png,r1nacionprado.png,30.0W,(55) 30.0W KU-band SpainSat / Hispasat 30W-5/30W-6,Missing
R1_NACION_PRADO,1_0_2_64_EA79_1_CE40000_0_0_0.png,r1nacionprado.png,30.0W,(55) 30.0W KU-band SpainSat / Hispasat 30W-5/30W-6,Missing
R1_NAVARR_PRADO,1_0_2_15E_EA76_1_CE40000_0_0_0.png,r1navarrprado.png,30.0W,(55) 30.0W KU-band SpainSat / Hispasat 30W-5/30W-6,Missing
R1_NAVARR_TORRE,1_0_2_15E_EA79_1_CE40000_0_0_0.png,r1navarrtorre.png,30.0W,(55) 30.0W KU-band SpainSat / Hispasat 30W-5/30W-6,Missing
R1_ORENSE_PRADO,1_0_2_41A_EA76_1_CE40000_0_0_0.png,r1orenseprado.png,30.0W,(55) 30.0W KU-band SpainSat / Hispasat 30W-5/30W-6,Missing
R1_PALENC_PRADO,1_0_2_38E_EA76_1_CE40000_0_0_0.png,r1palencprado.png,30.0W,(55) 30.0W KU-band SpainSat / Hispasat 30W-5/30W-6,Missing
R1_PONFER_PRADO,1_0_2_366_EA76_1_CE40000_0_0_0.png,r1ponferprado.png,30.0W,(55) 30.0W KU-band SpainSat / Hispasat 30W-5/30W-6,Missing
R1_PONTEV_PRADO,1_0_2_424_EA76_1_CE40000_0_0_0.png,r1pontevprado.png,30.0W,(55) 30.0W KU-band SpainSat / Hispasat 30W-5/30W-6,Missing
R1_PVASCO_PRADO,1_0_2_168_EA79_1_CE40000_0_0_0.png,r1pvascoprado.png,30.0W,(55) 30.0W KU-band SpainSat / Hispasat 30W-5/30W-6,Missing
R1_SALAMA_PRADO,1_0_2_398_EA76_1_CE40000_0_0_0.png,r1salamaprado.png,30.0W,(55) 30.0W KU-band SpainSat / Hispasat 30W-5/30W-6,Missing
R1_SANSEB_PRADO,1_0_2_46A_EA76_1_CE40000_0_0_0.png,r1sansebprado.png,30.0W,(55) 30.0W KU-band SpainSat / Hispasat 30W-5/30W-6,Missing
R1_SANTIA_PRADO,1_0_2_406_EA76_1_CE40000_0_0_0.png,r1santiaprado.png,30.0W,(55) 30.0W KU-band SpainSat / Hispasat 30W-5/30W-6,Missing
R1_SEGOVI_PRADO,1_0_2_3A2_EA76_1_CE40000_0_0_0.png,r1segoviprado.png,30.0W,(55) 30.0W KU-band SpainSat / Hispasat 30W-5/30W-6,Missing
R1_SORIA__PRADO,1_0_2_3AC_EA76_1_CE40000_0_0_0.png,r1soriaprado.png,30.0W,(55) 30.0W KU-band SpainSat / Hispasat 30W-5/30W-6,Missing
R1_TARRAG_PRADO,1_0_2_3C0_EA79_1_CE40000_0_0_0.png,r1tarragprado.png,30.0W,(55) 30.0W KU-band SpainSat / Hispasat 30W-5/30W-6,Missing
R1_TENEFE_PRADO,1_0_2_10E_EA76_1_CE40000_0_0_0.png,r1tenefeprado.png,30.0W,(55) 30.0W KU-band SpainSat / Hispasat 30W-5/30W-6,Missing
R1_TENEFE_TORRE,1_0_2_10E_EA79_1_CE40000_0_0_0.png,r1tenefetorre.png,30.0W,(55) 30.0W KU-band SpainSat / Hispasat 30W-5/30W-6,Missing
R1_TERUEL_PRADO,1_0_2_2E4_EA79_1_CE40000_0_0_0.png,r1teruelprado.png,30.0W,(55) 30.0W KU-band SpainSat / Hispasat 30W-5/30W-6,Missing
R1_VALENC_PRADO,1_0_2_23A_EA74_1_CE40000_0_0_0.png,r1valencprado.png,30.0W,(55) 30.0W KU-band SpainSat / Hispasat 30W-5/30W-6,Missing
R1_VALENC_PRADO,1_0_2_23A_EA76_1_CE40000_0_0_0.png,r1valencprado.png,30.0W,(55) 30.0W KU-band SpainSat / Hispasat 30W-5/30W-6,Missing
R1_VALENC_TORRE,1_0_2_23A_EA79_1_CE40000_0_0_0.png,r1valenctorre.png,30.0W,(55) 30.0W KU-band SpainSat / Hispasat 30W-5/30W-6,Missing
R1_VIGO___PRADO,1_0_2_42E_EA76_1_CE40000_0_0_0.png,r1vigoprado.png,30.0W,(55) 30.0W KU-band SpainSat / Hispasat 30W-5/30W-6,Missing
R1_VITORI_PRADO,1_0_2_168_EA76_1_CE40000_0_0_0.png,r1vitoriprado.png,30.0W,(55) 30.0W KU-band SpainSat / Hispasat 30W-5/30W-6,Missing
R1_ZAMORA_PRADO,1_0_2_3B6_EA76_1_CE40000_0_0_0.png,r1zamoraprado.png,30.0W,(55) 30.0W KU-band SpainSat / Hispasat 30W-5/30W-6,Missing
R2_NACION_PRADO,1_0_2_C8_EA74_1_CE40000_0_0_0.png,r2nacionprado.png,30.0W,(55) 30.0W KU-band SpainSat / Hispasat 30W-5/30W-6,Missing
R2_NACION_PRADO,1_0_2_C8_EA76_1_CE40000_0_0_0.png,r2nacionprado.png,30.0W,(55) 30.0W KU-band SpainSat / Hispasat 30W-5/30W-6,Missing
R2_NACION_PRADO,1_0_2_C8_EA79_1_CE40000_0_0_0.png,r2nacionprado.png,30.0W,(55) 30.0W KU-band SpainSat / Hispasat 30W-5/30W-6,Missing
R3_NACION_PRADO,1_0_2_12C_EA74_1_CE40000_0_0_0.png,r3nacionprado.png,30.0W,(55) 30.0W KU-band SpainSat / Hispasat 30W-5/30W-6,Missing
R3_NACION_PRADO,1_0_2_12C_EA76_1_CE40000_0_0_0.png,r3nacionprado.png,30.0W,(55) 30.0W KU-band SpainSat / Hispasat 30W-5/30W-6,Missing
R3_NACION_PRADO,1_0_2_12C_EA79_1_CE40000_0_0_0.png,r3nacionprado.png,30.0W,(55) 30.0W KU-band SpainSat / Hispasat 30W-5/30W-6,Missing
R4_CATALU_PRADO,1_0_2_190_EA76_1_CE40000_0_0_0.png,r4cataluprado.png,30.0W,(55) 30.0W KU-band SpainSat / Hispasat 30W-5/30W-6,Missing
R4_CATALU_PRADO,1_0_2_190_EA79_1_CE40000_0_0_0.png,r4cataluprado.png,30.0W,(55) 30.0W KU-band SpainSat / Hispasat 30W-5/30W-6,Missing
R5_ALBACE_PRADO,1_0_2_53C_EA79_1_CE40000_0_0_0.png,r5albaceprado.png,30.0W,(55) 30.0W KU-band SpainSat / Hispasat 30W-5/30W-6,Missing
R5_ALICAN_PRADO,1_0_2_67C_EA74_1_CE40000_0_0_0.png,r5alicanprado.png,30.0W,(55) 30.0W KU-band SpainSat / Hispasat 30W-5/30W-6,Missing
R5_ALMERI_PRADO,1_0_2_488_EA79_1_CE40000_0_0_0.png,r5almeriprado.png,30.0W,(55) 30.0W KU-band SpainSat / Hispasat 30W-5/30W-6,Missing
R5_ANDALU_PRADO,1_0_2_6E_EA76_1_CE40000_0_0_0.png,r5andaluprado.png,30.0W,(55) 30.0W KU-band SpainSat / Hispasat 30W-5/30W-6,Missing
R5_ANDALU_PRADO,1_0_2_6E_EA79_1_CE40000_0_0_0.png,r5andaluprado.png,30.0W,(55) 30.0W KU-band SpainSat / Hispasat 30W-5/30W-6,Missing
R5_ARAGON_PRADO,1_0_2_1A4_EA76_1_CE40000_0_0_0.png,r5aragonprado.png,30.0W,(55) 30.0W KU-band SpainSat / Hispasat 30W-5/30W-6,Missing
R5_ARAGON_PRADO,1_0_2_1A4_EA79_1_CE40000_0_0_0.png,r5aragonprado.png,30.0W,(55) 30.0W KU-band SpainSat / Hispasat 30W-5/30W-6,Missing
R5_ASTURI_PRADO,1_0_2_DC_EA76_1_CE40000_0_0_0.png,r5asturiprado.png,30.0W,(55) 30.0W KU-band SpainSat / Hispasat 30W-5/30W-6,Missing
R5_ASTURI_TORRE,1_0_2_DC_EA79_1_CE40000_0_0_0.png,r5asturitorre.png,30.0W,(55) 30.0W KU-band SpainSat / Hispasat 30W-5/30W-6,Missing
R5_AVILA__PRADO,1_0_2_582_EA76_1_CE40000_0_0_0.png,r5avilaprado.png,30.0W,(55) 30.0W KU-band SpainSat / Hispasat 30W-5/30W-6,Missing
R5_BALEAR_PRADO,1_0_2_78_EA76_1_CE40000_0_0_0.png,r5balearprado.png,30.0W,(55) 30.0W KU-band SpainSat / Hispasat 30W-5/30W-6,Missing
R5_BALEAR_PRADO,1_0_2_78_EA79_1_CE40000_0_0_0.png,r5balearprado.png,30.0W,(55) 30.0W KU-band SpainSat / Hispasat 30W-5/30W-6,Missing
R5_BILBAO_PRADO,1_0_2_668_EA76_1_CE40000_0_0_0.png,r5bilbaoprado.png,30.0W,(55) 30.0W KU-band SpainSat / Hispasat 30W-5/30W-6,Missing
R5_BURGOS_PRADO,1_0_2_58C_EA76_1_CE40000_0_0_0.png,r5burgosprado.png,30.0W,(55) 30.0W KU-band SpainSat / Hispasat 30W-5/30W-6,Missing
R5_CADIZ__PRADO,1_0_2_492_EA79_1_CE40000_0_0_0.png,r5cadizprado.png,30.0W,(55) 30.0W KU-band SpainSat / Hispasat 30W-5/30W-6,Missing
R5_CANTAB_PRADO,1_0_2_208_EA76_1_CE40000_0_0_0.png,r5cantabprado.png,30.0W,(55) 30.0W KU-band SpainSat / Hispasat 30W-5/30W-6,Missing
R5_CANTAB_TORRE,1_0_2_208_EA79_1_CE40000_0_0_0.png,r5cantabtorre.png,30.0W,(55) 30.0W KU-band SpainSat / Hispasat 30W-5/30W-6,Missing
R5_CARTAG_PRADO,1_0_2_65E_EA79_1_CE40000_0_0_0.png,r5cartagprado.png,30.0W,(55) 30.0W KU-band SpainSat / Hispasat 30W-5/30W-6,Missing
R5_CASTEL_PRADO,1_0_2_686_EA74_1_CE40000_0_0_0.png,r5castelprado.png,30.0W,(55) 30.0W KU-band SpainSat / Hispasat 30W-5/30W-6,Missing
R5_CATALU_PRADO,1_0_2_212_EA76_1_CE40000_0_0_0.png,r5cataluprado.png,30.0W,(55) 30.0W KU-band SpainSat / Hispasat 30W-5/30W-6,Missing
R5_CATALU_PRADO,1_0_2_212_EA79_1_CE40000_0_0_0.png,r5cataluprado.png,30.0W,(55) 30.0W KU-band SpainSat / Hispasat 30W-5/30W-6,Missing
R5_CEUTA__PRADO,1_0_2_4EC_EA79_1_CE40000_0_0_0.png,r5ceutaprado.png,30.0W,(55) 30.0W KU-band SpainSat / Hispasat 30W-5/30W-6,Missing
R5_CLMANC_PRADO,1_0_2_F0_EA76_1_CE40000_0_0_0.png,r5clmancprado.png,30.0W,(55) 30.0W KU-band SpainSat / Hispasat 30W-5/30W-6,Missing
R5_CLMANC_PRADO,1_0_2_F0_EA79_1_CE40000_0_0_0.png,r5clmancprado.png,30.0W,(55) 30.0W KU-band SpainSat / Hispasat 30W-5/30W-6,Missing
R5_CORDOB_PRADO,1_0_2_4C4_EA79_1_CE40000_0_0_0.png,r5cordobprado.png,30.0W,(55) 30.0W KU-band SpainSat / Hispasat 30W-5/30W-6,Missing
R5_CUENCA_PRADO,1_0_2_550_EA79_1_CE40000_0_0_0.png,r5cuencaprado.png,30.0W,(55) 30.0W KU-band SpainSat / Hispasat 30W-5/30W-6,Missing
R5_CYLEON_PRADO,1_0_2_8C_EA76_1_CE40000_0_0_0.png,r5cyleonprado.png,30.0W,(55) 30.0W KU-band SpainSat / Hispasat 30W-5/30W-6,Missing
R5_CYLEON_TORRE,1_0_2_8C_EA79_1_CE40000_0_0_0.png,r5cyleontorre.png,30.0W,(55) 30.0W KU-band SpainSat / Hispasat 30W-5/30W-6,Missing
R5_C_REAL_PRADO,1_0_2_546_EA79_1_CE40000_0_0_0.png,r5crealprado.png,30.0W,(55) 30.0W KU-band SpainSat / Hispasat 30W-5/30W-6,Missing
R5_EXTREM_PRADO,1_0_2_96_EA76_1_CE40000_0_0_0.png,r5extremprado.png,30.0W,(55) 30.0W KU-band SpainSat / Hispasat 30W-5/30W-6,Missing
R5_EXTREM_PRADO,1_0_2_96_EA79_1_CE40000_0_0_0.png,r5extremprado.png,30.0W,(55) 30.0W KU-band SpainSat / Hispasat 30W-5/30W-6,Missing
R5_GALICI_PRADO,1_0_2_A0_EA76_1_CE40000_0_0_0.png,r5galiciprado.png,30.0W,(55) 30.0W KU-band SpainSat / Hispasat 30W-5/30W-6,Missing
R5_GALICI_PRADO,1_0_2_A0_EA79_1_CE40000_0_0_0.png,r5galiciprado.png,30.0W,(55) 30.0W KU-band SpainSat / Hispasat 30W-5/30W-6,Missing
R5_GIJON__PRADO,1_0_2_532_EA76_1_CE40000_0_0_0.png,r5gijonprado.png,30.0W,(55) 30.0W KU-band SpainSat / Hispasat 30W-5/30W-6,Missing
R5_GIRONA_PRADO,1_0_2_5FA_EA79_1_CE40000_0_0_0.png,r5gironaprado.png,30.0W,(55) 30.0W KU-band SpainSat / Hispasat 30W-5/30W-6,Missing
R5_GRANAD_PRADO,1_0_2_4CE_EA79_1_CE40000_0_0_0.png,r5granadprado.png,30.0W,(55) 30.0W KU-band SpainSat / Hispasat 30W-5/30W-6,Missing
R5_GUADAL_PRADO,1_0_2_55A_EA79_1_CE40000_0_0_0.png,r5guadalprado.png,30.0W,(55) 30.0W KU-band SpainSat / Hispasat 30W-5/30W-6,Missing
R5_HUELVA_PRADO,1_0_2_4D8_EA79_1_CE40000_0_0_0.png,r5huelvaprado.png,30.0W,(55) 30.0W KU-band SpainSat / Hispasat 30W-5/30W-6,Missing
R5_HUESCA_PRADO,1_0_2_51E_EA79_1_CE40000_0_0_0.png,r5huescaprado.png,30.0W,(55) 30.0W KU-band SpainSat / Hispasat 30W-5/30W-6,Missing
R5_JAEN___PRADO,1_0_2_4E2_EA79_1_CE40000_0_0_0.png,r5jaenprado.png,30.0W,(55) 30.0W KU-band SpainSat / Hispasat 30W-5/30W-6,Missing
R5_LARIOJ_PRADO,1_0_2_1B8_EA76_1_CE40000_0_0_0.png,r5lariojprado.png,30.0W,(55) 30.0W KU-band SpainSat / Hispasat 30W-5/30W-6,Missing
R5_LARIOJ_PRADO,1_0_2_1B8_EA79_1_CE40000_0_0_0.png,r5lariojprado.png,30.0W,(55) 30.0W KU-band SpainSat / Hispasat 30W-5/30W-6,Missing
R5_LASPAS_PRADO,1_0_2_172_EA76_1_CE40000_0_0_0.png,r5laspasprado.png,30.0W,(55) 30.0W KU-band SpainSat / Hispasat 30W-5/30W-6,Missing
R5_LASPAS_PRADO,1_0_2_172_EA79_1_CE40000_0_0_0.png,r5laspasprado.png,30.0W,(55) 30.0W KU-band SpainSat / Hispasat 30W-5/30W-6,Missing
R5_LEON___PRADO,1_0_2_596_EA76_1_CE40000_0_0_0.png,r5leonprado.png,30.0W,(55) 30.0W KU-band SpainSat / Hispasat 30W-5/30W-6,Missing
R5_LLEIDA_PRADO,1_0_2_604_EA79_1_CE40000_0_0_0.png,r5lleidaprado.png,30.0W,(55) 30.0W KU-band SpainSat / Hispasat 30W-5/30W-6,Missing
R5_LUGO___PRADO,1_0_2_622_EA76_1_CE40000_0_0_0.png,r5lugoprado.png,30.0W,(55) 30.0W KU-band SpainSat / Hispasat 30W-5/30W-6,Missing
R5_MADRID_PRADO,1_0_2_136_EA76_1_CE40000_0_0_0.png,r5madridprado.png,30.0W,(55) 30.0W KU-band SpainSat / Hispasat 30W-5/30W-6,Missing
R5_MADRID_PRADO,1_0_2_136_EA79_1_CE40000_0_0_0.png,r5madridprado.png,30.0W,(55) 30.0W KU-band SpainSat / Hispasat 30W-5/30W-6,Missing
R5_MALAGA_PRADO,1_0_2_4BA_EA79_1_CE40000_0_0_0.png,r5malagaprado.png,30.0W,(55) 30.0W KU-band SpainSat / Hispasat 30W-5/30W-6,Missing
R5_MELILL_PRADO,1_0_2_4F6_EA79_1_CE40000_0_0_0.png,r5melillprado.png,30.0W,(55) 30.0W KU-band SpainSat / Hispasat 30W-5/30W-6,Missing
R5_MERIDA_PRADO,1_0_2_60E_EA76_1_CE40000_0_0_0.png,r5meridaprado.png,30.0W,(55) 30.0W KU-band SpainSat / Hispasat 30W-5/30W-6,Missing
R5_MURCIA_PRADO,1_0_2_226_EA76_1_CE40000_0_0_0.png,r5murciaprado.png,30.0W,(55) 30.0W KU-band SpainSat / Hispasat 30W-5/30W-6,Missing
R5_MURCIA_PRADO,1_0_2_226_EA79_1_CE40000_0_0_0.png,r5murciaprado.png,30.0W,(55) 30.0W KU-band SpainSat / Hispasat 30W-5/30W-6,Missing
R5_NACION_PRADO,1_0_2_1F4_EA76_1_CE40000_0_0_0.png,r5nacionprado.png,30.0W,(55) 30.0W KU-band SpainSat / Hispasat 30W-5/30W-6,Missing
R5_NACION_PRADO,1_0_2_1F4_EA79_1_CE40000_0_0_0.png,r5nacionprado.png,30.0W,(55) 30.0W KU-band SpainSat / Hispasat 30W-5/30W-6,Missing
R5_NAVARR_PRADO,1_0_2_230_EA76_1_CE40000_0_0_0.png,r5navarrprado.png,30.0W,(55) 30.0W KU-band SpainSat / Hispasat 30W-5/30W-6,Missing
R5_NAVARR_TORRE,1_0_2_230_EA79_1_CE40000_0_0_0.png,r5navarrtorre.png,30.0W,(55) 30.0W KU-band SpainSat / Hispasat 30W-5/30W-6,Missing
R5_ORENSE_PRADO,1_0_2_640_EA76_1_CE40000_0_0_0.png,r5orenseprado.png,30.0W,(55) 30.0W KU-band SpainSat / Hispasat 30W-5/30W-6,Missing
R5_PALENC_PRADO,1_0_2_5AA_EA76_1_CE40000_0_0_0.png,r5palencprado.png,30.0W,(55) 30.0W KU-band SpainSat / Hispasat 30W-5/30W-6,Missing
R5_PONFER_PRADO,1_0_2_5A0_EA76_1_CE40000_0_0_0.png,r5ponferprado.png,30.0W,(55) 30.0W KU-band SpainSat / Hispasat 30W-5/30W-6,Missing
R5_PONTEV_PRADO,1_0_2_64A_EA76_1_CE40000_0_0_0.png,r5pontevprado.png,30.0W,(55) 30.0W KU-band SpainSat / Hispasat 30W-5/30W-6,Missing
R5_PVASCO_TORRE,1_0_2_1CC_EA79_1_CE40000_0_0_0.png,r5pvascotorre.png,30.0W,(55) 30.0W KU-band SpainSat / Hispasat 30W-5/30W-6,Missing
R5_SALAMA_PRADO,1_0_2_5B4_EA76_1_CE40000_0_0_0.png,r5salamaprado.png,30.0W,(55) 30.0W KU-band SpainSat / Hispasat 30W-5/30W-6,Missing
R5_SANSEB_PRADO,1_0_2_672_EA76_1_CE40000_0_0_0.png,r5sansebprado.png,30.0W,(55) 30.0W KU-band SpainSat / Hispasat 30W-5/30W-6,Missing
R5_SANTIA_PRADO,1_0_2_618_EA76_1_CE40000_0_0_0.png,r5santiaprado.png,30.0W,(55) 30.0W KU-band SpainSat / Hispasat 30W-5/30W-6,Missing
R5_SEGOV__PRADO,1_0_2_5BE_EA76_1_CE40000_0_0_0.png,r5segovprado.png,30.0W,(55) 30.0W KU-band SpainSat / Hispasat 30W-5/30W-6,Missing
R5_SORIA__PRADO,1_0_2_5DC_EA76_1_CE40000_0_0_0.png,r5soriaprado.png,30.0W,(55) 30.0W KU-band SpainSat / Hispasat 30W-5/30W-6,Missing
R5_TARRAG_PRADO,1_0_2_5F0_EA79_1_CE40000_0_0_0.png,r5tarragprado.png,30.0W,(55) 30.0W KU-band SpainSat / Hispasat 30W-5/30W-6,Missing
R5_TENEFE_PRADO,1_0_2_AA_EA76_1_CE40000_0_0_0.png,r5tenefeprado.png,30.0W,(55) 30.0W KU-band SpainSat / Hispasat 30W-5/30W-6,Missing
R5_TENEFE_PRADO,1_0_2_AA_EA79_1_CE40000_0_0_0.png,r5tenefeprado.png,30.0W,(55) 30.0W KU-band SpainSat / Hispasat 30W-5/30W-6,Missing
R5_TERUEL_PRADO,1_0_2_528_EA79_1_CE40000_0_0_0.png,r5teruelprado.png,30.0W,(55) 30.0W KU-band SpainSat / Hispasat 30W-5/30W-6,Missing
R5_VALENC_PRADO,1_0_2_1D6_EA74_1_CE40000_0_0_0.png,r5valencprado.png,30.0W,(55) 30.0W KU-band SpainSat / Hispasat 30W-5/30W-6,Missing
R5_VALENC_PRADO,1_0_2_1D6_EA76_1_CE40000_0_0_0.png,r5valencprado.png,30.0W,(55) 30.0W KU-band SpainSat / Hispasat 30W-5/30W-6,Missing
R5_VALENC_PRADO,1_0_2_1D6_EA79_1_CE40000_0_0_0.png,r5valencprado.png,30.0W,(55) 30.0W KU-band SpainSat / Hispasat 30W-5/30W-6,Missing
R5_VIGO___PRADO,1_0_2_654_EA76_1_CE40000_0_0_0.png,r5vigoprado.png,30.0W,(55) 30.0W KU-band SpainSat / Hispasat 30W-5/30W-6,Missing
R5_VITORI_PRADO,1_0_2_1CC_EA76_1_CE40000_0_0_0.png,r5vitoriprado.png,30.0W,(55) 30.0W KU-band SpainSat / Hispasat 30W-5/30W-6,Missing
R5_ZAMORA_PRADO,1_0_2_5E6_EA76_1_CE40000_0_0_0.png,r5zamoraprado.png,30.0W,(55) 30.0W KU-band SpainSat / Hispasat 30W-5/30W-6,Missing
RADIO HIT,1_0_2_C_65_0_CE40000_0_0_0.png,radiohit.png,30.0W,(55) 30.0W KU-band SpainSat / Hispasat 30W-5/30W-6,Missing
RADIO MARIA,1_0_2_8_65_0_CE40000_0_0_0.png,radiomaria.png,30.0W,(55) 30.0W KU-band SpainSat / Hispasat 30W-5/30W-6,Missing
ROCK FM,1_0_2_B_65_0_CE40000_0_0_0.png,rockfm.png,30.0W,(55) 30.0W KU-band SpainSat / Hispasat 30W-5/30W-6,Missing
Rádio Amalia,1_0_2_51F_30_36_CE40000_0_0_0.png,rdioamalia.png,30.0W,(55) 30.0W KU-band SpainSat / Hispasat 30W-5/30W-6,Missing
Rádio Amalia,1_0_2_1269_2F_36_CE40000_0_0_0.png,rdioamalia.png,30.0W,(55) 30.0W KU-band SpainSat / Hispasat 30W-5/30W-6,Missing
Rádio Regional,1_0_2_52E_30_36_CE40000_0_0_0.png,rdioregional.png,30.0W,(55) 30.0W KU-band SpainSat / Hispasat 30W-5/30W-6,Missing
Rádio Regional,1_0_2_126D_2F_36_CE40000_0_0_0.png,rdioregional.png,30.0W,(55) 30.0W KU-band SpainSat / Hispasat 30W-5/30W-6,Missing
SIC Notícias,1_0_1_375_26_36_CE40000_0_0_0.png,sicnotcias.png,30.0W,(55) 30.0W KU-band SpainSat / Hispasat 30W-5/30W-6,Missing
SIC Notícias,1_0_1_177E_26_36_CE40000_0_0_0.png,sicnotcias.png,30.0W,(55) 30.0W KU-band SpainSat / Hispasat 30W-5/30W-6,Missing
TSA-Record News SD,1_0_1_A8C_6_6_CE40000_0_0_0.png,tsarecordnewssd.png,30.0W,(55) 30.0W KU-band SpainSat / Hispasat 30W-5/30W-6,Missing
V+ Int.,1_0_1_68_6_6_CE40000_0_0_0.png,vint.png,30.0W,(55) 30.0W KU-band SpainSat / Hispasat 30W-5/30W-6,Missing
V+ TVI,1_0_1_177F_26_36_CE40000_0_0_0.png,vtvi.png,30.0W,(55) 30.0W KU-band SpainSat / Hispasat 30W-5/30W-6,Missing
V+TVI,1_0_1_37B_26_36_CE40000_0_0_0.png,vtvi.png,30.0W,(55) 30.0W KU-band SpainSat / Hispasat 30W-5/30W-6,Missing
esRadio,1_0_2_4_65_0_CE40000_0_0_0.png,esradio.png,30.0W,(55) 30.0W KU-band SpainSat / Hispasat 30W-5/30W-6,Missing
Encompass - WES,1_0_2_1_1_1_D330000_0_0_0.png,encompasswes.png,22.1W,(134) 22.0W C-band SES 4,Missing
GABON 1ERE,1_0_1_101_101_257_D330000_0_0_0.png,gabon1ere.png,22.1W,(134) 22.0W C-band SES 4,Missing
RDP Antena 1,1_0_2_B_65_1_D330000_0_0_0.png,rdpantena1.png,22.1W,(134) 22.0W C-band SES 4,Missing
RTP Africa MAIN New,1_0_1_2_65_1_D330000_0_0_0.png,rtpafricamainnew.png,22.1W,(134) 22.0W C-band SES 4,Missing
RTP Internacional MAIN NEW,1_0_1_1_65_1_D330000_0_0_0.png,rtpinternacionalmainnew.png,22.1W,(134) 22.0W C-band SES 4,Missing
CHAINE 1,1_0_2_19_1_FFFF_D343182_0_0_0.png,chaine1.png,22.0W,(57) 22.0W KU-band SES 4,Missing
CHAINE 2,1_0_2_7_1_FFFF_D343182_0_0_0.png,chaine2.png,22.0W,(57) 22.0W KU-band SES 4,Missing
EL BAHDJA,1_0_2_296_1_FFFF_D343182_0_0_0.png,elbahdja.png,22.0W,(57) 22.0W KU-band SES 4,Missing
Ifrikya FM,1_0_2_9_1_FFFF_D343182_0_0_0.png,ifrikyafm.png,22.0W,(57) 22.0W KU-band SES 4,Missing
RADI0_CHAINE 3,1_0_2_8_1_FFFF_D343182_0_0_0.png,radi0chaine3.png,22.0W,(57) 22.0W KU-band SES 4,Missing
RADIO CORAN,1_0_2_3F_1_FFFF_D343182_0_0_0.png,radiocoran.png,22.0W,(57) 22.0W KU-band SES 4,Missing
RADIO CULTURE,1_0_2_298_1_FFFF_D343182_0_0_0.png,radioculture.png,22.0W,(57) 22.0W KU-band SES 4,Missing
RADIO DECROCHAGE,1_0_2_6_1_FFFF_D343182_0_0_0.png,radiodecrochage.png,22.0W,(57) 22.0W KU-band SES 4,Missing
RADIO INTERNATIONALE,1_0_2_11_1_FFFF_D343182_0_0_0.png,radiointernationale.png,22.0W,(57) 22.0W KU-band SES 4,Missing
RADIO JEUNESSE,1_0_2_299_1_FFFF_D343182_0_0_0.png,radiojeunesse.png,22.0W,(57) 22.0W KU-band SES 4,Missing
Radio Adrar,1_0_2_E_1_FFFF_D343182_0_0_0.png,radioadrar.png,22.0W,(57) 22.0W KU-band SES 4,Missing
Radio Ain Defla,1_0_2_30_1_FFFF_D343182_0_0_0.png,radioaindefla.png,22.0W,(57) 22.0W KU-band SES 4,Missing
Radio Aintemouchent,1_0_2_25_1_FFFF_D343182_0_0_0.png,radioaintemouchent.png,22.0W,(57) 22.0W KU-band SES 4,Missing
Radio Annaba,1_0_2_2A_1_FFFF_D343182_0_0_0.png,radioannaba.png,22.0W,(57) 22.0W KU-band SES 4,Missing
Radio Batna,1_0_2_14_1_FFFF_D343182_0_0_0.png,radiobatna.png,22.0W,(57) 22.0W KU-band SES 4,Missing
Radio Bechar,1_0_2_C_1_FFFF_D343182_0_0_0.png,radiobechar.png,22.0W,(57) 22.0W KU-band SES 4,Missing
Radio Bejaia,1_0_2_27_1_FFFF_D343182_0_0_0.png,radiobejaia.png,22.0W,(57) 22.0W KU-band SES 4,Missing
Radio Biskra,1_0_2_39_1_FFFF_D343182_0_0_0.png,radiobiskra.png,22.0W,(57) 22.0W KU-band SES 4,Missing
Radio Blida,1_0_2_1D_1_FFFF_D343182_0_0_0.png,radioblida.png,22.0W,(57) 22.0W KU-band SES 4,Missing
Radio Bordj Bou Arreridj,1_0_2_37_1_FFFF_D343182_0_0_0.png,radiobordjbouarreridj.png,22.0W,(57) 22.0W KU-band SES 4,Missing
Radio Bouira,1_0_2_28_1_FFFF_D343182_0_0_0.png,radiobouira.png,22.0W,(57) 22.0W KU-band SES 4,Missing
Radio Boumerdes,1_0_2_32_1_FFFF_D343182_0_0_0.png,radioboumerdes.png,22.0W,(57) 22.0W KU-band SES 4,Missing
Radio Chlef,1_0_2_3C_1_FFFF_D343182_0_0_0.png,radiochlef.png,22.0W,(57) 22.0W KU-band SES 4,Missing
Radio Constantine,1_0_2_3A_1_FFFF_D343182_0_0_0.png,radioconstantine.png,22.0W,(57) 22.0W KU-band SES 4,Missing
Radio Djelfa,1_0_2_2F_1_FFFF_D343182_0_0_0.png,radiodjelfa.png,22.0W,(57) 22.0W KU-band SES 4,Missing
Radio El Bayedh,1_0_2_2D_1_FFFF_D343182_0_0_0.png,radioelbayedh.png,22.0W,(57) 22.0W KU-band SES 4,Missing
Radio Ghardaia,1_0_2_F_1_FFFF_D343182_0_0_0.png,radioghardaia.png,22.0W,(57) 22.0W KU-band SES 4,Missing
Radio Guelma,1_0_2_24_1_FFFF_D343182_0_0_0.png,radioguelma.png,22.0W,(57) 22.0W KU-band SES 4,Missing
Radio Illizi,1_0_2_10_1_FFFF_D343182_0_0_0.png,radioillizi.png,22.0W,(57) 22.0W KU-band SES 4,Missing
Radio Jijel,1_0_2_15_1_FFFF_D343182_0_0_0.png,radiojijel.png,22.0W,(57) 22.0W KU-band SES 4,Missing
Radio Khenchela,1_0_2_26_1_FFFF_D343182_0_0_0.png,radiokhenchela.png,22.0W,(57) 22.0W KU-band SES 4,Missing
Radio Laghouat,1_0_2_17_1_FFFF_D343182_0_0_0.png,radiolaghouat.png,22.0W,(57) 22.0W KU-band SES 4,Missing
Radio M'sila,1_0_2_36_1_FFFF_D343182_0_0_0.png,radiomsila.png,22.0W,(57) 22.0W KU-band SES 4,Missing
Radio Mascara,1_0_2_23_1_FFFF_D343182_0_0_0.png,radiomascara.png,22.0W,(57) 22.0W KU-band SES 4,Missing
Radio Mila,1_0_2_20_1_FFFF_D343182_0_0_0.png,radiomila.png,22.0W,(57) 22.0W KU-band SES 4,Missing
Radio Mostaganem,1_0_2_35_1_FFFF_D343182_0_0_0.png,radiomostaganem.png,22.0W,(57) 22.0W KU-band SES 4,Missing
Radio Médéa,1_0_2_1F_1_FFFF_D343182_0_0_0.png,radiomda.png,22.0W,(57) 22.0W KU-band SES 4,Missing
Radio Naama,1_0_2_18_1_FFFF_D343182_0_0_0.png,radionaama.png,22.0W,(57) 22.0W KU-band SES 4,Missing
Radio Oran,1_0_2_33_1_FFFF_D343182_0_0_0.png,radiooran.png,22.0W,(57) 22.0W KU-band SES 4,Missing
Radio Ouargla,1_0_2_A_1_FFFF_D343182_0_0_0.png,radioouargla.png,22.0W,(57) 22.0W KU-band SES 4,Missing
Radio Oum Bouaghi,1_0_2_3B_1_FFFF_D343182_0_0_0.png,radiooumbouaghi.png,22.0W,(57) 22.0W KU-band SES 4,Missing
Radio Relizan,1_0_2_29_1_FFFF_D343182_0_0_0.png,radiorelizan.png,22.0W,(57) 22.0W KU-band SES 4,Missing
Radio Saida,1_0_2_21_1_FFFF_D343182_0_0_0.png,radiosaida.png,22.0W,(57) 22.0W KU-band SES 4,Missing
Radio Setif,1_0_2_38_1_FFFF_D343182_0_0_0.png,radiosetif.png,22.0W,(57) 22.0W KU-band SES 4,Missing
Radio Sidi Belabes,1_0_2_3D_1_FFFF_D343182_0_0_0.png,radiosidibelabes.png,22.0W,(57) 22.0W KU-band SES 4,Missing
Radio Skikda,1_0_2_22_1_FFFF_D343182_0_0_0.png,radioskikda.png,22.0W,(57) 22.0W KU-band SES 4,Missing
Radio Souf,1_0_2_12_1_FFFF_D343182_0_0_0.png,radiosouf.png,22.0W,(57) 22.0W KU-band SES 4,Missing
Radio Souk Ahras,1_0_2_16_1_FFFF_D343182_0_0_0.png,radiosoukahras.png,22.0W,(57) 22.0W KU-band SES 4,Missing
Radio Tebessa,1_0_2_2E_1_FFFF_D343182_0_0_0.png,radiotebessa.png,22.0W,(57) 22.0W KU-band SES 4,Missing
Radio Tessemssilt,1_0_2_2C_1_FFFF_D343182_0_0_0.png,radiotessemssilt.png,22.0W,(57) 22.0W KU-band SES 4,Missing
Radio Tiaret,1_0_2_34_1_FFFF_D343182_0_0_0.png,radiotiaret.png,22.0W,(57) 22.0W KU-band SES 4,Missing
Radio Tindouf,1_0_2_13_1_FFFF_D343182_0_0_0.png,radiotindouf.png,22.0W,(57) 22.0W KU-band SES 4,Missing
Radio Tipaza,1_0_2_31_1_FFFF_D343182_0_0_0.png,radiotipaza.png,22.0W,(57) 22.0W KU-band SES 4,Missing
Radio Tizi Ouzou,1_0_2_2B_1_FFFF_D343182_0_0_0.png,radiotiziouzou.png,22.0W,(57) 22.0W KU-band SES 4,Missing
Radio Tlemcen,1_0_2_D_1_FFFF_D343182_0_0_0.png,radiotlemcen.png,22.0W,(57) 22.0W KU-band SES 4,Missing
Radio Tref,1_0_2_1E_1_FFFF_D343182_0_0_0.png,radiotref.png,22.0W,(57) 22.0W KU-band SES 4,Missing
Radio tamanrasset,1_0_2_B_1_FFFF_D343182_0_0_0.png,radiotamanrasset.png,22.0W,(57) 22.0W KU-band SES 4,Missing
18.1W-ORTM@PID4096PLP0 Feed Service,1_0_1_320_FAE_1_D5B0000_0_0_0.png,181wortmpid4096plp0feedservice.png,18.1W,(135) 18.0W C-band Intelsat 37e,Missing
4014V SID 0x320,1_0_C_320_3A2_0_D5B0FAE_0_0_0.png,4014vsid0x320.png,18.1W,(135) 18.0W C-band Intelsat 37e,Missing
GBC,1_0_1_12D_3_1_D5B0000_0_0_0.png,gbc.png,18.1W,(135) 18.0W C-band Intelsat 37e,Missing
Gloom Channel,1_0_1_25B_6_1_D5B0000_0_0_0.png,gloomchannel.png,18.1W,(135) 18.0W C-band Intelsat 37e,Missing
Kessben TV (YFM),1_0_1_134_3_1_D5B0000_0_0_0.png,kessbentvyfm.png,18.1W,(135) 18.0W C-band Intelsat 37e,Missing
Media Mais TV,1_0_16_25A_6_1_D5B0000_0_0_0.png,mediamaistv.png,18.1W,(135) 18.0W C-band Intelsat 37e,Missing
Miramar,1_0_1_25E_6_1_D5B0000_0_0_0.png,miramar.png,18.1W,(135) 18.0W C-band Intelsat 37e,Missing
Pent TV,1_0_1_133_3_1_D5B0000_0_0_0.png,penttv.png,18.1W,(135) 18.0W C-band Intelsat 37e,Missing
Strong Live,1_0_16_259_6_1_D5B0000_0_0_0.png,stronglive.png,18.1W,(135) 18.0W C-band Intelsat 37e,Missing
TV Sucesso,1_0_16_260_6_1_D5B0000_0_0_0.png,tvsucesso.png,18.1W,(135) 18.0W C-band Intelsat 37e,Missing
TV3 (Peace FM),1_0_1_130_3_1_D5B0000_0_0_0.png,tv3peacefm.png,18.1W,(135) 18.0W C-band Intelsat 37e,Missing
8.1W-Easy TV Côte d'Ivoire@PID4097PLP0 Feed Service (ISI171,1_0_1_321_AB_1_DBF0000_0_0_0.png,81weasytvctedivoirepid4097plp0feedserviceisi171.png,8.1W,(138) 8.0W C-band Eutelsat 8 West B,Missing
8.1W-Easy TV Côte d'Ivoire@PID4097PLP5 Feed Service (ISI174,1_0_1_323_AE_1_DBF0000_0_0_0.png,81weasytvctedivoirepid4097plp5feedserviceisi174.png,8.1W,(138) 8.0W C-band Eutelsat 8 West B,Missing
8.1W-Easy TV Côte d'Ivoire@PID4099PLP2 Feed Service (ISI173,1_0_1_322_AD_1_DBF0000_0_0_0.png,81weasytvctedivoirepid4099plp2feedserviceisi173.png,8.1W,(138) 8.0W C-band Eutelsat 8 West B,Missing
CRTV,1_0_1_1_1_1_DBF0EF8_0_0_0.png,crtv.png,8.1W,(138) 8.0W C-band Eutelsat 8 West B,Missing
CRTV NEWS,1_0_1_2_1_1_DBF0EF8_0_0_0.png,crtvnews.png,8.1W,(138) 8.0W C-band Eutelsat 8 West B,Missing
CRTV SPORTS,1_0_1_3_1_1_DBF0EF8_0_0_0.png,crtvsports.png,8.1W,(138) 8.0W C-band Eutelsat 8 West B,Missing
ESPN 2 Africa,1_0_16_CA_1FBD_1_DBF0000_0_0_0.png,espn2africa.png,8.1W,(138) 8.0W C-band Eutelsat 8 West B,Missing
ESPN Africa,1_0_16_C9_1FBD_1_DBF0000_0_0_0.png,espnafrica.png,8.1W,(138) 8.0W C-band Eutelsat 8 West B,Missing
Equi Africa,1_0_1_16D_1F5F_77E_DBF0000_0_0_0.png,equiafrica.png,8.1W,(138) 8.0W C-band Eutelsat 8 West B,Missing
Equidia PRO3,1_0_16_16C_1F5F_77E_DBF0000_0_0_0.png,equidiapro3.png,8.1W,(138) 8.0W C-band Eutelsat 8 West B,Missing
LGCC-TV,1_0_1_1_1_1_DBF8F92_0_0_0.png,lgcctv.png,8.1W,(138) 8.0W C-band Eutelsat 8 West B,Missing
MCD Khartoum,1_0_2_339_1FBD_1_DBF0000_0_0_0.png,mcdkhartoum.png,8.1W,(138) 8.0W C-band Eutelsat 8 West B,Missing
NGC Africa,1_0_16_CB_1FBD_1_DBF0000_0_0_0.png,ngcafrica.png,8.1W,(138) 8.0W C-band Eutelsat 8 West B,Missing
NGC Wild Africa,1_0_16_CC_1FBD_1_DBF0000_0_0_0.png,ngcwildafrica.png,8.1W,(138) 8.0W C-band Eutelsat 8 West B,Missing
Nina TV English,1_0_16_D7_1FBD_1_DBF0000_0_0_0.png,ninatvenglish.png,8.1W,(138) 8.0W C-band Eutelsat 8 West B,Missing
Nina TV France,1_0_16_D8_1FBD_1_DBF0000_0_0_0.png,ninatvfrance.png,8.1W,(138) 8.0W C-band Eutelsat 8 West B,Missing
RADIO NOTRE DAME Internationale,1_0_1_6F4_1F87_77E_DBF0000_0_0_0.png,radionotredameinternationale.png,8.1W,(138) 8.0W C-band Eutelsat 8 West B,Missing
RFI 5/15 Swahili,1_0_2_34E_1FBD_1_DBF0000_0_0_0.png,rfi515swahili.png,8.1W,(138) 8.0W C-band Eutelsat 8 West B,Missing
RFI AF Centrale,1_0_2_33C_1FBD_1_DBF0000_0_0_0.png,rfiafcentrale.png,8.1W,(138) 8.0W C-band Eutelsat 8 West B,Missing
RFI BAFOUSSAM,1_0_2_3D5_1FBD_1_DBF0000_0_0_0.png,rfibafoussam.png,8.1W,(138) 8.0W C-band Eutelsat 8 West B,Missing
RFI BAMENDA,1_0_2_3D6_1FBD_1_DBF0000_0_0_0.png,rfibamenda.png,8.1W,(138) 8.0W C-band Eutelsat 8 West B,Missing
RFI Benin,1_0_2_34C_1FBD_1_DBF0000_0_0_0.png,rfibenin.png,8.1W,(138) 8.0W C-band Eutelsat 8 West B,Missing
RFI Bissau,1_0_2_327_1FBD_1_DBF0000_0_0_0.png,rfibissau.png,8.1W,(138) 8.0W C-band Eutelsat 8 West B,Missing
RFI Bouake-Korogo,1_0_2_353_1FBD_1_DBF0000_0_0_0.png,rfibouakekorogo.png,8.1W,(138) 8.0W C-band Eutelsat 8 West B,Missing
RFI Burundi Swa,1_0_2_363_1FBD_1_DBF0000_0_0_0.png,rfiburundiswa.png,8.1W,(138) 8.0W C-band Eutelsat 8 West B,Missing
RFI Cameroun,1_0_2_323_1FBD_1_DBF0000_0_0_0.png,rficameroun.png,8.1W,(138) 8.0W C-band Eutelsat 8 West B,Missing
RFI Cap Vert,1_0_2_324_1FBD_1_DBF0000_0_0_0.png,rficapvert.png,8.1W,(138) 8.0W C-band Eutelsat 8 West B,Missing
RFI Centrafrique,1_0_2_351_1FBD_1_DBF0000_0_0_0.png,rficentrafrique.png,8.1W,(138) 8.0W C-band Eutelsat 8 West B,Missing
RFI Conakry,1_0_2_350_1FBD_1_DBF0000_0_0_0.png,rficonakry.png,8.1W,(138) 8.0W C-band Eutelsat 8 West B,Missing
RFI Congo,1_0_2_34B_1FBD_1_DBF0000_0_0_0.png,rficongo.png,8.1W,(138) 8.0W C-band Eutelsat 8 West B,Missing
RFI Cote d'Ivoire,1_0_2_352_1FBD_1_DBF0000_0_0_0.png,rficotedivoire.png,8.1W,(138) 8.0W C-band Eutelsat 8 West B,Missing
RFI Divers 1,1_0_2_344_1FBD_1_DBF0000_0_0_0.png,rfidivers1.png,8.1W,(138) 8.0W C-band Eutelsat 8 West B,Missing
RFI Divers 2,1_0_2_345_1FBD_1_DBF0000_0_0_0.png,rfidivers2.png,8.1W,(138) 8.0W C-band Eutelsat 8 West B,Missing
RFI Divers 3,1_0_2_346_1FBD_1_DBF0000_0_0_0.png,rfidivers3.png,8.1W,(138) 8.0W C-band Eutelsat 8 West B,Missing
RFI Francais,1_0_2_322_1FBD_1_DBF0000_0_0_0.png,rfifrancais.png,8.1W,(138) 8.0W C-band Eutelsat 8 West B,Missing
RFI GHANA-PEUL,1_0_2_3D0_1FBD_1_DBF0000_0_0_0.png,rfighanapeul.png,8.1W,(138) 8.0W C-band Eutelsat 8 West B,Missing
RFI Gabon,1_0_2_334_1FBD_1_DBF0000_0_0_0.png,rfigabon.png,8.1W,(138) 8.0W C-band Eutelsat 8 West B,Missing
RFI Gambie,1_0_2_325_1FBD_1_DBF0000_0_0_0.png,rfigambie.png,8.1W,(138) 8.0W C-band Eutelsat 8 West B,Missing
RFI Ghana,1_0_2_326_1FBD_1_DBF0000_0_0_0.png,rfighana.png,8.1W,(138) 8.0W C-band Eutelsat 8 West B,Missing
RFI HAU 05,1_0_2_3C8_1FBD_1_DBF0000_0_0_0.png,rfihau05.png,8.1W,(138) 8.0W C-band Eutelsat 8 West B,Missing
RFI Juba,1_0_2_340_1FBD_1_DBF0000_0_0_0.png,rfijuba.png,8.1W,(138) 8.0W C-band Eutelsat 8 West B,Missing
RFI KAOLACK,1_0_2_3D1_1FBD_1_DBF0000_0_0_0.png,rfikaolack.png,8.1W,(138) 8.0W C-band Eutelsat 8 West B,Missing
RFI Kankan-Nzerekore,1_0_2_356_1FBD_1_DBF0000_0_0_0.png,rfikankannzerekore.png,8.1W,(138) 8.0W C-band Eutelsat 8 West B,Missing
RFI Kenya,1_0_2_33D_1FBD_1_DBF0000_0_0_0.png,rfikenya.png,8.1W,(138) 8.0W C-band Eutelsat 8 West B,Missing
RFI Langues 1,1_0_2_341_1FBD_1_DBF0000_0_0_0.png,rfilangues1.png,8.1W,(138) 8.0W C-band Eutelsat 8 West B,Missing
RFI Langues 2,1_0_2_342_1FBD_1_DBF0000_0_0_0.png,rfilangues2.png,8.1W,(138) 8.0W C-band Eutelsat 8 West B,Missing
RFI Lesotho,1_0_2_329_1FBD_1_DBF0000_0_0_0.png,rfilesotho.png,8.1W,(138) 8.0W C-band Eutelsat 8 West B,Missing
RFI Liberia,1_0_2_32A_1FBD_1_DBF0000_0_0_0.png,rfiliberia.png,8.1W,(138) 8.0W C-band Eutelsat 8 West B,Missing
RFI Malabo Pico,1_0_2_328_1FBD_1_DBF0000_0_0_0.png,rfimalabopico.png,8.1W,(138) 8.0W C-band Eutelsat 8 West B,Missing
RFI Malabo Ville,1_0_2_337_1FBD_1_DBF0000_0_0_0.png,rfimalaboville.png,8.1W,(138) 8.0W C-band Eutelsat 8 West B,Missing
RFI Mali,1_0_2_336_1FBD_1_DBF0000_0_0_0.png,rfimali.png,8.1W,(138) 8.0W C-band Eutelsat 8 West B,Missing
RFI Mauritanie,1_0_2_32C_1FBD_1_DBF0000_0_0_0.png,rfimauritanie.png,8.1W,(138) 8.0W C-band Eutelsat 8 West B,Missing
RFI Mozambique,1_0_2_32B_1FBD_1_DBF0000_0_0_0.png,rfimozambique.png,8.1W,(138) 8.0W C-band Eutelsat 8 West B,Missing
RFI Musique,1_0_2_343_1FBD_1_DBF0000_0_0_0.png,rfimusique.png,8.1W,(138) 8.0W C-band Eutelsat 8 West B,Missing
RFI Nord Cameroun,1_0_2_33A_1FBD_1_DBF0000_0_0_0.png,rfinordcameroun.png,8.1W,(138) 8.0W C-band Eutelsat 8 West B,Missing
RFI Ocean Indien,1_0_2_32F_1FBD_1_DBF0000_0_0_0.png,rfioceanindien.png,8.1W,(138) 8.0W C-band Eutelsat 8 West B,Missing
RFI Ouganda,1_0_2_32D_1FBD_1_DBF0000_0_0_0.png,rfiouganda.png,8.1W,(138) 8.0W C-band Eutelsat 8 West B,Missing
RFI Pub 1,1_0_2_347_1FBD_1_DBF0000_0_0_0.png,rfipub1.png,8.1W,(138) 8.0W C-band Eutelsat 8 West B,Missing
RFI Pub 10,1_0_2_368_1FBD_1_DBF0000_0_0_0.png,rfipub10.png,8.1W,(138) 8.0W C-band Eutelsat 8 West B,Missing
RFI Pub 2,1_0_2_348_1FBD_1_DBF0000_0_0_0.png,rfipub2.png,8.1W,(138) 8.0W C-band Eutelsat 8 West B,Missing
RFI Pub 6,1_0_2_349_1FBD_1_DBF0000_0_0_0.png,rfipub6.png,8.1W,(138) 8.0W C-band Eutelsat 8 West B,Missing
RFI RDC Ouest,1_0_2_34F_1FBD_1_DBF0000_0_0_0.png,rfirdcouest.png,8.1W,(138) 8.0W C-band Eutelsat 8 West B,Missing
RFI RMC,1_0_2_321_1FBD_1_DBF0000_0_0_0.png,rfirmc.png,8.1W,(138) 8.0W C-band Eutelsat 8 West B,Missing
RFI Rwanda,1_0_2_355_1FBD_1_DBF0000_0_0_0.png,rfirwanda.png,8.1W,(138) 8.0W C-band Eutelsat 8 West B,Missing
RFI ST-LOUIS,1_0_2_3D2_1FBD_1_DBF0000_0_0_0.png,rfistlouis.png,8.1W,(138) 8.0W C-band Eutelsat 8 West B,Missing
RFI SWA 58,1_0_2_3DB_1FBD_1_DBF0000_0_0_0.png,rfiswa58.png,8.1W,(138) 8.0W C-band Eutelsat 8 West B,Missing
RFI Sao Tome,1_0_2_32E_1FBD_1_DBF0000_0_0_0.png,rfisaotome.png,8.1W,(138) 8.0W C-band Eutelsat 8 West B,Missing
RFI Senegal,1_0_2_338_1FBD_1_DBF0000_0_0_0.png,rfisenegal.png,8.1W,(138) 8.0W C-band Eutelsat 8 West B,Missing
RFI Sierra Leone,1_0_2_330_1FBD_1_DBF0000_0_0_0.png,rfisierraleone.png,8.1W,(138) 8.0W C-band Eutelsat 8 West B,Missing
RFI TCHAD PEUL,1_0_2_3D8_1FBD_1_DBF0000_0_0_0.png,rfitchadpeul.png,8.1W,(138) 8.0W C-band Eutelsat 8 West B,Missing
RFI Tambacounda,1_0_2_33F_1FBD_1_DBF0000_0_0_0.png,rfitambacounda.png,8.1W,(138) 8.0W C-band Eutelsat 8 West B,Missing
RFI Tchad,1_0_2_335_1FBD_1_DBF0000_0_0_0.png,rfitchad.png,8.1W,(138) 8.0W C-band Eutelsat 8 West B,Missing
RFI Test 8WB,1_0_2_354_1FBD_1_DBF0000_0_0_0.png,rfitest8wb.png,8.1W,(138) 8.0W C-band Eutelsat 8 West B,Missing
RFI Togo,1_0_2_34D_1FBD_1_DBF0000_0_0_0.png,rfitogo.png,8.1W,(138) 8.0W C-band Eutelsat 8 West B,Missing
RFI ZIGUINCHOR,1_0_2_3D3_1FBD_1_DBF0000_0_0_0.png,rfiziguinchor.png,8.1W,(138) 8.0W C-band Eutelsat 8 West B,Missing
RFI Zambie,1_0_2_331_1FBD_1_DBF0000_0_0_0.png,rfizambie.png,8.1W,(138) 8.0W C-band Eutelsat 8 West B,Missing
RFI-GUIN-PEU,1_0_2_35F_1FBD_1_DBF0000_0_0_0.png,rfiguinpeu.png,8.1W,(138) 8.0W C-band Eutelsat 8 West B,Missing
RFI-SENE-PEU,1_0_2_362_1FBD_1_DBF0000_0_0_0.png,rfisenepeu.png,8.1W,(138) 8.0W C-band Eutelsat 8 West B,Missing
Radio Exterior,1_0_2_E01_1_22D4_DBF0000_0_0_0.png,radioexterior.png,8.1W,(138) 8.0W C-band Eutelsat 8 West B,Missing
TVE INT AFRICA,1_0_19_DFC_1_22D4_DBF0000_0_0_0.png,tveintafrica.png,8.1W,(138) 8.0W C-band Eutelsat 8 West B,Missing
11013H SID 0x270b,1_0_64_270B_64_77E_DC00000_0_0_0.png,11013hsid0x270b.png,8.0W,(60) 8.0W KU-band Eutelsat 8 West B,Missing
11013H SID 0x456,1_0_64_456_64_77E_DC00000_0_0_0.png,11013hsid0x456.png,8.0W,(60) 8.0W KU-band Eutelsat 8 West B,Missing
11013H SID 0xfffe,1_0_64_FFFE_64_77E_DC00000_0_0_0.png,11013hsid0xfffe.png,8.0W,(60) 8.0W KU-band Eutelsat 8 West B,Missing
11054H SID 0x270d,1_0_64_270D_C8_77E_DC00000_0_0_0.png,11054hsid0x270d.png,8.0W,(60) 8.0W KU-band Eutelsat 8 West B,Missing
11054H SID 0x270e,1_0_64_270E_C8_77E_DC00000_0_0_0.png,11054hsid0x270e.png,8.0W,(60) 8.0W KU-band Eutelsat 8 West B,Missing
11054H SID 0x270f,1_0_64_270F_C8_77E_DC00000_0_0_0.png,11054hsid0x270f.png,8.0W,(60) 8.0W KU-band Eutelsat 8 West B,Missing
11054H SID 0x272f,1_0_64_272F_C8_77E_DC00000_0_0_0.png,11054hsid0x272f.png,8.0W,(60) 8.0W KU-band Eutelsat 8 West B,Missing
11054H SID 0x2730,1_0_64_2730_C8_77E_DC00000_0_0_0.png,11054hsid0x2730.png,8.0W,(60) 8.0W KU-band Eutelsat 8 West B,Missing
11054H SID 0x4b0,1_0_64_4B0_C8_77E_DC00000_0_0_0.png,11054hsid0x4b0.png,8.0W,(60) 8.0W KU-band Eutelsat 8 West B,Missing
11054H SID 0xfffe,1_0_64_FFFE_C8_77E_DC00000_0_0_0.png,11054hsid0xfffe.png,8.0W,(60) 8.0W KU-band Eutelsat 8 West B,Missing
12604H SID 0x2708,1_0_64_2708_12C_77E_DC00000_0_0_0.png,12604hsid0x2708.png,8.0W,(60) 8.0W KU-band Eutelsat 8 West B,Missing
12604H SID 0x2709,1_0_64_2709_12C_77E_DC00000_0_0_0.png,12604hsid0x2709.png,8.0W,(60) 8.0W KU-band Eutelsat 8 West B,Missing
12604H SID 0x270a,1_0_64_270A_12C_77E_DC00000_0_0_0.png,12604hsid0x270a.png,8.0W,(60) 8.0W KU-band Eutelsat 8 West B,Missing
12604H SID 0x514,1_0_64_514_12C_77E_DC00000_0_0_0.png,12604hsid0x514.png,8.0W,(60) 8.0W KU-band Eutelsat 8 West B,Missing
12604H SID 0xfffe,1_0_64_FFFE_12C_77E_DC00000_0_0_0.png,12604hsid0xfffe.png,8.0W,(60) 8.0W KU-band Eutelsat 8 West B,Missing
Al Arabiya FM,1_0_2_10_3B_800_DC00000_0_0_0.png,alarabiyafm.png,8.0W,(60) 8.0W KU-band Eutelsat 8 West B,Missing
Al Forat HD,1_0_19_1C94_49_800_DC00000_0_0_0.png,alforathd.png,8.0W,(60) 8.0W KU-band Eutelsat 8 West B,Missing
Al Khartoum Radio,1_0_A_244_3B6_5000_DC00000_0_0_0.png,alkhartoumradio.png,8.0W,(60) 8.0W KU-band Eutelsat 8 West B,Missing
Al Mawsleya HD,1_0_19_1C85_49_800_DC00000_0_0_0.png,almawsleyahd.png,8.0W,(60) 8.0W KU-band Eutelsat 8 West B,Missing
AlSudania 2 Radio,1_0_A_212_3B6_5000_DC00000_0_0_0.png,alsudania2radio.png,8.0W,(60) 8.0W KU-band Eutelsat 8 West B,Missing
Athan Tulkarem,1_0_A_138E_384_5000_DC00000_0_0_0.png,athantulkarem.png,8.0W,(60) 8.0W KU-band Eutelsat 8 West B,Missing
BBC (E),1_0_2_1B67_46_800_DC00000_0_0_0.png,bbce.png,8.0W,(60) 8.0W KU-band Eutelsat 8 West B,Missing
Beladi FM,1_0_A_1FE_3B6_5000_DC00000_0_0_0.png,beladifm.png,8.0W,(60) 8.0W KU-band Eutelsat 8 West B,Missing
DW-A2,1_0_2_A99_1_2A_DC00000_0_0_0.png,dwa2.png,8.0W,(60) 8.0W KU-band Eutelsat 8 West B,Missing
DW05,1_0_2_A9A_1_2A_DC00000_0_0_0.png,dw05.png,8.0W,(60) 8.0W KU-band Eutelsat 8 West B,Missing
Dongola Radio,1_0_A_30C_3B6_5000_DC00000_0_0_0.png,dongolaradio.png,8.0W,(60) 8.0W KU-band Eutelsat 8 West B,Missing
ERI Radio 1,1_0_2_1CA2_49_800_DC00000_0_0_0.png,eriradio1.png,8.0W,(60) 8.0W KU-band Eutelsat 8 West B,Missing
ERI Radio 2,1_0_2_1CA3_49_800_DC00000_0_0_0.png,eriradio2.png,8.0W,(60) 8.0W KU-band Eutelsat 8 West B,Missing
ERI Radio 3,1_0_2_1CA4_49_800_DC00000_0_0_0.png,eriradio3.png,8.0W,(60) 8.0W KU-band Eutelsat 8 West B,Missing
ERI Radio 4,1_0_2_1CA5_49_800_DC00000_0_0_0.png,eriradio4.png,8.0W,(60) 8.0W KU-band Eutelsat 8 West B,Missing
Kan_Gimel,1_0_2_36_C3B4_77E_DC00000_0_0_0.png,kangimel.png,8.0W,(60) 8.0W KU-band Eutelsat 8 West B,Missing
Kan_Homusica,1_0_2_39_C3B4_77E_DC00000_0_0_0.png,kanhomusica.png,8.0W,(60) 8.0W KU-band Eutelsat 8 West B,Missing
Kuwait Al-Thikr Al-Hakeem,1_0_2_14_7594_77E_DC00000_0_0_0.png,kuwaitalthikralhakeem.png,8.0W,(60) 8.0W KU-band Eutelsat 8 West B,Missing
Kuwait Dana,1_0_2_13_7594_77E_DC00000_0_0_0.png,kuwaitdana.png,8.0W,(60) 8.0W KU-band Eutelsat 8 West B,Missing
Kuwait Dar Al-Ethaa,1_0_2_12_7594_77E_DC00000_0_0_0.png,kuwaitdaralethaa.png,8.0W,(60) 8.0W KU-band Eutelsat 8 West B,Missing
Kuwait Easy,1_0_2_E_7594_77E_DC00000_0_0_0.png,kuwaiteasy.png,8.0W,(60) 8.0W KU-band Eutelsat 8 West B,Missing
Kuwait FM,1_0_2_F_7594_77E_DC00000_0_0_0.png,kuwaitfm.png,8.0W,(60) 8.0W KU-band Eutelsat 8 West B,Missing
Kuwait Holy Quran,1_0_2_D_7594_77E_DC00000_0_0_0.png,kuwaitholyquran.png,8.0W,(60) 8.0W KU-band Eutelsat 8 West B,Missing
Kuwait Main Program,1_0_2_B_7594_77E_DC00000_0_0_0.png,kuwaitmainprogram.png,8.0W,(60) 8.0W KU-band Eutelsat 8 West B,Missing
Kuwait Old Arabic,1_0_2_11_7594_77E_DC00000_0_0_0.png,kuwaitoldarabic.png,8.0W,(60) 8.0W KU-band Eutelsat 8 West B,Missing
Kuwait Second Program,1_0_2_C_7594_77E_DC00000_0_0_0.png,kuwaitsecondprogram.png,8.0W,(60) 8.0W KU-band Eutelsat 8 West B,Missing
Libya G+,1_0_19_14C8_320_5000_DC00000_0_0_0.png,libyag.png,8.0W,(60) 8.0W KU-band Eutelsat 8 West B,Missing
Libya G+,1_0_19_12FC_1F4_5000_DC00000_0_0_0.png,libyag.png,8.0W,(60) 8.0W KU-band Eutelsat 8 West B,Missing
Loud FM,1_0_2_12_3B_800_DC00000_0_0_0.png,loudfm.png,8.0W,(60) 8.0W KU-band Eutelsat 8 West B,Missing
MBC FM,1_0_2_E_3B_800_DC00000_0_0_0.png,mbcfm.png,8.0W,(60) 8.0W KU-band Eutelsat 8 West B,Missing
MBCFM SPLIT1,1_0_2_1E_3B_800_DC00000_0_0_0.png,mbcfmsplit1.png,8.0W,(60) 8.0W KU-band Eutelsat 8 West B,Missing
MBCFM SPLIT2,1_0_2_1F_3B_800_DC00000_0_0_0.png,mbcfmsplit2.png,8.0W,(60) 8.0W KU-band Eutelsat 8 West B,Missing
MCD Radio,1_0_2_172A_1F4_5000_DC00000_0_0_0.png,mcdradio.png,8.0W,(60) 8.0W KU-band Eutelsat 8 West B,Missing
Nablus Radio,1_0_A_138D_384_5000_DC00000_0_0_0.png,nablusradio.png,8.0W,(60) 8.0W KU-band Eutelsat 8 West B,Missing
OTA,1_0_C_1A04_3B_800_DC00000_0_0_0.png,ota.png,8.0W,(60) 8.0W KU-band Eutelsat 8 West B,Missing
OTA 1,1_0_C_1A06_3B_800_DC00000_0_0_0.png,ota1.png,8.0W,(60) 8.0W KU-band Eutelsat 8 West B,Missing
OTA 2,1_0_C_1A05_3B_800_DC00000_0_0_0.png,ota2.png,8.0W,(60) 8.0W KU-band Eutelsat 8 West B,Missing
Pal Quraan 2,1_0_A_138C_384_5000_DC00000_0_0_0.png,palquraan2.png,8.0W,(60) 8.0W KU-band Eutelsat 8 West B,Missing
Panorama FM,1_0_2_F_3B_800_DC00000_0_0_0.png,panoramafm.png,8.0W,(60) 8.0W KU-band Eutelsat 8 West B,Missing
Pulse95 SHJ,1_0_A_B_208_2BE_DC00000_0_0_0.png,pulse95shj.png,8.0W,(60) 8.0W KU-band Eutelsat 8 West B,Missing
ROJAVA FM,1_0_2_690_FFDC_1_DC00000_0_0_0.png,rojavafm.png,8.0W,(60) 8.0W KU-band Eutelsat 8 West B,Missing
Radio Contact FR.,1_0_2_190_1BC_1_DC00000_0_0_0.png,radiocontactfr.png,8.0W,(60) 8.0W KU-band Eutelsat 8 West B,Missing
Radio Miraya,1_0_2_FC6_1D_6E_DC00000_0_0_0.png,radiomiraya.png,8.0W,(60) 8.0W KU-band Eutelsat 8 West B,Missing
Radio Sawt El Shaa,1_0_2_31_8_FFFF_DC00000_0_0_0.png,radiosawtelshaa.png,8.0W,(60) 8.0W KU-band Eutelsat 8 West B,Missing
Radio WAL,1_0_A_17DE_190_5000_DC00000_0_0_0.png,radiowal.png,8.0W,(60) 8.0W KU-band Eutelsat 8 West B,Missing
Radio alomma,1_0_2_1CA9_49_800_DC00000_0_0_0.png,radioalomma.png,8.0W,(60) 8.0W KU-band Eutelsat 8 West B,Missing
Riyadh FM Split,1_0_2_11_3B_800_DC00000_0_0_0.png,riyadhfmsplit.png,8.0W,(60) 8.0W KU-band Eutelsat 8 West B,Missing
Sahiroon Radio,1_0_2_32_C3B4_77E_DC00000_0_0_0.png,sahiroonradio.png,8.0W,(60) 8.0W KU-band Eutelsat 8 West B,Missing
Series +2 HD,1_0_19_A91_1_2A_DC00000_0_0_0.png,series2hd.png,8.0W,(60) 8.0W KU-band Eutelsat 8 West B,Missing
Sharjah Quran,1_0_A_A_208_2BE_DC00000_0_0_0.png,sharjahquran.png,8.0W,(60) 8.0W KU-band Eutelsat 8 West B,Missing
Sout Al Rayyan,1_0_2_19B_4EE8_77E_DC00000_0_0_0.png,soutalrayyan.png,8.0W,(60) 8.0W KU-band Eutelsat 8 West B,Missing
Sout Al-Islam Doha,1_0_2_19C_4EE8_77E_DC00000_0_0_0.png,soutalislamdoha.png,8.0W,(60) 8.0W KU-band Eutelsat 8 West B,Missing
WATAR SHJ,1_0_A_C_208_2BE_DC00000_0_0_0.png,watarshj.png,8.0W,(60) 8.0W KU-band Eutelsat 8 West B,Missing
White Nile State Radio,1_0_A_262_3B6_5000_DC00000_0_0_0.png,whitenilestateradio.png,8.0W,(60) 8.0W KU-band Eutelsat 8 West B,Missing
Yemen TV HD,1_0_19_7_8_FFFF_DC00000_0_0_0.png,yementvhd.png,8.0W,(60) 8.0W KU-band Eutelsat 8 West B,Missing
11823V SID 0x0a,1_0_1_A_B_800_DC90000_0_0_0.png,11823vsid0x0a.png,7.1W,(61) 7.1W KU-band Nilesat 201/301 & Eutelsat 7 West A,Missing
AL-Menia,1_0_2_235_5_800_DC90000_0_0_0.png,almenia.png,7.1W,(61) 7.1W KU-band Nilesat 201/301 & Eutelsat 7 West A,Missing
AL-Sharg AL-awsat,1_0_2_22B_5_800_DC90000_0_0_0.png,alshargalawsat.png,7.1W,(61) 7.1W KU-band Nilesat 201/301 & Eutelsat 7 West A,Missing
AL-bernameg AL-aam,1_0_2_227_5_800_DC90000_0_0_0.png,albernamegalaam.png,7.1W,(61) 7.1W KU-band Nilesat 201/301 & Eutelsat 7 West A,Missing
AL-bernameg AL-orobi,1_0_2_22C_5_800_DC90000_0_0_0.png,albernamegalorobi.png,7.1W,(61) 7.1W KU-band Nilesat 201/301 & Eutelsat 7 West A,Missing
AL-shabab W Al-reyadah,1_0_2_22F_5_800_DC90000_0_0_0.png,alshababwalreyadah.png,7.1W,(61) 7.1W KU-band Nilesat 201/301 & Eutelsat 7 West A,Missing
ALKOFIYA HD,1_0_19_1CD_10_6E_DC90000_0_0_0.png,alkofiyahd.png,7.1W,(61) 7.1W KU-band Nilesat 201/301 & Eutelsat 7 West A,Missing
ALWadi ALGaded,1_0_2_290_6_800_DC90000_0_0_0.png,alwadialgaded.png,7.1W,(61) 7.1W KU-band Nilesat 201/301 & Eutelsat 7 West A,Missing
Abu Dhabi FM,1_0_2_B_32_64_DC90000_0_0_0.png,abudhabifm.png,7.1W,(61) 7.1W KU-band Nilesat 201/301 & Eutelsat 7 West A,Missing
Aghwar Shamaliah,1_0_2_357_8_800_DC90000_0_0_0.png,aghwarshamaliah.png,7.1W,(61) 7.1W KU-band Nilesat 201/301 & Eutelsat 7 West A,Missing
Al Alam HD,1_0_19_653_10_800_DC90000_0_0_0.png,alalamhd.png,7.1W,(61) 7.1W KU-band Nilesat 201/301 & Eutelsat 7 West A,Missing
Al Kahera Wal Nas +2,1_0_1_515_D_800_DC90000_0_0_0.png,alkaherawalnas2.png,7.1W,(61) 7.1W KU-band Nilesat 201/301 & Eutelsat 7 West A,Missing
Al Kawthar HD,1_0_19_644_10_800_DC90000_0_0_0.png,alkawtharhd.png,7.1W,(61) 7.1W KU-band Nilesat 201/301 & Eutelsat 7 West A,Missing
Al Mayadeen HD,1_0_19_12F_C23_6E_DC90000_0_0_0.png,almayadeenhd.png,7.1W,(61) 7.1W KU-band Nilesat 201/301 & Eutelsat 7 West A,Missing
Al QURAN-SYR,1_0_2_B16_1C_800_DC90000_0_0_0.png,alquransyr.png,7.1W,(61) 7.1W KU-band Nilesat 201/301 & Eutelsat 7 West A,Missing
Almahriah HD,1_0_19_F1_C21_6E_DC90000_0_0_0.png,almahriahhd.png,7.1W,(61) 7.1W KU-band Nilesat 201/301 & Eutelsat 7 West A,Missing
Almasirah HD,1_0_19_D_1_FFFF_DC92A3F_0_0_0.png,almasirahhd.png,7.1W,(61) 7.1W KU-band Nilesat 201/301 & Eutelsat 7 West A,Missing
Alsouriya TV-HD,1_0_19_B08_1C_800_DC90000_0_0_0.png,alsouriyatvhd.png,7.1W,(61) 7.1W KU-band Nilesat 201/301 & Eutelsat 7 West A,Missing
Asharq Discovery HD,1_0_19_67_D098_77E_DC90000_0_0_0.png,asharqdiscoveryhd.png,7.1W,(61) 7.1W KU-band Nilesat 201/301 & Eutelsat 7 West A,Missing
Asharq Documentary HD,1_0_19_66_D098_77E_DC90000_0_0_0.png,asharqdocumentaryhd.png,7.1W,(61) 7.1W KU-band Nilesat 201/301 & Eutelsat 7 West A,Missing
Aswan,1_0_2_28D_6_800_DC90000_0_0_0.png,aswan.png,7.1W,(61) 7.1W KU-band Nilesat 201/301 & Eutelsat 7 West A,Missing
BBC (A),1_0_2_26D_6_800_DC90000_0_0_0.png,bbca.png,7.1W,(61) 7.1W KU-band Nilesat 201/301 & Eutelsat 7 West A,Missing
BBC (E),1_0_2_26E_6_800_DC90000_0_0_0.png,bbce.png,7.1W,(61) 7.1W KU-band Nilesat 201/301 & Eutelsat 7 West A,Missing
BBC Horn of Africa,1_0_2_28E_6_800_DC90000_0_0_0.png,bbchornofafrica.png,7.1W,(61) 7.1W KU-band Nilesat 201/301 & Eutelsat 7 West A,Missing
Bakous Alexandaria,1_0_2_28C_6_800_DC90000_0_0_0.png,bakousalexandaria.png,7.1W,(61) 7.1W KU-band Nilesat 201/301 & Eutelsat 7 West A,Missing
Bangali,1_0_2_A45_1A_2BE_DC90000_0_0_0.png,bangali.png,7.1W,(61) 7.1W KU-band Nilesat 201/301 & Eutelsat 7 West A,Missing
CBC HD,1_0_19_1327_31_800_DC90000_0_0_0.png,cbchd.png,7.1W,(61) 7.1W KU-band Nilesat 201/301 & Eutelsat 7 West A,Missing
CHAINE 1,1_0_2_B_1_0_DC92DA0_0_0_0.png,chaine1.png,7.1W,(61) 7.1W KU-band Nilesat 201/301 & Eutelsat 7 West A,Missing
CHAINE 2,1_0_2_C_1_0_DC92DA0_0_0_0.png,chaine2.png,7.1W,(61) 7.1W KU-band Nilesat 201/301 & Eutelsat 7 West A,Missing
CHAINE 3,1_0_2_D_1_0_DC92DA0_0_0_0.png,chaine3.png,7.1W,(61) 7.1W KU-band Nilesat 201/301 & Eutelsat 7 West A,Missing
Calssic,1_0_2_12_32_64_DC90000_0_0_0.png,calssic.png,7.1W,(61) 7.1W KU-band Nilesat 201/301 & Eutelsat 7 West A,Missing
Canal Radio,1_0_2_2A3_6_800_DC90000_0_0_0.png,canalradio.png,7.1W,(61) 7.1W KU-band Nilesat 201/301 & Eutelsat 7 West A,Missing
DRN Radio,1_0_2_26C_6_800_DC90000_0_0_0.png,drnradio.png,7.1W,(61) 7.1W KU-band Nilesat 201/301 & Eutelsat 7 West A,Missing
DUBAI SPORTS 2 HD,1_0_19_6_D1C4_77E_DC90000_0_0_0.png,dubaisports2hd.png,7.1W,(61) 7.1W KU-band Nilesat 201/301 & Eutelsat 7 West A,Missing
Damascus-Radio,1_0_2_B17_1C_800_DC90000_0_0_0.png,damascusradio.png,7.1W,(61) 7.1W KU-band Nilesat 201/301 & Eutelsat 7 West A,Missing
Dubai Radio,1_0_A_D_D1C4_77E_DC90000_0_0_0.png,dubairadio.png,7.1W,(61) 7.1W KU-band Nilesat 201/301 & Eutelsat 7 West A,Missing
Dubai TV HD,1_0_19_1_D1C4_77E_DC90000_0_0_0.png,dubaitvhd.png,7.1W,(61) 7.1W KU-band Nilesat 201/301 & Eutelsat 7 West A,Missing
ELRADIO 9090,1_0_2_243_5_800_DC90000_0_0_0.png,elradio9090.png,7.1W,(61) 7.1W KU-band Nilesat 201/301 & Eutelsat 7 West A,Missing
Eductional channel,1_0_2_231_5_800_DC90000_0_0_0.png,eductionalchannel.png,7.1W,(61) 7.1W KU-band Nilesat 201/301 & Eutelsat 7 West A,Missing
Ekhbaria,1_0_2_A41_1A_2BE_DC90000_0_0_0.png,ekhbaria.png,7.1W,(61) 7.1W KU-band Nilesat 201/301 & Eutelsat 7 West A,Missing
Eurpean Radio,1_0_2_A3F_1A_2BE_DC90000_0_0_0.png,eurpeanradio.png,7.1W,(61) 7.1W KU-band Nilesat 201/301 & Eutelsat 7 West A,Missing
French,1_0_2_A43_1A_2BE_DC90000_0_0_0.png,french.png,7.1W,(61) 7.1W KU-band Nilesat 201/301 & Eutelsat 7 West A,Missing
Fujairah FM,1_0_A_19DD_42_800_DC90000_0_0_0.png,fujairahfm.png,7.1W,(61) 7.1W KU-band Nilesat 201/301 & Eutelsat 7 West A,Missing
Hola Qatar,1_0_2_1B_1_1_DC9AA52_0_0_0.png,holaqatar.png,7.1W,(61) 7.1W KU-band Nilesat 201/301 & Eutelsat 7 West A,Missing
Hona AlAzim,1_0_2_A46_1A_2BE_DC90000_0_0_0.png,honaalazim.png,7.1W,(61) 7.1W KU-band Nilesat 201/301 & Eutelsat 7 West A,Missing
Houna alazm,1_0_2_A48_1A_2BE_DC90000_0_0_0.png,hounaalazm.png,7.1W,(61) 7.1W KU-band Nilesat 201/301 & Eutelsat 7 West A,Missing
Ifrikya FM,1_0_2_12_1_0_DC92DA0_0_0_0.png,ifrikyafm.png,7.1W,(61) 7.1W KU-band Nilesat 201/301 & Eutelsat 7 West A,Missing
Jedda Radio,1_0_2_A3E_1A_2BE_DC90000_0_0_0.png,jeddaradio.png,7.1W,(61) 7.1W KU-band Nilesat 201/301 & Eutelsat 7 West A,Missing
Jordan HD,1_0_19_340_8_800_DC90000_0_0_0.png,jordanhd.png,7.1W,(61) 7.1W KU-band Nilesat 201/301 & Eutelsat 7 West A,Missing
Jordan Radio,1_0_2_316_7_800_DC90000_0_0_0.png,jordanradio.png,7.1W,(61) 7.1W KU-band Nilesat 201/301 & Eutelsat 7 West A,Missing
Kadak,1_0_2_11_32_64_DC90000_0_0_0.png,kadak.png,7.1W,(61) 7.1W KU-band Nilesat 201/301 & Eutelsat 7 West A,Missing
Khozama,1_0_2_A49_1A_2BE_DC90000_0_0_0.png,khozama.png,7.1W,(61) 7.1W KU-band Nilesat 201/301 & Eutelsat 7 West A,Missing
Kuwait Al-Thikr Al-Hakeem,1_0_2_14_7594_77E_DC90000_0_0_0.png,kuwaitalthikralhakeem.png,7.1W,(61) 7.1W KU-band Nilesat 201/301 & Eutelsat 7 West A,Missing
Kuwait Dana,1_0_2_13_7594_77E_DC90000_0_0_0.png,kuwaitdana.png,7.1W,(61) 7.1W KU-band Nilesat 201/301 & Eutelsat 7 West A,Missing
Kuwait Dar Al-Ethaa,1_0_2_12_7594_77E_DC90000_0_0_0.png,kuwaitdaralethaa.png,7.1W,(61) 7.1W KU-band Nilesat 201/301 & Eutelsat 7 West A,Missing
Kuwait Easy,1_0_2_E_7594_77E_DC90000_0_0_0.png,kuwaiteasy.png,7.1W,(61) 7.1W KU-band Nilesat 201/301 & Eutelsat 7 West A,Missing
Kuwait FM,1_0_2_F_7594_77E_DC90000_0_0_0.png,kuwaitfm.png,7.1W,(61) 7.1W KU-band Nilesat 201/301 & Eutelsat 7 West A,Missing
Kuwait Holy Quran,1_0_2_D_7594_77E_DC90000_0_0_0.png,kuwaitholyquran.png,7.1W,(61) 7.1W KU-band Nilesat 201/301 & Eutelsat 7 West A,Missing
Kuwait Main Program,1_0_2_B_7594_77E_DC90000_0_0_0.png,kuwaitmainprogram.png,7.1W,(61) 7.1W KU-band Nilesat 201/301 & Eutelsat 7 West A,Missing
Kuwait Old Arabic,1_0_2_11_7594_77E_DC90000_0_0_0.png,kuwaitoldarabic.png,7.1W,(61) 7.1W KU-band Nilesat 201/301 & Eutelsat 7 West A,Missing
Kuwait Second Program,1_0_2_C_7594_77E_DC90000_0_0_0.png,kuwaitsecondprogram.png,7.1W,(61) 7.1W KU-band Nilesat 201/301 & Eutelsat 7 West A,Missing
MEDI1RADIO AFRIQUE,1_0_A_15F_C9_800_DC90000_0_0_0.png,medi1radioafrique.png,7.1W,(61) 7.1W KU-band Nilesat 201/301 & Eutelsat 7 West A,Missing
Maspero FM & Thakafy,1_0_2_23D_5_800_DC90000_0_0_0.png,masperofmthakafy.png,7.1W,(61) 7.1W KU-band Nilesat 201/301 & Eutelsat 7 West A,Missing
Matrouh,1_0_2_238_5_800_DC90000_0_0_0.png,matrouh.png,7.1W,(61) 7.1W KU-band Nilesat 201/301 & Eutelsat 7 West A,Missing
Mega FM,1_0_2_8B8_16_800_DC90000_0_0_0.png,megafm.png,7.1W,(61) 7.1W KU-band Nilesat 201/301 & Eutelsat 7 West A,Missing
Mowagahat-1,1_0_2_291_6_800_DC90000_0_0_0.png,mowagahat1.png,7.1W,(61) 7.1W KU-band Nilesat 201/301 & Eutelsat 7 West A,Missing
Mowagahat-2,1_0_2_292_6_800_DC90000_0_0_0.png,mowagahat2.png,7.1W,(61) 7.1W KU-band Nilesat 201/301 & Eutelsat 7 West A,Missing
Mowagahat-8,1_0_2_28F_6_800_DC90000_0_0_0.png,mowagahat8.png,7.1W,(61) 7.1W KU-band Nilesat 201/301 & Eutelsat 7 West A,Missing
Mowajhat,1_0_2_A42_1A_2BE_DC90000_0_0_0.png,mowajhat.png,7.1W,(61) 7.1W KU-band Nilesat 201/301 & Eutelsat 7 West A,Missing
Nagham FM,1_0_2_8B9_16_800_DC90000_0_0_0.png,naghamfm.png,7.1W,(61) 7.1W KU-band Nilesat 201/301 & Eutelsat 7 West A,Missing
Nile FM,1_0_2_668_10_800_DC90000_0_0_0.png,nilefm.png,7.1W,(61) 7.1W KU-band Nilesat 201/301 & Eutelsat 7 West A,Missing
Nile News HD,1_0_19_264_6_800_DC90000_0_0_0.png,nilenewshd.png,7.1W,(61) 7.1W KU-band Nilesat 201/301 & Eutelsat 7 West A,Missing
Nogoum FM,1_0_2_669_10_800_DC90000_0_0_0.png,nogoumfm.png,7.1W,(61) 7.1W KU-band Nilesat 201/301 & Eutelsat 7 West A,Missing
Noor Dubai Radio,1_0_A_15_D1C4_77E_DC90000_0_0_0.png,noordubairadio.png,7.1W,(61) 7.1W KU-band Nilesat 201/301 & Eutelsat 7 West A,Missing
North Sinai,1_0_2_23A_5_800_DC90000_0_0_0.png,northsinai.png,7.1W,(61) 7.1W KU-band Nilesat 201/301 & Eutelsat 7 West A,Missing
ON SPORT HD,1_0_19_7D1_14_800_DC90000_0_0_0.png,onsporthd.png,7.1W,(61) 7.1W KU-band Nilesat 201/301 & Eutelsat 7 West A,Missing
Oman Classic Radio,1_0_2_4C3_C_800_DC90000_0_0_0.png,omanclassicradio.png,7.1W,(61) 7.1W KU-band Nilesat 201/301 & Eutelsat 7 West A,Missing
Oman English Radio,1_0_2_4C1_C_800_DC90000_0_0_0.png,omanenglishradio.png,7.1W,(61) 7.1W KU-band Nilesat 201/301 & Eutelsat 7 West A,Missing
Oman General Radio,1_0_2_4BF_C_800_DC90000_0_0_0.png,omangeneralradio.png,7.1W,(61) 7.1W KU-band Nilesat 201/301 & Eutelsat 7 West A,Missing
Oman HolyQuran Radio,1_0_2_4C2_C_800_DC90000_0_0_0.png,omanholyquranradio.png,7.1W,(61) 7.1W KU-band Nilesat 201/301 & Eutelsat 7 West A,Missing
Oman Shabab Radio,1_0_2_4C0_C_800_DC90000_0_0_0.png,omanshababradio.png,7.1W,(61) 7.1W KU-band Nilesat 201/301 & Eutelsat 7 West A,Missing
Palestine Radio,1_0_2_46A_B_800_DC90000_0_0_0.png,palestineradio.png,7.1W,(61) 7.1W KU-band Nilesat 201/301 & Eutelsat 7 West A,Missing
Pishto,1_0_2_A44_1A_2BE_DC90000_0_0_0.png,pishto.png,7.1W,(61) 7.1W KU-band Nilesat 201/301 & Eutelsat 7 West A,Missing
Press TV HD,1_0_19_AF2_1C_800_DC90000_0_0_0.png,presstvhd.png,7.1W,(61) 7.1W KU-band Nilesat 201/301 & Eutelsat 7 West A,Missing
Qatar Oryx Radio,1_0_2_17_1_1_DC9AA52_0_0_0.png,qataroryxradio.png,7.1W,(61) 7.1W KU-band Nilesat 201/301 & Eutelsat 7 West A,Missing
Qatar QBS Radio,1_0_2_18_1_1_DC9AA52_0_0_0.png,qatarqbsradio.png,7.1W,(61) 7.1W KU-band Nilesat 201/301 & Eutelsat 7 West A,Missing
Qatar R Quran,1_0_2_16_1_1_DC9AA52_0_0_0.png,qatarrquran.png,7.1W,(61) 7.1W KU-band Nilesat 201/301 & Eutelsat 7 West A,Missing
Qatar R Quran 2,1_0_2_1A_1_1_DC9AA52_0_0_0.png,qatarrquran2.png,7.1W,(61) 7.1W KU-band Nilesat 201/301 & Eutelsat 7 West A,Missing
Qatar Urdu,1_0_2_19_1_1_DC9AA52_0_0_0.png,qatarurdu.png,7.1W,(61) 7.1W KU-band Nilesat 201/301 & Eutelsat 7 West A,Missing
Quran Kareem Ajloun,1_0_2_34C_8_800_DC90000_0_0_0.png,qurankareemajloun.png,7.1W,(61) 7.1W KU-band Nilesat 201/301 & Eutelsat 7 West A,Missing
Quran Kareem Al-Balqa,1_0_2_34E_8_800_DC90000_0_0_0.png,qurankareemalbalqa.png,7.1W,(61) 7.1W KU-band Nilesat 201/301 & Eutelsat 7 West A,Missing
Quran Kareem Aqaba,1_0_2_351_8_800_DC90000_0_0_0.png,qurankareemaqaba.png,7.1W,(61) 7.1W KU-band Nilesat 201/301 & Eutelsat 7 West A,Missing
Quran Kareem Jordan,1_0_2_323_8_800_DC90000_0_0_0.png,qurankareemjordan.png,7.1W,(61) 7.1W KU-band Nilesat 201/301 & Eutelsat 7 West A,Missing
Quran Kareem Karak,1_0_2_33E_7_800_DC90000_0_0_0.png,qurankareemkarak.png,7.1W,(61) 7.1W KU-band Nilesat 201/301 & Eutelsat 7 West A,Missing
Quran Kareem ma'an,1_0_2_352_8_800_DC90000_0_0_0.png,qurankareemmaan.png,7.1W,(61) 7.1W KU-band Nilesat 201/301 & Eutelsat 7 West A,Missing
RADIO CORAN,1_0_2_14_1_0_DC92DA0_0_0_0.png,radiocoran.png,7.1W,(61) 7.1W KU-band Nilesat 201/301 & Eutelsat 7 West A,Missing
RADIO CULTURE,1_0_2_10_1_0_DC92DA0_0_0_0.png,radioculture.png,7.1W,(61) 7.1W KU-band Nilesat 201/301 & Eutelsat 7 West A,Missing
RADIO DECROCHAGE,1_0_2_E_1_0_DC92DA0_0_0_0.png,radiodecrochage.png,7.1W,(61) 7.1W KU-band Nilesat 201/301 & Eutelsat 7 West A,Missing
RADIO INTERNATIONALE,1_0_2_11_1_0_DC92DA0_0_0_0.png,radiointernationale.png,7.1W,(61) 7.1W KU-band Nilesat 201/301 & Eutelsat 7 West A,Missing
RADIO JEUNESSE,1_0_2_13_1_0_DC92DA0_0_0_0.png,radiojeunesse.png,7.1W,(61) 7.1W KU-band Nilesat 201/301 & Eutelsat 7 West A,Missing
RADIO MARIAM ARABIC,1_0_2_4B3_A0F0_396_DC90000_0_0_0.png,radiomariamarabic.png,7.1W,(61) 7.1W KU-band Nilesat 201/301 & Eutelsat 7 West A,Missing
RDK,1_0_2_408_320_800_DC90000_0_0_0.png,rdk.png,7.1W,(61) 7.1W KU-band Nilesat 201/301 & Eutelsat 7 West A,Missing
REVOLUTION-SYR,1_0_2_B15_1C_800_DC90000_0_0_0.png,revolutionsyr.png,7.1W,(61) 7.1W KU-band Nilesat 201/301 & Eutelsat 7 West A,Missing
Radio 03 World Service,1_0_2_66B_10_800_DC90000_0_0_0.png,radio03worldservice.png,7.1W,(61) 7.1W KU-band Nilesat 201/301 & Eutelsat 7 West A,Missing
Radio 1,1_0_2_F_32_64_DC90000_0_0_0.png,radio1.png,7.1W,(61) 7.1W KU-band Nilesat 201/301 & Eutelsat 7 West A,Missing
Radio 2,1_0_2_10_32_64_DC90000_0_0_0.png,radio2.png,7.1W,(61) 7.1W KU-band Nilesat 201/301 & Eutelsat 7 West A,Missing
Radio 21 September,1_0_2_406_320_800_DC90000_0_0_0.png,radio21september.png,7.1W,(61) 7.1W KU-band Nilesat 201/301 & Eutelsat 7 West A,Missing
Radio AL Wasat,1_0_2_34D_8_800_DC90000_0_0_0.png,radioalwasat.png,7.1W,(61) 7.1W KU-band Nilesat 201/301 & Eutelsat 7 West A,Missing
Radio Fann Jordan,1_0_2_34A_8_800_DC90000_0_0_0.png,radiofannjordan.png,7.1W,(61) 7.1W KU-band Nilesat 201/301 & Eutelsat 7 West A,Missing
Radio Hits,1_0_2_8B6_16_800_DC90000_0_0_0.png,radiohits.png,7.1W,(61) 7.1W KU-band Nilesat 201/301 & Eutelsat 7 West A,Missing
Radio Masr,1_0_2_28A_6_800_DC90000_0_0_0.png,radiomasr.png,7.1W,(61) 7.1W KU-band Nilesat 201/301 & Eutelsat 7 West A,Missing
Radio Salam,1_0_2_404_320_800_DC90000_0_0_0.png,radiosalam.png,7.1W,(61) 7.1W KU-band Nilesat 201/301 & Eutelsat 7 West A,Missing
Radio Samar Sudan,1_0_2_403_320_800_DC90000_0_0_0.png,radiosamarsudan.png,7.1W,(61) 7.1W KU-band Nilesat 201/301 & Eutelsat 7 West A,Missing
Radio Talavat,1_0_2_66A_10_800_DC90000_0_0_0.png,radiotalavat.png,7.1W,(61) 7.1W KU-band Nilesat 201/301 & Eutelsat 7 West A,Missing
Riyad Radio,1_0_2_A3D_1A_2BE_DC90000_0_0_0.png,riyadradio.png,7.1W,(61) 7.1W KU-band Nilesat 201/301 & Eutelsat 7 West A,Missing
Rotana FM KSA,1_0_2_848_15_800_DC90000_0_0_0.png,rotanafmksa.png,7.1W,(61) 7.1W KU-band Nilesat 201/301 & Eutelsat 7 West A,Missing
Rotana Radio Jordan,1_0_2_349_8_800_DC90000_0_0_0.png,rotanaradiojordan.png,7.1W,(61) 7.1W KU-band Nilesat 201/301 & Eutelsat 7 West A,Missing
Rotana Tarab Jordan,1_0_2_348_8_800_DC90000_0_0_0.png,rotanatarabjordan.png,7.1W,(61) 7.1W KU-band Nilesat 201/301 & Eutelsat 7 West A,Missing
Sawt Al-alam,1_0_2_32C_8_800_DC90000_0_0_0.png,sawtalalam.png,7.1W,(61) 7.1W KU-band Nilesat 201/301 & Eutelsat 7 West A,Missing
Sawtoman Raido,1_0_2_4C4_C_800_DC90000_0_0_0.png,sawtomanraido.png,7.1W,(61) 7.1W KU-band Nilesat 201/301 & Eutelsat 7 West A,Missing
Sha3by FM,1_0_2_8BA_16_800_DC90000_0_0_0.png,sha3byfm.png,7.1W,(61) 7.1W KU-band Nilesat 201/301 & Eutelsat 7 West A,Missing
Sout AL-arab,1_0_2_229_5_800_DC90000_0_0_0.png,soutalarab.png,7.1W,(61) 7.1W KU-band Nilesat 201/301 & Eutelsat 7 West A,Missing
Sout Alkhaleej 2,1_0_2_A_1_1_DC9AA52_0_0_0.png,soutalkhaleej2.png,7.1W,(61) 7.1W KU-band Nilesat 201/301 & Eutelsat 7 West A,Missing
Sout Alkhaleej 3,1_0_2_B_1_1_DC9AA52_0_0_0.png,soutalkhaleej3.png,7.1W,(61) 7.1W KU-band Nilesat 201/301 & Eutelsat 7 West A,Missing
Sout Alkhaleej 4,1_0_2_C_1_1_DC9AA52_0_0_0.png,soutalkhaleej4.png,7.1W,(61) 7.1W KU-band Nilesat 201/301 & Eutelsat 7 West A,Missing
Sout Alkhaleej Europe,1_0_2_D_1_1_DC9AA52_0_0_0.png,soutalkhaleejeurope.png,7.1W,(61) 7.1W KU-band Nilesat 201/301 & Eutelsat 7 West A,Missing
South Sinai,1_0_2_23B_5_800_DC90000_0_0_0.png,southsinai.png,7.1W,(61) 7.1W KU-band Nilesat 201/301 & Eutelsat 7 West A,Missing
Spare 207,1_0_1_CF_2_800_DC90000_0_0_0.png,spare207.png,7.1W,(61) 7.1W KU-band Nilesat 201/301 & Eutelsat 7 West A,Missing
TCHAD Radio,1_0_2_DD_C21_6E_DC90000_0_0_0.png,tchadradio.png,7.1W,(61) 7.1W KU-band Nilesat 201/301 & Eutelsat 7 West A,Missing
TWR Arabic إذاعة حول العالم,1_0_2_405_320_800_DC90000_0_0_0.png,twrarabic.png,7.1W,(61) 7.1W KU-band Nilesat 201/301 & Eutelsat 7 West A,Missing
Tafilah Radio,1_0_2_358_8_800_DC90000_0_0_0.png,tafilahradio.png,7.1W,(61) 7.1W KU-band Nilesat 201/301 & Eutelsat 7 West A,Missing
Thikrayat HD,1_0_1_A2A_1A_2BE_DC90000_0_0_0.png,thikrayathd.png,7.1W,(61) 7.1W KU-band Nilesat 201/301 & Eutelsat 7 West A,Missing
Umdorman Radio,1_0_2_83_1_800_DC90000_0_0_0.png,umdormanradio.png,7.1W,(61) 7.1W KU-band Nilesat 201/301 & Eutelsat 7 West A,Missing
Wadi Al-Neil & Palestine,1_0_2_236_5_800_DC90000_0_0_0.png,wadialneilpalestine.png,7.1W,(61) 7.1W KU-band Nilesat 201/301 & Eutelsat 7 West A,Missing
YEMEN SHABAB HD,1_0_19_19B_10_6E_DC90000_0_0_0.png,yemenshababhd.png,7.1W,(61) 7.1W KU-band Nilesat 201/301 & Eutelsat 7 West A,Missing
ZAMEN FM,1_0_2_18_1_0_DC92DA0_0_0_0.png,zamenfm.png,7.1W,(61) 7.1W KU-band Nilesat 201/301 & Eutelsat 7 West A,Missing
ZAROK TV HD,1_0_19_3FD_320_800_DC90000_0_0_0.png,zaroktvhd.png,7.1W,(61) 7.1W KU-band Nilesat 201/301 & Eutelsat 7 West A,Missing
Zapper-OTA,1_0_8A_FFFD_3_157C_DC90000_0_0_0.png,zapperota.png,7.1W,(61) 7.1W KU-band Nilesat 201/301 & Eutelsat 7 West A,Missing
Zayed Quran,1_0_A_19DC_42_800_DC90000_0_0_0.png,zayedquran.png,7.1W,(61) 7.1W KU-band Nilesat 201/301 & Eutelsat 7 West A,Missing
khozama,1_0_2_A47_1A_2BE_DC90000_0_0_0.png,khozama.png,7.1W,(61) 7.1W KU-band Nilesat 201/301 & Eutelsat 7 West A,Missing
praisefm Global,1_0_2_40B_320_800_DC90000_0_0_0.png,praisefmglobal.png,7.1W,(61) 7.1W KU-band Nilesat 201/301 & Eutelsat 7 West A,Missing
101.5FM,1_0_2_180_3_AB_DE80000_0_0_0.png,1015fm.png,4.0W,(63) 4.0W KU-band Amos 3 & Dror 1,Missing
11474V SID 0xfffe,1_0_C_FFFE_3_AB_DE80000_0_0_0.png,11474vsid0xfffe.png,4.0W,(63) 4.0W KU-band Amos 3 & Dror 1,Missing
BMAIL,1_0_82_147_3_AB_DE80000_0_0_0.png,bmail.png,4.0W,(63) 4.0W KU-band Amos 3 & Dror 1,Missing
ECO 99FM,1_0_2_17A_3_AB_DE80000_0_0_0.png,eco99fm.png,4.0W,(63) 4.0W KU-band Amos 3 & Dror 1,Missing
Essence of Life,1_0_2_182_3_AB_DE80000_0_0_0.png,essenceoflife.png,4.0W,(63) 4.0W KU-band Amos 3 & Dror 1,Missing
GAL TEST,1_0_2_183_3_AB_DE80000_0_0_0.png,galtest.png,4.0W,(63) 4.0W KU-band Amos 3 & Dror 1,Missing
GALAZ,1_0_2_172_3_AB_DE80000_0_0_0.png,galaz.png,4.0W,(63) 4.0W KU-band Amos 3 & Dror 1,Missing
GALGALAZ,1_0_2_173_3_AB_DE80000_0_0_0.png,galgalaz.png,4.0W,(63) 4.0W KU-band Amos 3 & Dror 1,Missing
GALGALAZ,1_0_2_1BA_4_AB_DE80000_0_0_0.png,galgalaz.png,4.0W,(63) 4.0W KU-band Amos 3 & Dror 1,Missing
HD LINK,1_0_82_153_3_AB_DE80000_0_0_0.png,hdlink.png,4.0W,(63) 4.0W KU-band Amos 3 & Dror 1,Missing
KAN 88 FM,1_0_2_17C_3_AB_DE80000_0_0_0.png,kan88fm.png,4.0W,(63) 4.0W KU-band Amos 3 & Dror 1,Missing
KAN 88 FM,1_0_2_1B8_4_AB_DE80000_0_0_0.png,kan88fm.png,4.0W,(63) 4.0W KU-band Amos 3 & Dror 1,Missing
KAN GIMEL,1_0_2_176_3_AB_DE80000_0_0_0.png,kangimel.png,4.0W,(63) 4.0W KU-band Amos 3 & Dror 1,Missing
KAN GIMEL,1_0_2_1BC_4_AB_DE80000_0_0_0.png,kangimel.png,4.0W,(63) 4.0W KU-band Amos 3 & Dror 1,Missing
KAN K. HAMUZIKA,1_0_2_175_3_AB_DE80000_0_0_0.png,kankhamuzika.png,4.0W,(63) 4.0W KU-band Amos 3 & Dror 1,Missing
KAN K. HAMUZIKA,1_0_2_1BB_4_AB_DE80000_0_0_0.png,kankhamuzika.png,4.0W,(63) 4.0W KU-band Amos 3 & Dror 1,Missing
Messages,1_0_82_15F_3_AB_DE80000_0_0_0.png,messages.png,4.0W,(63) 4.0W KU-band Amos 3 & Dror 1,Missing
Messages,1_0_82_164_3_AB_DE80000_0_0_0.png,messages.png,4.0W,(63) 4.0W KU-band Amos 3 & Dror 1,Missing
Messages,1_0_82_4D1_C_AB_DE80000_0_0_0.png,messages.png,4.0W,(63) 4.0W KU-band Amos 3 & Dror 1,Missing
RADIO 103 fm,1_0_2_179_3_AB_DE80000_0_0_0.png,radio103fm.png,4.0W,(63) 4.0W KU-band Amos 3 & Dror 1,Missing
RADIO LEV HAMEDINA,1_0_2_17B_3_AB_DE80000_0_0_0.png,radiolevhamedina.png,4.0W,(63) 4.0W KU-band Amos 3 & Dror 1,Missing
RADIO LINK,1_0_82_152_3_AB_DE80000_0_0_0.png,radiolink.png,4.0W,(63) 4.0W KU-band Amos 3 & Dror 1,Missing
Radio 102FM,1_0_2_178_3_AB_DE80000_0_0_0.png,radio102fm.png,4.0W,(63) 4.0W KU-band Amos 3 & Dror 1,Missing
Radio darom,1_0_2_17E_3_AB_DE80000_0_0_0.png,radiodarom.png,4.0W,(63) 4.0W KU-band Amos 3 & Dror 1,Missing
Radios 100 FM,1_0_2_177_3_AB_DE80000_0_0_0.png,radios100fm.png,4.0W,(63) 4.0W KU-band Amos 3 & Dror 1,Missing
TEST-383,1_0_2_17F_3_AB_DE80000_0_0_0.png,test383.png,4.0W,(63) 4.0W KU-band Amos 3 & Dror 1,Missing
vod INT,1_0_82_162_3_AB_DE80000_0_0_0.png,vodint.png,4.0W,(63) 4.0W KU-band Amos 3 & Dror 1,Missing
vod INT,1_0_82_4CE_C_AB_DE80000_0_0_0.png,vodint.png,4.0W,(63) 4.0W KU-band Amos 3 & Dror 1,Missing
yes WEATHER,1_0_82_146_3_AB_DE80000_0_0_0.png,yesweather.png,4.0W,(63) 4.0W KU-band Amos 3 & Dror 1,Missing
Titan 3,1_0_1_1_1_FFFF_DF10000_0_0_0.png,titan3.png,3.1W,(139) 3.0W C-band ABS 3A,Missing
12360H SID 0xff65,1_0_1_FF65_54_46_E080000_0_0_0.png,12360hsid0xff65.png,0.8W,(65) 0.8W KU-band Thor 5/6/7 & Intelsat 10-02,Missing
12360H SID 0xff66,1_0_1_FF66_54_46_E080000_0_0_0.png,12360hsid0xff66.png,0.8W,(65) 0.8W KU-band Thor 5/6/7 & Intelsat 10-02,Missing
12360H SID 0xff67,1_0_1_FF67_54_46_E080000_0_0_0.png,12360hsid0xff67.png,0.8W,(65) 0.8W KU-band Thor 5/6/7 & Intelsat 10-02,Missing
12360H SID 0xff68,1_0_1_FF68_54_46_E080000_0_0_0.png,12360hsid0xff68.png,0.8W,(65) 0.8W KU-band Thor 5/6/7 & Intelsat 10-02,Missing
12360H SID 0xff69,1_0_1_FF69_54_46_E080000_0_0_0.png,12360hsid0xff69.png,0.8W,(65) 0.8W KU-band Thor 5/6/7 & Intelsat 10-02,Missing
Allente 1 Bootload,1_0_C_2F45_50_46_E080000_0_0_0.png,allente1bootload.png,0.8W,(65) 0.8W KU-band Thor 5/6/7 & Intelsat 10-02,Missing
CANAL+ Action HD,1_0_19_7A57_2CB_600_E080000_0_0_0.png,canalactionhd.png,0.8W,(65) 0.8W KU-band Thor 5/6/7 & Intelsat 10-02,Missing
CGTN HD,1_0_19_207_14_46_E080000_0_0_0.png,cgtnhd.png,0.8W,(65) 0.8W KU-band Thor 5/6/7 & Intelsat 10-02,Missing
FEM3 (SVT),1_0_1_78D9_2C5_600_E080000_0_0_0.png,fem3svt.png,0.8W,(65) 0.8W KU-band Thor 5/6/7 & Intelsat 10-02,Missing
Film+ HD,1_0_19_7A4F_2CB_600_E080000_0_0_0.png,filmhd.png,0.8W,(65) 0.8W KU-band Thor 5/6/7 & Intelsat 10-02,Missing
HDT1169,1_0_6_29D_7_1_E080000_0_0_0.png,hdt1169.png,0.8W,(65) 0.8W KU-band Thor 5/6/7 & Intelsat 10-02,Missing
JIM HD,1_0_19_1D59_50_46_E080000_0_0_0.png,jimhd.png,0.8W,(65) 0.8W KU-band Thor 5/6/7 & Intelsat 10-02,Missing
MTV Juniori HD,1_0_19_1D50_50_46_E080000_0_0_0.png,mtvjuniorihd.png,0.8W,(65) 0.8W KU-band Thor 5/6/7 & Intelsat 10-02,Missing
MTV Juniori HD,1_0_19_42A0_50_46_E080000_0_0_0.png,mtvjuniorihd.png,0.8W,(65) 0.8W KU-band Thor 5/6/7 & Intelsat 10-02,Missing
Mozi+,1_0_1_DAC_4_1_E080000_0_0_0.png,mozi.png,0.8W,(65) 0.8W KU-band Thor 5/6/7 & Intelsat 10-02,Missing
Nelonen HD,1_0_19_1D58_50_46_E080000_0_0_0.png,nelonenhd.png,0.8W,(65) 0.8W KU-band Thor 5/6/7 & Intelsat 10-02,Missing
Prima Krimi HD,1_0_19_FAC_AF4_BB_E080000_0_0_0.png,primakrimihd.png,0.8W,(65) 0.8W KU-band Thor 5/6/7 & Intelsat 10-02,Missing
Radio Vocea Sperantei,1_0_2_4E2_7_1_E080000_0_0_0.png,radiovoceasperantei.png,0.8W,(65) 0.8W KU-band Thor 5/6/7 & Intelsat 10-02,Missing
STORY4 HD,1_0_19_7AAC_2CC_600_E080000_0_0_0.png,story4hd.png,0.8W,(65) 0.8W KU-band Thor 5/6/7 & Intelsat 10-02,Missing
SW DL Digi+2,1_0_6_1F50_7_1_E080000_0_0_0.png,swdldigi2.png,0.8W,(65) 0.8W KU-band Thor 5/6/7 & Intelsat 10-02,Missing
SW DL JS21,1_0_C_1F0A_7_1_E080000_0_0_0.png,swdljs21.png,0.8W,(65) 0.8W KU-band Thor 5/6/7 & Intelsat 10-02,Missing
SWDL NA9240,1_0_6_1F13_7_1_E080000_0_0_0.png,swdlna9240.png,0.8W,(65) 0.8W KU-band Thor 5/6/7 & Intelsat 10-02,Missing
Vixen HD,1_0_19_7A50_2CB_600_E080000_0_0_0.png,vixenhd.png,0.8W,(65) 0.8W KU-band Thor 5/6/7 & Intelsat 10-02,Missing
Yle Teema & Fem HD,1_0_19_1D4F_50_46_E080000_0_0_0.png,yleteemafemhd.png,0.8W,(65) 0.8W KU-band Thor 5/6/7 & Intelsat 10-02,Missing
Yle Teema & Fem HD,1_0_19_429C_50_46_E080000_0_0_0.png,yleteemafemhd.png,0.8W,(65) 0.8W KU-band Thor 5/6/7 & Intelsat 10-02,Missing
liv HD,1_0_19_1CC4_50_46_E080000_0_0_0.png,livhd.png,0.8W,(65) 0.8W KU-band Thor 5/6/7 & Intelsat 10-02,Missing
BG+ HD,1_0_1_258_1A_3_130000_0_0_0.png,bghd.png,1.9E,(66) 1.9E KU-band BulgariaSat 1,Missing
CHLn08BC3,1_0_C_421_8_3_130000_0_0_0.png,chln08bc3.png,1.9E,(66) 1.9E KU-band BulgariaSat 1,Missing
CHLn10BC3,1_0_C_421_A_2_130000_0_0_0.png,chln10bc3.png,1.9E,(66) 1.9E KU-band BulgariaSat 1,Missing
CHLn12BC3,1_0_C_421_C_3_130000_0_0_0.png,chln12bc3.png,1.9E,(66) 1.9E KU-band BulgariaSat 1,Missing
CHLn14BC3,1_0_C_421_E_3_130000_0_0_0.png,chln14bc3.png,1.9E,(66) 1.9E KU-band BulgariaSat 1,Missing
CHLn15BC3,1_0_C_421_F_3_130000_0_0_0.png,chln15bc3.png,1.9E,(66) 1.9E KU-band BulgariaSat 1,Missing
CHLn16BC3,1_0_C_421_10_3_130000_0_0_0.png,chln16bc3.png,1.9E,(66) 1.9E KU-band BulgariaSat 1,Missing
CHLn18BC3,1_0_C_421_12_3_130000_0_0_0.png,chln18bc3.png,1.9E,(66) 1.9E KU-band BulgariaSat 1,Missing
CHLn19BC3,1_0_C_421_13_3_130000_0_0_0.png,chln19bc3.png,1.9E,(66) 1.9E KU-band BulgariaSat 1,Missing
CHLn21BC3,1_0_C_421_15_3_130000_0_0_0.png,chln21bc3.png,1.9E,(66) 1.9E KU-band BulgariaSat 1,Missing
CHLn23BC3,1_0_C_421_17_3_130000_0_0_0.png,chln23bc3.png,1.9E,(66) 1.9E KU-band BulgariaSat 1,Missing
CHLn24BC3,1_0_C_421_18_3_130000_0_0_0.png,chln24bc3.png,1.9E,(66) 1.9E KU-band BulgariaSat 1,Missing
CHLn25BC3,1_0_C_421_19_3_130000_0_0_0.png,chln25bc3.png,1.9E,(66) 1.9E KU-band BulgariaSat 1,Missing
CHLn26BC3,1_0_C_421_1A_3_130000_0_0_0.png,chln26bc3.png,1.9E,(66) 1.9E KU-band BulgariaSat 1,Missing
CNBC Europe HD,1_0_1_E3_13_3_130000_0_0_0.png,cnbceuropehd.png,1.9E,(66) 1.9E KU-band BulgariaSat 1,Missing
DATAn08BC2,1_0_C_41D_8_3_130000_0_0_0.png,datan08bc2.png,1.9E,(66) 1.9E KU-band BulgariaSat 1,Missing
DATAn10BC2,1_0_C_41D_A_2_130000_0_0_0.png,datan10bc2.png,1.9E,(66) 1.9E KU-band BulgariaSat 1,Missing
DATAn10BC3,1_0_C_41E_A_2_130000_0_0_0.png,datan10bc3.png,1.9E,(66) 1.9E KU-band BulgariaSat 1,Missing
DATAn12BC2,1_0_C_41D_C_3_130000_0_0_0.png,datan12bc2.png,1.9E,(66) 1.9E KU-band BulgariaSat 1,Missing
DATAn12BC3,1_0_C_41E_C_3_130000_0_0_0.png,datan12bc3.png,1.9E,(66) 1.9E KU-band BulgariaSat 1,Missing
DATAn14BC2,1_0_C_41D_E_3_130000_0_0_0.png,datan14bc2.png,1.9E,(66) 1.9E KU-band BulgariaSat 1,Missing
DATAn14BC3,1_0_C_41E_E_3_130000_0_0_0.png,datan14bc3.png,1.9E,(66) 1.9E KU-band BulgariaSat 1,Missing
DATAn15BC2,1_0_C_41D_F_3_130000_0_0_0.png,datan15bc2.png,1.9E,(66) 1.9E KU-band BulgariaSat 1,Missing
DATAn15BC3,1_0_C_41E_F_3_130000_0_0_0.png,datan15bc3.png,1.9E,(66) 1.9E KU-band BulgariaSat 1,Missing
DATAn16BC2,1_0_C_41D_10_3_130000_0_0_0.png,datan16bc2.png,1.9E,(66) 1.9E KU-band BulgariaSat 1,Missing
DATAn16BC3,1_0_C_41E_10_3_130000_0_0_0.png,datan16bc3.png,1.9E,(66) 1.9E KU-band BulgariaSat 1,Missing
DATAn18BC2,1_0_C_41D_12_3_130000_0_0_0.png,datan18bc2.png,1.9E,(66) 1.9E KU-band BulgariaSat 1,Missing
DATAn18BC3,1_0_C_41E_12_3_130000_0_0_0.png,datan18bc3.png,1.9E,(66) 1.9E KU-band BulgariaSat 1,Missing
DATAn19BC2,1_0_C_41D_13_3_130000_0_0_0.png,datan19bc2.png,1.9E,(66) 1.9E KU-band BulgariaSat 1,Missing
DATAn19BC3,1_0_C_41E_13_3_130000_0_0_0.png,datan19bc3.png,1.9E,(66) 1.9E KU-band BulgariaSat 1,Missing
DATAn21BC1,1_0_C_422_15_3_130000_0_0_0.png,datan21bc1.png,1.9E,(66) 1.9E KU-band BulgariaSat 1,Missing
DATAn21BC2,1_0_C_41D_15_3_130000_0_0_0.png,datan21bc2.png,1.9E,(66) 1.9E KU-band BulgariaSat 1,Missing
DATAn21BC3,1_0_C_41E_15_3_130000_0_0_0.png,datan21bc3.png,1.9E,(66) 1.9E KU-band BulgariaSat 1,Missing
DATAn24BC3,1_0_C_41E_18_3_130000_0_0_0.png,datan24bc3.png,1.9E,(66) 1.9E KU-band BulgariaSat 1,Missing
DATAn25BC3,1_0_C_41E_19_3_130000_0_0_0.png,datan25bc3.png,1.9E,(66) 1.9E KU-band BulgariaSat 1,Missing
DATAn26BC3,1_0_C_41E_1A_3_130000_0_0_0.png,datan26bc3.png,1.9E,(66) 1.9E KU-band BulgariaSat 1,Missing
DATAn8BC3,1_0_C_41E_8_3_130000_0_0_0.png,datan8bc3.png,1.9E,(66) 1.9E KU-band BulgariaSat 1,Missing
DATAt10BC1,1_0_C_422_A_2_130000_0_0_0.png,datat10bc1.png,1.9E,(66) 1.9E KU-band BulgariaSat 1,Missing
Eparhiiski glas,1_0_2_238_18_3_130000_0_0_0.png,eparhiiskiglas.png,1.9E,(66) 1.9E KU-band BulgariaSat 1,Missing
MSGn08,1_0_C_41B_8_3_130000_0_0_0.png,msgn08.png,1.9E,(66) 1.9E KU-band BulgariaSat 1,Missing
MSGn08BC3,1_0_C_423_8_3_130000_0_0_0.png,msgn08bc3.png,1.9E,(66) 1.9E KU-band BulgariaSat 1,Missing
MSGn10BC2,1_0_C_41B_A_2_130000_0_0_0.png,msgn10bc2.png,1.9E,(66) 1.9E KU-band BulgariaSat 1,Missing
MSGn10BC3,1_0_C_423_A_2_130000_0_0_0.png,msgn10bc3.png,1.9E,(66) 1.9E KU-band BulgariaSat 1,Missing
MSGn12,1_0_C_41B_C_3_130000_0_0_0.png,msgn12.png,1.9E,(66) 1.9E KU-band BulgariaSat 1,Missing
MSGn12BC3,1_0_C_423_C_3_130000_0_0_0.png,msgn12bc3.png,1.9E,(66) 1.9E KU-band BulgariaSat 1,Missing
MSGn14,1_0_C_41B_E_3_130000_0_0_0.png,msgn14.png,1.9E,(66) 1.9E KU-band BulgariaSat 1,Missing
MSGn14BC3,1_0_C_423_E_3_130000_0_0_0.png,msgn14bc3.png,1.9E,(66) 1.9E KU-band BulgariaSat 1,Missing
MSGn15,1_0_C_41B_F_3_130000_0_0_0.png,msgn15.png,1.9E,(66) 1.9E KU-band BulgariaSat 1,Missing
MSGn15BC3,1_0_C_423_F_3_130000_0_0_0.png,msgn15bc3.png,1.9E,(66) 1.9E KU-band BulgariaSat 1,Missing
MSGn16,1_0_C_41B_10_3_130000_0_0_0.png,msgn16.png,1.9E,(66) 1.9E KU-band BulgariaSat 1,Missing
MSGn16BC3,1_0_C_423_10_3_130000_0_0_0.png,msgn16bc3.png,1.9E,(66) 1.9E KU-band BulgariaSat 1,Missing
MSGn18,1_0_C_41B_12_3_130000_0_0_0.png,msgn18.png,1.9E,(66) 1.9E KU-band BulgariaSat 1,Missing
MSGn18BC3,1_0_C_423_12_3_130000_0_0_0.png,msgn18bc3.png,1.9E,(66) 1.9E KU-band BulgariaSat 1,Missing
MSGn19,1_0_C_41B_13_3_130000_0_0_0.png,msgn19.png,1.9E,(66) 1.9E KU-band BulgariaSat 1,Missing
MSGn19BC3,1_0_C_423_13_3_130000_0_0_0.png,msgn19bc3.png,1.9E,(66) 1.9E KU-band BulgariaSat 1,Missing
MSGn21,1_0_C_41B_15_3_130000_0_0_0.png,msgn21.png,1.9E,(66) 1.9E KU-band BulgariaSat 1,Missing
MSGn21BC3,1_0_C_423_15_3_130000_0_0_0.png,msgn21bc3.png,1.9E,(66) 1.9E KU-band BulgariaSat 1,Missing
MSGn23,1_0_C_41B_17_3_130000_0_0_0.png,msgn23.png,1.9E,(66) 1.9E KU-band BulgariaSat 1,Missing
MSGn23BSC3,1_0_C_423_17_3_130000_0_0_0.png,msgn23bsc3.png,1.9E,(66) 1.9E KU-band BulgariaSat 1,Missing
MSGn24,1_0_C_41B_18_3_130000_0_0_0.png,msgn24.png,1.9E,(66) 1.9E KU-band BulgariaSat 1,Missing
MSGn24BSC3,1_0_C_423_18_3_130000_0_0_0.png,msgn24bsc3.png,1.9E,(66) 1.9E KU-band BulgariaSat 1,Missing
MSGn25,1_0_C_41B_19_3_130000_0_0_0.png,msgn25.png,1.9E,(66) 1.9E KU-band BulgariaSat 1,Missing
MSGn25BC3,1_0_C_423_19_3_130000_0_0_0.png,msgn25bc3.png,1.9E,(66) 1.9E KU-band BulgariaSat 1,Missing
MSGn26,1_0_C_41B_1A_3_130000_0_0_0.png,msgn26.png,1.9E,(66) 1.9E KU-band BulgariaSat 1,Missing
MSGn26BSC3,1_0_C_423_1A_3_130000_0_0_0.png,msgn26bsc3.png,1.9E,(66) 1.9E KU-band BulgariaSat 1,Missing
Nostalgia HD,1_0_1_D5_12_3_130000_0_0_0.png,nostalgiahd.png,1.9E,(66) 1.9E KU-band BulgariaSat 1,Missing
Tiankov Folk HD,1_0_19_116_15_3_130000_0_0_0.png,tiankovfolkhd.png,1.9E,(66) 1.9E KU-band BulgariaSat 1,Missing
bTV Story HD,1_0_1_DF_13_3_130000_0_0_0.png,btvstoryhd.png,1.9E,(66) 1.9E KU-band BulgariaSat 1,Missing
radio BG Radio,1_0_2_237_18_3_130000_0_0_0.png,radiobgradio.png,1.9E,(66) 1.9E KU-band BulgariaSat 1,Missing
radio BNR Horizont,1_0_2_239_18_3_130000_0_0_0.png,radiobnrhorizont.png,1.9E,(66) 1.9E KU-band BulgariaSat 1,Missing
radio Darik radio,1_0_2_23A_18_3_130000_0_0_0.png,radiodarikradio.png,1.9E,(66) 1.9E KU-band BulgariaSat 1,Missing
radio Magic FM,1_0_2_257_19_3_130000_0_0_0.png,radiomagicfm.png,1.9E,(66) 1.9E KU-band BulgariaSat 1,Missing
radio N-Joy,1_0_2_26A_1A_3_130000_0_0_0.png,radionjoy.png,1.9E,(66) 1.9E KU-band BulgariaSat 1,Missing
radio Radio 1,1_0_2_236_18_3_130000_0_0_0.png,radioradio1.png,1.9E,(66) 1.9E KU-band BulgariaSat 1,Missing
radio The Voice,1_0_2_256_19_3_130000_0_0_0.png,radiothevoice.png,1.9E,(66) 1.9E KU-band BulgariaSat 1,Missing
radio Ultra,1_0_2_21B_17_3_130000_0_0_0.png,radioultra.png,1.9E,(66) 1.9E KU-band BulgariaSat 1,Missing
radio Vega+,1_0_2_21A_17_3_130000_0_0_0.png,radiovega.png,1.9E,(66) 1.9E KU-band BulgariaSat 1,Missing
radio Veronika,1_0_2_255_19_3_130000_0_0_0.png,radioveronika.png,1.9E,(66) 1.9E KU-band BulgariaSat 1,Missing
radio Veselina,1_0_2_26C_1A_3_130000_0_0_0.png,radioveselina.png,1.9E,(66) 1.9E KU-band BulgariaSat 1,Missing
radio Z-rock,1_0_2_26B_1A_3_130000_0_0_0.png,radiozrock.png,1.9E,(66) 1.9E KU-band BulgariaSat 1,Missing
radio test 101,1_0_A_21A_17_3_130000_0_0_0.png,radiotest101.png,1.9E,(66) 1.9E KU-band BulgariaSat 1,Missing
2M MENA HD,1_0_1_67_1_1_1E2D88_0_0_0.png,2mmenahd.png,3.0E,(67) 3.0E KU-band Eutelsat 3B & Rascom QAF 1R,Missing
2M MONDE HD,1_0_1_66_1_1_1E2D88_0_0_0.png,2mmondehd.png,3.0E,(67) 3.0E KU-band Eutelsat 3B & Rascom QAF 1R,Missing
2M NATIONAL HD,1_0_1_65_1_1_1E2D88_0_0_0.png,2mnationalhd.png,3.0E,(67) 3.0E KU-band Eutelsat 3B & Rascom QAF 1R,Missing
COMPASSION-TV,1_0_0_55_1_1_1E2CA6_0_0_0.png,compassiontv.png,3.0E,(67) 3.0E KU-band Eutelsat 3B & Rascom QAF 1R,Missing
Le Messager Tv,1_0_0_20_1_1_1E2CA6_0_0_0.png,lemessagertv.png,3.0E,(67) 3.0E KU-band Eutelsat 3B & Rascom QAF 1R,Missing
QAT-36-WDL-WF,1_0_1_1_A0_EB_1E0000_0_0_0.png,qat36wdlwf.png,3.0E,(67) 3.0E KU-band Eutelsat 3B & Rascom QAF 1R,Missing
Radio Kalangou,1_0_A_23_1_1_1E2CA6_0_0_0.png,radiokalangou.png,3.0E,(67) 3.0E KU-band Eutelsat 3B & Rascom QAF 1R,Missing
Radio SIRIRI,1_0_A_52_1_1_1E2CA6_0_0_0.png,radiosiriri.png,3.0E,(67) 3.0E KU-band Eutelsat 3B & Rascom QAF 1R,Missing
TIMES TV,1_0_0_3B_1_1_1E2CA6_0_0_0.png,timestv.png,3.0E,(67) 3.0E KU-band Eutelsat 3B & Rascom QAF 1R,Missing
TINA AFRICA TV,1_0_0_4F_1_1_1E2CA6_0_0_0.png,tinaafricatv.png,3.0E,(67) 3.0E KU-band Eutelsat 3B & Rascom QAF 1R,Missing
10ème RUE,1_0_1_8_0_0_1F8F93_0_0_0.png,10merue.png,3.1E,(141) 3.0E C-band Eutelsat 3B & Rascom QAF 1R,Missing
3.1E-TMT@PID4096PLP1 Feed Service (ISI1),1_0_1_324_1_1_1F0000_0_0_0.png,31etmtpid4096plp1feedserviceisi1.png,3.1E,(141) 3.0E C-band Eutelsat 3B & Rascom QAF 1R,Missing
3.1E-TMT@PID4097PLP0 Feed Service (ISI2),1_0_1_329_2_1_1F0000_0_0_0.png,31etmtpid4097plp0feedserviceisi2.png,3.1E,(141) 3.0E C-band Eutelsat 3B & Rascom QAF 1R,Missing
3.1E-TMT@PID4097PLP1 Feed Service (ISI2),1_0_1_32A_2_1_1F0000_0_0_0.png,31etmtpid4097plp1feedserviceisi2.png,3.1E,(141) 3.0E C-band Eutelsat 3B & Rascom QAF 1R,Missing
3.1E-TMT@PID4098PLP0 Feed Service (ISI4),1_0_1_325_4_1_1F0000_0_0_0.png,31etmtpid4098plp0feedserviceisi4.png,3.1E,(141) 3.0E C-band Eutelsat 3B & Rascom QAF 1R,Missing
3.1E-TMT@PID4098PLP1 Feed Service (ISI4),1_0_1_326_4_1_1F0000_0_0_0.png,31etmtpid4098plp1feedserviceisi4.png,3.1E,(141) 3.0E C-band Eutelsat 3B & Rascom QAF 1R,Missing
3.1E-TMT@PID4099PLP0 Feed Service (ISI3),1_0_1_32B_3_1_1F0000_0_0_0.png,31etmtpid4099plp0feedserviceisi3.png,3.1E,(141) 3.0E C-band Eutelsat 3B & Rascom QAF 1R,Missing
3.1E-TMT@PID4099PLP1 Feed Service (ISI3),1_0_1_32C_3_1_1F0000_0_0_0.png,31etmtpid4099plp1feedserviceisi3.png,3.1E,(141) 3.0E C-band Eutelsat 3B & Rascom QAF 1R,Missing
3.1E-TMT@PID4099PLP2 Feed Service (ISI3),1_0_1_32D_3_1_1F0000_0_0_0.png,31etmtpid4099plp2feedserviceisi3.png,3.1E,(141) 3.0E C-band Eutelsat 3B & Rascom QAF 1R,Missing
3.1E-TMT@PID4099PLP3 Feed Service (ISI3),1_0_1_32E_3_1_1F0000_0_0_0.png,31etmtpid4099plp3feedserviceisi3.png,3.1E,(141) 3.0E C-band Eutelsat 3B & Rascom QAF 1R,Missing
3.1E-TMT@PID4099PLP4 Feed Service (ISI3),1_0_1_32F_3_1_1F0000_0_0_0.png,31etmtpid4099plp4feedserviceisi3.png,3.1E,(141) 3.0E C-band Eutelsat 3B & Rascom QAF 1R,Missing
3.1E-TMT@PID4100PLP0 Feed Service (ISI5),1_0_1_327_5_1_1F0000_0_0_0.png,31etmtpid4100plp0feedserviceisi5.png,3.1E,(141) 3.0E C-band Eutelsat 3B & Rascom QAF 1R,Missing
3.1E-TMT@PID4100PLP1 Feed Service (ISI5),1_0_1_328_5_1_1F0000_0_0_0.png,31etmtpid4100plp1feedserviceisi5.png,3.1E,(141) 3.0E C-band Eutelsat 3B & Rascom QAF 1R,Missing
3729V SID 0xbb8,1_0_C_BB8_1_1_1F0E91_0_0_0.png,3729vsid0xbb8.png,3.1E,(141) 3.0E C-band Eutelsat 3B & Rascom QAF 1R,Missing
3TV,1_0_1_E_1_1_1F0E91_0_0_0.png,3tv.png,3.1E,(141) 3.0E C-band Eutelsat 3B & Rascom QAF 1R,Missing
BF1,1_0_1_6_1_1_1F0E91_0_0_0.png,bf1.png,3.1E,(141) 3.0E C-band Eutelsat 3B & Rascom QAF 1R,Missing
Burkina-Info,1_0_1_7_1_1_1F0E91_0_0_0.png,burkinainfo.png,3.1E,(141) 3.0E C-band Eutelsat 3B & Rascom QAF 1R,Missing
C360 TV,1_0_1_F_1_1_1F0E91_0_0_0.png,c360tv.png,3.1E,(141) 3.0E C-band Eutelsat 3B & Rascom QAF 1R,Missing
CAF President Press Conference,1_0_19_1_1_1_1F0000_0_0_0.png,cafpresidentpressconference.png,3.1E,(141) 3.0E C-band Eutelsat 3B & Rascom QAF 1R,Missing
CAF President Press Conference,1_0_19_1_1_1_1F8F06_0_0_0.png,cafpresidentpressconference.png,3.1E,(141) 3.0E C-band Eutelsat 3B & Rascom QAF 1R,Missing
CANAL FUTUR,1_0_1_5_0_0_1F8F93_0_0_0.png,canalfutur.png,3.1E,(141) 3.0E C-band Eutelsat 3B & Rascom QAF 1R,Missing
CONGO 26,1_0_1_C_0_0_1F8F93_0_0_0.png,congo26.png,3.1E,(141) 3.0E C-band Eutelsat 3B & Rascom QAF 1R,Missing
CVK,1_0_1_8_1_1_1F0E91_0_0_0.png,cvk.png,3.1E,(141) 3.0E C-band Eutelsat 3B & Rascom QAF 1R,Missing
Canal 3,1_0_1_5_1_1_1F0E91_0_0_0.png,canal3.png,3.1E,(141) 3.0E C-band Eutelsat 3B & Rascom QAF 1R,Missing
DCC,1_0_1_2_0_0_1F8F93_0_0_0.png,dcc.png,3.1E,(141) 3.0E C-band Eutelsat 3B & Rascom QAF 1R,Missing
EL-BETHEL TV,1_0_1_C_1_1_1F0E91_0_0_0.png,elbetheltv.png,3.1E,(141) 3.0E C-band Eutelsat 3B & Rascom QAF 1R,Missing
IMPACT TV,1_0_1_9_1_1_1F0E91_0_0_0.png,impacttv.png,3.1E,(141) 3.0E C-band Eutelsat 3B & Rascom QAF 1R,Missing
KIN24,1_0_1_B_0_0_1F8F93_0_0_0.png,kin24.png,3.1E,(141) 3.0E C-band Eutelsat 3B & Rascom QAF 1R,Missing
LTM,1_0_1_1_1000_2000_1F0000_0_0_0.png,ltm.png,3.1E,(141) 3.0E C-band Eutelsat 3B & Rascom QAF 1R,Missing
LTP,1_0_1_12_1_1_1F0E91_0_0_0.png,ltp.png,3.1E,(141) 3.0E C-band Eutelsat 3B & Rascom QAF 1R,Missing
La Voix du Parlement Radio,1_0_1_CE_1_1_1F0E91_0_0_0.png,lavoixduparlementradio.png,3.1E,(141) 3.0E C-band Eutelsat 3B & Rascom QAF 1R,Missing
RADIO,1_0_2_10_0_0_1F8F93_0_0_0.png,radio.png,3.1E,(141) 3.0E C-band Eutelsat 3B & Rascom QAF 1R,Missing
RADIO B-ONE,1_0_2_13_0_0_1F8F93_0_0_0.png,radiobone.png,3.1E,(141) 3.0E C-band Eutelsat 3B & Rascom QAF 1R,Missing
RADIO DCC,1_0_2_E_0_0_1F8F93_0_0_0.png,radiodcc.png,3.1E,(141) 3.0E C-band Eutelsat 3B & Rascom QAF 1R,Missing
RADIO RTGA,1_0_2_F_0_0_1F8F93_0_0_0.png,radiortga.png,3.1E,(141) 3.0E C-band Eutelsat 3B & Rascom QAF 1R,Missing
RADIO RTNC,1_0_2_D_0_0_1F8F93_0_0_0.png,radiortnc.png,3.1E,(141) 3.0E C-band Eutelsat 3B & Rascom QAF 1R,Missing
RADIO TELE 7,1_0_2_12_0_0_1F8F93_0_0_0.png,radiotele7.png,3.1E,(141) 3.0E C-band Eutelsat 3B & Rascom QAF 1R,Missing
RTB 3,1_0_1_18_1_1_1F0E91_0_0_0.png,rtb3.png,3.1E,(141) 3.0E C-band Eutelsat 3B & Rascom QAF 1R,Missing
RTB Radio Service 2,1_0_1_C9_1_1_1F0E91_0_0_0.png,rtbradioservice2.png,3.1E,(141) 3.0E C-band Eutelsat 3B & Rascom QAF 1R,Missing
RTB Zenith,1_0_1_2_1_1_1F0E91_0_0_0.png,rtbzenith.png,3.1E,(141) 3.0E C-band Eutelsat 3B & Rascom QAF 1R,Missing
RTGA,1_0_1_3_0_0_1F8F93_0_0_0.png,rtga.png,3.1E,(141) 3.0E C-band Eutelsat 3B & Rascom QAF 1R,Missing
Radio AES,1_0_1_CD_1_1_1F0E91_0_0_0.png,radioaes.png,3.1E,(141) 3.0E C-band Eutelsat 3B & Rascom QAF 1R,Missing
Radio Burkina,1_0_1_C8_1_1_1F0E91_0_0_0.png,radioburkina.png,3.1E,(141) 3.0E C-band Eutelsat 3B & Rascom QAF 1R,Missing
Radio Educative,1_0_1_1F_1_1_1F0E91_0_0_0.png,radioeducative.png,3.1E,(141) 3.0E C-band Eutelsat 3B & Rascom QAF 1R,Missing
Radio Manegda,1_0_1_CF_1_1_1F0E91_0_0_0.png,radiomanegda.png,3.1E,(141) 3.0E C-band Eutelsat 3B & Rascom QAF 1R,Missing
Radio Rurale,1_0_1_CA_1_1_1F0E91_0_0_0.png,radiorurale.png,3.1E,(141) 3.0E C-band Eutelsat 3B & Rascom QAF 1R,Missing
SAVANE- TV,1_0_1_10_1_1_1F0E91_0_0_0.png,savanetv.png,3.1E,(141) 3.0E C-band Eutelsat 3B & Rascom QAF 1R,Missing
SVC CAF VMIX 02,1_0_19_2_1_1_1F8F06_0_0_0.png,svccafvmix02.png,3.1E,(141) 3.0E C-band Eutelsat 3B & Rascom QAF 1R,Missing
SVC CAF VMIX 03,1_0_19_3_1_1_1F8F06_0_0_0.png,svccafvmix03.png,3.1E,(141) 3.0E C-band Eutelsat 3B & Rascom QAF 1R,Missing
SVC CAF VMIX 04,1_0_19_4_1_1_1F8F06_0_0_0.png,svccafvmix04.png,3.1E,(141) 3.0E C-band Eutelsat 3B & Rascom QAF 1R,Missing
SVC CAF VMIX 05,1_0_19_5_1_1_1F8F06_0_0_0.png,svccafvmix05.png,3.1E,(141) 3.0E C-band Eutelsat 3B & Rascom QAF 1R,Missing
SVC CAF VMIX 06,1_0_19_6_1_1_1F8F06_0_0_0.png,svccafvmix06.png,3.1E,(141) 3.0E C-band Eutelsat 3B & Rascom QAF 1R,Missing
TCO,1_0_1_14_1_1_1F0E91_0_0_0.png,tco.png,3.1E,(141) 3.0E C-band Eutelsat 3B & Rascom QAF 1R,Missing
TELE 50,1_0_1_7_0_0_1F8F93_0_0_0.png,tele50.png,3.1E,(141) 3.0E C-band Eutelsat 3B & Rascom QAF 1R,Missing
TV-MARIA,1_0_1_A_1_1_1F0E91_0_0_0.png,tvmaria.png,3.1E,(141) 3.0E C-band Eutelsat 3B & Rascom QAF 1R,Missing
TVS1,1_0_1_A_0_0_1F8F93_0_0_0.png,tvs1.png,3.1E,(141) 3.0E C-band Eutelsat 3B & Rascom QAF 1R,Missing
4.9E-RRT@PID4096PLP0 Feed Service,1_0_1_330_305C_1_310000_0_0_0.png,49errtpid4096plp0feedservice.png,4.9E,(68) 4.9E KU-band Astra 4A & SES 5,Missing
4.9E-RRT@PID4097PLP0 Feed Service,1_0_1_331_305C_1_310000_0_0_0.png,49errtpid4097plp0feedservice.png,4.9E,(68) 4.9E KU-band Astra 4A & SES 5,Missing
BRIT BOX,1_0_1_80_4_1_310000_0_0_0.png,britbox.png,4.9E,(68) 4.9E KU-band Astra 4A & SES 5,Missing
Cine+ HIT,1_0_16_9FD_18_44_310000_0_0_0.png,cinehit.png,4.9E,(68) 4.9E KU-band Astra 4A & SES 5,Missing
Cine+ Kids,1_0_16_A03_18_44_310000_0_0_0.png,cinekids.png,4.9E,(68) 4.9E KU-band Astra 4A & SES 5,Missing
Cine+ Legend,1_0_16_A05_18_44_310000_0_0_0.png,cinelegend.png,4.9E,(68) 4.9E KU-band Astra 4A & SES 5,Missing
Emmanuel,1_0_2_19FF_10_55_310000_0_0_0.png,emmanuel.png,4.9E,(68) 4.9E KU-band Astra 4A & SES 5,Missing
English Club HD,1_0_19_1F36_2E_55_310000_0_0_0.png,englishclubhd.png,4.9E,(68) 4.9E KU-band Astra 4A & SES 5,Missing
Hollywood HD,1_0_1F_A19_18_44_310000_0_0_0.png,hollywoodhd.png,4.9E,(68) 4.9E KU-band Astra 4A & SES 5,Missing
MX,1_0_C_320_2_55_310000_0_0_0.png,mx.png,4.9E,(68) 4.9E KU-band Astra 4A & SES 5,Missing
OTA,1_0_C_3E7_C9_1_310000_0_0_0.png,ota.png,4.9E,(68) 4.9E KU-band Astra 4A & SES 5,Missing
PIXEL HD,1_0_19_1EF3_2E_55_310000_0_0_0.png,pixelhd.png,4.9E,(68) 4.9E KU-band Astra 4A & SES 5,Missing
Radio Culture,1_0_2_19CC_10_55_310000_0_0_0.png,radioculture.png,4.9E,(68) 4.9E KU-band Astra 4A & SES 5,Missing
Radio Promin,1_0_2_19CA_10_55_310000_0_0_0.png,radiopromin.png,4.9E,(68) 4.9E KU-band Astra 4A & SES 5,Missing
RadioTochka,1_0_2_19CE_10_55_310000_0_0_0.png,radiotochka.png,4.9E,(68) 4.9E KU-band Astra 4A & SES 5,Missing
SK_SW_Viasat,1_0_C_17FA_18_44_310000_0_0_0.png,skswviasat.png,4.9E,(68) 4.9E KU-band Astra 4A & SES 5,Missing
ST_SW_1CAS,1_0_C_181D_18_44_310000_0_0_0.png,stsw1cas.png,4.9E,(68) 4.9E KU-band Astra 4A & SES 5,Missing
ST_SW_Viasat,1_0_C_181B_18_44_310000_0_0_0.png,stswviasat.png,4.9E,(68) 4.9E KU-band Astra 4A & SES 5,Missing
Tvoe Kino ACTION,1_0_16_9DD_18_44_310000_0_0_0.png,tvoekinoaction.png,4.9E,(68) 4.9E KU-band Astra 4A & SES 5,Missing
Tvoe Kino HIT,1_0_16_9DB_18_44_310000_0_0_0.png,tvoekinohit.png,4.9E,(68) 4.9E KU-band Astra 4A & SES 5,Missing
Tvoe Kino RELAX,1_0_16_9DF_18_44_310000_0_0_0.png,tvoekinorelax.png,4.9E,(68) 4.9E KU-band Astra 4A & SES 5,Missing
Ukrayinske Radio,1_0_2_19C8_10_55_310000_0_0_0.png,ukrayinskeradio.png,4.9E,(68) 4.9E KU-band Astra 4A & SES 5,Missing
Voice,1_0_2_19D0_10_55_310000_0_0_0.png,voice.png,4.9E,(68) 4.9E KU-band Astra 4A & SES 5,Missing
radio nv,1_0_2_19D7_10_55_310000_0_0_0.png,radionv.png,4.9E,(68) 4.9E KU-band Astra 4A & SES 5,Missing
AdtecHDTV1,1_0_19_1_1_1_321001_0_0_0.png,adtechdtv1.png,5.0E,(142) 4.9E C-band Astra 4A & SES 5,Missing
BBC Afr Feed 1,1_0_2_369F_13B_1_320000_0_0_0.png,bbcafrfeed1.png,5.0E,(142) 4.9E C-band Astra 4A & SES 5,Missing
BBC Afr Feed 2,1_0_2_36A0_13B_1_320000_0_0_0.png,bbcafrfeed2.png,5.0E,(142) 4.9E C-band Astra 4A & SES 5,Missing
BBC Afr Feed 3,1_0_2_36A1_13B_1_320000_0_0_0.png,bbcafrfeed3.png,5.0E,(142) 4.9E C-band Astra 4A & SES 5,Missing
BBC Afr Feed 4,1_0_2_36A2_13B_1_320000_0_0_0.png,bbcafrfeed4.png,5.0E,(142) 4.9E C-band Astra 4A & SES 5,Missing
BBC Afr Feed 5,1_0_2_36A3_13B_1_320000_0_0_0.png,bbcafrfeed5.png,5.0E,(142) 4.9E C-band Astra 4A & SES 5,Missing
BBC Afr Feed 6,1_0_2_36A4_13B_1_320000_0_0_0.png,bbcafrfeed6.png,5.0E,(142) 4.9E C-band Astra 4A & SES 5,Missing
BBC Afr Feed 7,1_0_2_36A5_13B_1_320000_0_0_0.png,bbcafrfeed7.png,5.0E,(142) 4.9E C-band Astra 4A & SES 5,Missing
BBC Afr Feed 8,1_0_2_36A6_13B_1_320000_0_0_0.png,bbcafrfeed8.png,5.0E,(142) 4.9E C-band Astra 4A & SES 5,Missing
BBC Africa TV Feed 1,1_0_16_365A_13B_1_320000_0_0_0.png,bbcafricatvfeed1.png,5.0E,(142) 4.9E C-band Astra 4A & SES 5,Missing
BBC Africa TV Feed 2,1_0_19_365D_13B_1_320000_0_0_0.png,bbcafricatvfeed2.png,5.0E,(142) 4.9E C-band Astra 4A & SES 5,Missing
BBC Africa TV Feed 3,1_0_16_3657_13B_1_320000_0_0_0.png,bbcafricatvfeed3.png,5.0E,(142) 4.9E C-band Astra 4A & SES 5,Missing
BBC Dari,1_0_2_3668_13B_1_320000_0_0_0.png,bbcdari.png,5.0E,(142) 4.9E C-band Astra 4A & SES 5,Missing
BBC English (E Af.),1_0_2_364D_13B_1_320000_0_0_0.png,bbcenglisheaf.png,5.0E,(142) 4.9E C-band Astra 4A & SES 5,Missing
BBC English (Europe),1_0_2_3653_13B_1_320000_0_0_0.png,bbcenglisheurope.png,5.0E,(142) 4.9E C-band Astra 4A & SES 5,Missing
BBC English (W Af.),1_0_2_364E_13B_1_320000_0_0_0.png,bbcenglishwaf.png,5.0E,(142) 4.9E C-band Astra 4A & SES 5,Missing
BBC English Mid-East,1_0_2_3654_13B_1_320000_0_0_0.png,bbcenglishmideast.png,5.0E,(142) 4.9E C-band Astra 4A & SES 5,Missing
BBC English News,1_0_2_3656_13B_1_320000_0_0_0.png,bbcenglishnews.png,5.0E,(142) 4.9E C-band Astra 4A & SES 5,Missing
BBC Farsi,1_0_2_3669_13B_1_320000_0_0_0.png,bbcfarsi.png,5.0E,(142) 4.9E C-band Astra 4A & SES 5,Missing
BBC French (Africa),1_0_2_366A_13B_1_320000_0_0_0.png,bbcfrenchafrica.png,5.0E,(142) 4.9E C-band Astra 4A & SES 5,Missing
BBC Gahuza,1_0_2_366B_13B_1_320000_0_0_0.png,bbcgahuza.png,5.0E,(142) 4.9E C-band Astra 4A & SES 5,Missing
BBC Hausa,1_0_2_366C_13B_1_320000_0_0_0.png,bbchausa.png,5.0E,(142) 4.9E C-band Astra 4A & SES 5,Missing
BBC Pashto,1_0_2_3676_13B_1_320000_0_0_0.png,bbcpashto.png,5.0E,(142) 4.9E C-band Astra 4A & SES 5,Missing
BBC Somali,1_0_2_3683_13B_1_320000_0_0_0.png,bbcsomali.png,5.0E,(142) 4.9E C-band Astra 4A & SES 5,Missing
BBC Swahili,1_0_2_3688_13B_1_320000_0_0_0.png,bbcswahili.png,5.0E,(142) 4.9E C-band Astra 4A & SES 5,Missing
Multichoice 1,1_0_2_367D_13B_1_320000_0_0_0.png,multichoice1.png,5.0E,(142) 4.9E C-band Astra 4A & SES 5,Missing
Multichoice 2,1_0_2_367E_13B_1_320000_0_0_0.png,multichoice2.png,5.0E,(142) 4.9E C-band Astra 4A & SES 5,Missing
Multichoice 3,1_0_2_367F_13B_1_320000_0_0_0.png,multichoice3.png,5.0E,(142) 4.9E C-band Astra 4A & SES 5,Missing
Radio_Nacional,1_0_2_2_1000_2000_320000_0_0_0.png,radionacional.png,5.0E,(142) 4.9E C-band Astra 4A & SES 5,Missing
Wedding Channel,1_0_1_2_1_1_320F52_0_0_0.png,weddingchannel.png,5.0E,(142) 4.9E C-band Astra 4A & SES 5,Missing
Al-Forat HD,1_0_1_1_1_FFFF_463171_0_0_0.png,alforathd.png,7.0E,(69) 7.0E KU-band Eutelsat 7B/7C,Missing
ENC 21,1_0_1_1_1_FFFF_460000_0_0_0.png,enc21.png,7.0E,(69) 7.0E KU-band Eutelsat 7B/7C,Missing
ENC 21,1_0_1_1_1_FFFF_46B184_0_0_0.png,enc21.png,7.0E,(69) 7.0E KU-band Eutelsat 7B/7C,Missing
Home+ HD,1_0_1_200_765C_7E_460000_0_0_0.png,homehd.png,7.0E,(69) 7.0E KU-band Eutelsat 7B/7C,Missing
WSHT ENC49,1_0_19_1_0_EB_460000_0_0_0.png,wshtenc49.png,7.0E,(69) 7.0E KU-band Eutelsat 7B/7C,Missing
11785H SID 0xfffe,1_0_C_FFFE_14B4_9C_5A0000_0_0_0.png,11785hsid0xfffe.png,9.0E,(70) 9.0E KU-band Eutelsat 9B & Ka-Sat 9A,Missing
11843V SID 0xfffe,1_0_C_FFFE_1_AA_5A0000_0_0_0.png,11843vsid0xfffe.png,9.0E,(70) 9.0E KU-band Eutelsat 9B & Ka-Sat 9A,Missing
11861H SID 0xfa01,1_0_C_FA01_1644_9C_5A0000_0_0_0.png,11861hsid0xfa01.png,9.0E,(70) 9.0E KU-band Eutelsat 9B & Ka-Sat 9A,Missing
11977H SID 0xfde8,1_0_C_FDE8_2134_9C_5A0000_0_0_0.png,11977hsid0xfde8.png,9.0E,(70) 9.0E KU-band Eutelsat 9B & Ka-Sat 9A,Missing
11977H SID 0xfde9,1_0_C_FDE9_2134_9C_5A0000_0_0_0.png,11977hsid0xfde9.png,9.0E,(70) 9.0E KU-band Eutelsat 9B & Ka-Sat 9A,Missing
12015H SID 0x2af8,1_0_C_2AF8_1964_9C_5A0000_0_0_0.png,12015hsid0x2af8.png,9.0E,(70) 9.0E KU-band Eutelsat 9B & Ka-Sat 9A,Missing
12015H SID 0xfffe,1_0_C_FFFE_1964_9C_5A0000_0_0_0.png,12015hsid0xfffe.png,9.0E,(70) 9.0E KU-band Eutelsat 9B & Ka-Sat 9A,Missing
AFN Atlantic Eagle,1_0_2_78_65_12_5A0000_0_0_0.png,afnatlanticeagle.png,9.0E,(70) 9.0E KU-band Eutelsat 9B & Ka-Sat 9A,Missing
AFN Contingency,1_0_2_84_65_12_5A0000_0_0_0.png,afncontingency.png,9.0E,(70) 9.0E KU-band Eutelsat 9B & Ka-Sat 9A,Missing
AFN Country,1_0_2_81_65_12_5A0000_0_0_0.png,afncountry.png,9.0E,(70) 9.0E KU-band Eutelsat 9B & Ka-Sat 9A,Missing
AFN Gravity,1_0_2_80_65_12_5A0000_0_0_0.png,afngravity.png,9.0E,(70) 9.0E KU-band Eutelsat 9B & Ka-Sat 9A,Missing
AFN Seasonal,1_0_2_83_65_12_5A0000_0_0_0.png,afnseasonal.png,9.0E,(70) 9.0E KU-band Eutelsat 9B & Ka-Sat 9A,Missing
Aviano Eagle,1_0_2_87_65_12_5A0000_0_0_0.png,avianoeagle.png,9.0E,(70) 9.0E KU-band Eutelsat 9B & Ka-Sat 9A,Missing
BBC AM Dist1,1_0_C_49C_1AF4_9E_5A0000_0_0_0.png,bbcamdist1.png,9.0E,(70) 9.0E KU-band Eutelsat 9B & Ka-Sat 9A,Missing
BBC AM Dist2,1_0_C_4A1_1AF4_9E_5A0000_0_0_0.png,bbcamdist2.png,9.0E,(70) 9.0E KU-band Eutelsat 9B & Ka-Sat 9A,Missing
BBC AM Dist3,1_0_2_4A6_1AF4_9E_5A0000_0_0_0.png,bbcamdist3.png,9.0E,(70) 9.0E KU-band Eutelsat 9B & Ka-Sat 9A,Missing
BBC AM Dist4,1_0_C_4AB_1AF4_9E_5A0000_0_0_0.png,bbcamdist4.png,9.0E,(70) 9.0E KU-band Eutelsat 9B & Ka-Sat 9A,Missing
BBC AM Dist5,1_0_C_4B0_1AF4_9E_5A0000_0_0_0.png,bbcamdist5.png,9.0E,(70) 9.0E KU-band Eutelsat 9B & Ka-Sat 9A,Missing
Bahrain,1_0_2_93_65_12_5A0000_0_0_0.png,bahrain.png,9.0E,(70) 9.0E KU-band Eutelsat 9B & Ka-Sat 9A,Missing
Bars & Tone,1_0_19_192_65_12_5A0000_0_0_0.png,barstone.png,9.0E,(70) 9.0E KU-band Eutelsat 9B & Ka-Sat 9A,Missing
Bartok Radio (AAC),1_0_2_99_1838_9E_5A0000_0_0_0.png,bartokradioaac.png,9.0E,(70) 9.0E KU-band Eutelsat 9B & Ka-Sat 9A,Missing
Bartok Radio (L2),1_0_2_A3_1838_9E_5A0000_0_0_0.png,bartokradiol2.png,9.0E,(70) 9.0E KU-band Eutelsat 9B & Ka-Sat 9A,Missing
Bavaria Eagle,1_0_2_88_65_12_5A0000_0_0_0.png,bavariaeagle.png,9.0E,(70) 9.0E KU-band Eutelsat 9B & Ka-Sat 9A,Missing
Benelux Eagle,1_0_2_89_65_12_5A0000_0_0_0.png,beneluxeagle.png,9.0E,(70) 9.0E KU-band Eutelsat 9B & Ka-Sat 9A,Missing
Carrefour Iper,1_0_2_65E_1_64_5A0000_0_0_0.png,carrefouriper.png,9.0E,(70) 9.0E KU-band Eutelsat 9B & Ka-Sat 9A,Missing
D192ser,1_0_2_A8_1838_9E_5A0000_0_0_0.png,d192ser.png,9.0E,(70) 9.0E KU-band Eutelsat 9B & Ka-Sat 9A,Missing
DAB Radio Italian 1,1_0_C_35C_C35A_9E_5A0000_0_0_0.png,dabradioitalian1.png,9.0E,(70) 9.0E KU-band Eutelsat 9B & Ka-Sat 9A,Missing
DAB Radio Italian 2,1_0_C_35D_C35A_9E_5A0000_0_0_0.png,dabradioitalian2.png,9.0E,(70) 9.0E KU-band Eutelsat 9B & Ka-Sat 9A,Missing
Danko Radio (AAC),1_0_2_9C_1838_9E_5A0000_0_0_0.png,dankoradioaac.png,9.0E,(70) 9.0E KU-band Eutelsat 9B & Ka-Sat 9A,Missing
Danko Radio (L2),1_0_2_A6_1838_9E_5A0000_0_0_0.png,dankoradiol2.png,9.0E,(70) 9.0E KU-band Eutelsat 9B & Ka-Sat 9A,Missing
Fix & Foxi,1_0_16_1FA_2134_9C_5A0000_0_0_0.png,fixfoxi.png,9.0E,(70) 9.0E KU-band Eutelsat 9B & Ka-Sat 9A,Missing
INV1-afnatl,1_0_C_C03_65_12_5A0000_0_0_0.png,inv1afnatl.png,9.0E,(70) 9.0E KU-band Eutelsat 9B & Ka-Sat 9A,Missing
Incirlik Eagle,1_0_2_8A_65_12_5A0000_0_0_0.png,incirlikeagle.png,9.0E,(70) 9.0E KU-band Eutelsat 9B & Ka-Sat 9A,Missing
K192ser,1_0_2_A7_1838_9E_5A0000_0_0_0.png,k192ser.png,9.0E,(70) 9.0E KU-band Eutelsat 9B & Ka-Sat 9A,Missing
Kaiserslautern Eagle,1_0_2_8B_65_12_5A0000_0_0_0.png,kaiserslauterneagle.png,9.0E,(70) 9.0E KU-band Eutelsat 9B & Ka-Sat 9A,Missing
Katolikus Radio (AAC),1_0_2_9E_1838_9E_5A0000_0_0_0.png,katolikusradioaac.png,9.0E,(70) 9.0E KU-band Eutelsat 9B & Ka-Sat 9A,Missing
Keedoo,1_0_1_445_6_AA_5A0000_0_0_0.png,keedoo.png,9.0E,(70) 9.0E KU-band Eutelsat 9B & Ka-Sat 9A,Missing
Kossuth Radio (AAC),1_0_2_97_1838_9E_5A0000_0_0_0.png,kossuthradioaac.png,9.0E,(70) 9.0E KU-band Eutelsat 9B & Ka-Sat 9A,Missing
Kossuth Radio (L2),1_0_2_A1_1838_9E_5A0000_0_0_0.png,kossuthradiol2.png,9.0E,(70) 9.0E KU-band Eutelsat 9B & Ka-Sat 9A,Missing
LA VOIX DU SAHEL,1_0_2_164_19C8_9E_5A0000_0_0_0.png,lavoixdusahel.png,9.0E,(70) 9.0E KU-band Eutelsat 9B & Ka-Sat 9A,Missing
NICK/CC+1,1_0_16_1A5_1964_9C_5A0000_0_0_0.png,nickcc1.png,9.0E,(70) 9.0E KU-band Eutelsat 9B & Ka-Sat 9A,Missing
NICK/CC+1 HD,1_0_19_E9_1644_9C_5A0000_0_0_0.png,nickcc1hd.png,9.0E,(70) 9.0E KU-band Eutelsat 9B & Ka-Sat 9A,Missing
NSR (AAC),1_0_2_9D_1838_9E_5A0000_0_0_0.png,nsraac.png,9.0E,(70) 9.0E KU-band Eutelsat 9B & Ka-Sat 9A,Missing
Naples Eagle,1_0_2_8C_65_12_5A0000_0_0_0.png,napleseagle.png,9.0E,(70) 9.0E KU-band Eutelsat 9B & Ka-Sat 9A,Missing
Nemzetisegi Radio (AAC),1_0_2_9A_1838_9E_5A0000_0_0_0.png,nemzetisegiradioaac.png,9.0E,(70) 9.0E KU-band Eutelsat 9B & Ka-Sat 9A,Missing
Parlamenti Radio (AAC),1_0_2_9B_1838_9E_5A0000_0_0_0.png,parlamentiradioaac.png,9.0E,(70) 9.0E KU-band Eutelsat 9B & Ka-Sat 9A,Missing
Petofi Radio (AAC),1_0_2_98_1838_9E_5A0000_0_0_0.png,petofiradioaac.png,9.0E,(70) 9.0E KU-band Eutelsat 9B & Ka-Sat 9A,Missing
Petofi Radio (L2),1_0_2_A2_1838_9E_5A0000_0_0_0.png,petofiradiol2.png,9.0E,(70) 9.0E KU-band Eutelsat 9B & Ka-Sat 9A,Missing
Premier Radio,1_0_2_483_1AF4_9E_5A0000_0_0_0.png,premierradio.png,9.0E,(70) 9.0E KU-band Eutelsat 9B & Ka-Sat 9A,Missing
Rota Eagle,1_0_2_8D_65_12_5A0000_0_0_0.png,rotaeagle.png,9.0E,(70) 9.0E KU-band Eutelsat 9B & Ka-Sat 9A,Missing
Sembach Afternoon Radio,1_0_2_94_65_12_5A0000_0_0_0.png,sembachafternoonradio.png,9.0E,(70) 9.0E KU-band Eutelsat 9B & Ka-Sat 9A,Missing
Souda Bay Eagle,1_0_2_8E_65_12_5A0000_0_0_0.png,soudabayeagle.png,9.0E,(70) 9.0E KU-band Eutelsat 9B & Ka-Sat 9A,Missing
Spangdahlem Eagle,1_0_2_8F_65_12_5A0000_0_0_0.png,spangdahlemeagle.png,9.0E,(70) 9.0E KU-band Eutelsat 9B & Ka-Sat 9A,Missing
Stuttgart Eagle,1_0_2_90_65_12_5A0000_0_0_0.png,stuttgarteagle.png,9.0E,(70) 9.0E KU-band Eutelsat 9B & Ka-Sat 9A,Missing
TC ATV 1,1_0_B_EA60_14B4_9C_5A0000_0_0_0.png,tcatv1.png,9.0E,(70) 9.0E KU-band Eutelsat 9B & Ka-Sat 9A,Missing
TC ATV 2,1_0_B_EE48_1964_9C_5A0000_0_0_0.png,tcatv2.png,9.0E,(70) 9.0E KU-band Eutelsat 9B & Ka-Sat 9A,Missing
TEST Radio 2,1_0_2_432_6_AA_5A0000_0_0_0.png,testradio2.png,9.0E,(70) 9.0E KU-band Eutelsat 9B & Ka-Sat 9A,Missing
TEST Radio1,1_0_2_42B_6_AA_5A0000_0_0_0.png,testradio1.png,9.0E,(70) 9.0E KU-band Eutelsat 9B & Ka-Sat 9A,Missing
TRT tamil,1_0_2_362_C35A_9E_5A0000_0_0_0.png,trttamil.png,9.0E,(70) 9.0E KU-band Eutelsat 9B & Ka-Sat 9A,Missing
Vicenza Eagle,1_0_2_91_65_12_5A0000_0_0_0.png,vicenzaeagle.png,9.0E,(70) 9.0E KU-band Eutelsat 9B & Ka-Sat 9A,Missing
Weisbaden Eagle,1_0_2_92_65_12_5A0000_0_0_0.png,weisbadeneagle.png,9.0E,(70) 9.0E KU-band Eutelsat 9B & Ka-Sat 9A,Missing
talkSPORT Dist,1_0_C_497_1AF4_9E_5A0000_0_0_0.png,talksportdist.png,9.0E,(70) 9.0E KU-band Eutelsat 9B & Ka-Sat 9A,Missing
1 Aldershot,1_0_C_2135_1_10_640000_0_0_0.png,1aldershot.png,10.0E,(71) 10.0E KU-band Eutelsat 10B,Missing
2 Brize Norton,1_0_C_2136_1_10_640000_0_0_0.png,2brizenorton.png,10.0E,(71) 10.0E KU-band Eutelsat 10B,Missing
3 Bulford,1_0_C_2137_1_10_640000_0_0_0.png,3bulford.png,10.0E,(71) 10.0E KU-band Eutelsat 10B,Missing
4 Catterick,1_0_C_2138_1_10_640000_0_0_0.png,4catterick.png,10.0E,(71) 10.0E KU-band Eutelsat 10B,Missing
5 Colchester,1_0_C_2139_1_10_640000_0_0_0.png,5colchester.png,10.0E,(71) 10.0E KU-band Eutelsat 10B,Missing
51 BFBS Radio,1_0_2_1F5F_1_10_640000_0_0_0.png,51bfbsradio.png,10.0E,(71) 10.0E KU-band Eutelsat 10B,Missing
52 BFBS Radio 2,1_0_2_1F58_1_10_640000_0_0_0.png,52bfbsradio2.png,10.0E,(71) 10.0E KU-band Eutelsat 10B,Missing
53 BFBS UK National,1_0_2_1F5B_1_10_640000_0_0_0.png,53bfbsuknational.png,10.0E,(71) 10.0E KU-band Eutelsat 10B,Missing
6 Blandford,1_0_C_213A_1_10_640000_0_0_0.png,6blandford.png,10.0E,(71) 10.0E KU-band Eutelsat 10B,Missing
61 BFBS Ops,1_0_2_1F55_1_10_640000_0_0_0.png,61bfbsops.png,10.0E,(71) 10.0E KU-band Eutelsat 10B,Missing
62 BFBS Cyprus,1_0_2_1F56_1_10_640000_0_0_0.png,62bfbscyprus.png,10.0E,(71) 10.0E KU-band Eutelsat 10B,Missing
63 BFBS East,1_0_2_1F5D_1_10_640000_0_0_0.png,63bfbseast.png,10.0E,(71) 10.0E KU-band Eutelsat 10B,Missing
64,1_0_2_1F66_1_10_640000_0_0_0.png,64.png,10.0E,(71) 10.0E KU-band Eutelsat 10B,Missing
65 BFBS Germany,1_0_2_1F59_1_10_640000_0_0_0.png,65bfbsgermany.png,10.0E,(71) 10.0E KU-band Eutelsat 10B,Missing
66 BFBS N.Ireland,1_0_2_1F5E_1_10_640000_0_0_0.png,66bfbsnireland.png,10.0E,(71) 10.0E KU-band Eutelsat 10B,Missing
67 BFBS UK Bases,1_0_2_1F57_1_10_640000_0_0_0.png,67bfbsukbases.png,10.0E,(71) 10.0E KU-band Eutelsat 10B,Missing
68 BFBS Gurkha East,1_0_2_1F70_1_10_640000_0_0_0.png,68bfbsgurkhaeast.png,10.0E,(71) 10.0E KU-band Eutelsat 10B,Missing
69 BFBS Gurkha Radio,1_0_2_1F61_1_10_640000_0_0_0.png,69bfbsgurkharadio.png,10.0E,(71) 10.0E KU-band Eutelsat 10B,Missing
7 Holywood,1_0_C_213B_1_10_640000_0_0_0.png,7holywood.png,10.0E,(71) 10.0E KU-band Eutelsat 10B,Missing
71 BFBS Beats,1_0_2_1F60_1_10_640000_0_0_0.png,71bfbsbeats.png,10.0E,(71) 10.0E KU-band Eutelsat 10B,Missing
72 BFBS Edge,1_0_2_1F62_1_10_640000_0_0_0.png,72bfbsedge.png,10.0E,(71) 10.0E KU-band Eutelsat 10B,Missing
73 BFBS Rewind,1_0_2_1F63_1_10_640000_0_0_0.png,73bfbsrewind.png,10.0E,(71) 10.0E KU-band Eutelsat 10B,Missing
74 BFBS Samishran,1_0_2_1F65_1_10_640000_0_0_0.png,74bfbssamishran.png,10.0E,(71) 10.0E KU-band Eutelsat 10B,Missing
75 BFBS Best of British,1_0_2_1F5A_1_10_640000_0_0_0.png,75bfbsbestofbritish.png,10.0E,(71) 10.0E KU-band Eutelsat 10B,Missing
81,1_0_2_1F67_1_10_640000_0_0_0.png,81.png,10.0E,(71) 10.0E KU-band Eutelsat 10B,Missing
82 World Service,1_0_2_1F68_1_10_640000_0_0_0.png,82worldservice.png,10.0E,(71) 10.0E KU-band Eutelsat 10B,Missing
83 Fun Kids,1_0_2_1F69_1_10_640000_0_0_0.png,83funkids.png,10.0E,(71) 10.0E KU-band Eutelsat 10B,Missing
84 Talk Sport,1_0_2_1F6A_1_10_640000_0_0_0.png,84talksport.png,10.0E,(71) 10.0E KU-band Eutelsat 10B,Missing
85 BFBS Blandford,1_0_2_1F6B_1_10_640000_0_0_0.png,85bfbsblandford.png,10.0E,(71) 10.0E KU-band Eutelsat 10B,Missing
86 BFBS Scotland,1_0_2_1F6C_1_10_640000_0_0_0.png,86bfbsscotland.png,10.0E,(71) 10.0E KU-band Eutelsat 10B,Missing
87 BFBS BZN,1_0_2_1F6D_1_10_640000_0_0_0.png,87bfbsbzn.png,10.0E,(71) 10.0E KU-band Eutelsat 10B,Missing
88,1_0_2_1F6E_1_10_640000_0_0_0.png,88.png,10.0E,(71) 10.0E KU-band Eutelsat 10B,Missing
91 Gibraltar,1_0_2_1F6F_1_10_640000_0_0_0.png,91gibraltar.png,10.0E,(71) 10.0E KU-band Eutelsat 10B,Missing
92 (Contribution),1_0_2_1F5C_1_10_640000_0_0_0.png,92contribution.png,10.0E,(71) 10.0E KU-band Eutelsat 10B,Missing
93,1_0_2_1F64_1_10_640000_0_0_0.png,93.png,10.0E,(71) 10.0E KU-band Eutelsat 10B,Missing
94,1_0_2_1F71_1_10_640000_0_0_0.png,94.png,10.0E,(71) 10.0E KU-band Eutelsat 10B,Missing
95,1_0_2_1F72_1_10_640000_0_0_0.png,95.png,10.0E,(71) 10.0E KU-band Eutelsat 10B,Missing
99(DATA),1_0_C_1000_1_10_640000_0_0_0.png,99data.png,10.0E,(71) 10.0E KU-band Eutelsat 10B,Missing
Program 8,1_0_C_213C_1_10_640000_0_0_0.png,program8.png,10.0E,(71) 10.0E KU-band Eutelsat 10B,Missing
Salisbury EDI B,1_0_C_21FD_1_10_640000_0_0_0.png,salisburyedib.png,10.0E,(71) 10.0E KU-band Eutelsat 10B,Missing
348 - SALAAM TV,1_0_1_15C_1_1234_650000_0_0_0.png,348salaamtv.png,10.1E,(143) 10.0E C-band Eutelsat 10B,Missing
349 - UCTV,1_0_1_15D_1_1234_650000_0_0_0.png,349uctv.png,10.1E,(143) 10.0E C-band Eutelsat 10B,Missing
350 - UBC,1_0_1_15E_1_1234_650000_0_0_0.png,350ubc.png,10.1E,(143) 10.0E C-band Eutelsat 10B,Missing
351 - NTV UGANDA,1_0_1_15F_1_1234_650000_0_0_0.png,351ntvuganda.png,10.1E,(143) 10.0E C-band Eutelsat 10B,Missing
352 - NBS,1_0_1_160_1_1234_650000_0_0_0.png,352nbs.png,10.1E,(143) 10.0E C-band Eutelsat 10B,Missing
353 - BUKKEDE 1,1_0_1_161_1_1234_650000_0_0_0.png,353bukkede1.png,10.1E,(143) 10.0E C-band Eutelsat 10B,Missing
354- BUKKEDE 2,1_0_1_162_1_1234_650000_0_0_0.png,354bukkede2.png,10.1E,(143) 10.0E C-band Eutelsat 10B,Missing
355 - BBS TV,1_0_1_163_1_1234_650000_0_0_0.png,355bbstv.png,10.1E,(143) 10.0E C-band Eutelsat 10B,Missing
356 - TAYARI WEST,1_0_1_164_1_1234_650000_0_0_0.png,356tayariwest.png,10.1E,(143) 10.0E C-band Eutelsat 10B,Missing
357 - TV WEST,1_0_1_165_1_1234_650000_0_0_0.png,357tvwest.png,10.1E,(143) 10.0E C-band Eutelsat 10B,Missing
358 - SPARK TV,1_0_1_166_1_1234_650000_0_0_0.png,358sparktv.png,10.1E,(143) 10.0E C-band Eutelsat 10B,Missing
359 - SALT TV,1_0_1_167_1_1234_650000_0_0_0.png,359salttv.png,10.1E,(143) 10.0E C-band Eutelsat 10B,Missing
360 - CHANNEL 44,1_0_1_168_1_1234_650000_0_0_0.png,360channel44.png,10.1E,(143) 10.0E C-band Eutelsat 10B,Missing
361 - TOP TV,1_0_1_169_1_1234_650000_0_0_0.png,361toptv.png,10.1E,(143) 10.0E C-band Eutelsat 10B,Missing
362 - CHAMUKA TV,1_0_1_16A_1_1234_650000_0_0_0.png,362chamukatv.png,10.1E,(143) 10.0E C-band Eutelsat 10B,Missing
363 - KTV,1_0_1_16B_1_1234_650000_0_0_0.png,363ktv.png,10.1E,(143) 10.0E C-band Eutelsat 10B,Missing
364 - KSTV,1_0_1_16C_1_1234_650000_0_0_0.png,364kstv.png,10.1E,(143) 10.0E C-band Eutelsat 10B,Missing
365 -KBS TV,1_0_1_16D_1_1234_650000_0_0_0.png,365kbstv.png,10.1E,(143) 10.0E C-band Eutelsat 10B,Missing
366 - SANYUKA TV,1_0_1_16E_1_1234_650000_0_0_0.png,366sanyukatv.png,10.1E,(143) 10.0E C-band Eutelsat 10B,Missing
367 - BABA TV,1_0_1_16F_1_1234_650000_0_0_0.png,367babatv.png,10.1E,(143) 10.0E C-band Eutelsat 10B,Missing
368 - BUNYORO TV,1_0_1_170_1_1234_650000_0_0_0.png,368bunyorotv.png,10.1E,(143) 10.0E C-band Eutelsat 10B,Missing
369 - WEST NILE,1_0_1_171_1_1234_650000_0_0_0.png,369westnile.png,10.1E,(143) 10.0E C-band Eutelsat 10B,Missing
AGANO TV,1_0_1_C4_4_1_650000_0_0_0.png,aganotv.png,10.1E,(143) 10.0E C-band Eutelsat 10B,Missing
AKILI KIDS,1_0_1_7B_4_1_650000_0_0_0.png,akilikids.png,10.1E,(143) 10.0E C-band Eutelsat 10B,Missing
AL-HUD TV,1_0_1_70_4_1_650000_0_0_0.png,alhudtv.png,10.1E,(143) 10.0E C-band Eutelsat 10B,Missing
ANTENNE A,1_0_1_1_3_1_650000_0_0_0.png,antennea.png,10.1E,(143) 10.0E C-band Eutelsat 10B,Missing
AVIATION TV,1_0_1_6E_4_1_650000_0_0_0.png,aviationtv.png,10.1E,(143) 10.0E C-band Eutelsat 10B,Missing
B-ONE,1_0_1_4_3_1_650000_0_0_0.png,bone.png,10.1E,(143) 10.0E C-band Eutelsat 10B,Missing
BLISS TV,1_0_1_6C_4_1_650000_0_0_0.png,blisstv.png,10.1E,(143) 10.0E C-band Eutelsat 10B,Missing
CAPUCHIN TV,1_0_1_A_4_1_650000_0_0_0.png,capuchintv.png,10.1E,(143) 10.0E C-band Eutelsat 10B,Missing
CINARC TV,1_0_1_2_3_1_650000_0_0_0.png,cinarctv.png,10.1E,(143) 10.0E C-band Eutelsat 10B,Missing
CITIZEN,1_0_1_75_4_1_650000_0_0_0.png,citizen.png,10.1E,(143) 10.0E C-band Eutelsat 10B,Missing
DCLM,1_0_1_1_1_FFFF_658FC2_0_0_0.png,dclm.png,10.1E,(143) 10.0E C-band Eutelsat 10B,Missing
DUNNY TV,1_0_1_276_4_1_650000_0_0_0.png,dunnytv.png,10.1E,(143) 10.0E C-band Eutelsat 10B,Missing
EMO FM,1_0_1_7F_4_1_650000_0_0_0.png,emofm.png,10.1E,(143) 10.0E C-band Eutelsat 10B,Missing
EPG GT TV,1_0_1_1DB_4_1_650000_0_0_0.png,epggttv.png,10.1E,(143) 10.0E C-band Eutelsat 10B,Missing
EPG ILM Mombasa,1_0_1_AE_4_1_650000_0_0_0.png,epgilmmombasa.png,10.1E,(143) 10.0E C-band Eutelsat 10B,Missing
EPG PPP,1_0_1_1AE_4_1_650000_0_0_0.png,epgppp.png,10.1E,(143) 10.0E C-band Eutelsat 10B,Missing
EPG THEOPHILUS,1_0_1_1DF_4_1_650000_0_0_0.png,epgtheophilus.png,10.1E,(143) 10.0E C-band Eutelsat 10B,Missing
EPG-GOSHEN WONDERS,1_0_1_11CB_4_1_650000_0_0_0.png,epggoshenwonders.png,10.1E,(143) 10.0E C-band Eutelsat 10B,Missing
EPG-GTN NYERI,1_0_1_45D_4_1_650000_0_0_0.png,epggtnnyeri.png,10.1E,(143) 10.0E C-band Eutelsat 10B,Missing
EPG-NIZPHA,1_0_1_1E6_4_1_650000_0_0_0.png,epgnizpha.png,10.1E,(143) 10.0E C-band Eutelsat 10B,Missing
EPG-Nuru,1_0_1_1D7_4_1_650000_0_0_0.png,epgnuru.png,10.1E,(143) 10.0E C-band Eutelsat 10B,Missing
EPG-PANG-FAMILY TV,1_0_1_1C9_4_1_650000_0_0_0.png,epgpangfamilytv.png,10.1E,(143) 10.0E C-band Eutelsat 10B,Missing
EPG-PANG-SHEIKINAH,1_0_1_1CB_4_1_650000_0_0_0.png,epgpangsheikinah.png,10.1E,(143) 10.0E C-band Eutelsat 10B,Missing
Encoder Program,1_0_1_101_101_A96_650000_0_0_0.png,encoderprogram.png,10.1E,(143) 10.0E C-band Eutelsat 10B,Missing
FLORA TV,1_0_1_298_4_1_650000_0_0_0.png,floratv.png,10.1E,(143) 10.0E C-band Eutelsat 10B,Missing
FURAHIA TV,1_0_1_1C2_4_1_650000_0_0_0.png,furahiatv.png,10.1E,(143) 10.0E C-band Eutelsat 10B,Missing
HIPTV_Service,1_0_1_1_1000_2000_650000_0_0_0.png,hiptvservice.png,10.1E,(143) 10.0E C-band Eutelsat 10B,Missing
HORIZON TV,1_0_1_7A_4_1_650000_0_0_0.png,horizontv.png,10.1E,(143) 10.0E C-band Eutelsat 10B,Missing
INOORO TV DTH,1_0_1_3E6_4_1_650000_0_0_0.png,inoorotvdth.png,10.1E,(143) 10.0E C-band Eutelsat 10B,Missing
JCC TV,1_0_1_C3_4_1_650000_0_0_0.png,jcctv.png,10.1E,(143) 10.0E C-band Eutelsat 10B,Missing
JCM TV,1_0_1_C1_4_1_650000_0_0_0.png,jcmtv.png,10.1E,(143) 10.0E C-band Eutelsat 10B,Missing
KAMEME FM,1_0_1_7D_4_1_650000_0_0_0.png,kamemefm.png,10.1E,(143) 10.0E C-band Eutelsat 10B,Missing
KAMEME TV,1_0_1_84_4_1_650000_0_0_0.png,kamemetv.png,10.1E,(143) 10.0E C-band Eutelsat 10B,Missing
KC2 TV,1_0_1_2_1_3E8_650000_0_0_0.png,kc2tv.png,10.1E,(143) 10.0E C-band Eutelsat 10B,Missing
KIRK TV,1_0_1_29D_4_1_650000_0_0_0.png,kirktv.png,10.1E,(143) 10.0E C-band Eutelsat 10B,Missing
KTN HOME,1_0_1_67_4_1_650000_0_0_0.png,ktnhome.png,10.1E,(143) 10.0E C-band Eutelsat 10B,Missing
KTN RADIO MAISHA,1_0_1_245_4_1_650000_0_0_0.png,ktnradiomaisha.png,10.1E,(143) 10.0E C-band Eutelsat 10B,Missing
MAYAIN FM,1_0_1_80_4_1_650000_0_0_0.png,mayainfm.png,10.1E,(143) 10.0E C-band Eutelsat 10B,Missing
MERU FM,1_0_1_81_4_1_650000_0_0_0.png,merufm.png,10.1E,(143) 10.0E C-band Eutelsat 10B,Missing
MILELE FM,1_0_1_7E_4_1_650000_0_0_0.png,milelefm.png,10.1E,(143) 10.0E C-band Eutelsat 10B,Missing
MOLIERE TV,1_0_1_7_3_1_650000_0_0_0.png,molieretv.png,10.1E,(143) 10.0E C-band Eutelsat 10B,Missing
MSENANGU FM,1_0_1_83_4_1_650000_0_0_0.png,msenangufm.png,10.1E,(143) 10.0E C-band Eutelsat 10B,Missing
MWASKY TV,1_0_1_8E_4_1_650000_0_0_0.png,mwaskytv.png,10.1E,(143) 10.0E C-band Eutelsat 10B,Missing
Mahdi,1_0_1_A3_4_1_650000_0_0_0.png,mahdi.png,10.1E,(143) 10.0E C-band Eutelsat 10B,Missing
MonCloudTV,1_0_1_1_0_0_658FBC_0_0_0.png,moncloudtv.png,10.1E,(143) 10.0E C-band Eutelsat 10B,Missing
NTV KEN.,1_0_1_66_4_1_650000_0_0_0.png,ntvken.png,10.1E,(143) 10.0E C-band Eutelsat 10B,Missing
NURU TV,1_0_1_1D6_4_1_650000_0_0_0.png,nurutv.png,10.1E,(143) 10.0E C-band Eutelsat 10B,Missing
OSIEPE FM,1_0_1_82_4_1_650000_0_0_0.png,osiepefm.png,10.1E,(143) 10.0E C-band Eutelsat 10B,Missing
PANG-MBCI TV,1_0_1_76_4_1_650000_0_0_0.png,pangmbcitv.png,10.1E,(143) 10.0E C-band Eutelsat 10B,Missing
PANG-MBUYU TV,1_0_1_284_4_1_650000_0_0_0.png,pangmbuyutv.png,10.1E,(143) 10.0E C-band Eutelsat 10B,Missing
PANG-NABII TV,1_0_1_87_4_1_650000_0_0_0.png,pangnabiitv.png,10.1E,(143) 10.0E C-band Eutelsat 10B,Missing
PPP,1_0_1_78_4_1_650000_0_0_0.png,ppp.png,10.1E,(143) 10.0E C-band Eutelsat 10B,Missing
RAMOGI TV DTH,1_0_1_3E7_4_1_650000_0_0_0.png,ramogitvdth.png,10.1E,(143) 10.0E C-band Eutelsat 10B,Missing
REMBO PLUS,1_0_1_8D_4_1_650000_0_0_0.png,remboplus.png,10.1E,(143) 10.0E C-band Eutelsat 10B,Missing
REMBO TV,1_0_1_77_4_1_650000_0_0_0.png,rembotv.png,10.1E,(143) 10.0E C-band Eutelsat 10B,Missing
RTNC,1_0_1_3_3_1_650000_0_0_0.png,rtnc.png,10.1E,(143) 10.0E C-band Eutelsat 10B,Missing
RWANDA TV,1_0_1_1_1_3E8_650000_0_0_0.png,rwandatv.png,10.1E,(143) 10.0E C-band Eutelsat 10B,Missing
SHIFU TV,1_0_1_69_4_1_650000_0_0_0.png,shifutv.png,10.1E,(143) 10.0E C-band Eutelsat 10B,Missing
SPICE FM,1_0_1_246_4_1_650000_0_0_0.png,spicefm.png,10.1E,(143) 10.0E C-band Eutelsat 10B,Missing
SPORTY TV,1_0_1_74_4_1_650000_0_0_0.png,sportytv.png,10.1E,(143) 10.0E C-band Eutelsat 10B,Missing
ST GUIDE KE,1_0_1_8F_4_1_650000_0_0_0.png,stguideke.png,10.1E,(143) 10.0E C-band Eutelsat 10B,Missing
TELE 50,1_0_1_8_3_1_650000_0_0_0.png,tele50.png,10.1E,(143) 10.0E C-band Eutelsat 10B,Missing
TELE 7,1_0_1_6_3_1_650000_0_0_0.png,tele7.png,10.1E,(143) 10.0E C-band Eutelsat 10B,Missing
TINKER TV,1_0_1_91_4_1_650000_0_0_0.png,tinkertv.png,10.1E,(143) 10.0E C-band Eutelsat 10B,Missing
URBAN VIBES TV,1_0_1_2B2_4_1_650000_0_0_0.png,urbanvibestv.png,10.1E,(143) 10.0E C-band Eutelsat 10B,Missing
UREJESHO TV,1_0_1_250_4_1_650000_0_0_0.png,urejeshotv.png,10.1E,(143) 10.0E C-band Eutelsat 10B,Missing
VIDTRIBE TV,1_0_1_299_4_1_650000_0_0_0.png,vidtribetv.png,10.1E,(143) 10.0E C-band Eutelsat 10B,Missing
VIKA TV,1_0_1_27F_4_1_650000_0_0_0.png,vikatv.png,10.1E,(143) 10.0E C-band Eutelsat 10B,Missing
WORLDLIGHT TV,1_0_1_2A8_4_1_650000_0_0_0.png,worldlighttv.png,10.1E,(143) 10.0E C-band Eutelsat 10B,Missing
XAVIER TV,1_0_1_2B0_4_1_650000_0_0_0.png,xaviertv.png,10.1E,(143) 10.0E C-band Eutelsat 10B,Missing
ZEE DUNIA,1_0_1_6B_4_1_650000_0_0_0.png,zeedunia.png,10.1E,(143) 10.0E C-band Eutelsat 10B,Missing
ZEZE TV,1_0_1_297_4_1_650000_0_0_0.png,zezetv.png,10.1E,(143) 10.0E C-band Eutelsat 10B,Missing
10719V SID 0x118b,1_0_C_118B_2AF8_13E_820000_0_0_0.png,10719vsid0x118b.png,13.0E,(72) 13.0E KU-band Hotbird 13F/13G,Missing
10796V SID 0x3dae,1_0_2_3DAE_2C88_13E_820000_0_0_0.png,10796vsid0x3dae.png,13.0E,(72) 13.0E KU-band Hotbird 13F/13G,Missing
10796V SID 0x3db5,1_0_C_3DB5_2C88_13E_820000_0_0_0.png,10796vsid0x3db5.png,13.0E,(72) 13.0E KU-band Hotbird 13F/13G,Missing
11278V SID 0x3329,1_0_C_3329_190_13E_820000_0_0_0.png,11278vsid0x3329.png,13.0E,(72) 13.0E KU-band Hotbird 13F/13G,Missing
11278V SID 0x332b,1_0_C_332B_190_13E_820000_0_0_0.png,11278vsid0x332b.png,13.0E,(72) 13.0E KU-band Hotbird 13F/13G,Missing
12616H SID 0xfffe,1_0_C_FFFE_251C_D5_820000_0_0_0.png,12616hsid0xfffe.png,13.0E,(72) 13.0E KU-band Hotbird 13F/13G,Missing
2M MONDE HD,1_0_1_7_2E18_B0_820000_0_0_0.png,2mmondehd.png,13.0E,(72) 13.0E KU-band Hotbird 13F/13G,Missing
32055,1_0_C_1CD9_1CE8_71_820000_0_0_0.png,32055.png,13.0E,(72) 13.0E KU-band Hotbird 13F/13G,Missing
32056,1_0_C_1CD5_1CE8_71_820000_0_0_0.png,32056.png,13.0E,(72) 13.0E KU-band Hotbird 13F/13G,Missing
32057,1_0_C_1CDA_1CE8_71_820000_0_0_0.png,32057.png,13.0E,(72) 13.0E KU-band Hotbird 13F/13G,Missing
32058,1_0_C_1CD8_1CE8_71_820000_0_0_0.png,32058.png,13.0E,(72) 13.0E KU-band Hotbird 13F/13G,Missing
ADB,1_0_C_1CDB_1CE8_71_820000_0_0_0.png,adb.png,13.0E,(72) 13.0E KU-band Hotbird 13F/13G,Missing
ANNI 60,1_0_2_2E2_1B58_13E_820000_0_0_0.png,anni60.png,13.0E,(72) 13.0E KU-band Hotbird 13F/13G,Missing
AdSmart Metadata,1_0_B5_E6E_16A8_FBFF_820000_0_0_0.png,adsmartmetadata.png,13.0E,(72) 13.0E KU-band Hotbird 13F/13G,Missing
Al Mayadeen HD,1_0_19_1FB_384_13E_820000_0_0_0.png,almayadeenhd.png,13.0E,(72) 13.0E KU-band Hotbird 13F/13G,Missing
Al Qamar HD,1_0_1_67_2_FFFF_DC92CB9_0_0_0.png,alqamarhd.png,13.0E,(72) 13.0E KU-band Hotbird 13F/13G,Missing
Ap,1_0_C_1CD7_1CE8_71_820000_0_0_0.png,ap.png,13.0E,(72) 13.0E KU-band Hotbird 13F/13G,Missing
BBC English (Europe),1_0_2_3348_1388_13E_820000_0_0_0.png,bbcenglisheurope.png,13.0E,(72) 13.0E KU-band Hotbird 13F/13G,Missing
BBC English Mid_East,1_0_2_3349_1388_13E_820000_0_0_0.png,bbcenglishmideast.png,13.0E,(72) 13.0E KU-band Hotbird 13F/13G,Missing
BBC Horn of Africa,1_0_2_3346_1388_13E_820000_0_0_0.png,bbchornofafrica.png,13.0E,(72) 13.0E KU-band Hotbird 13F/13G,Missing
BBC Persian HD,1_0_19_332F_1388_13E_820000_0_0_0.png,bbcpersianhd.png,13.0E,(72) 13.0E KU-band Hotbird 13F/13G,Missing
BDL Service,1_0_C6_E6F_16A8_FBFF_820000_0_0_0.png,bdlservice.png,13.0E,(72) 13.0E KU-band Hotbird 13F/13G,Missing
BEM Service,1_0_95_E67_16A8_FBFF_820000_0_0_0.png,bemservice.png,13.0E,(72) 13.0E KU-band Hotbird 13F/13G,Missing
BGDL_5800,1_0_84_E5A_16A8_FBFF_820000_0_0_0.png,bgdl5800.png,13.0E,(72) 13.0E KU-band Hotbird 13F/13G,Missing
BGDL_6600,1_0_84_2BBD_19C8_FBFF_820000_0_0_0.png,bgdl6600.png,13.0E,(72) 13.0E KU-band Hotbird 13F/13G,Missing
Bahai Radio,1_0_2_6D8_3138_13E_820000_0_0_0.png,bahairadio.png,13.0E,(72) 13.0E KU-band Hotbird 13F/13G,Missing
CANAL+ 360,1_0_1_1131_2AF8_13E_820000_0_0_0.png,canal360.png,13.0E,(72) 13.0E KU-band Hotbird 13F/13G,Missing
CANAL+ 360,1_0_1_1163_2AF8_13E_820000_0_0_0.png,canal360.png,13.0E,(72) 13.0E KU-band Hotbird 13F/13G,Missing
CANAL+ 360,1_0_1_116D_2AF8_13E_820000_0_0_0.png,canal360.png,13.0E,(72) 13.0E KU-band Hotbird 13F/13G,Missing
CANAL+ 360,1_0_1_1177_2AF8_13E_820000_0_0_0.png,canal360.png,13.0E,(72) 13.0E KU-band Hotbird 13F/13G,Missing
CANAL+ 4K ULTRA HD,1_0_1F_330D_190_13E_820000_0_0_0.png,canal4kultrahd.png,13.0E,(72) 13.0E KU-band Hotbird 13F/13G,Missing
CANAL+ 4K ULTRA HD,1_0_1F_330E_190_13E_820000_0_0_0.png,canal4kultrahd.png,13.0E,(72) 13.0E KU-band Hotbird 13F/13G,Missing
CANAL+ 4K ULTRA HD,1_0_1F_32DB_190_13E_820000_0_0_0.png,canal4kultrahd.png,13.0E,(72) 13.0E KU-band Hotbird 13F/13G,Missing
CANAL+ DOKUMENT HD,1_0_1_3D58_2C88_13E_820000_0_0_0.png,canaldokumenthd.png,13.0E,(72) 13.0E KU-band Hotbird 13F/13G,Missing
CANAL+ DOKUMENT HD,1_0_1_3D8A_2C88_13E_820000_0_0_0.png,canaldokumenthd.png,13.0E,(72) 13.0E KU-band Hotbird 13F/13G,Missing
CANAL+ DOMO HD,1_0_1_1421_5DC_13E_820000_0_0_0.png,canaldomohd.png,13.0E,(72) 13.0E KU-band Hotbird 13F/13G,Missing
CANAL+ DOMO HD,1_0_1_13EF_5DC_13E_820000_0_0_0.png,canaldomohd.png,13.0E,(72) 13.0E KU-band Hotbird 13F/13G,Missing
CANAL+ EXTRA 1,1_0_1_3313_190_13E_820000_0_0_0.png,canalextra1.png,13.0E,(72) 13.0E KU-band Hotbird 13F/13G,Missing
CANAL+ EXTRA 1,1_0_1_32E1_190_13E_820000_0_0_0.png,canalextra1.png,13.0E,(72) 13.0E KU-band Hotbird 13F/13G,Missing
CANAL+ EXTRA 3,1_0_1_3315_190_13E_820000_0_0_0.png,canalextra3.png,13.0E,(72) 13.0E KU-band Hotbird 13F/13G,Missing
CANAL+ EXTRA 3,1_0_1_32E3_190_13E_820000_0_0_0.png,canalextra3.png,13.0E,(72) 13.0E KU-band Hotbird 13F/13G,Missing
CANAL+ EXTRA 4,1_0_1_3316_190_13E_820000_0_0_0.png,canalextra4.png,13.0E,(72) 13.0E KU-band Hotbird 13F/13G,Missing
CANAL+ EXTRA 4,1_0_1_32E4_190_13E_820000_0_0_0.png,canalextra4.png,13.0E,(72) 13.0E KU-band Hotbird 13F/13G,Missing
CANAL+ KUCHNIA,1_0_1_1422_5DC_13E_820000_0_0_0.png,canalkuchnia.png,13.0E,(72) 13.0E KU-band Hotbird 13F/13G,Missing
CANAL+ KUCHNIA,1_0_1_13F0_5DC_13E_820000_0_0_0.png,canalkuchnia.png,13.0E,(72) 13.0E KU-band Hotbird 13F/13G,Missing
CANAL+ NOW,1_0_1_32CD_190_13E_820000_0_0_0.png,canalnow.png,13.0E,(72) 13.0E KU-band Hotbird 13F/13G,Missing
CANAL+ PREMIUM HD,1_0_1_3304_190_13E_820000_0_0_0.png,canalpremiumhd.png,13.0E,(72) 13.0E KU-band Hotbird 13F/13G,Missing
CANAL+ PREMIUM HD,1_0_1_3322_190_13E_820000_0_0_0.png,canalpremiumhd.png,13.0E,(72) 13.0E KU-band Hotbird 13F/13G,Missing
CANAL+ PREMIUM HD,1_0_1_32DC_190_13E_820000_0_0_0.png,canalpremiumhd.png,13.0E,(72) 13.0E KU-band Hotbird 13F/13G,Missing
CANAL+ PREMIUM HD,1_0_1_32F0_190_13E_820000_0_0_0.png,canalpremiumhd.png,13.0E,(72) 13.0E KU-band Hotbird 13F/13G,Missing
CANAL+ PREMIUM HD,1_0_1_32FA_190_13E_820000_0_0_0.png,canalpremiumhd.png,13.0E,(72) 13.0E KU-band Hotbird 13F/13G,Missing
CANAL+ SERIALE HD,1_0_1_3D57_2C88_13E_820000_0_0_0.png,canalserialehd.png,13.0E,(72) 13.0E KU-band Hotbird 13F/13G,Missing
CANAL+ SERIALE HD,1_0_1_3D89_2C88_13E_820000_0_0_0.png,canalserialehd.png,13.0E,(72) 13.0E KU-band Hotbird 13F/13G,Missing
CANAL+ SPORT 2 HD,1_0_1_1420_5DC_13E_820000_0_0_0.png,canalsport2hd.png,13.0E,(72) 13.0E KU-band Hotbird 13F/13G,Missing
CANAL+ SPORT 2 HD,1_0_1_1434_5DC_13E_820000_0_0_0.png,canalsport2hd.png,13.0E,(72) 13.0E KU-band Hotbird 13F/13G,Missing
CANAL+ SPORT 2 HD,1_0_1_13EE_5DC_13E_820000_0_0_0.png,canalsport2hd.png,13.0E,(72) 13.0E KU-band Hotbird 13F/13G,Missing
CANAL+ SPORT 3 HD,1_0_1_3AA0_514_13E_820000_0_0_0.png,canalsport3hd.png,13.0E,(72) 13.0E KU-band Hotbird 13F/13G,Missing
CANAL+ SPORT 3 HD,1_0_1_3AD2_514_13E_820000_0_0_0.png,canalsport3hd.png,13.0E,(72) 13.0E KU-band Hotbird 13F/13G,Missing
CANAL+ SPORT 3 HD,1_0_1_3AF0_514_13E_820000_0_0_0.png,canalsport3hd.png,13.0E,(72) 13.0E KU-band Hotbird 13F/13G,Missing
CANAL+ SPORT 4 HD,1_0_1_3AA1_514_13E_820000_0_0_0.png,canalsport4hd.png,13.0E,(72) 13.0E KU-band Hotbird 13F/13G,Missing
CANAL+ SPORT 4 HD,1_0_1_3AD3_514_13E_820000_0_0_0.png,canalsport4hd.png,13.0E,(72) 13.0E KU-band Hotbird 13F/13G,Missing
CANAL+ SPORT 4 HD,1_0_1_3AF1_514_13E_820000_0_0_0.png,canalsport4hd.png,13.0E,(72) 13.0E KU-band Hotbird 13F/13G,Missing
CANAL+ SPORT 5 HD,1_0_1_3AA5_514_13E_820000_0_0_0.png,canalsport5hd.png,13.0E,(72) 13.0E KU-band Hotbird 13F/13G,Missing
CANAL+ SPORT 5 HD,1_0_1_3AB9_514_13E_820000_0_0_0.png,canalsport5hd.png,13.0E,(72) 13.0E KU-band Hotbird 13F/13G,Missing
CANAL+ SPORT 5 HD,1_0_1_3AE1_514_13E_820000_0_0_0.png,canalsport5hd.png,13.0E,(72) 13.0E KU-band Hotbird 13F/13G,Missing
CANAL+ SPORT HD,1_0_1_3324_190_13E_820000_0_0_0.png,canalsporthd.png,13.0E,(72) 13.0E KU-band Hotbird 13F/13G,Missing
CANAL+ SPORT HD,1_0_1_32DE_190_13E_820000_0_0_0.png,canalsporthd.png,13.0E,(72) 13.0E KU-band Hotbird 13F/13G,Missing
CANAL+ SPORT HD,1_0_1_32FC_190_13E_820000_0_0_0.png,canalsporthd.png,13.0E,(72) 13.0E KU-band Hotbird 13F/13G,Missing
CANAL+1 HD,1_0_1_141F_5DC_13E_820000_0_0_0.png,canal1hd.png,13.0E,(72) 13.0E KU-band Hotbird 13F/13G,Missing
CANAL+1 HD,1_0_1_13ED_5DC_13E_820000_0_0_0.png,canal1hd.png,13.0E,(72) 13.0E KU-band Hotbird 13F/13G,Missing
CHAINE 1,1_0_2_39D1_1FA4_13E_820000_0_0_0.png,chaine1.png,13.0E,(72) 13.0E KU-band Hotbird 13F/13G,Missing
CHAINE 2,1_0_2_39D2_1FA4_13E_820000_0_0_0.png,chaine2.png,13.0E,(72) 13.0E KU-band Hotbird 13F/13G,Missing
CHAINE 3,1_0_2_39D3_1FA4_13E_820000_0_0_0.png,chaine3.png,13.0E,(72) 13.0E KU-band Hotbird 13F/13G,Missing
Canzoni Napoletane,1_0_A_4256_3DB8_13E_820000_0_0_0.png,canzoninapoletane.png,13.0E,(72) 13.0E KU-band Hotbird 13F/13G,Missing
Chaine 1,1_0_2_6D7_3138_13E_820000_0_0_0.png,chaine1.png,13.0E,(72) 13.0E KU-band Hotbird 13F/13G,Missing
Chaine 2,1_0_2_6AF_3138_13E_820000_0_0_0.png,chaine2.png,13.0E,(72) 13.0E KU-band Hotbird 13F/13G,Missing
Chaine 3,1_0_2_6C3_3138_13E_820000_0_0_0.png,chaine3.png,13.0E,(72) 13.0E KU-band Hotbird 13F/13G,Missing
Chasse & Peche,1_0_16_8B_251C_D5_820000_0_0_0.png,chassepeche.png,13.0E,(72) 13.0E KU-band Hotbird 13F/13G,Missing
CineStar A&T,1_0_16_94_251C_D5_820000_0_0_0.png,cinestarat.png,13.0E,(72) 13.0E KU-band Hotbird 13F/13G,Missing
Consumer Cam,1_0_81_16_1E78_71_820000_0_0_0.png,consumercam.png,13.0E,(72) 13.0E KU-band Hotbird 13F/13G,Missing
Cusano Napoli,1_0_A_425A_3DB8_13E_820000_0_0_0.png,cusanonapoli.png,13.0E,(72) 13.0E KU-band Hotbird 13F/13G,Missing
Cusano Palermo,1_0_A_4259_3DB8_13E_820000_0_0_0.png,cusanopalermo.png,13.0E,(72) 13.0E KU-band Hotbird 13F/13G,Missing
Cusano Salerno,1_0_A_425B_3DB8_13E_820000_0_0_0.png,cusanosalerno.png,13.0E,(72) 13.0E KU-band Hotbird 13F/13G,Missing
D30,1_0_C_1CD3_1CE8_71_820000_0_0_0.png,d30.png,13.0E,(72) 13.0E KU-band Hotbird 13F/13G,Missing
D47,1_0_C_1CD2_1CE8_71_820000_0_0_0.png,d47.png,13.0E,(72) 13.0E KU-band Hotbird 13F/13G,Missing
D56,1_0_C_1CDC_1CE8_71_820000_0_0_0.png,d56.png,13.0E,(72) 13.0E KU-band Hotbird 13F/13G,Missing
D56G,1_0_C_1CD1_1CE8_71_820000_0_0_0.png,d56g.png,13.0E,(72) 13.0E KU-band Hotbird 13F/13G,Missing
D61_Nagra,1_0_C_1CCB_1CE8_71_820000_0_0_0.png,d61nagra.png,13.0E,(72) 13.0E KU-band Hotbird 13F/13G,Missing
D62,1_0_C_1CE5_1CE8_71_820000_0_0_0.png,d62.png,13.0E,(72) 13.0E KU-band Hotbird 13F/13G,Missing
D63,1_0_C_1CD0_1CE8_71_820000_0_0_0.png,d63.png,13.0E,(72) 13.0E KU-band Hotbird 13F/13G,Missing
D63_Nagra,1_0_C_1CCC_1CE8_71_820000_0_0_0.png,d63nagra.png,13.0E,(72) 13.0E KU-band Hotbird 13F/13G,Missing
D64-Testowy,1_0_C_1CC9_1CE8_71_820000_0_0_0.png,d64testowy.png,13.0E,(72) 13.0E KU-band Hotbird 13F/13G,Missing
D64_4k_Lite,1_0_C_1CCE_1CE8_71_820000_0_0_0.png,d644klite.png,13.0E,(72) 13.0E KU-band Hotbird 13F/13G,Missing
DAYSTAR HD,1_0_19_1200_2B5C_13E_820000_0_0_0.png,daystarhd.png,13.0E,(72) 13.0E KU-band Hotbird 13F/13G,Missing
DEEJAY,1_0_2_E43_1C20_13E_820000_0_0_0.png,deejay.png,13.0E,(72) 13.0E KU-band Hotbird 13F/13G,Missing
DL IKUSI EPG,1_0_FA_E59_16A8_FBFF_820000_0_0_0.png,dlikusiepg.png,13.0E,(72) 13.0E KU-band Hotbird 13F/13G,Missing
DL IKUSI MI,1_0_FA_2BBC_19C8_FBFF_820000_0_0_0.png,dlikusimi.png,13.0E,(72) 13.0E KU-band Hotbird 13F/13G,Missing
DW-FEED1,1_0_2_3345_1388_13E_820000_0_0_0.png,dwfeed1.png,13.0E,(72) 13.0E KU-band Hotbird 13F/13G,Missing
DW-FM01,1_0_2_3343_1388_13E_820000_0_0_0.png,dwfm01.png,13.0E,(72) 13.0E KU-band Hotbird 13F/13G,Missing
DW-FM02,1_0_2_3344_1388_13E_820000_0_0_0.png,dwfm02.png,13.0E,(72) 13.0E KU-band Hotbird 13F/13G,Missing
DW08,1_0_2_3341_1388_13E_820000_0_0_0.png,dw08.png,13.0E,(72) 13.0E KU-band Hotbird 13F/13G,Missing
DW09,1_0_2_3342_1388_13E_820000_0_0_0.png,dw09.png,13.0E,(72) 13.0E KU-band Hotbird 13F/13G,Missing
Da Vinci HD,1_0_1_172_1C84_13E_820000_0_0_0.png,davincihd.png,13.0E,(72) 13.0E KU-band Hotbird 13F/13G,Missing
Dakhla,1_0_2_5B_2E18_B0_820000_0_0_0.png,dakhla.png,13.0E,(72) 13.0E KU-band Hotbird 13F/13G,Missing
DimSuono Roma,1_0_A_2E1_1B58_13E_820000_0_0_0.png,dimsuonoroma.png,13.0E,(72) 13.0E KU-band Hotbird 13F/13G,Missing
DimSuono Soft MI,1_0_A_2FE_1B58_13E_820000_0_0_0.png,dimsuonosoftmi.png,13.0E,(72) 13.0E KU-band Hotbird 13F/13G,Missing
DimSuono Soft RM,1_0_A_2FF_1B58_13E_820000_0_0_0.png,dimsuonosoftrm.png,13.0E,(72) 13.0E KU-band Hotbird 13F/13G,Missing
Discoradio,1_0_A_300_1B58_13E_820000_0_0_0.png,discoradio.png,13.0E,(72) 13.0E KU-band Hotbird 13F/13G,Missing
Dl621,1_0_84_2AF5_1838_FBFF_820000_0_0_0.png,dl621.png,13.0E,(72) 13.0E KU-band Hotbird 13F/13G,Missing
Dl622,1_0_84_2AF0_1838_FBFF_820000_0_0_0.png,dl622.png,13.0E,(72) 13.0E KU-band Hotbird 13F/13G,Missing
Dl641,1_0_84_2B55_1900_FBFF_820000_0_0_0.png,dl641.png,13.0E,(72) 13.0E KU-band Hotbird 13F/13G,Missing
Dl821,1_0_84_2DAE_2260_FBFF_820000_0_0_0.png,dl821.png,13.0E,(72) 13.0E KU-band Hotbird 13F/13G,Missing
ESC R1,1_0_2_38F_2134_13E_820000_0_0_0.png,escr1.png,13.0E,(72) 13.0E KU-band Hotbird 13F/13G,Missing
ESC R2,1_0_2_390_2134_13E_820000_0_0_0.png,escr2.png,13.0E,(72) 13.0E KU-band Hotbird 13F/13G,Missing
ESC R3,1_0_2_391_2134_13E_820000_0_0_0.png,escr3.png,13.0E,(72) 13.0E KU-band Hotbird 13F/13G,Missing
Eska Rock HD,1_0_1_2909_1EDC_71_820000_0_0_0.png,eskarockhd.png,13.0E,(72) 13.0E KU-band Hotbird 13F/13G,Missing
Eska TV Extra HD,1_0_1_290D_1EDC_71_820000_0_0_0.png,eskatvextrahd.png,13.0E,(72) 13.0E KU-band Hotbird 13F/13G,Missing
Eska TV HD,1_0_1_429C_2BC0_13E_820000_0_0_0.png,eskatvhd.png,13.0E,(72) 13.0E KU-band Hotbird 13F/13G,Missing
Euronews English HD,1_0_16_321_3BC4_1_820000_0_0_0.png,euronewsenglishhd.png,13.0E,(72) 13.0E KU-band Hotbird 13F/13G,Missing
FEED 2,1_0_1_2_69_61_820000_0_0_0.png,feed2.png,13.0E,(72) 13.0E KU-band Hotbird 13F/13G,Missing
FGDL_5800,1_0_84_E57_16A8_FBFF_820000_0_0_0.png,fgdl5800.png,13.0E,(72) 13.0E KU-band Hotbird 13F/13G,Missing
Faktura,1_0_C_3AD4_514_13E_820000_0_0_0.png,faktura.png,13.0E,(72) 13.0E KU-band Hotbird 13F/13G,Missing
Fes,1_0_2_B2_2E18_B0_820000_0_0_0.png,fes.png,13.0E,(72) 13.0E KU-band Hotbird 13F/13G,Missing
Fokus TV HD,1_0_1_429D_2BC0_13E_820000_0_0_0.png,fokustvhd.png,13.0E,(72) 13.0E KU-band Hotbird 13F/13G,Missing
Fokus TV HD,1_0_1_42C5_2BC0_13E_820000_0_0_0.png,fokustvhd.png,13.0E,(72) 13.0E KU-band Hotbird 13F/13G,Missing
Fusion BGDL 10991,1_0_FB_2AEF_1838_FBFF_820000_0_0_0.png,fusionbgdl10991.png,13.0E,(72) 13.0E KU-band Hotbird 13F/13G,Missing
Fusion BGDL 11090,1_0_FB_2B52_1900_FBFF_820000_0_0_0.png,fusionbgdl11090.png,13.0E,(72) 13.0E KU-band Hotbird 13F/13G,Missing
Fusion BGDL 11190,1_0_FB_2BB6_19C8_FBFF_820000_0_0_0.png,fusionbgdl11190.png,13.0E,(72) 13.0E KU-band Hotbird 13F/13G,Missing
Fusion BGDL 11690,1_0_FB_2DAA_2260_FBFF_820000_0_0_0.png,fusionbgdl11690.png,13.0E,(72) 13.0E KU-band Hotbird 13F/13G,Missing
Fusion BGDL 3690,1_0_FB_E6A_16A8_FBFF_820000_0_0_0.png,fusionbgdl3690.png,13.0E,(72) 13.0E KU-band Hotbird 13F/13G,Missing
Fusion BGDL 4190,1_0_FB_105E_1A90_FBFF_820000_0_0_0.png,fusionbgdl4190.png,13.0E,(72) 13.0E KU-band Hotbird 13F/13G,Missing
Fusion BGDL 4292,1_0_FB_10C4_2008_FBFF_820000_0_0_0.png,fusionbgdl4292.png,13.0E,(72) 13.0E KU-band Hotbird 13F/13G,Missing
Fusion BGDL 7790,1_0_FB_1E6E_15E0_FBFF_820000_0_0_0.png,fusionbgdl7790.png,13.0E,(72) 13.0E KU-band Hotbird 13F/13G,Missing
Fusion Bootloader,1_0_FC_10C1_2008_FBFF_820000_0_0_0.png,fusionbootloader.png,13.0E,(72) 13.0E KU-band Hotbird 13F/13G,Missing
Fusion FGDL,1_0_FC_1FED_16A8_FBFF_820000_0_0_0.png,fusionfgdl.png,13.0E,(72) 13.0E KU-band Hotbird 13F/13G,Missing
GNC HD,1_0_1_656_2454_13E_820000_0_0_0.png,gnchd.png,13.0E,(72) 13.0E KU-band Hotbird 13F/13G,Missing
Gestione Collegam. Telefonico,1_0_82_E55_16A8_FBFF_820000_0_0_0.png,gestionecollegamtelefonico.png,13.0E,(72) 13.0E KU-band Hotbird 13F/13G,Missing
HD 3000,1_0_C_1CE6_1CE8_71_820000_0_0_0.png,hd3000.png,13.0E,(72) 13.0E KU-band Hotbird 13F/13G,Missing
HD2000,1_0_C_1CE7_1CE8_71_820000_0_0_0.png,hd2000.png,13.0E,(72) 13.0E KU-band Hotbird 13F/13G,Missing
HD3000 NP,1_0_C_1CE4_1CE8_71_820000_0_0_0.png,hd3000np.png,13.0E,(72) 13.0E KU-band Hotbird 13F/13G,Missing
HD3000_NF,1_0_C_1CDF_1CE8_71_820000_0_0_0.png,hd3000nf.png,13.0E,(72) 13.0E KU-band Hotbird 13F/13G,Missing
HD5000,1_0_C_1CD6_1CE8_71_820000_0_0_0.png,hd5000.png,13.0E,(72) 13.0E KU-band Hotbird 13F/13G,Missing
HD5500s,1_0_C_1CE0_1CE8_71_820000_0_0_0.png,hd5500s.png,13.0E,(72) 13.0E KU-band Hotbird 13F/13G,Missing
HD7000,1_0_C_1CE1_1CE8_71_820000_0_0_0.png,hd7000.png,13.0E,(72) 13.0E KU-band Hotbird 13F/13G,Missing
HD_2000_NF,1_0_C_1CDE_1CE8_71_820000_0_0_0.png,hd2000nf.png,13.0E,(72) 13.0E KU-band Hotbird 13F/13G,Missing
HD_3000_FS,1_0_C_1CE3_1CE8_71_820000_0_0_0.png,hd3000fs.png,13.0E,(72) 13.0E KU-band Hotbird 13F/13G,Missing
HD_6000_FS,1_0_C_1CE2_1CE8_71_820000_0_0_0.png,hd6000fs.png,13.0E,(72) 13.0E KU-band Hotbird 13F/13G,Missing
Houceima,1_0_2_3C_2E18_B0_820000_0_0_0.png,houceima.png,13.0E,(72) 13.0E KU-band Hotbird 13F/13G,Missing
IDJ Kids HD,1_0_1_19D_1518_13E_820000_0_0_0.png,idjkidshd.png,13.0E,(72) 13.0E KU-band Hotbird 13F/13G,Missing
InBlu2000,1_0_2_5C_1770_BE_820000_0_0_0.png,inblu2000.png,13.0E,(72) 13.0E KU-band Hotbird 13F/13G,Missing
JASNA GORA,1_0_2_1419_5DC_13E_820000_0_0_0.png,jasnagora.png,13.0E,(72) 13.0E KU-band Hotbird 13F/13G,Missing
JASNA GORA,1_0_2_141A_5DC_13E_820000_0_0_0.png,jasnagora.png,13.0E,(72) 13.0E KU-band Hotbird 13F/13G,Missing
JORDAN R1,1_0_2_393_2134_13E_820000_0_0_0.png,jordanr1.png,13.0E,(72) 13.0E KU-band Hotbird 13F/13G,Missing
Kabelio 3+,1_0_19_64_1644_13E_820000_0_0_0.png,kabelio3.png,13.0E,(72) 13.0E KU-band Hotbird 13F/13G,Missing
Kabelio 3+,1_0_19_64_3264_13E_820000_0_0_0.png,kabelio3.png,13.0E,(72) 13.0E KU-band Hotbird 13F/13G,Missing
Kabelio 4+,1_0_19_65_1644_13E_820000_0_0_0.png,kabelio4.png,13.0E,(72) 13.0E KU-band Hotbird 13F/13G,Missing
Kabelio 4+,1_0_19_65_3264_13E_820000_0_0_0.png,kabelio4.png,13.0E,(72) 13.0E KU-band Hotbird 13F/13G,Missing
Kabelio 5+,1_0_19_66_1644_13E_820000_0_0_0.png,kabelio5.png,13.0E,(72) 13.0E KU-band Hotbird 13F/13G,Missing
Kabelio 5+,1_0_19_66_3264_13E_820000_0_0_0.png,kabelio5.png,13.0E,(72) 13.0E KU-band Hotbird 13F/13G,Missing
Kabelio 6+,1_0_19_69_1644_13E_820000_0_0_0.png,kabelio6.png,13.0E,(72) 13.0E KU-band Hotbird 13F/13G,Missing
Kabelio 6+,1_0_19_69_3264_13E_820000_0_0_0.png,kabelio6.png,13.0E,(72) 13.0E KU-band Hotbird 13F/13G,Missing
Kabelio ORF Sport+,1_0_19_76_1644_13E_820000_0_0_0.png,kabelioorfsport.png,13.0E,(72) 13.0E KU-band Hotbird 13F/13G,Missing
Kabelio ORF Sport+,1_0_19_76_3264_13E_820000_0_0_0.png,kabelioorfsport.png,13.0E,(72) 13.0E KU-band Hotbird 13F/13G,Missing
Kino Nova HD,1_0_19_88_251C_D5_820000_0_0_0.png,kinonovahd.png,13.0E,(72) 13.0E KU-band Hotbird 13F/13G,Missing
Kurdistan 24 HD,1_0_1_1FC_384_13E_820000_0_0_0.png,kurdistan24hd.png,13.0E,(72) 13.0E KU-band Hotbird 13F/13G,Missing
Kuwait Holy Quran,1_0_2_397_2134_13E_820000_0_0_0.png,kuwaitholyquran.png,13.0E,(72) 13.0E KU-band Hotbird 13F/13G,Missing
Kuwait Radio 1,1_0_2_396_2134_13E_820000_0_0_0.png,kuwaitradio1.png,13.0E,(72) 13.0E KU-band Hotbird 13F/13G,Missing
Laayoune,1_0_2_5A_2E18_B0_820000_0_0_0.png,laayoune.png,13.0E,(72) 13.0E KU-band Hotbird 13F/13G,Missing
M DUE O,1_0_2_E45_1C20_13E_820000_0_0_0.png,mdueo.png,13.0E,(72) 13.0E KU-band Hotbird 13F/13G,Missing
MEGA NEWS HD,1_0_1_1BC9_17D4_13E_820000_0_0_0.png,meganewshd.png,13.0E,(72) 13.0E KU-band Hotbird 13F/13G,Missing
Mad Radio,1_0_2_1BCD_17D4_13E_820000_0_0_0.png,madradio.png,13.0E,(72) 13.0E KU-band Hotbird 13F/13G,Missing
Marrakech,1_0_2_B3_2E18_B0_820000_0_0_0.png,marrakech.png,13.0E,(72) 13.0E KU-band Hotbird 13F/13G,Missing
Meknes,1_0_2_50_2E18_B0_820000_0_0_0.png,meknes.png,13.0E,(72) 13.0E KU-band Hotbird 13F/13G,Missing
Melodi Radio,1_0_2_138_157C_13E_820000_0_0_0.png,melodiradio.png,13.0E,(72) 13.0E KU-band Hotbird 13F/13G,Missing
Metro HD,1_0_19_3DD4_640_13E_820000_0_0_0.png,metrohd.png,13.0E,(72) 13.0E KU-band Hotbird 13F/13G,Missing
MiniMini+ HD,1_0_1_3308_190_13E_820000_0_0_0.png,miniminihd.png,13.0E,(72) 13.0E KU-band Hotbird 13F/13G,Missing
MiniMini+ HD,1_0_1_32E0_190_13E_820000_0_0_0.png,miniminihd.png,13.0E,(72) 13.0E KU-band Hotbird 13F/13G,Missing
MiniMini+ HD,1_0_1_32FE_190_13E_820000_0_0_0.png,miniminihd.png,13.0E,(72) 13.0E KU-band Hotbird 13F/13G,Missing
NOVELAS+,1_0_1_3A9A_514_13E_820000_0_0_0.png,novelas.png,13.0E,(72) 13.0E KU-band Hotbird 13F/13G,Missing
NOVELAS+,1_0_1_3ACC_514_13E_820000_0_0_0.png,novelas.png,13.0E,(72) 13.0E KU-band Hotbird 13F/13G,Missing
NOVELAS+,1_0_1_3AD6_514_13E_820000_0_0_0.png,novelas.png,13.0E,(72) 13.0E KU-band Hotbird 13F/13G,Missing
New Life Radio,1_0_2_8B2_1F4_FC_820000_0_0_0.png,newliferadio.png,13.0E,(72) 13.0E KU-band Hotbird 13F/13G,Missing
No Name Radio,1_0_2_2152_3070_13E_820000_0_0_0.png,nonameradio.png,13.0E,(72) 13.0E KU-band Hotbird 13F/13G,Missing
Noor Dubai Radio,1_0_A_388_2134_13E_820000_0_0_0.png,noordubairadio.png,13.0E,(72) 13.0E KU-band Hotbird 13F/13G,Missing
Nove HD,1_0_19_10E3_3E8_13E_820000_0_0_0.png,novehd.png,13.0E,(72) 13.0E KU-band Hotbird 13F/13G,Missing
OMAN HOLY QURAN,1_0_2_39C_2134_13E_820000_0_0_0.png,omanholyquran.png,13.0E,(72) 13.0E KU-band Hotbird 13F/13G,Missing
OTA TV SAT,1_0_C_4227_3DB8_13E_820000_0_0_0.png,otatvsat.png,13.0E,(72) 13.0E KU-band Hotbird 13F/13G,Missing
Oman English Radio R2,1_0_2_39A_2134_13E_820000_0_0_0.png,omanenglishradior2.png,13.0E,(72) 13.0E KU-band Hotbird 13F/13G,Missing
Oman General Radio R1,1_0_2_399_2134_13E_820000_0_0_0.png,omangeneralradior1.png,13.0E,(72) 13.0E KU-band Hotbird 13F/13G,Missing
Oman Shabab Radio R3,1_0_2_39B_2134_13E_820000_0_0_0.png,omanshababradior3.png,13.0E,(72) 13.0E KU-band Hotbird 13F/13G,Missing
Oujda,1_0_2_35_2E18_B0_820000_0_0_0.png,oujda.png,13.0E,(72) 13.0E KU-band Hotbird 13F/13G,Missing
PPV HD,1_0_1_3E30_2EE0_13E_820000_0_0_0.png,ppvhd.png,13.0E,(72) 13.0E KU-band Hotbird 13F/13G,Missing
PUSH REF HD 3001,1_0_1B_BB9_16A8_FBFF_820000_0_0_0.png,pushrefhd3001.png,13.0E,(72) 13.0E KU-band Hotbird 13F/13G,Missing
PUSH REF SD 3000,1_0_4_BB8_16A8_FBFF_820000_0_0_0.png,pushrefsd3000.png,13.0E,(72) 13.0E KU-band Hotbird 13F/13G,Missing
P_TEST,1_0_1_1A9_1518_13E_820000_0_0_0.png,ptest.png,13.0E,(72) 13.0E KU-band Hotbird 13F/13G,Missing
Planete+ HD,1_0_1_3A99_514_13E_820000_0_0_0.png,planetehd.png,13.0E,(72) 13.0E KU-band Hotbird 13F/13G,Missing
Planete+ HD,1_0_1_3ACB_514_13E_820000_0_0_0.png,planetehd.png,13.0E,(72) 13.0E KU-band Hotbird 13F/13G,Missing
Polsat Film 2 HD,1_0_1_3E1F_2EE0_13E_820000_0_0_0.png,polsatfilm2hd.png,13.0E,(72) 13.0E KU-band Hotbird 13F/13G,Missing
Polsat Games HD,1_0_1_4284_2BC0_13E_820000_0_0_0.png,polsatgameshd.png,13.0E,(72) 13.0E KU-band Hotbird 13F/13G,Missing
Polsat Games HD,1_0_1_4285_2BC0_13E_820000_0_0_0.png,polsatgameshd.png,13.0E,(72) 13.0E KU-band Hotbird 13F/13G,Missing
Polsat News 2 HD,1_0_1_3333_3390_71_820000_0_0_0.png,polsatnews2hd.png,13.0E,(72) 13.0E KU-band Hotbird 13F/13G,Missing
Polsat News 2 HD,1_0_1_3343_3390_71_820000_0_0_0.png,polsatnews2hd.png,13.0E,(72) 13.0E KU-band Hotbird 13F/13G,Missing
Polsat News 2 HD,1_0_1_3353_3390_71_820000_0_0_0.png,polsatnews2hd.png,13.0E,(72) 13.0E KU-band Hotbird 13F/13G,Missing
Polsat News 2 HD,1_0_1_3363_3390_71_820000_0_0_0.png,polsatnews2hd.png,13.0E,(72) 13.0E KU-band Hotbird 13F/13G,Missing
Polsat Reality HD,1_0_1_3E21_2EE0_13E_820000_0_0_0.png,polsatrealityhd.png,13.0E,(72) 13.0E KU-band Hotbird 13F/13G,Missing
Polsat Rodzina HD,1_0_1_1C8F_1CE8_71_820000_0_0_0.png,polsatrodzinahd.png,13.0E,(72) 13.0E KU-band Hotbird 13F/13G,Missing
Polsat X HD,1_0_1_1C8B_1CE8_71_820000_0_0_0.png,polsatxhd.png,13.0E,(72) 13.0E KU-band Hotbird 13F/13G,Missing
R Radio,1_0_2_604_1F4_FC_820000_0_0_0.png,rradio.png,13.0E,(72) 13.0E KU-band Hotbird 13F/13G,Missing
R Tunisie Internatio,1_0_2_1C53_1C20_13E_820000_0_0_0.png,rtunisieinternatio.png,13.0E,(72) 13.0E KU-band Hotbird 13F/13G,Missing
R Tunisie Nationale,1_0_2_1C52_1C20_13E_820000_0_0_0.png,rtunisienationale.png,13.0E,(72) 13.0E KU-band Hotbird 13F/13G,Missing
R. Italia S.m.i.,1_0_A_2E4_1B58_13E_820000_0_0_0.png,ritaliasmi.png,13.0E,(72) 13.0E KU-band Hotbird 13F/13G,Missing
R.BuonConsiglio,1_0_2_1C72_1C20_13E_820000_0_0_0.png,rbuonconsiglio.png,13.0E,(72) 13.0E KU-band Hotbird 13F/13G,Missing
R.ONDA D'URTO,1_0_2_E3D_1C20_13E_820000_0_0_0.png,rondadurto.png,13.0E,(72) 13.0E KU-band Hotbird 13F/13G,Missing
RADIO ITALIA s.m.i.,1_0_2_E30_1C20_13E_820000_0_0_0.png,radioitaliasmi.png,13.0E,(72) 13.0E KU-band Hotbird 13F/13G,Missing
RADIO SUBASIO,1_0_2_6A_1770_BE_820000_0_0_0.png,radiosubasio.png,13.0E,(72) 13.0E KU-band Hotbird 13F/13G,Missing
RADIOFRECCIA HD,1_0_19_203_384_13E_820000_0_0_0.png,radiofrecciahd.png,13.0E,(72) 13.0E KU-band Hotbird 13F/13G,Missing
RDP Int,1_0_A_2CA_1B58_13E_820000_0_0_0.png,rdpint.png,13.0E,(72) 13.0E KU-band Hotbird 13F/13G,Missing
RFI Afrique,1_0_2_334D_1388_13E_820000_0_0_0.png,rfiafrique.png,13.0E,(72) 13.0E KU-band Hotbird 13F/13G,Missing
RFI Albania,1_0_2_3356_1388_13E_820000_0_0_0.png,rfialbania.png,13.0E,(72) 13.0E KU-band Hotbird 13F/13G,Missing
RFI Bucarest,1_0_2_3353_1388_13E_820000_0_0_0.png,rfibucarest.png,13.0E,(72) 13.0E KU-band Hotbird 13F/13G,Missing
RFI Chisinau,1_0_2_3355_1388_13E_820000_0_0_0.png,rfichisinau.png,13.0E,(72) 13.0E KU-band Hotbird 13F/13G,Missing
RFI Divers 7,1_0_2_334E_1388_13E_820000_0_0_0.png,rfidivers7.png,13.0E,(72) 13.0E KU-band Hotbird 13F/13G,Missing
RFI Erevan,1_0_2_3354_1388_13E_820000_0_0_0.png,rfierevan.png,13.0E,(72) 13.0E KU-band Hotbird 13F/13G,Missing
RFI Francais,1_0_2_334A_1388_13E_820000_0_0_0.png,rfifrancais.png,13.0E,(72) 13.0E KU-band Hotbird 13F/13G,Missing
RFI Germany,1_0_2_3350_1388_13E_820000_0_0_0.png,rfigermany.png,13.0E,(72) 13.0E KU-band Hotbird 13F/13G,Missing
RFI Langues Div,1_0_2_334C_1388_13E_820000_0_0_0.png,rfilanguesdiv.png,13.0E,(72) 13.0E KU-band Hotbird 13F/13G,Missing
RFI Liban,1_0_2_3357_1388_13E_820000_0_0_0.png,rfiliban.png,13.0E,(72) 13.0E KU-band Hotbird 13F/13G,Missing
RFI Metropole,1_0_2_3352_1388_13E_820000_0_0_0.png,rfimetropole.png,13.0E,(72) 13.0E KU-band Hotbird 13F/13G,Missing
RFI Prague,1_0_2_3351_1388_13E_820000_0_0_0.png,rfiprague.png,13.0E,(72) 13.0E KU-band Hotbird 13F/13G,Missing
RFI RMC MO,1_0_2_334F_1388_13E_820000_0_0_0.png,rfirmcmo.png,13.0E,(72) 13.0E KU-band Hotbird 13F/13G,Missing
RFI Test HB,1_0_A_3358_1388_13E_820000_0_0_0.png,rfitesthb.png,13.0E,(72) 13.0E KU-band Hotbird 13F/13G,Missing
RTL 102.5 HD,1_0_19_202_384_13E_820000_0_0_0.png,rtl1025hd.png,13.0E,(72) 13.0E KU-band Hotbird 13F/13G,Missing
RTS Première,1_0_2_434B_300C_13E_820000_0_0_0.png,rtspremire.png,13.0E,(72) 13.0E KU-band Hotbird 13F/13G,Missing
RUDAW HD,1_0_19_1FA_384_13E_820000_0_0_0.png,rudawhd.png,13.0E,(72) 13.0E KU-band Hotbird 13F/13G,Missing
RVS-Accendi la Speranza,1_0_2_207_384_13E_820000_0_0_0.png,rvsaccendilasperanza.png,13.0E,(72) 13.0E KU-band Hotbird 13F/13G,Missing
Radio 3,1_0_2_DFF_1F40_13E_820000_0_0_0.png,radio3.png,13.0E,(72) 13.0E KU-band Hotbird 13F/13G,Missing
Radio 4,1_0_2_E02_1F40_13E_820000_0_0_0.png,radio4.png,13.0E,(72) 13.0E KU-band Hotbird 13F/13G,Missing
Radio 5,1_0_2_E00_1F40_13E_820000_0_0_0.png,radio5.png,13.0E,(72) 13.0E KU-band Hotbird 13F/13G,Missing
Radio Amazigh,1_0_2_F_2E18_B0_820000_0_0_0.png,radioamazigh.png,13.0E,(72) 13.0E KU-band Hotbird 13F/13G,Missing
Radio Clasica,1_0_2_DFE_1F40_13E_820000_0_0_0.png,radioclasica.png,13.0E,(72) 13.0E KU-band Hotbird 13F/13G,Missing
Radio Cusano Campus,1_0_2_135E_33F4_13E_820000_0_0_0.png,radiocusanocampus.png,13.0E,(72) 13.0E KU-band Hotbird 13F/13G,Missing
Radio ECHO,1_0_2_C9_2FA8_13E_820000_0_0_0.png,radioecho.png,13.0E,(72) 13.0E KU-band Hotbird 13F/13G,Missing
Radio Exterior,1_0_2_E01_1F40_13E_820000_0_0_0.png,radioexterior.png,13.0E,(72) 13.0E KU-band Hotbird 13F/13G,Missing
Radio Gamma Stereo,1_0_2_135B_33F4_13E_820000_0_0_0.png,radiogammastereo.png,13.0E,(72) 13.0E KU-band Hotbird 13F/13G,Missing
Radio Iglesias,1_0_2_E46_1C20_13E_820000_0_0_0.png,radioiglesias.png,13.0E,(72) 13.0E KU-band Hotbird 13F/13G,Missing
Radio Inter,1_0_2_E_2E18_B0_820000_0_0_0.png,radiointer.png,13.0E,(72) 13.0E KU-band Hotbird 13F/13G,Missing
Radio Italia Tv HD,1_0_1_4242_3DB8_13E_820000_0_0_0.png,radioitaliatvhd.png,13.0E,(72) 13.0E KU-band Hotbird 13F/13G,Missing
Radio Kiss Kiss,1_0_A_2E6_1B58_13E_820000_0_0_0.png,radiokisskiss.png,13.0E,(72) 13.0E KU-band Hotbird 13F/13G,Missing
Radio Margherita,1_0_2_135D_33F4_13E_820000_0_0_0.png,radiomargherita.png,13.0E,(72) 13.0E KU-band Hotbird 13F/13G,Missing
Radio Maria,1_0_2_2DC_1B58_13E_820000_0_0_0.png,radiomaria.png,13.0E,(72) 13.0E KU-band Hotbird 13F/13G,Missing
Radio Mariam Armenia,1_0_2_653_2454_13E_820000_0_0_0.png,radiomariamarmenia.png,13.0E,(72) 13.0E KU-band Hotbird 13F/13G,Missing
Radio Med VI,1_0_2_10_2E18_B0_820000_0_0_0.png,radiomedvi.png,13.0E,(72) 13.0E KU-band Hotbird 13F/13G,Missing
Radio Nationale,1_0_2_B_2E18_B0_820000_0_0_0.png,radionationale.png,13.0E,(72) 13.0E KU-band Hotbird 13F/13G,Missing
Radio Number One,1_0_A_4255_3DB8_13E_820000_0_0_0.png,radionumberone.png,13.0E,(72) 13.0E KU-band Hotbird 13F/13G,Missing
Radio R101,1_0_2_65_1770_BE_820000_0_0_0.png,radior101.png,13.0E,(72) 13.0E KU-band Hotbird 13F/13G,Missing
Radio RADICALE,1_0_A_2F9_1B58_13E_820000_0_0_0.png,radioradicale.png,13.0E,(72) 13.0E KU-band Hotbird 13F/13G,Missing
Radio RTR,1_0_2_434A_300C_13E_820000_0_0_0.png,radiortr.png,13.0E,(72) 13.0E KU-band Hotbird 13F/13G,Missing
Radio SAKHAROV,1_0_2_CA_2FA8_13E_820000_0_0_0.png,radiosakharov.png,13.0E,(72) 13.0E KU-band Hotbird 13F/13G,Missing
Radio San Marino,1_0_2_1C57_1C20_13E_820000_0_0_0.png,radiosanmarino.png,13.0E,(72) 13.0E KU-band Hotbird 13F/13G,Missing
Radio Sportiva,1_0_2_E35_1C20_13E_820000_0_0_0.png,radiosportiva.png,13.0E,(72) 13.0E KU-band Hotbird 13F/13G,Missing
Radio Sud,1_0_2_C_2E18_B0_820000_0_0_0.png,radiosud.png,13.0E,(72) 13.0E KU-band Hotbird 13F/13G,Missing
Radio Supersound,1_0_2_135A_33F4_13E_820000_0_0_0.png,radiosupersound.png,13.0E,(72) 13.0E KU-band Hotbird 13F/13G,Missing
Radio Vaticana Europa,1_0_2_7DE_22C4_13E_820000_0_0_0.png,radiovaticanaeuropa.png,13.0E,(72) 13.0E KU-band Hotbird 13F/13G,Missing
Radiolina,1_0_2_6E_1770_BE_820000_0_0_0.png,radiolina.png,13.0E,(72) 13.0E KU-band Hotbird 13F/13G,Missing
Rai 3 TGR Südtirol HD,1_0_19_454F_30D4_13E_820000_0_0_0.png,rai3tgrsdtirolhd.png,13.0E,(72) 13.0E KU-band Hotbird 13F/13G,Missing
Rai Radio 1 L'Ora della Venezia Giulia,1_0_2_2154_3070_13E_820000_0_0_0.png,rairadio1loradellaveneziagiulia.png,13.0E,(72) 13.0E KU-band Hotbird 13F/13G,Missing
Rai Radio Südtirol,1_0_2_2157_3070_13E_820000_0_0_0.png,rairadiosdtirol.png,13.0E,(72) 13.0E KU-band Hotbird 13F/13G,Missing
Rai Sport HD,1_0_19_4532_30D4_13E_820000_0_0_0.png,raisporthd.png,13.0E,(72) 13.0E KU-band Hotbird 13F/13G,Missing
Rete Due,1_0_2_4350_300C_13E_820000_0_0_0.png,retedue.png,13.0E,(72) 13.0E KU-band Hotbird 13F/13G,Missing
Rete Tre,1_0_2_4351_300C_13E_820000_0_0_0.png,retetre.png,13.0E,(72) 13.0E KU-band Hotbird 13F/13G,Missing
Rete Uno,1_0_2_434F_300C_13E_820000_0_0_0.png,reteuno.png,13.0E,(72) 13.0E KU-band Hotbird 13F/13G,Missing
SCM,1_0_C_1CDD_1CE8_71_820000_0_0_0.png,scm.png,13.0E,(72) 13.0E KU-band Hotbird 13F/13G,Missing
"SPORT FM 94,6",1_0_2_17B_1C84_13E_820000_0_0_0.png,sportfm946.png,13.0E,(72) 13.0E KU-band Hotbird 13F/13G,Missing
SRF 1 AG SO,1_0_2_4358_300C_13E_820000_0_0_0.png,srf1agso.png,13.0E,(72) 13.0E KU-band Hotbird 13F/13G,Missing
SRF 1 BE FR VS,1_0_2_435A_300C_13E_820000_0_0_0.png,srf1befrvs.png,13.0E,(72) 13.0E KU-band Hotbird 13F/13G,Missing
SRF 1 BS,1_0_2_4359_300C_13E_820000_0_0_0.png,srf1bs.png,13.0E,(72) 13.0E KU-band Hotbird 13F/13G,Missing
SRF 1 GR,1_0_2_435E_300C_13E_820000_0_0_0.png,srf1gr.png,13.0E,(72) 13.0E KU-band Hotbird 13F/13G,Missing
SRF 1 LU,1_0_2_435B_300C_13E_820000_0_0_0.png,srf1lu.png,13.0E,(72) 13.0E KU-band Hotbird 13F/13G,Missing
SRF 1 SG,1_0_2_435C_300C_13E_820000_0_0_0.png,srf1sg.png,13.0E,(72) 13.0E KU-band Hotbird 13F/13G,Missing
SRF 1 ZH SH,1_0_2_435D_300C_13E_820000_0_0_0.png,srf1zhsh.png,13.0E,(72) 13.0E KU-band Hotbird 13F/13G,Missing
SRF 3,1_0_2_4347_300C_13E_820000_0_0_0.png,srf3.png,13.0E,(72) 13.0E KU-band Hotbird 13F/13G,Missing
SRF 4 News,1_0_2_4355_300C_13E_820000_0_0_0.png,srf4news.png,13.0E,(72) 13.0E KU-band Hotbird 13F/13G,Missing
SRF Musikwelle,1_0_2_4349_300C_13E_820000_0_0_0.png,srfmusikwelle.png,13.0E,(72) 13.0E KU-band Hotbird 13F/13G,Missing
SRF Virus,1_0_2_4348_300C_13E_820000_0_0_0.png,srfvirus.png,13.0E,(72) 13.0E KU-band Hotbird 13F/13G,Missing
Service 1709,1_0_2_6AD_3138_13E_820000_0_0_0.png,service1709.png,13.0E,(72) 13.0E KU-band Hotbird 13F/13G,Missing
Skai Radio,1_0_2_137_157C_13E_820000_0_0_0.png,skairadio.png,13.0E,(72) 13.0E KU-band Hotbird 13F/13G,Missing
Sky Cinema Uno +24,1_0_19_1C38_19C8_FBFF_820000_0_0_0.png,skycinemauno24.png,13.0E,(72) 13.0E KU-band Hotbird 13F/13G,Missing
Sports Active 3,1_0_82_2AB7_1838_FBFF_820000_0_0_0.png,sportsactive3.png,13.0E,(72) 13.0E KU-band Hotbird 13F/13G,Missing
Sundance HD,1_0_1_3E1D_2EE0_13E_820000_0_0_0.png,sundancehd.png,13.0E,(72) 13.0E KU-band Hotbird 13F/13G,Missing
Super Polsat HD,1_0_1_339B_3390_71_820000_0_0_0.png,superpolsathd.png,13.0E,(72) 13.0E KU-band Hotbird 13F/13G,Missing
Super Polsat HD,1_0_1_33AB_3390_71_820000_0_0_0.png,superpolsathd.png,13.0E,(72) 13.0E KU-band Hotbird 13F/13G,Missing
Super Polsat HD,1_0_1_33BB_3390_71_820000_0_0_0.png,superpolsathd.png,13.0E,(72) 13.0E KU-band Hotbird 13F/13G,Missing
Swiss Classica,1_0_2_435F_300C_13E_820000_0_0_0.png,swissclassica.png,13.0E,(72) 13.0E KU-band Hotbird 13F/13G,Missing
Swiss Classique,1_0_2_4357_300C_13E_820000_0_0_0.png,swissclassique.png,13.0E,(72) 13.0E KU-band Hotbird 13F/13G,Missing
TEST_401,1_0_1_191_1518_13E_820000_0_0_0.png,test401.png,13.0E,(72) 13.0E KU-band Hotbird 13F/13G,Missing
TEST_402,1_0_1_192_1518_13E_820000_0_0_0.png,test402.png,13.0E,(72) 13.0E KU-band Hotbird 13F/13G,Missing
TMS Service,1_0_B4_E6D_16A8_FBFF_820000_0_0_0.png,tmsservice.png,13.0E,(72) 13.0E KU-band Hotbird 13F/13G,Missing
Tanger,1_0_2_B1_2E18_B0_820000_0_0_0.png,tanger.png,13.0E,(72) 13.0E KU-band Hotbird 13F/13G,Missing
Tetouan,1_0_2_46_2E18_B0_820000_0_0_0.png,tetouan.png,13.0E,(72) 13.0E KU-band Hotbird 13F/13G,Missing
Trójka - PR,1_0_1_1CA6_1CE8_71_820000_0_0_0.png,trjkapr.png,13.0E,(72) 13.0E KU-band Hotbird 13F/13G,Missing
Trójka - PR,1_0_2_1C9C_1CE8_71_820000_0_0_0.png,trjkapr.png,13.0E,(72) 13.0E KU-band Hotbird 13F/13G,Missing
Upload,1_0_C_3ACA_514_13E_820000_0_0_0.png,upload.png,13.0E,(72) 13.0E KU-band Hotbird 13F/13G,Missing
Viasat True Crime HD,1_0_1_1BBF_17D4_13E_820000_0_0_0.png,viasattruecrimehd.png,13.0E,(72) 13.0E KU-band Hotbird 13F/13G,Missing
Vox Music TV HD,1_0_1_2910_1EDC_71_820000_0_0_0.png,voxmusictvhd.png,13.0E,(72) 13.0E KU-band Hotbird 13F/13G,Missing
WarnerTV HD,1_0_19_3DD5_640_13E_820000_0_0_0.png,warnertvhd.png,13.0E,(72) 13.0E KU-band Hotbird 13F/13G,Missing
Wydarzenia 24 HD,1_0_1_290C_1EDC_71_820000_0_0_0.png,wydarzenia24hd.png,13.0E,(72) 13.0E KU-band Hotbird 13F/13G,Missing
popolare,1_0_2_E48_1C20_13E_820000_0_0_0.png,popolare.png,13.0E,(72) 13.0E KU-band Hotbird 13F/13G,Missing
teleTOON+ HD,1_0_1_3A9B_514_13E_820000_0_0_0.png,teletoonhd.png,13.0E,(72) 13.0E KU-band Hotbird 13F/13G,Missing
teleTOON+ HD,1_0_1_3ACD_514_13E_820000_0_0_0.png,teletoonhd.png,13.0E,(72) 13.0E KU-band Hotbird 13F/13G,Missing
teleTOON+ HD,1_0_1_3AD7_514_13E_820000_0_0_0.png,teletoonhd.png,13.0E,(72) 13.0E KU-band Hotbird 13F/13G,Missing
tivù la guida,1_0_16_214B_3070_13E_820000_0_0_0.png,tivlaguida.png,13.0E,(72) 13.0E KU-band Hotbird 13F/13G,Missing
"ΠΑΡΑΠΟΛΙΤΙΚΑ FM 90,1",1_0_2_176_1C84_13E_820000_0_0_0.png,fm901.png,13.0E,(72) 13.0E KU-band Hotbird 13F/13G,Missing
"ΣΤΟ ΚΟΚΚΙΝΟ 105,5",1_0_2_174_1C84_13E_820000_0_0_0.png,1055.png,13.0E,(72) 13.0E KU-band Hotbird 13F/13G,Missing
11387H SID 0xfffe,1_0_C_FFFE_9FC4_16E_A00000_0_0_0.png,11387hsid0xfffe.png,16.0E,(73) 16.0E KU-band Eutelsat 16A,Missing
11402V SID 0xfa1,1_0_C_FA1_190_0_A0AC8A_0_0_0.png,11402vsid0xfa1.png,16.0E,(73) 16.0E KU-band Eutelsat 16A,Missing
11512H SID 0x14,1_0_1_14_1_2A3_A00000_0_0_0.png,11512hsid0x14.png,16.0E,(73) 16.0E KU-band Eutelsat 16A,Missing
11512H SID 0x15,1_0_1_15_1_2A3_A00000_0_0_0.png,11512hsid0x15.png,16.0E,(73) 16.0E KU-band Eutelsat 16A,Missing
11512H SID 0x1e,1_0_1_1E_1_2A3_A00000_0_0_0.png,11512hsid0x1e.png,16.0E,(73) 16.0E KU-band Eutelsat 16A,Missing
11512H SID 0x1f,1_0_1_1F_1_2A3_A00000_0_0_0.png,11512hsid0x1f.png,16.0E,(73) 16.0E KU-band Eutelsat 16A,Missing
11512H SID 0x2c,1_0_1_2C_1_2A3_A00000_0_0_0.png,11512hsid0x2c.png,16.0E,(73) 16.0E KU-band Eutelsat 16A,Missing
11512H SID 0x2f,1_0_1_2F_1_2A3_A00000_0_0_0.png,11512hsid0x2f.png,16.0E,(73) 16.0E KU-band Eutelsat 16A,Missing
11512H SID 0x30,1_0_1_30_1_2A3_A00000_0_0_0.png,11512hsid0x30.png,16.0E,(73) 16.0E KU-band Eutelsat 16A,Missing
11512H SID 0x32,1_0_1_32_1_2A3_A00000_0_0_0.png,11512hsid0x32.png,16.0E,(73) 16.0E KU-band Eutelsat 16A,Missing
11512H SID 0x33,1_0_1_33_1_2A3_A00000_0_0_0.png,11512hsid0x33.png,16.0E,(73) 16.0E KU-band Eutelsat 16A,Missing
11512H SID 0x34,1_0_1_34_1_2A3_A00000_0_0_0.png,11512hsid0x34.png,16.0E,(73) 16.0E KU-band Eutelsat 16A,Missing
11512H SID 0x35,1_0_1_35_1_2A3_A00000_0_0_0.png,11512hsid0x35.png,16.0E,(73) 16.0E KU-band Eutelsat 16A,Missing
11512H SID 0x3c,1_0_1_3C_1_2A3_A00000_0_0_0.png,11512hsid0x3c.png,16.0E,(73) 16.0E KU-band Eutelsat 16A,Missing
11512H SID 0x3d,1_0_1_3D_1_2A3_A00000_0_0_0.png,11512hsid0x3d.png,16.0E,(73) 16.0E KU-band Eutelsat 16A,Missing
11512H SID 0x3e,1_0_1_3E_1_2A3_A00000_0_0_0.png,11512hsid0x3e.png,16.0E,(73) 16.0E KU-band Eutelsat 16A,Missing
11512H SID 0x46,1_0_1_46_1_2A3_A00000_0_0_0.png,11512hsid0x46.png,16.0E,(73) 16.0E KU-band Eutelsat 16A,Missing
11512H SID 0x49,1_0_1_49_1_2A3_A00000_0_0_0.png,11512hsid0x49.png,16.0E,(73) 16.0E KU-band Eutelsat 16A,Missing
11512H SID 0x52,1_0_1_52_1_2A3_A00000_0_0_0.png,11512hsid0x52.png,16.0E,(73) 16.0E KU-band Eutelsat 16A,Missing
11512H SID 0x6c,1_0_1_6C_1_2A3_A00000_0_0_0.png,11512hsid0x6c.png,16.0E,(73) 16.0E KU-band Eutelsat 16A,Missing
11512H SID 0x96,1_0_1_96_1_2A3_A00000_0_0_0.png,11512hsid0x96.png,16.0E,(73) 16.0E KU-band Eutelsat 16A,Missing
11512H SID 0x97,1_0_C_97_1_2A3_A00000_0_0_0.png,11512hsid0x97.png,16.0E,(73) 16.0E KU-band Eutelsat 16A,Missing
11512H SID 0xd9,1_0_1_D9_1_2A3_A00000_0_0_0.png,11512hsid0xd9.png,16.0E,(73) 16.0E KU-band Eutelsat 16A,Missing
11595H SID 0x97,1_0_C_97_2_40_A00000_0_0_0.png,11595hsid0x97.png,16.0E,(73) 16.0E KU-band Eutelsat 16A,Missing
11595H SID 0xd02,1_0_C_D02_2_40_A00000_0_0_0.png,11595hsid0xd02.png,16.0E,(73) 16.0E KU-band Eutelsat 16A,Missing
11595H SID 0xd06,1_0_C_D06_2_40_A00000_0_0_0.png,11595hsid0xd06.png,16.0E,(73) 16.0E KU-band Eutelsat 16A,Missing
11678H SID 0x97,1_0_C_97_3_40_A00000_0_0_0.png,11678hsid0x97.png,16.0E,(73) 16.0E KU-band Eutelsat 16A,Missing
12731H SID 0x1388,1_0_2_1388_1_0_A031BB_0_0_0.png,12731hsid0x1388.png,16.0E,(73) 16.0E KU-band Eutelsat 16A,Missing
12731H SID 0x1770,1_0_2_1770_1_0_A031BB_0_0_0.png,12731hsid0x1770.png,16.0E,(73) 16.0E KU-band Eutelsat 16A,Missing
12731H SID 0x1b58,1_0_2_1B58_1_0_A031BB_0_0_0.png,12731hsid0x1b58.png,16.0E,(73) 16.0E KU-band Eutelsat 16A,Missing
12731H SID 0x1f40,1_0_2_1F40_1_0_A031BB_0_0_0.png,12731hsid0x1f40.png,16.0E,(73) 16.0E KU-band Eutelsat 16A,Missing
12731H SID 0x2328,1_0_2_2328_1_0_A031BB_0_0_0.png,12731hsid0x2328.png,16.0E,(73) 16.0E KU-band Eutelsat 16A,Missing
12731H SID 0x2710,1_0_2_2710_1_0_A031BB_0_0_0.png,12731hsid0x2710.png,16.0E,(73) 16.0E KU-band Eutelsat 16A,Missing
12731H SID 0x2af8,1_0_2_2AF8_1_0_A031BB_0_0_0.png,12731hsid0x2af8.png,16.0E,(73) 16.0E KU-band Eutelsat 16A,Missing
12731H SID 0x2ee0,1_0_2_2EE0_1_0_A031BB_0_0_0.png,12731hsid0x2ee0.png,16.0E,(73) 16.0E KU-band Eutelsat 16A,Missing
12731H SID 0x32c8,1_0_2_32C8_1_0_A031BB_0_0_0.png,12731hsid0x32c8.png,16.0E,(73) 16.0E KU-band Eutelsat 16A,Missing
12731H SID 0x36b0,1_0_2_36B0_1_0_A031BB_0_0_0.png,12731hsid0x36b0.png,16.0E,(73) 16.0E KU-band Eutelsat 16A,Missing
12731H SID 0x3a98,1_0_2_3A98_1_0_A031BB_0_0_0.png,12731hsid0x3a98.png,16.0E,(73) 16.0E KU-band Eutelsat 16A,Missing
12731H SID 0x3e8,1_0_2_3E8_1_0_A031BB_0_0_0.png,12731hsid0x3e8.png,16.0E,(73) 16.0E KU-band Eutelsat 16A,Missing
12731H SID 0x3e80,1_0_2_3E80_1_0_A031BB_0_0_0.png,12731hsid0x3e80.png,16.0E,(73) 16.0E KU-band Eutelsat 16A,Missing
12731H SID 0x7d0,1_0_2_7D0_1_0_A031BB_0_0_0.png,12731hsid0x7d0.png,16.0E,(73) 16.0E KU-band Eutelsat 16A,Missing
12731H SID 0xbb8,1_0_2_BB8_1_0_A031BB_0_0_0.png,12731hsid0xbb8.png,16.0E,(73) 16.0E KU-band Eutelsat 16A,Missing
12731H SID 0xfa0,1_0_2_FA0_1_0_A031BB_0_0_0.png,12731hsid0xfa0.png,16.0E,(73) 16.0E KU-band Eutelsat 16A,Missing
16.0E-Vidi TV@PID4095PLP0 Feed Service,1_0_1_332_2C8A_1_A00000_0_0_0.png,160eviditvpid4095plp0feedservice.png,16.0E,(73) 16.0E KU-band Eutelsat 16A,Missing
A1 HR OTA-Upgrade,1_0_C_76A_C5A8_16E_A00000_0_0_0.png,a1hrotaupgrade.png,16.0E,(73) 16.0E KU-band Eutelsat 16A,Missing
A1 HR OTA-Upgrade,1_0_C_76B_C5A8_16E_A00000_0_0_0.png,a1hrotaupgrade.png,16.0E,(73) 16.0E KU-band Eutelsat 16A,Missing
Antik OTA Upgrade,1_0_C_4AF_76C0_16E_A00000_0_0_0.png,antikotaupgrade.png,16.0E,(73) 16.0E KU-band Eutelsat 16A,Missing
CineStar A&T SRB,1_0_1_2FE_9D08_16E_A00000_0_0_0.png,cinestaratsrb.png,16.0E,(73) 16.0E KU-band Eutelsat 16A,Missing
CineStar TV Action and Thriller HD,1_0_19_71B_C5A8_16E_A00000_0_0_0.png,cinestartvactionandthrillerhd.png,16.0E,(73) 16.0E KU-band Eutelsat 16A,Missing
Crime & Invest.,1_0_1_557_75FB_16E_A00000_0_0_0.png,crimeinvest.png,16.0E,(73) 16.0E KU-band Eutelsat 16A,Missing
DGA-OTT200S,1_0_9_26C_4F4C_16E_A00000_0_0_0.png,dgaott200s.png,16.0E,(73) 16.0E KU-band Eutelsat 16A,Missing
DGA-Z100S,1_0_9_264_5014_16E_A00000_0_0_0.png,dgaz100s.png,16.0E,(73) 16.0E KU-band Eutelsat 16A,Missing
DGA-i100S,1_0_9_26B_5014_16E_A00000_0_0_0.png,dgai100s.png,16.0E,(73) 16.0E KU-band Eutelsat 16A,Missing
Dua,1_0_1_101_1_1_A02AD6_0_0_0.png,dua.png,16.0E,(73) 16.0E KU-band Eutelsat 16A,Missing
Dua,1_0_1_101_1_1_A02ADA_0_0_0.png,dua.png,16.0E,(73) 16.0E KU-band Eutelsat 16A,Missing
E! Entertaiment HD,1_0_19_76D_C6D4_16E_A00000_0_0_0.png,eentertaimenthd.png,16.0E,(73) 16.0E KU-band Eutelsat 16A,Missing
FAST&FUN Box HD,1_0_19_A98_9DD0_16E_A00000_0_0_0.png,fastfunboxhd.png,16.0E,(73) 16.0E KU-band Eutelsat 16A,Missing
FAST&FUN Box HD,1_0_19_AA6_9DD0_16E_A00000_0_0_0.png,fastfunboxhd.png,16.0E,(73) 16.0E KU-band Eutelsat 16A,Missing
Film +,1_0_1F_4C1_76C1_16E_A00000_0_0_0.png,film.png,16.0E,(73) 16.0E KU-band Eutelsat 16A,Missing
HKR,1_0_2_D58_C738_16E_A00000_0_0_0.png,hkr.png,16.0E,(73) 16.0E KU-band Eutelsat 16A,Missing
K::CN Svet+ 3,1_0_1_55A_75FB_16E_A00000_0_0_0.png,kcnsvet3.png,16.0E,(73) 16.0E KU-band Eutelsat 16A,Missing
My Music Radio,1_0_2_726_4F4C_16E_A00000_0_0_0.png,mymusicradio.png,16.0E,(73) 16.0E KU-band Eutelsat 16A,Missing
ODS-4000H,1_0_9_26A_5014_16E_A00000_0_0_0.png,ods4000h.png,16.0E,(73) 16.0E KU-band Eutelsat 16A,Missing
OTA SMIT MSD,1_0_9_27A_5014_16E_A00000_0_0_0.png,otasmitmsd.png,16.0E,(73) 16.0E KU-band Eutelsat 16A,Missing
Pink Crime&Mystery,1_0_1_35_CB2C_16E_A00000_0_0_0.png,pinkcrimemystery.png,16.0E,(73) 16.0E KU-band Eutelsat 16A,Missing
Pink Sci-Fi&Fantasy,1_0_1_37_CB2C_16E_A00000_0_0_0.png,pinkscififantasy.png,16.0E,(73) 16.0E KU-band Eutelsat 16A,Missing
Pink&Roll,1_0_1_A6_CB2C_16E_A00000_0_0_0.png,pinkroll.png,16.0E,(73) 16.0E KU-band Eutelsat 16A,Missing
Play radio,1_0_2_305_9D08_16E_A00000_0_0_0.png,playradio.png,16.0E,(73) 16.0E KU-band Eutelsat 16A,Missing
RM Hungary,1_0_2_84_1_16E_A00000_0_0_0.png,rmhungary.png,16.0E,(73) 16.0E KU-band Eutelsat 16A,Missing
Radio BIR,1_0_2_B_1_16E_A00000_0_0_0.png,radiobir.png,16.0E,(73) 16.0E KU-band Eutelsat 16A,Missing
Radio CG.,1_0_2_9C_2_40_A00000_0_0_0.png,radiocg.png,16.0E,(73) 16.0E KU-band Eutelsat 16A,Missing
Radio Capodistria.,1_0_2_45_3_40_A00000_0_0_0.png,radiocapodistria.png,16.0E,(73) 16.0E KU-band Eutelsat 16A,Missing
Radio Gjirokastra,1_0_2_104_1_16E_A00000_0_0_0.png,radiogjirokastra.png,16.0E,(73) 16.0E KU-band Eutelsat 16A,Missing
Radio Kanal 77,1_0_2_55E_75FB_16E_A00000_0_0_0.png,radiokanal77.png,16.0E,(73) 16.0E KU-band Eutelsat 16A,Missing
Radio Korca,1_0_2_FA_1_16E_A00000_0_0_0.png,radiokorca.png,16.0E,(73) 16.0E KU-band Eutelsat 16A,Missing
Radio Kukesi,1_0_2_D2_1_16E_A00000_0_0_0.png,radiokukesi.png,16.0E,(73) 16.0E KU-band Eutelsat 16A,Missing
Radio MIX,1_0_2_E_1_16E_A00000_0_0_0.png,radiomix.png,16.0E,(73) 16.0E KU-band Eutelsat 16A,Missing
Radio Mir Medjugorje,1_0_2_13_1_16E_A00000_0_0_0.png,radiomirmedjugorje.png,16.0E,(73) 16.0E KU-band Eutelsat 16A,Missing
Radio Osttirol,1_0_2_267_C418_16E_A00000_0_0_0.png,radioosttirol.png,16.0E,(73) 16.0E KU-band Eutelsat 16A,Missing
Radio POS,1_0_2_266_C418_16E_A00000_0_0_0.png,radiopos.png,16.0E,(73) 16.0E KU-band Eutelsat 16A,Missing
Radio Pink,1_0_2_3_CB2B_16E_A00000_0_0_0.png,radiopink.png,16.0E,(73) 16.0E KU-band Eutelsat 16A,Missing
Radio Romania Antena Satelor,1_0_A_18_C8_1_A00000_0_0_0.png,radioromaniaantenasatelor.png,16.0E,(73) 16.0E KU-band Eutelsat 16A,Missing
Radio Romania International 1,1_0_A_19_C8_1_A00000_0_0_0.png,radioromaniainternational1.png,16.0E,(73) 16.0E KU-band Eutelsat 16A,Missing
Radio Romania International 2,1_0_A_1A_C8_1_A00000_0_0_0.png,radioromaniainternational2.png,16.0E,(73) 16.0E KU-band Eutelsat 16A,Missing
Radio Romania International 3,1_0_A_1B_C8_1_A00000_0_0_0.png,radioromaniainternational3.png,16.0E,(73) 16.0E KU-band Eutelsat 16A,Missing
Radio Shkodra,1_0_2_10E_1_16E_A00000_0_0_0.png,radioshkodra.png,16.0E,(73) 16.0E KU-band Eutelsat 16A,Missing
Radio Stari Grad,1_0_2_8_1_16E_A00000_0_0_0.png,radiostarigrad.png,16.0E,(73) 16.0E KU-band Eutelsat 16A,Missing
Radio Tirana 1,1_0_2_AA_1_16E_A00000_0_0_0.png,radiotirana1.png,16.0E,(73) 16.0E KU-band Eutelsat 16A,Missing
Radio Tirana 2,1_0_2_B4_1_16E_A00000_0_0_0.png,radiotirana2.png,16.0E,(73) 16.0E KU-band Eutelsat 16A,Missing
Radio Tirana 3,1_0_2_E6_1_16E_A00000_0_0_0.png,radiotirana3.png,16.0E,(73) 16.0E KU-band Eutelsat 16A,Missing
Radio Tirana Femiije,1_0_2_118_1_16E_A00000_0_0_0.png,radiotiranafemiije.png,16.0E,(73) 16.0E KU-band Eutelsat 16A,Missing
Radio Tirana Internacional,1_0_2_BE_1_16E_A00000_0_0_0.png,radiotiranainternacional.png,16.0E,(73) 16.0E KU-band Eutelsat 16A,Missing
Radio Tirana Jazz,1_0_2_DC_1_16E_A00000_0_0_0.png,radiotiranajazz.png,16.0E,(73) 16.0E KU-band Eutelsat 16A,Missing
Radio Tirana Klasik,1_0_2_C8_1_16E_A00000_0_0_0.png,radiotiranaklasik.png,16.0E,(73) 16.0E KU-band Eutelsat 16A,Missing
Radio Trinitas,1_0_2_A36_427E_16E_A00000_0_0_0.png,radiotrinitas.png,16.0E,(73) 16.0E KU-band Eutelsat 16A,Missing
Radio WTF,1_0_2_D_CB2B_16E_A00000_0_0_0.png,radiowtf.png,16.0E,(73) 16.0E KU-band Eutelsat 16A,Missing
Raslo Ars,1_0_2_372_C3B4_16E_A00000_0_0_0.png,rasloars.png,16.0E,(73) 16.0E KU-band Eutelsat 16A,Missing
Raslo Prvi,1_0_2_370_C3B4_16E_A00000_0_0_0.png,rasloprvi.png,16.0E,(73) 16.0E KU-band Eutelsat 16A,Missing
Raslo Radio Si,1_0_2_373_C3B4_16E_A00000_0_0_0.png,rasloradiosi.png,16.0E,(73) 16.0E KU-band Eutelsat 16A,Missing
Raslo Val 202,1_0_2_371_C3B4_16E_A00000_0_0_0.png,rasloval202.png,16.0E,(73) 16.0E KU-band Eutelsat 16A,Missing
TV Galaksija,1_0_17_3E_1_16E_A00000_0_0_0.png,tvgalaksija.png,16.0E,(73) 16.0E KU-band Eutelsat 16A,Missing
Tippmix élő 1,1_0_19_1_67_FF23_A02BD0_0_0_0.png,tippmixl1.png,16.0E,(73) 16.0E KU-band Eutelsat 16A,Missing
Tippmix élő 2,1_0_19_2_67_FF23_A02BD0_0_0_0.png,tippmixl2.png,16.0E,(73) 16.0E KU-band Eutelsat 16A,Missing
Tippmix élő 3,1_0_19_3_67_FF23_A02BD0_0_0_0.png,tippmixl3.png,16.0E,(73) 16.0E KU-band Eutelsat 16A,Missing
Tippmix élő 4,1_0_19_4_67_FF23_A02BD0_0_0_0.png,tippmixl4.png,16.0E,(73) 16.0E KU-band Eutelsat 16A,Missing
Tippmix élő 5,1_0_19_5_67_FF23_A02BD0_0_0_0.png,tippmixl5.png,16.0E,(73) 16.0E KU-band Eutelsat 16A,Missing
Tippmix élő 6,1_0_19_6_67_FF23_A02BD0_0_0_0.png,tippmixl6.png,16.0E,(73) 16.0E KU-band Eutelsat 16A,Missing
Tippmix élő 7,1_0_19_7_67_FF23_A02BD0_0_0_0.png,tippmixl7.png,16.0E,(73) 16.0E KU-band Eutelsat 16A,Missing
Top Gold Radio,1_0_2_71C_4F4C_16E_A00000_0_0_0.png,topgoldradio.png,16.0E,(73) 16.0E KU-band Eutelsat 16A,Missing
VE9,1_0_2_2_65_1_A00000_0_0_0.png,ve9.png,16.0E,(73) 16.0E KU-band Eutelsat 16A,Missing
hirFM,1_0_2_A_1_1_A03192_0_0_0.png,hirfm.png,16.0E,(73) 16.0E KU-band Eutelsat 16A,Missing
Óčko,1_0_16_4B6_76C1_16E_A00000_0_0_0.png,ko.png,16.0E,(73) 16.0E KU-band Eutelsat 16A,Missing
10758V SID 0x74a5,1_0_C_74A5_41C_1_C00000_0_0_0.png,10758vsid0x74a5.png,19.2E,(1) 19.2E KU-band Astra 1KR/1M/1N/1P,Missing
10773H SID 0x52cf,1_0_C_52CF_41D_1_C00000_0_0_0.png,10773hsid0x52cf.png,19.2E,(1) 19.2E KU-band Astra 1KR/1M/1N/1P,Missing
10788V SID 0x7698,1_0_C_7698_41E_1_C00000_0_0_0.png,10788vsid0x7698.png,19.2E,(1) 19.2E KU-band Astra 1KR/1M/1N/1P,Missing
10788V SID 0x76a1,1_0_C_76A1_41E_1_C00000_0_0_0.png,10788vsid0x76a1.png,19.2E,(1) 19.2E KU-band Astra 1KR/1M/1N/1P,Missing
10803H SID 0x15d6,1_0_C_15D6_41F_1_C00000_0_0_0.png,10803hsid0x15d6.png,19.2E,(1) 19.2E KU-band Astra 1KR/1M/1N/1P,Missing
10818V SID 0x7507,1_0_C_7507_420_1_C00000_0_0_0.png,10818vsid0x7507.png,19.2E,(1) 19.2E KU-band Astra 1KR/1M/1N/1P,Missing
10818V SID 0x7510,1_0_C_7510_420_1_C00000_0_0_0.png,10818vsid0x7510.png,19.2E,(1) 19.2E KU-band Astra 1KR/1M/1N/1P,Missing
10818V SID 0x7511,1_0_C_7511_420_1_C00000_0_0_0.png,10818vsid0x7511.png,19.2E,(1) 19.2E KU-band Astra 1KR/1M/1N/1P,Missing
10847V SID 0x7599,1_0_C_7599_422_1_C00000_0_0_0.png,10847vsid0x7599.png,19.2E,(1) 19.2E KU-band Astra 1KR/1M/1N/1P,Missing
10847V SID 0x759a,1_0_C_759A_422_1_C00000_0_0_0.png,10847vsid0x759a.png,19.2E,(1) 19.2E KU-band Astra 1KR/1M/1N/1P,Missing
10847V SID 0x75a4,1_0_C_75A4_422_1_C00000_0_0_0.png,10847vsid0x75a4.png,19.2E,(1) 19.2E KU-band Astra 1KR/1M/1N/1P,Missing
10847V SID 0x75a7,1_0_C_75A7_422_1_C00000_0_0_0.png,10847vsid0x75a7.png,19.2E,(1) 19.2E KU-band Astra 1KR/1M/1N/1P,Missing
10847V SID 0x75a8,1_0_C_75A8_422_1_C00000_0_0_0.png,10847vsid0x75a8.png,19.2E,(1) 19.2E KU-band Astra 1KR/1M/1N/1P,Missing
10847V SID 0x75ad,1_0_C_75AD_422_1_C00000_0_0_0.png,10847vsid0x75ad.png,19.2E,(1) 19.2E KU-band Astra 1KR/1M/1N/1P,Missing
10847V SID 0x75d6,1_0_C_75D6_422_1_C00000_0_0_0.png,10847vsid0x75d6.png,19.2E,(1) 19.2E KU-band Astra 1KR/1M/1N/1P,Missing
10876V SID 0x7791,1_0_C_7791_424_1_C00000_0_0_0.png,10876vsid0x7791.png,19.2E,(1) 19.2E KU-band Astra 1KR/1M/1N/1P,Missing
10876V SID 0x7794,1_0_C_7794_424_1_C00000_0_0_0.png,10876vsid0x7794.png,19.2E,(1) 19.2E KU-band Astra 1KR/1M/1N/1P,Missing
10906V SID 0x7538,1_0_C_7538_426_1_C00000_0_0_0.png,10906vsid0x7538.png,19.2E,(1) 19.2E KU-band Astra 1KR/1M/1N/1P,Missing
11038V SID 0x76c6,1_0_C_76C6_40E_1_C00000_0_0_0.png,11038vsid0x76c6.png,19.2E,(1) 19.2E KU-band Astra 1KR/1M/1N/1P,Missing
11038V SID 0x76cd,1_0_C_76CD_40E_1_C00000_0_0_0.png,11038vsid0x76cd.png,19.2E,(1) 19.2E KU-band Astra 1KR/1M/1N/1P,Missing
11097V SID 0x7564,1_0_C_7564_412_1_C00000_0_0_0.png,11097vsid0x7564.png,19.2E,(1) 19.2E KU-band Astra 1KR/1M/1N/1P,Missing
11127V SID 0x788e,1_0_C_788E_414_1_C00000_0_0_0.png,11127vsid0x788e.png,19.2E,(1) 19.2E KU-band Astra 1KR/1M/1N/1P,Missing
11156V SID 0x7725,1_0_C_7725_416_1_C00000_0_0_0.png,11156vsid0x7725.png,19.2E,(1) 19.2E KU-band Astra 1KR/1M/1N/1P,Missing
11156V SID 0x7726,1_0_C_7726_416_1_C00000_0_0_0.png,11156vsid0x7726.png,19.2E,(1) 19.2E KU-band Astra 1KR/1M/1N/1P,Missing
11156V SID 0x7727,1_0_C_7727_416_1_C00000_0_0_0.png,11156vsid0x7727.png,19.2E,(1) 19.2E KU-band Astra 1KR/1M/1N/1P,Missing
11156V SID 0x7728,1_0_C_7728_416_1_C00000_0_0_0.png,11156vsid0x7728.png,19.2E,(1) 19.2E KU-band Astra 1KR/1M/1N/1P,Missing
11156V SID 0x7737,1_0_C_7737_416_1_C00000_0_0_0.png,11156vsid0x7737.png,19.2E,(1) 19.2E KU-band Astra 1KR/1M/1N/1P,Missing
11259V SID 0x78c2,1_0_C_78C2_3EC_1_C00000_0_0_0.png,11259vsid0x78c2.png,19.2E,(1) 19.2E KU-band Astra 1KR/1M/1N/1P,Missing
11318V SID 0x7476,1_0_C_7476_3F0_1_C00000_0_0_0.png,11318vsid0x7476.png,19.2E,(1) 19.2E KU-band Astra 1KR/1M/1N/1P,Missing
12090V SID 0x24bd,1_0_1_24BD_43C_0_C0AF3A_0_0_0.png,12090vsid0x24bd.png,19.2E,(1) 19.2E KU-band Astra 1KR/1M/1N/1P,Missing
12090V SID 0x24be,1_0_1_24BE_43C_0_C0AF3A_0_0_0.png,12090vsid0x24be.png,19.2E,(1) 19.2E KU-band Astra 1KR/1M/1N/1P,Missing
12148H SID 0xf03,1_0_C_F03_7_85_C00000_0_0_0.png,12148hsid0xf03.png,19.2E,(1) 19.2E KU-band Astra 1KR/1M/1N/1P,Missing
12148H SID 0xf95,1_0_C_F95_7_85_C00000_0_0_0.png,12148hsid0xf95.png,19.2E,(1) 19.2E KU-band Astra 1KR/1M/1N/1P,Missing
12148H SID 0xf96,1_0_C_F96_7_85_C00000_0_0_0.png,12148hsid0xf96.png,19.2E,(1) 19.2E KU-band Astra 1KR/1M/1N/1P,Missing
12148H SID 0xf97,1_0_C_F97_7_85_C00000_0_0_0.png,12148hsid0xf97.png,19.2E,(1) 19.2E KU-band Astra 1KR/1M/1N/1P,Missing
12148H SID 0xf9f,1_0_C_F9F_7_85_C00000_0_0_0.png,12148hsid0xf9f.png,19.2E,(1) 19.2E KU-band Astra 1KR/1M/1N/1P,Missing
12148H SID 0xfa1,1_0_C_FA1_7_85_C00000_0_0_0.png,12148hsid0xfa1.png,19.2E,(1) 19.2E KU-band Astra 1KR/1M/1N/1P,Missing
12148H SID 0xfa3,1_0_C_FA3_7_85_C00000_0_0_0.png,12148hsid0xfa3.png,19.2E,(1) 19.2E KU-band Astra 1KR/1M/1N/1P,Missing
12148H SID 0xfb7,1_0_C_FB7_7_85_C00000_0_0_0.png,12148hsid0xfb7.png,19.2E,(1) 19.2E KU-band Astra 1KR/1M/1N/1P,Missing
12148H SID 0xfc6,1_0_C_FC6_7_85_C00000_0_0_0.png,12148hsid0xfc6.png,19.2E,(1) 19.2E KU-band Astra 1KR/1M/1N/1P,Missing
12363V SID 0x239e,1_0_C_239E_44A_1_C00000_0_0_0.png,12363vsid0x239e.png,19.2E,(1) 19.2E KU-band Astra 1KR/1M/1N/1P,Missing
12363V SID 0x23aa,1_0_1_23AA_44A_1_C00000_0_0_0.png,12363vsid0x23aa.png,19.2E,(1) 19.2E KU-band Astra 1KR/1M/1N/1P,Missing
12363V SID 0x23af,1_0_C_23AF_44A_1_C00000_0_0_0.png,12363vsid0x23af.png,19.2E,(1) 19.2E KU-band Astra 1KR/1M/1N/1P,Missing
12363V SID 0x23c8,1_0_C_23C8_44A_1_C00000_0_0_0.png,12363vsid0x23c8.png,19.2E,(1) 19.2E KU-band Astra 1KR/1M/1N/1P,Missing
12363V SID 0x23e5,1_0_C_23E5_44A_1_C00000_0_0_0.png,12363vsid0x23e5.png,19.2E,(1) 19.2E KU-band Astra 1KR/1M/1N/1P,Missing
12460H SID 0xfa4,1_0_C_FA4_5_85_C00000_0_0_0.png,12460hsid0xfa4.png,19.2E,(1) 19.2E KU-band Astra 1KR/1M/1N/1P,Missing
12460H SID 0xfb4,1_0_C_FB4_5_85_C00000_0_0_0.png,12460hsid0xfb4.png,19.2E,(1) 19.2E KU-band Astra 1KR/1M/1N/1P,Missing
12460H SID 0xfb9,1_0_C_FB9_5_85_C00000_0_0_0.png,12460hsid0xfb9.png,19.2E,(1) 19.2E KU-band Astra 1KR/1M/1N/1P,Missing
1LIVE,1_0_A_28D3_40F_1_C00000_0_0_0.png,1live.png,19.2E,(1) 19.2E KU-band Astra 1KR/1M/1N/1P,Missing
1LIVE diGGi,1_0_A_28D9_40F_1_C00000_0_0_0.png,1livediggi.png,19.2E,(1) 19.2E KU-band Astra 1KR/1M/1N/1P,Missing
1ª FEDERACION,1_0_1_7584_412_1_C00000_0_0_0.png,1federacion.png,19.2E,(1) 19.2E KU-band Astra 1KR/1M/1N/1P,Missing
1ª FEDERACION HD,1_0_19_7504_420_1_C00000_0_0_0.png,1federacionhd.png,19.2E,(1) 19.2E KU-band Astra 1KR/1M/1N/1P,Missing
ATV2 HD,1_0_19_33A7_3EB_1_C00000_0_0_0.png,atv2hd.png,19.2E,(1) 19.2E KU-band Astra 1KR/1M/1N/1P,Missing
AUDIO PRIMO,1_0_2_238E_44A_1_C00000_0_0_0.png,audioprimo.png,19.2E,(1) 19.2E KU-band Astra 1KR/1M/1N/1P,Missing
Antenne Brbg.,1_0_A_28F6_425_1_C00000_0_0_0.png,antennebrbg.png,19.2E,(1) 19.2E KU-band Astra 1KR/1M/1N/1P,Missing
BBCW SERVICE,1_0_2_23B6_446_1_C00000_0_0_0.png,bbcwservice.png,19.2E,(1) 19.2E KU-band Astra 1KR/1M/1N/1P,Missing
BData3,1_0_C_F86_4_85_C00000_0_0_0.png,bdata3.png,19.2E,(1) 19.2E KU-band Astra 1KR/1M/1N/1P,Missing
BEM Service,1_0_95_DAC_4_85_C00000_0_0_0.png,bemservice.png,19.2E,(1) 19.2E KU-band Astra 1KR/1M/1N/1P,Missing
CANAL+,1_0_19_2261_438_1_C00000_0_0_0.png,canal.png,19.2E,(1) 19.2E KU-band Astra 1KR/1M/1N/1P,Missing
CANAL+,1_0_19_22CD_434_1_C00000_0_0_0.png,canal.png,19.2E,(1) 19.2E KU-band Astra 1KR/1M/1N/1P,Missing
CANAL+ UHD HDR,1_0_1F_226E_438_1_C00000_0_0_0.png,canaluhdhdr.png,19.2E,(1) 19.2E KU-band Astra 1KR/1M/1N/1P,Missing
CANAL+BOX OFFICE,1_0_19_226A_438_1_C00000_0_0_0.png,canalboxoffice.png,19.2E,(1) 19.2E KU-band Astra 1KR/1M/1N/1P,Missing
CANAL+BOX OFFICE UHD,1_0_1F_207D_432_1_C00000_0_0_0.png,canalboxofficeuhd.png,19.2E,(1) 19.2E KU-band Astra 1KR/1M/1N/1P,Missing
CANAL+CINEMA.S,1_0_19_2263_438_1_C00000_0_0_0.png,canalcinemas.png,19.2E,(1) 19.2E KU-band Astra 1KR/1M/1N/1P,Missing
CANAL+DOCS,1_0_19_22CE_434_1_C00000_0_0_0.png,canaldocs.png,19.2E,(1) 19.2E KU-band Astra 1KR/1M/1N/1P,Missing
CANAL+FOOT,1_0_19_2271_438_1_C00000_0_0_0.png,canalfoot.png,19.2E,(1) 19.2E KU-band Astra 1KR/1M/1N/1P,Missing
CANAL+GRAND ECRAN,1_0_19_207A_432_1_C00000_0_0_0.png,canalgrandecran.png,19.2E,(1) 19.2E KU-band Astra 1KR/1M/1N/1P,Missing
CANAL+LIVE 1,1_0_19_2711_44C_1_C00000_0_0_0.png,canallive1.png,19.2E,(1) 19.2E KU-band Astra 1KR/1M/1N/1P,Missing
CANAL+LIVE 10,1_0_19_207C_432_1_C00000_0_0_0.png,canallive10.png,19.2E,(1) 19.2E KU-band Astra 1KR/1M/1N/1P,Missing
CANAL+LIVE 2,1_0_19_271D_44C_1_C00000_0_0_0.png,canallive2.png,19.2E,(1) 19.2E KU-band Astra 1KR/1M/1N/1P,Missing
CANAL+LIVE 3,1_0_19_2593_448_1_C00000_0_0_0.png,canallive3.png,19.2E,(1) 19.2E KU-band Astra 1KR/1M/1N/1P,Missing
CANAL+LIVE 6,1_0_19_207E_432_1_C00000_0_0_0.png,canallive6.png,19.2E,(1) 19.2E KU-band Astra 1KR/1M/1N/1P,Missing
CANAL+LIVE 7,1_0_19_2071_432_1_C00000_0_0_0.png,canallive7.png,19.2E,(1) 19.2E KU-band Astra 1KR/1M/1N/1P,Missing
CANAL+LIVE 8,1_0_19_2072_432_1_C00000_0_0_0.png,canallive8.png,19.2E,(1) 19.2E KU-band Astra 1KR/1M/1N/1P,Missing
CANAL+LIVE 9,1_0_19_2073_432_1_C00000_0_0_0.png,canallive9.png,19.2E,(1) 19.2E KU-band Astra 1KR/1M/1N/1P,Missing
CANAL+SERIES,1_0_C9_23AD_44A_1_C00000_0_0_0.png,canalseries.png,19.2E,(1) 19.2E KU-band Astra 1KR/1M/1N/1P,Missing
CANAL+SPORT,1_0_19_2264_438_1_C00000_0_0_0.png,canalsport.png,19.2E,(1) 19.2E KU-band Astra 1KR/1M/1N/1P,Missing
CANAL+kids,1_0_19_2265_438_1_C00000_0_0_0.png,canalkids.png,19.2E,(1) 19.2E KU-band Astra 1KR/1M/1N/1P,Missing
CGTN HD,1_0_19_18ED_3F4_1_C00000_0_0_0.png,cgtnhd.png,19.2E,(1) 19.2E KU-band Astra 1KR/1M/1N/1P,Missing
CINE+ CLASSIC,1_0_19_2269_438_1_C00000_0_0_0.png,cineclassic.png,19.2E,(1) 19.2E KU-band Astra 1KR/1M/1N/1P,Missing
CINE+ EMOTION,1_0_19_258B_448_1_C00000_0_0_0.png,cineemotion.png,19.2E,(1) 19.2E KU-band Astra 1KR/1M/1N/1P,Missing
CINE+ FAMILY,1_0_19_258A_448_1_C00000_0_0_0.png,cinefamily.png,19.2E,(1) 19.2E KU-band Astra 1KR/1M/1N/1P,Missing
CINE+ FESTIVAL,1_0_19_2589_448_1_C00000_0_0_0.png,cinefestival.png,19.2E,(1) 19.2E KU-band Astra 1KR/1M/1N/1P,Missing
CINE+ FRISSON,1_0_19_2267_438_1_C00000_0_0_0.png,cinefrisson.png,19.2E,(1) 19.2E KU-band Astra 1KR/1M/1N/1P,Missing
COMEDIE+,1_0_19_22D4_434_1_C00000_0_0_0.png,comedie.png,19.2E,(1) 19.2E KU-band Astra 1KR/1M/1N/1P,Missing
DASDING,1_0_A_28CE_40F_1_C00000_0_0_0.png,dasding.png,19.2E,(1) 19.2E KU-band Astra 1KR/1M/1N/1P,Missing
DATA SERVICE R7,1_0_C_23ED_44A_1_C00000_0_0_0.png,dataservicer7.png,19.2E,(1) 19.2E KU-band Astra 1KR/1M/1N/1P,Missing
DATA SERVICE R9,1_0_C_23F3_44A_1_C00000_0_0_0.png,dataservicer9.png,19.2E,(1) 19.2E KU-band Astra 1KR/1M/1N/1P,Missing
DATA SYSTEM[98],1_0_C1_23EF_44A_1_C00000_0_0_0.png,datasystem98.png,19.2E,(1) 19.2E KU-band Astra 1KR/1M/1N/1P,Missing
DATASYSTEM R9,1_0_C_21FB_44A_1_C00000_0_0_0.png,datasystemr9.png,19.2E,(1) 19.2E KU-band Astra 1KR/1M/1N/1P,Missing
DAZN F1 HD,1_0_19_7531_426_1_C00000_0_0_0.png,daznf1hd.png,19.2E,(1) 19.2E KU-band Astra 1KR/1M/1N/1P,Missing
DAZN LALIGA HD,1_0_19_7534_426_1_C00000_0_0_0.png,daznlaligahd.png,19.2E,(1) 19.2E KU-band Astra 1KR/1M/1N/1P,Missing
DAZN MOTO GP,1_0_1_7569_412_1_C00000_0_0_0.png,daznmotogp.png,19.2E,(1) 19.2E KU-band Astra 1KR/1M/1N/1P,Missing
DIAGNOSTIC TECHNIQUE,1_0_C9_23D4_44A_1_C00000_0_0_0.png,diagnostictechnique.png,19.2E,(1) 19.2E KU-band Astra 1KR/1M/1N/1P,Missing
DONWLOAD SUISSE,1_0_C0_23E4_44A_1_C00000_0_0_0.png,donwloadsuisse.png,19.2E,(1) 19.2E KU-band Astra 1KR/1M/1N/1P,Missing
DOWNLOAD CPRO V2 9134,1_0_C0_23AE_44A_1_C00000_0_0_0.png,downloadcprov29134.png,19.2E,(1) 19.2E KU-band Astra 1KR/1M/1N/1P,Missing
DOWNLOAD CPRO V3 9145,1_0_C0_23B9_44A_1_C00000_0_0_0.png,downloadcprov39145.png,19.2E,(1) 19.2E KU-band Astra 1KR/1M/1N/1P,Missing
DOWNLOAD G10 HUMAX,1_0_C0_23B3_44A_1_C00000_0_0_0.png,downloadg10humax.png,19.2E,(1) 19.2E KU-band Astra 1KR/1M/1N/1P,Missing
DOWNLOAD G10 SAGEM,1_0_C0_23B2_44A_1_C00000_0_0_0.png,downloadg10sagem.png,19.2E,(1) 19.2E KU-band Astra 1KR/1M/1N/1P,Missing
DOWNLOAD G5 PACE,1_0_C0_23BB_44A_1_C00000_0_0_0.png,downloadg5pace.png,19.2E,(1) 19.2E KU-band Astra 1KR/1M/1N/1P,Missing
DOWNLOAD G5 SAMSUNG,1_0_C0_23BA_44A_1_C00000_0_0_0.png,downloadg5samsung.png,19.2E,(1) 19.2E KU-band Astra 1KR/1M/1N/1P,Missing
DOWNLOAD G5+ PACE,1_0_C0_23BE_44A_1_C00000_0_0_0.png,downloadg5pace.png,19.2E,(1) 19.2E KU-band Astra 1KR/1M/1N/1P,Missing
DOWNLOAD G5+ SAGEM,1_0_C0_23BF_44A_1_C00000_0_0_0.png,downloadg5sagem.png,19.2E,(1) 19.2E KU-band Astra 1KR/1M/1N/1P,Missing
DOWNLOAD G9 9200,1_0_C0_23B1_44A_1_C00000_0_0_0.png,downloadg99200.png,19.2E,(1) 19.2E KU-band Astra 1KR/1M/1N/1P,Missing
DOWNLOAD HUMAX,1_0_C0_23A7_44A_1_C00000_0_0_0.png,downloadhumax.png,19.2E,(1) 19.2E KU-band Astra 1KR/1M/1N/1P,Missing
DOWNLOAD R7 G5 PACE,1_0_C0_2398_44A_1_C00000_0_0_0.png,downloadr7g5pace.png,19.2E,(1) 19.2E KU-band Astra 1KR/1M/1N/1P,Missing
DOWNLOAD R7 G5 SAMSUNG,1_0_C0_239F_44A_1_C00000_0_0_0.png,downloadr7g5samsung.png,19.2E,(1) 19.2E KU-band Astra 1KR/1M/1N/1P,Missing
DOWNLOAD R7 G5+ PACE,1_0_C0_23C0_44A_1_C00000_0_0_0.png,downloadr7g5pace.png,19.2E,(1) 19.2E KU-band Astra 1KR/1M/1N/1P,Missing
DOWNLOAD R7 G5+ SAGEM,1_0_C0_238F_44A_1_C00000_0_0_0.png,downloadr7g5sagem.png,19.2E,(1) 19.2E KU-band Astra 1KR/1M/1N/1P,Missing
DOWNLOAD SAGEM,1_0_C0_23A6_44A_1_C00000_0_0_0.png,downloadsagem.png,19.2E,(1) 19.2E KU-band Astra 1KR/1M/1N/1P,Missing
DOWNLOAD TNTSAT 9191,1_0_C0_23E7_44A_1_C00000_0_0_0.png,downloadtntsat9191.png,19.2E,(1) 19.2E KU-band Astra 1KR/1M/1N/1P,Missing
DOWNLOAD TNTSAT 9192,1_0_C0_23E8_44A_1_C00000_0_0_0.png,downloadtntsat9192.png,19.2E,(1) 19.2E KU-band Astra 1KR/1M/1N/1P,Missing
DOWNLOAD TNTSAT 9193,1_0_C0_23E9_44A_1_C00000_0_0_0.png,downloadtntsat9193.png,19.2E,(1) 19.2E KU-band Astra 1KR/1M/1N/1P,Missing
DRadio Dok&Deb,1_0_2_2BB9_3F3_1_C00000_0_0_0.png,dradiodokdeb.png,19.2E,(1) 19.2E KU-band Astra 1KR/1M/1N/1P,Missing
Die Maus,1_0_A_28DA_40F_1_C00000_0_0_0.png,diemaus.png,19.2E,(1) 19.2E KU-band Astra 1KR/1M/1N/1P,Missing
Dlf,1_0_2_2BB7_3F3_1_C00000_0_0_0.png,dlf.png,19.2E,(1) 19.2E KU-band Astra 1KR/1M/1N/1P,Missing
Dlf Kultur,1_0_2_2BB6_3F3_1_C00000_0_0_0.png,dlfkultur.png,19.2E,(1) 19.2E KU-band Astra 1KR/1M/1N/1P,Missing
Dlf Nova,1_0_2_2BB8_3F3_1_C00000_0_0_0.png,dlfnova.png,19.2E,(1) 19.2E KU-band Astra 1KR/1M/1N/1P,Missing
ESPACE CLIENT,1_0_C9_23AC_44A_1_C00000_0_0_0.png,espaceclient.png,19.2E,(1) 19.2E KU-band Astra 1KR/1M/1N/1P,Missing
EUROPE 1 TV,1_0_19_2720_44C_1_C00000_0_0_0.png,europe1tv.png,19.2E,(1) 19.2E KU-band Astra 1KR/1M/1N/1P,Missing
EUROPE 2,1_0_2_23E0_446_1_C00000_0_0_0.png,europe2.png,19.2E,(1) 19.2E KU-band Astra 1KR/1M/1N/1P,Missing
F3 NORD,1_0_1_246A_440_1_C00000_0_0_0.png,f3nord.png,19.2E,(1) 19.2E KU-band Astra 1KR/1M/1N/1P,Missing
Fritz,1_0_A_28F9_425_1_C00000_0_0_0.png,fritz.png,19.2E,(1) 19.2E KU-band Astra 1KR/1M/1N/1P,Missing
GUÍA,1_0_1_75A9_422_1_C00000_0_0_0.png,gua.png,19.2E,(1) 19.2E KU-band Astra 1KR/1M/1N/1P,Missing
GUÍA FÁCIL,1_0_1_75F6_422_1_C00000_0_0_0.png,guafcil.png,19.2E,(1) 19.2E KU-band Astra 1KR/1M/1N/1P,Missing
HSE Extra HD,1_0_19_157D_41F_1_C00000_0_0_0.png,hseextrahd.png,19.2E,(1) 19.2E KU-band Astra 1KR/1M/1N/1P,Missing
Humax PR-HD3000C,1_0_C_F8C_2_85_C00000_0_0_0.png,humaxprhd3000c.png,19.2E,(1) 19.2E KU-band Astra 1KR/1M/1N/1P,Missing
Humax PR-HD3000S,1_0_C_FC3_C_85_C00000_0_0_0.png,humaxprhd3000s.png,19.2E,(1) 19.2E KU-band Astra 1KR/1M/1N/1P,Missing
Höhenrausch,1_0_1_6E45_431_1_C00000_0_0_0.png,hhenrausch.png,19.2E,(1) 19.2E KU-band Astra 1KR/1M/1N/1P,Missing
INFO TECHNIQUE,1_0_C9_23F4_44A_1_C00000_0_0_0.png,infotechnique.png,19.2E,(1) 19.2E KU-band Astra 1KR/1M/1N/1P,Missing
JAM FM,1_0_2_B1_5_85_C00000_0_0_0.png,jamfm.png,19.2E,(1) 19.2E KU-band Astra 1KR/1M/1N/1P,Missing
JAZZ RADIO,1_0_2_23D9_446_1_C00000_0_0_0.png,jazzradio.png,19.2E,(1) 19.2E KU-band Astra 1KR/1M/1N/1P,Missing
LALIGA TV BAR HD,1_0_19_74FF_420_1_C00000_0_0_0.png,laligatvbarhd.png,19.2E,(1) 19.2E KU-band Astra 1KR/1M/1N/1P,Missing
LE X CANALVOD,1_0_C9_23D1_44A_1_C00000_0_0_0.png,lexcanalvod.png,19.2E,(1) 19.2E KU-band Astra 1KR/1M/1N/1P,Missing
LICENCE DVL,1_0_D0_23A8_44A_1_C00000_0_0_0.png,licencedvl.png,19.2E,(1) 19.2E KU-band Astra 1KR/1M/1N/1P,Missing
M+ ACCIÓN,1_0_1_746C_3F0_1_C00000_0_0_0.png,maccin.png,19.2E,(1) 19.2E KU-band Astra 1KR/1M/1N/1P,Missing
M+ ACCIÓN HD,1_0_19_7509_420_1_C00000_0_0_0.png,maccinhd.png,19.2E,(1) 19.2E KU-band Astra 1KR/1M/1N/1P,Missing
M+ CLÁSICOS HD,1_0_19_78BF_3EC_1_C00000_0_0_0.png,mclsicoshd.png,19.2E,(1) 19.2E KU-band Astra 1KR/1M/1N/1P,Missing
M+ COMEDIA,1_0_1_746D_3F0_1_C00000_0_0_0.png,mcomedia.png,19.2E,(1) 19.2E KU-band Astra 1KR/1M/1N/1P,Missing
M+ COMEDIA Ñ,1_0_1_7696_41E_1_C00000_0_0_0.png,mcomedia.png,19.2E,(1) 19.2E KU-band Astra 1KR/1M/1N/1P,Missing
M+ DEPORTES,1_0_1_778F_424_1_C00000_0_0_0.png,mdeportes.png,19.2E,(1) 19.2E KU-band Astra 1KR/1M/1N/1P,Missing
M+ DRAMA,1_0_1_746E_3F0_1_C00000_0_0_0.png,mdrama.png,19.2E,(1) 19.2E KU-band Astra 1KR/1M/1N/1P,Missing
M+ DRAMA HD,1_0_19_750B_420_1_C00000_0_0_0.png,mdramahd.png,19.2E,(1) 19.2E KU-band Astra 1KR/1M/1N/1P,Missing
M+ Documentales,1_0_1_7471_3F0_1_C00000_0_0_0.png,mdocumentales.png,19.2E,(1) 19.2E KU-band Astra 1KR/1M/1N/1P,Missing
M+ ESTRENOS,1_0_1_76C0_40E_1_C00000_0_0_0.png,mestrenos.png,19.2E,(1) 19.2E KU-band Astra 1KR/1M/1N/1P,Missing
M+ ESTRENOS HD,1_0_19_7539_426_1_C00000_0_0_0.png,mestrenoshd.png,19.2E,(1) 19.2E KU-band Astra 1KR/1M/1N/1P,Missing
M+ GOLF,1_0_1_7789_424_1_C00000_0_0_0.png,mgolf.png,19.2E,(1) 19.2E KU-band Astra 1KR/1M/1N/1P,Missing
M+ GOLF HD,1_0_19_78B7_3EC_1_C00000_0_0_0.png,mgolfhd.png,19.2E,(1) 19.2E KU-band Astra 1KR/1M/1N/1P,Missing
M+ HITS,1_0_1_76CA_40E_1_C00000_0_0_0.png,mhits.png,19.2E,(1) 19.2E KU-band Astra 1KR/1M/1N/1P,Missing
M+ HITS HD,1_0_19_78B6_3EC_1_C00000_0_0_0.png,mhitshd.png,19.2E,(1) 19.2E KU-band Astra 1KR/1M/1N/1P,Missing
M+ Indie,1_0_1_76CF_40E_1_C00000_0_0_0.png,mindie.png,19.2E,(1) 19.2E KU-band Astra 1KR/1M/1N/1P,Missing
M+ Indie HD,1_0_19_7533_426_1_C00000_0_0_0.png,mindiehd.png,19.2E,(1) 19.2E KU-band Astra 1KR/1M/1N/1P,Missing
M+ LALIGA,1_0_1_7797_424_1_C00000_0_0_0.png,mlaliga.png,19.2E,(1) 19.2E KU-band Astra 1KR/1M/1N/1P,Missing
M+ LALIGA 2,1_0_1_769D_41E_1_C00000_0_0_0.png,mlaliga2.png,19.2E,(1) 19.2E KU-band Astra 1KR/1M/1N/1P,Missing
M+ LALIGA 2 HD,1_0_19_750D_420_1_C00000_0_0_0.png,mlaliga2hd.png,19.2E,(1) 19.2E KU-band Astra 1KR/1M/1N/1P,Missing
M+ LALIGA 3 HD,1_0_19_74A3_41C_1_C00000_0_0_0.png,mlaliga3hd.png,19.2E,(1) 19.2E KU-band Astra 1KR/1M/1N/1P,Missing
M+ LALIGA 4,1_0_1_7892_414_1_C00000_0_0_0.png,mlaliga4.png,19.2E,(1) 19.2E KU-band Astra 1KR/1M/1N/1P,Missing
M+ LALIGA HD,1_0_19_750F_420_1_C00000_0_0_0.png,mlaligahd.png,19.2E,(1) 19.2E KU-band Astra 1KR/1M/1N/1P,Missing
M+ LOS 2000,1_0_1_7885_414_1_C00000_0_0_0.png,mlos2000.png,19.2E,(1) 19.2E KU-band Astra 1KR/1M/1N/1P,Missing
M+ Originales,1_0_1_7478_3F0_1_C00000_0_0_0.png,moriginales.png,19.2E,(1) 19.2E KU-band Astra 1KR/1M/1N/1P,Missing
M+ Originales HD,1_0_19_750C_420_1_C00000_0_0_0.png,moriginaleshd.png,19.2E,(1) 19.2E KU-band Astra 1KR/1M/1N/1P,Missing
M+ VAMOS,1_0_1_7733_416_1_C00000_0_0_0.png,mvamos.png,19.2E,(1) 19.2E KU-band Astra 1KR/1M/1N/1P,Missing
M+ VAMOS,1_0_1_7734_416_1_C00000_0_0_0.png,mvamos.png,19.2E,(1) 19.2E KU-band Astra 1KR/1M/1N/1P,Missing
M+ VAMOS 2,1_0_1_7579_412_1_C00000_0_0_0.png,mvamos2.png,19.2E,(1) 19.2E KU-band Astra 1KR/1M/1N/1P,Missing
M+ VAMOS 2 HD,1_0_19_74A8_41C_1_C00000_0_0_0.png,mvamos2hd.png,19.2E,(1) 19.2E KU-band Astra 1KR/1M/1N/1P,Missing
M+ VAMOS 3,1_0_1_7468_3F0_1_C00000_0_0_0.png,mvamos3.png,19.2E,(1) 19.2E KU-band Astra 1KR/1M/1N/1P,Missing
M+ VAMOS 3 HD,1_0_19_78B5_3EC_1_C00000_0_0_0.png,mvamos3hd.png,19.2E,(1) 19.2E KU-band Astra 1KR/1M/1N/1P,Missing
M+ VAMOS BAR,1_0_1_778E_424_1_C00000_0_0_0.png,mvamosbar.png,19.2E,(1) 19.2E KU-band Astra 1KR/1M/1N/1P,Missing
M+ VAMOSHD,1_0_19_7508_420_1_C00000_0_0_0.png,mvamoshd.png,19.2E,(1) 19.2E KU-band Astra 1KR/1M/1N/1P,Missing
M+ VAMOSHD,1_0_19_750A_420_1_C00000_0_0_0.png,mvamoshd.png,19.2E,(1) 19.2E KU-band Astra 1KR/1M/1N/1P,Missing
M+COMEDIA HD,1_0_19_7537_426_1_C00000_0_0_0.png,mcomediahd.png,19.2E,(1) 19.2E KU-band Astra 1KR/1M/1N/1P,Missing
M+Cine Español,1_0_1_7736_416_1_C00000_0_0_0.png,mcineespaol.png,19.2E,(1) 19.2E KU-band Astra 1KR/1M/1N/1P,Missing
M+DEPORTES2,1_0_1_7739_416_1_C00000_0_0_0.png,mdeportes2.png,19.2E,(1) 19.2E KU-band Astra 1KR/1M/1N/1P,Missing
M+DEPORTES2HD,1_0_19_7532_426_1_C00000_0_0_0.png,mdeportes2hd.png,19.2E,(1) 19.2E KU-band Astra 1KR/1M/1N/1P,Missing
M+DEPORTES6,1_0_1_769B_41E_1_C00000_0_0_0.png,mdeportes6.png,19.2E,(1) 19.2E KU-band Astra 1KR/1M/1N/1P,Missing
M+DEPORTESHD,1_0_19_78C0_3EC_1_C00000_0_0_0.png,mdeporteshd.png,19.2E,(1) 19.2E KU-band Astra 1KR/1M/1N/1P,Missing
M+Documentales HD,1_0_19_78BE_3EC_1_C00000_0_0_0.png,mdocumentaleshd.png,19.2E,(1) 19.2E KU-band Astra 1KR/1M/1N/1P,Missing
M+LCAMPEON2,1_0_19_749E_41C_1_C00000_0_0_0.png,mlcampeon2.png,19.2E,(1) 19.2E KU-band Astra 1KR/1M/1N/1P,Missing
M+LCAMPEON3,1_0_1_769F_41E_1_C00000_0_0_0.png,mlcampeon3.png,19.2E,(1) 19.2E KU-band Astra 1KR/1M/1N/1P,Missing
M+LCAMPEON3,1_0_19_749F_41C_1_C00000_0_0_0.png,mlcampeon3.png,19.2E,(1) 19.2E KU-band Astra 1KR/1M/1N/1P,Missing
M+LCAMPEONES,1_0_1_757B_412_1_C00000_0_0_0.png,mlcampeones.png,19.2E,(1) 19.2E KU-band Astra 1KR/1M/1N/1P,Missing
M+LCAMPEONES,1_0_19_78B4_3EC_1_C00000_0_0_0.png,mlcampeones.png,19.2E,(1) 19.2E KU-band Astra 1KR/1M/1N/1P,Missing
M+VAMOSBAR2,1_0_1_756C_412_1_C00000_0_0_0.png,mvamosbar2.png,19.2E,(1) 19.2E KU-band Astra 1KR/1M/1N/1P,Missing
MDR S-ANHALT MD,1_0_A_28EB_425_1_C00000_0_0_0.png,mdrsanhaltmd.png,19.2E,(1) 19.2E KU-band Astra 1KR/1M/1N/1P,Missing
MDR SACHSEN DD,1_0_A_28EA_425_1_C00000_0_0_0.png,mdrsachsendd.png,19.2E,(1) 19.2E KU-band Astra 1KR/1M/1N/1P,Missing
MDR THÜR Mitte-W,1_0_A_28EC_425_1_C00000_0_0_0.png,mdrthrmittew.png,19.2E,(1) 19.2E KU-band Astra 1KR/1M/1N/1P,Missing
MDR Thüringen HD,1_0_19_2872_425_1_C00000_0_0_0.png,mdrthringenhd.png,19.2E,(1) 19.2E KU-band Astra 1KR/1M/1N/1P,Missing
MES VIDEOS,1_0_C9_2390_44A_1_C00000_0_0_0.png,mesvideos.png,19.2E,(1) 19.2E KU-band Astra 1KR/1M/1N/1P,Missing
MOSAIQUE,1_0_C9_21AE_448_1_C00000_0_0_0.png,mosaique.png,19.2E,(1) 19.2E KU-band Astra 1KR/1M/1N/1P,Missing
MOSAIQUE BEIN SPORTS,1_0_C9_21AF_448_1_C00000_0_0_0.png,mosaiquebeinsports.png,19.2E,(1) 19.2E KU-band Astra 1KR/1M/1N/1P,Missing
MTV ESPAÑA,1_0_1_788F_414_1_C00000_0_0_0.png,mtvespaa.png,19.2E,(1) 19.2E KU-band Astra 1KR/1M/1N/1P,Missing
Movistar Plus+ HD,1_0_19_749A_41C_1_C00000_0_0_0.png,movistarplushd.png,19.2E,(1) 19.2E KU-band Astra 1KR/1M/1N/1P,Missing
N-JOY,1_0_A_28AF_40F_1_C00000_0_0_0.png,njoy.png,19.2E,(1) 19.2E KU-band Astra 1KR/1M/1N/1P,Missing
NDR 1 Nieders. HAN,1_0_A_28B3_40F_1_C00000_0_0_0.png,ndr1niedershan.png,19.2E,(1) 19.2E KU-band Astra 1KR/1M/1N/1P,Missing
NDR 1 Radio MV SN,1_0_A_28B2_40F_1_C00000_0_0_0.png,ndr1radiomvsn.png,19.2E,(1) 19.2E KU-band Astra 1KR/1M/1N/1P,Missing
NDR 2 NDS,1_0_A_28AC_40F_1_C00000_0_0_0.png,ndr2nds.png,19.2E,(1) 19.2E KU-band Astra 1KR/1M/1N/1P,Missing
NDR Info NDS,1_0_A_28AE_40F_1_C00000_0_0_0.png,ndrinfonds.png,19.2E,(1) 19.2E KU-band Astra 1KR/1M/1N/1P,Missing
NDR1 Welle Nord KI,1_0_A_28B1_40F_1_C00000_0_0_0.png,ndr1wellenordki.png,19.2E,(1) 19.2E KU-band Astra 1KR/1M/1N/1P,Missing
NDS Applikation,1_0_C1_A83_4_85_C00000_0_0_0.png,ndsapplikation.png,19.2E,(1) 19.2E KU-band Astra 1KR/1M/1N/1P,Missing
NUMEROTATIONS CANAL+,1_0_C9_23F1_44A_1_C00000_0_0_0.png,numerotationscanal.png,19.2E,(1) 19.2E KU-band Astra 1KR/1M/1N/1P,Missing
Neotion CI 1.4 OTA,1_0_C_33B4_3EB_1_C00000_0_0_0.png,neotionci14ota.png,19.2E,(1) 19.2E KU-band Astra 1KR/1M/1N/1P,Missing
Neotion OTA,1_0_C_1345_3EF_1_C00000_0_0_0.png,neotionota.png,19.2E,(1) 19.2E KU-band Astra 1KR/1M/1N/1P,Missing
Nick/Comedy Central+1,1_0_1_7008_436_1_C00000_0_0_0.png,nickcomedycentral1.png,19.2E,(1) 19.2E KU-band Astra 1KR/1M/1N/1P,Missing
OLDIE ANTENNE,1_0_A_B4_7_85_C00000_0_0_0.png,oldieantenne.png,19.2E,(1) 19.2E KU-band Astra 1KR/1M/1N/1P,Missing
ORF 2 EUROPE HD,1_0_19_33FE_3ED_1_C00000_0_0_0.png,orf2europehd.png,19.2E,(1) 19.2E KU-band Astra 1KR/1M/1N/1P,Missing
ORF B,1_0_A_1350_3EF_1_C00000_0_0_0.png,orfb.png,19.2E,(1) 19.2E KU-band Astra 1KR/1M/1N/1P,Missing
ORF FM4,1_0_A_134D_3EF_1_C00000_0_0_0.png,orffm4.png,19.2E,(1) 19.2E KU-band Astra 1KR/1M/1N/1P,Missing
ORF HITRADIO OE3,1_0_A_1338_3EF_1_C00000_0_0_0.png,orfhitradiooe3.png,19.2E,(1) 19.2E KU-band Astra 1KR/1M/1N/1P,Missing
ORF K,1_0_A_1356_3EF_1_C00000_0_0_0.png,orfk.png,19.2E,(1) 19.2E KU-band Astra 1KR/1M/1N/1P,Missing
ORF NOE,1_0_A_134F_3EF_1_C00000_0_0_0.png,orfnoe.png,19.2E,(1) 19.2E KU-band Astra 1KR/1M/1N/1P,Missing
ORF OE1,1_0_A_134C_3EF_1_C00000_0_0_0.png,orfoe1.png,19.2E,(1) 19.2E KU-band Astra 1KR/1M/1N/1P,Missing
ORF OOE,1_0_A_1351_3EF_1_C00000_0_0_0.png,orfooe.png,19.2E,(1) 19.2E KU-band Astra 1KR/1M/1N/1P,Missing
ORF RADIO OE1 DOLBY,1_0_A_1357_3EF_1_C00000_0_0_0.png,orfradiooe1dolby.png,19.2E,(1) 19.2E KU-band Astra 1KR/1M/1N/1P,Missing
ORF S,1_0_A_1352_3EF_1_C00000_0_0_0.png,orfs.png,19.2E,(1) 19.2E KU-band Astra 1KR/1M/1N/1P,Missing
ORF SPORT+ HD,1_0_19_33FD_3ED_1_C00000_0_0_0.png,orfsporthd.png,19.2E,(1) 19.2E KU-band Astra 1KR/1M/1N/1P,Missing
ORF STMK,1_0_A_1355_3EF_1_C00000_0_0_0.png,orfstmk.png,19.2E,(1) 19.2E KU-band Astra 1KR/1M/1N/1P,Missing
ORF T,1_0_A_1353_3EF_1_C00000_0_0_0.png,orft.png,19.2E,(1) 19.2E KU-band Astra 1KR/1M/1N/1P,Missing
ORF V,1_0_A_1354_3EF_1_C00000_0_0_0.png,orfv.png,19.2E,(1) 19.2E KU-band Astra 1KR/1M/1N/1P,Missing
ORF WIEN,1_0_A_134E_3EF_1_C00000_0_0_0.png,orfwien.png,19.2E,(1) 19.2E KU-band Astra 1KR/1M/1N/1P,Missing
ORF2B HD,1_0_19_33F7_3ED_1_C00000_0_0_0.png,orf2bhd.png,19.2E,(1) 19.2E KU-band Astra 1KR/1M/1N/1P,Missing
ORF2K HD,1_0_19_33F6_3ED_1_C00000_0_0_0.png,orf2khd.png,19.2E,(1) 19.2E KU-band Astra 1KR/1M/1N/1P,Missing
ORF2N HD,1_0_19_1334_3EF_1_C00000_0_0_0.png,orf2nhd.png,19.2E,(1) 19.2E KU-band Astra 1KR/1M/1N/1P,Missing
ORF2O HD,1_0_19_33F8_3ED_1_C00000_0_0_0.png,orf2ohd.png,19.2E,(1) 19.2E KU-band Astra 1KR/1M/1N/1P,Missing
ORF2S HD,1_0_19_33F9_3ED_1_C00000_0_0_0.png,orf2shd.png,19.2E,(1) 19.2E KU-band Astra 1KR/1M/1N/1P,Missing
ORF2St HD,1_0_19_33F5_3ED_1_C00000_0_0_0.png,orf2sthd.png,19.2E,(1) 19.2E KU-band Astra 1KR/1M/1N/1P,Missing
ORF2T HD,1_0_19_33FA_3ED_1_C00000_0_0_0.png,orf2thd.png,19.2E,(1) 19.2E KU-band Astra 1KR/1M/1N/1P,Missing
ORF2V HD,1_0_19_33FB_3ED_1_C00000_0_0_0.png,orf2vhd.png,19.2E,(1) 19.2E KU-band Astra 1KR/1M/1N/1P,Missing
ORF2W HD,1_0_19_1330_3EF_1_C00000_0_0_0.png,orf2whd.png,19.2E,(1) 19.2E KU-band Astra 1KR/1M/1N/1P,Missing
OTA REDSAT,1_0_C0_23E6_44A_1_C00000_0_0_0.png,otaredsat.png,19.2E,(1) 19.2E KU-band Astra 1KR/1M/1N/1P,Missing
PASS PINK X,1_0_C9_23D6_44A_1_C00000_0_0_0.png,passpinkx.png,19.2E,(1) 19.2E KU-band Astra 1KR/1M/1N/1P,Missing
PASS XXL DORCEL,1_0_C9_23D3_44A_1_C00000_0_0_0.png,passxxldorcel.png,19.2E,(1) 19.2E KU-band Astra 1KR/1M/1N/1P,Missing
PLANETE+,1_0_19_232E_442_1_C00000_0_0_0.png,planete.png,19.2E,(1) 19.2E KU-band Astra 1KR/1M/1N/1P,Missing
PUSH VOD COLLECTIVITES,1_0_C_23B0_44A_1_C00000_0_0_0.png,pushvodcollectivites.png,19.2E,(1) 19.2E KU-band Astra 1KR/1M/1N/1P,Missing
Pace TDC 866 NSDX,1_0_C_F9A_2_85_C00000_0_0_0.png,pacetdc866nsdx.png,19.2E,(1) 19.2E KU-band Astra 1KR/1M/1N/1P,Missing
Pace TDS 865 NSD,1_0_C_FBC_C_85_C00000_0_0_0.png,pacetds865nsd.png,19.2E,(1) 19.2E KU-band Astra 1KR/1M/1N/1P,Missing
Pace TDS 865 NSDX,1_0_C_FB1_C_85_C00000_0_0_0.png,pacetds865nsdx.png,19.2E,(1) 19.2E KU-band Astra 1KR/1M/1N/1P,Missing
Pace TDS 866 NSD,1_0_C_F9D_C_85_C00000_0_0_0.png,pacetds866nsd.png,19.2E,(1) 19.2E KU-band Astra 1KR/1M/1N/1P,Missing
Pace TDS 866 NSDX,1_0_C_F9E_C_85_C00000_0_0_0.png,pacetds866nsdx.png,19.2E,(1) 19.2E KU-band Astra 1KR/1M/1N/1P,Missing
RADIO CLASSIQUE,1_0_2_23CC_446_1_C00000_0_0_0.png,radioclassique.png,19.2E,(1) 19.2E KU-band Astra 1KR/1M/1N/1P,Missing
RADIO FG,1_0_2_23DB_446_1_C00000_0_0_0.png,radiofg.png,19.2E,(1) 19.2E KU-band Astra 1KR/1M/1N/1P,Missing
RADIO MELODY,1_0_2_23B8_446_1_C00000_0_0_0.png,radiomelody.png,19.2E,(1) 19.2E KU-band Astra 1KR/1M/1N/1P,Missing
RADIO NOTRE DAME,1_0_2_23EA_446_1_C00000_0_0_0.png,radionotredame.png,19.2E,(1) 19.2E KU-band Astra 1KR/1M/1N/1P,Missing
RADIOS 1,1_0_C6_239A_44A_1_C00000_0_0_0.png,radios1.png,19.2E,(1) 19.2E KU-band Astra 1KR/1M/1N/1P,Missing
RADIOS 2,1_0_C6_2399_44A_1_C00000_0_0_0.png,radios2.png,19.2E,(1) 19.2E KU-band Astra 1KR/1M/1N/1P,Missing
RADIOS 3,1_0_C6_239C_44A_1_C00000_0_0_0.png,radios3.png,19.2E,(1) 19.2E KU-band Astra 1KR/1M/1N/1P,Missing
RF,1_0_C6_239B_44A_1_C00000_0_0_0.png,rf.png,19.2E,(1) 19.2E KU-band Astra 1KR/1M/1N/1P,Missing
RFI INTERNATIONAL,1_0_2_23CB_446_1_C00000_0_0_0.png,rfiinternational.png,19.2E,(1) 19.2E KU-band Astra 1KR/1M/1N/1P,Missing
Radio Maryja,1_0_2_1091_3EE_1_C00000_0_0_0.png,radiomaryja.png,19.2E,(1) 19.2E KU-band Astra 1KR/1M/1N/1P,Missing
SERIEN+,1_0_1_6E47_431_1_C00000_0_0_0.png,serien.png,19.2E,(1) 19.2E KU-band Astra 1KR/1M/1N/1P,Missing
SR kultur,1_0_A_28C1_40F_1_C00000_0_0_0.png,srkultur.png,19.2E,(1) 19.2E KU-band Astra 1KR/1M/1N/1P,Missing
SWR 5.1 Kultur,1_0_A_28D0_40F_1_C00000_0_0_0.png,swr51kultur.png,19.2E,(1) 19.2E KU-band Astra 1KR/1M/1N/1P,Missing
SWR Kultur,1_0_A_28CA_40F_1_C00000_0_0_0.png,swrkultur.png,19.2E,(1) 19.2E KU-band Astra 1KR/1M/1N/1P,Missing
SWR1 BW,1_0_A_28C8_40F_1_C00000_0_0_0.png,swr1bw.png,19.2E,(1) 19.2E KU-band Astra 1KR/1M/1N/1P,Missing
SWR1 RLP,1_0_A_28C9_40F_1_C00000_0_0_0.png,swr1rlp.png,19.2E,(1) 19.2E KU-band Astra 1KR/1M/1N/1P,Missing
SWR4 BW,1_0_A_28CC_40F_1_C00000_0_0_0.png,swr4bw.png,19.2E,(1) 19.2E KU-band Astra 1KR/1M/1N/1P,Missing
SWR4 RLP,1_0_A_28CD_40F_1_C00000_0_0_0.png,swr4rlp.png,19.2E,(1) 19.2E KU-band Astra 1KR/1M/1N/1P,Missing
Sky service config,1_0_C_DAB_10_85_C00000_0_0_0.png,skyserviceconfig.png,19.2E,(1) 19.2E KU-band Astra 1KR/1M/1N/1P,Missing
Sportdigital1+,1_0_19_10CD_418_1_C00000_0_0_0.png,sportdigital1.png,19.2E,(1) 19.2E KU-band Astra 1KR/1M/1N/1P,Missing
TELETOON+,1_0_19_232D_442_1_C00000_0_0_0.png,teletoon.png,19.2E,(1) 19.2E KU-band Astra 1KR/1M/1N/1P,Missing
TEST 6 TXP 44,1_0_1_788D_414_1_C00000_0_0_0.png,test6txp44.png,19.2E,(1) 19.2E KU-band Astra 1KR/1M/1N/1P,Missing
TEST RA ESP,1_0_2_7598_422_1_C00000_0_0_0.png,testraesp.png,19.2E,(1) 19.2E KU-band Astra 1KR/1M/1N/1P,Missing
TEST TP54,1_0_1_768E_41E_1_C00000_0_0_0.png,testtp54.png,19.2E,(1) 19.2E KU-band Astra 1KR/1M/1N/1P,Missing
TEST TP58,1_0_1_75B2_422_1_C00000_0_0_0.png,testtp58.png,19.2E,(1) 19.2E KU-band Astra 1KR/1M/1N/1P,Missing
TEST TP62,1_0_19_7536_426_1_C00000_0_0_0.png,testtp62.png,19.2E,(1) 19.2E KU-band Astra 1KR/1M/1N/1P,Missing
TEST TXP 42,1_0_1_756B_412_1_C00000_0_0_0.png,testtxp42.png,19.2E,(1) 19.2E KU-band Astra 1KR/1M/1N/1P,Missing
TEST TXP 44,1_0_1_7893_414_1_C00000_0_0_0.png,testtxp44.png,19.2E,(1) 19.2E KU-band Astra 1KR/1M/1N/1P,Missing
TEST TÉCNICO,1_0_1_75DD_422_1_C00000_0_0_0.png,testtcnico.png,19.2E,(1) 19.2E KU-band Astra 1KR/1M/1N/1P,Missing
TOUS VOS PROGRAMMES,1_0_C9_23A3_44A_1_C00000_0_0_0.png,tousvosprogrammes.png,19.2E,(1) 19.2E KU-band Astra 1KR/1M/1N/1P,Missing
TV-3 Cataluna HD,1_0_1F_109B_3EE_1_C00000_0_0_0.png,tv3catalunahd.png,19.2E,(1) 19.2E KU-band Astra 1KR/1M/1N/1P,Missing
Test42,1_0_16_33AF_3EB_1_C00000_0_0_0.png,test42.png,19.2E,(1) 19.2E KU-band Astra 1KR/1M/1N/1P,Missing
Test43,1_0_16_33B0_3EB_1_C00000_0_0_0.png,test43.png,19.2E,(1) 19.2E KU-band Astra 1KR/1M/1N/1P,Missing
UHD1 by ASTRA / HD+,1_0_1F_2_40B_1_C00000_0_0_0.png,uhd1byastrahd.png,19.2E,(1) 19.2E KU-band Astra 1KR/1M/1N/1P,Missing
hr2,1_0_A_28E2_425_1_C00000_0_0_0.png,hr2.png,19.2E,(1) 19.2E KU-band Astra 1KR/1M/1N/1P,Missing
radio3,1_0_A_28F5_425_1_C00000_0_0_0.png,radio3.png,19.2E,(1) 19.2E KU-band Astra 1KR/1M/1N/1P,Missing
radioeins,1_0_A_28F8_425_1_C00000_0_0_0.png,radioeins.png,19.2E,(1) 19.2E KU-band Astra 1KR/1M/1N/1P,Missing
rbb 88.8,1_0_A_28F7_425_1_C00000_0_0_0.png,rbb888.png,19.2E,(1) 19.2E KU-band Astra 1KR/1M/1N/1P,Missing
rbb24 Inforadio,1_0_A_28F4_425_1_C00000_0_0_0.png,rbb24inforadio.png,19.2E,(1) 19.2E KU-band Astra 1KR/1M/1N/1P,Missing
sunshine live,1_0_2_A9_7_85_C00000_0_0_0.png,sunshinelive.png,19.2E,(1) 19.2E KU-band Astra 1KR/1M/1N/1P,Missing
AZAWAN MA,1_0_2_1F40_1_1_C90F1A_0_0_0.png,azawanma.png,20.1E,(100) 20.0E C-band Arabsat 5C,Missing
Al Bayan Radio,1_0_2_BC4_A28_2BE_C90000_0_0_0.png,albayanradio.png,20.1E,(100) 20.0E C-band Arabsat 5C,Missing
BANAADIR TV,1_0_1_69_67_67_C90000_0_0_0.png,banaadirtv.png,20.1E,(100) 20.0E C-band Arabsat 5C,Missing
Coran Radio,1_0_1_13CC_26D_1_C90000_0_0_0.png,coranradio.png,20.1E,(100) 20.0E C-band Arabsat 5C,Missing
EBRU TV,1_0_1_67_67_67_C90000_0_0_0.png,ebrutv.png,20.1E,(100) 20.0E C-band Arabsat 5C,Missing
EL Mouritaniya,1_0_1_13D3_26D_1_C90000_0_0_0.png,elmouritaniya.png,20.1E,(100) 20.0E C-band Arabsat 5C,Missing
ERI R1,1_0_1_3_26D_1_C90000_0_0_0.png,erir1.png,20.1E,(100) 20.0E C-band Arabsat 5C,Missing
ERI R2,1_0_1_2_26D_1_C90000_0_0_0.png,erir2.png,20.1E,(100) 20.0E C-band Arabsat 5C,Missing
ERI R3,1_0_1_6_26D_1_C90000_0_0_0.png,erir3.png,20.1E,(100) 20.0E C-band Arabsat 5C,Missing
ERI R4,1_0_1_7_26D_1_C90000_0_0_0.png,erir4.png,20.1E,(100) 20.0E C-band Arabsat 5C,Missing
European Progrm,1_0_2_DBA_A28_2BE_C90000_0_0_0.png,europeanprogrm.png,20.1E,(100) 20.0E C-band Arabsat 5C,Missing
HITRADIO BURKINA,1_0_2_2328_1_1_C90F1A_0_0_0.png,hitradioburkina.png,20.1E,(100) 20.0E C-band Arabsat 5C,Missing
HITRADIO CI,1_0_2_3E8_1_1_C90F1A_0_0_0.png,hitradioci.png,20.1E,(100) 20.0E C-band Arabsat 5C,Missing
HITRADIO CONGO BRAZZA,1_0_2_BB8_1_1_C90F1A_0_0_0.png,hitradiocongobrazza.png,20.1E,(100) 20.0E C-band Arabsat 5C,Missing
HITRADIO GABON,1_0_2_FA0_1_1_C90F1A_0_0_0.png,hitradiogabon.png,20.1E,(100) 20.0E C-band Arabsat 5C,Missing
HITRADIO NIGER_TCHAD,1_0_2_2EE0_1_1_C90F1A_0_0_0.png,hitradionigertchad.png,20.1E,(100) 20.0E C-band Arabsat 5C,Missing
HITRADIO TOGO,1_0_2_1388_1_1_C90F1A_0_0_0.png,hitradiotogo.png,20.1E,(100) 20.0E C-band Arabsat 5C,Missing
Ifrikya FM,1_0_1_160E_26D_1_C90000_0_0_0.png,ifrikyafm.png,20.1E,(100) 20.0E C-band Arabsat 5C,Missing
Kuwait R1,1_0_2_DBB_A28_2BE_C90000_0_0_0.png,kuwaitr1.png,20.1E,(100) 20.0E C-band Arabsat 5C,Missing
Kuwait R2,1_0_2_DBC_A28_2BE_C90000_0_0_0.png,kuwaitr2.png,20.1E,(100) 20.0E C-band Arabsat 5C,Missing
Kuwait TV,1_0_1_BBD_A28_2BE_C90000_0_0_0.png,kuwaittv.png,20.1E,(100) 20.0E C-band Arabsat 5C,Missing
Mauritania Radio,1_0_1_13D5_26D_1_C90000_0_0_0.png,mauritaniaradio.png,20.1E,(100) 20.0E C-band Arabsat 5C,Missing
Nedaa Al-Islam,1_0_2_D54_A28_2BE_C90000_0_0_0.png,nedaaalislam.png,20.1E,(100) 20.0E C-band Arabsat 5C,Missing
Oman - Holy Quran,1_0_2_BBF_A28_2BE_C90000_0_0_0.png,omanholyquran.png,20.1E,(100) 20.0E C-band Arabsat 5C,Missing
Oman Radio FM,1_0_2_DBD_A28_2BE_C90000_0_0_0.png,omanradiofm.png,20.1E,(100) 20.0E C-band Arabsat 5C,Missing
Oman radio,1_0_2_DB6_A28_2BE_C90000_0_0_0.png,omanradio.png,20.1E,(100) 20.0E C-band Arabsat 5C,Missing
Program One,1_0_2_DB0_A28_2BE_C90000_0_0_0.png,programone.png,20.1E,(100) 20.0E C-band Arabsat 5C,Missing
Radio Quran,1_0_2_DB1_A28_2BE_C90000_0_0_0.png,radioquran.png,20.1E,(100) 20.0E C-band Arabsat 5C,Missing
Radio Umdurman Holy Quran,1_0_2_DB5_A28_2BE_C90000_0_0_0.png,radioumdurmanholyquran.png,20.1E,(100) 20.0E C-band Arabsat 5C,Missing
SHABELLE TV,1_0_1_68_67_67_C90000_0_0_0.png,shabelletv.png,20.1E,(100) 20.0E C-band Arabsat 5C,Missing
Saudi Radio-2,1_0_2_DB3_A28_2BE_C90000_0_0_0.png,saudiradio2.png,20.1E,(100) 20.0E C-band Arabsat 5C,Missing
Sharjah FM,1_0_2_DB8_A28_2BE_C90000_0_0_0.png,sharjahfm.png,20.1E,(100) 20.0E C-band Arabsat 5C,Missing
South Sudan,1_0_1_1_26D_1_C90000_0_0_0.png,southsudan.png,20.1E,(100) 20.0E C-band Arabsat 5C,Missing
Sudan Radio,1_0_2_DB2_A28_2BE_C90000_0_0_0.png,sudanradio.png,20.1E,(100) 20.0E C-band Arabsat 5C,Missing
21.5E-Oman TV@PID4096PLP0 Feed Service,1_0_1_333_2D6B_1_D70000_0_0_0.png,215eomantvpid4096plp0feedservice.png,21.5E,(2) 21.5E KU-band Eutelsat 21B,Missing
AH MAIN,1_0_1_1_1_FFFF_D72D3D_0_0_0.png,ahmain.png,21.5E,(2) 21.5E KU-band Eutelsat 21B,Missing
AH MAIN,1_0_1_1_1_FFFF_D72D43_0_0_0.png,ahmain.png,21.5E,(2) 21.5E KU-band Eutelsat 21B,Missing
ARA MCR ENC 1,1_0_1F_1_0_0_D70000_0_0_0.png,aramcrenc1.png,21.5E,(2) 21.5E KU-band Eutelsat 21B,Missing
ARA MCR ENC 1,1_0_1F_1_0_0_D7AD34_0_0_0.png,aramcrenc1.png,21.5E,(2) 21.5E KU-band Eutelsat 21B,Missing
BAYAN,1_0_1_1_1_FFFF_D7AD1F_0_0_0.png,bayan.png,21.5E,(2) 21.5E KU-band Eutelsat 21B,Missing
BU,1_0_1_1_1_FFFF_D7AD43_0_0_0.png,bu.png,21.5E,(2) 21.5E KU-band Eutelsat 21B,Missing
Beirut office,1_0_1_300_8_1_D70000_0_0_0.png,beirutoffice.png,21.5E,(2) 21.5E KU-band Eutelsat 21B,Missing
CCTV4-HD,1_0_1_36_2_0_D7AAA7_0_0_0.png,cctv4hd.png,21.5E,(2) 21.5E KU-band Eutelsat 21B,Missing
ERICSSON 1,1_0_1_1_1_FFFF_D7ACE4_0_0_0.png,ericsson1.png,21.5E,(2) 21.5E KU-band Eutelsat 21B,Missing
ERICSSON 1,1_0_1_1_1_FFFF_D7ACE6_0_0_0.png,ericsson1.png,21.5E,(2) 21.5E KU-band Eutelsat 21B,Missing
HNTV-HD,1_0_1_41_2_0_D7AAA7_0_0_0.png,hntvhd.png,21.5E,(2) 21.5E KU-band Eutelsat 21B,Missing
TL-3P,1_0_1_1_1_FFFF_D7ACD8_0_0_0.png,tl3p.png,21.5E,(2) 21.5E KU-band Eutelsat 21B,Missing
1+1 International,1_0_16_1E5A_C9E_3_EB0000_0_0_0.png,11international.png,23.5E,(3) 23.5E KU-band Astra 3B/3C,Missing
1.BuMux,1_0_2_1019_C98_3_EB0000_0_0_0.png,1bumux.png,23.5E,(3) 23.5E KU-band Astra 3B/3C,Missing
100% NL,1_0_2_5253_C99_3_EB0000_0_0_0.png,100nl.png,23.5E,(3) 23.5E KU-band Astra 3B/3C,Missing
12031H SID 0x1830,1_0_64_1830_C91_3_EB0000_0_0_0.png,12031hsid0x1830.png,23.5E,(3) 23.5E KU-band Astra 3B/3C,Missing
12031H SID 0x1831,1_0_64_1831_C91_3_EB0000_0_0_0.png,12031hsid0x1831.png,23.5E,(3) 23.5E KU-band Astra 3B/3C,Missing
12441V SID 0x4e4a,1_0_1_4E4A_5_0_EB0000_0_0_0.png,12441vsid0x4e4a.png,23.5E,(3) 23.5E KU-band Astra 3B/3C,Missing
12441V SID 0x4e5c,1_0_1_4E5C_5_0_EB0000_0_0_0.png,12441vsid0x4e5c.png,23.5E,(3) 23.5E KU-band Astra 3B/3C,Missing
12441V SID 0x4e6d,1_0_1_4E6D_5_0_EB0000_0_0_0.png,12441vsid0x4e6d.png,23.5E,(3) 23.5E KU-band Astra 3B/3C,Missing
12441V SID 0x4e6e,1_0_1_4E6E_5_0_EB0000_0_0_0.png,12441vsid0x4e6e.png,23.5E,(3) 23.5E KU-band Astra 3B/3C,Missing
12441V SID 0x4e70,1_0_1_4E70_5_0_EB0000_0_0_0.png,12441vsid0x4e70.png,23.5E,(3) 23.5E KU-band Astra 3B/3C,Missing
12441V SID 0x4e92,1_0_1_4E92_5_0_EB0000_0_0_0.png,12441vsid0x4e92.png,23.5E,(3) 23.5E KU-band Astra 3B/3C,Missing
12441V SID 0x4ea1,1_0_1_4EA1_5_0_EB0000_0_0_0.png,12441vsid0x4ea1.png,23.5E,(3) 23.5E KU-band Astra 3B/3C,Missing
12441V SID 0x4ea2,1_0_1_4EA2_5_0_EB0000_0_0_0.png,12441vsid0x4ea2.png,23.5E,(3) 23.5E KU-band Astra 3B/3C,Missing
12441V SID 0x4ea8,1_0_1_4EA8_5_0_EB0000_0_0_0.png,12441vsid0x4ea8.png,23.5E,(3) 23.5E KU-band Astra 3B/3C,Missing
12441V SID 0x4eaa,1_0_1_4EAA_5_0_EB0000_0_0_0.png,12441vsid0x4eaa.png,23.5E,(3) 23.5E KU-band Astra 3B/3C,Missing
12441V SID 0x4eab,1_0_1_4EAB_5_0_EB0000_0_0_0.png,12441vsid0x4eab.png,23.5E,(3) 23.5E KU-band Astra 3B/3C,Missing
12441V SID 0x4eb7,1_0_1_4EB7_5_0_EB0000_0_0_0.png,12441vsid0x4eb7.png,23.5E,(3) 23.5E KU-band Astra 3B/3C,Missing
12441V SID 0x4ebf,1_0_1_4EBF_5_0_EB0000_0_0_0.png,12441vsid0x4ebf.png,23.5E,(3) 23.5E KU-band Astra 3B/3C,Missing
12441V SID 0x4ec0,1_0_1_4EC0_5_0_EB0000_0_0_0.png,12441vsid0x4ec0.png,23.5E,(3) 23.5E KU-band Astra 3B/3C,Missing
12441V SID 0x4ecf,1_0_1_4ECF_5_0_EB0000_0_0_0.png,12441vsid0x4ecf.png,23.5E,(3) 23.5E KU-band Astra 3B/3C,Missing
12441V SID 0x4ed0,1_0_1_4ED0_5_0_EB0000_0_0_0.png,12441vsid0x4ed0.png,23.5E,(3) 23.5E KU-band Astra 3B/3C,Missing
12441V SID 0x4edf,1_0_1_4EDF_5_0_EB0000_0_0_0.png,12441vsid0x4edf.png,23.5E,(3) 23.5E KU-band Astra 3B/3C,Missing
12441V SID 0x4ee2,1_0_1_4EE2_5_0_EB0000_0_0_0.png,12441vsid0x4ee2.png,23.5E,(3) 23.5E KU-band Astra 3B/3C,Missing
12441V SID 0x4ee3,1_0_1_4EE3_5_0_EB0000_0_0_0.png,12441vsid0x4ee3.png,23.5E,(3) 23.5E KU-band Astra 3B/3C,Missing
12441V SID 0x4ef5,1_0_1_4EF5_5_0_EB0000_0_0_0.png,12441vsid0x4ef5.png,23.5E,(3) 23.5E KU-band Astra 3B/3C,Missing
12441V SID 0x4f1d,1_0_1_4F1D_5_0_EB0000_0_0_0.png,12441vsid0x4f1d.png,23.5E,(3) 23.5E KU-band Astra 3B/3C,Missing
12441V SID 0x4f1e,1_0_1_4F1E_5_0_EB0000_0_0_0.png,12441vsid0x4f1e.png,23.5E,(3) 23.5E KU-band Astra 3B/3C,Missing
12441V SID 0x4f25,1_0_1_4F25_5_0_EB0000_0_0_0.png,12441vsid0x4f25.png,23.5E,(3) 23.5E KU-band Astra 3B/3C,Missing
12441V SID 0x4f27,1_0_1_4F27_5_0_EB0000_0_0_0.png,12441vsid0x4f27.png,23.5E,(3) 23.5E KU-band Astra 3B/3C,Missing
12441V SID 0x4f28,1_0_1_4F28_5_0_EB0000_0_0_0.png,12441vsid0x4f28.png,23.5E,(3) 23.5E KU-band Astra 3B/3C,Missing
12441V SID 0x4f29,1_0_1_4F29_5_0_EB0000_0_0_0.png,12441vsid0x4f29.png,23.5E,(3) 23.5E KU-band Astra 3B/3C,Missing
12441V SID 0x4f2a,1_0_1_4F2A_5_0_EB0000_0_0_0.png,12441vsid0x4f2a.png,23.5E,(3) 23.5E KU-band Astra 3B/3C,Missing
12441V SID 0x4f2b,1_0_1_4F2B_5_0_EB0000_0_0_0.png,12441vsid0x4f2b.png,23.5E,(3) 23.5E KU-band Astra 3B/3C,Missing
12441V SID 0x4f2c,1_0_1_4F2C_5_0_EB0000_0_0_0.png,12441vsid0x4f2c.png,23.5E,(3) 23.5E KU-band Astra 3B/3C,Missing
12441V SID 0x4f2d,1_0_1_4F2D_5_0_EB0000_0_0_0.png,12441vsid0x4f2d.png,23.5E,(3) 23.5E KU-band Astra 3B/3C,Missing
12441V SID 0x4f2e,1_0_1_4F2E_5_0_EB0000_0_0_0.png,12441vsid0x4f2e.png,23.5E,(3) 23.5E KU-band Astra 3B/3C,Missing
12441V SID 0x4f2f,1_0_1_4F2F_5_0_EB0000_0_0_0.png,12441vsid0x4f2f.png,23.5E,(3) 23.5E KU-band Astra 3B/3C,Missing
12441V SID 0x4f30,1_0_1_4F30_5_0_EB0000_0_0_0.png,12441vsid0x4f30.png,23.5E,(3) 23.5E KU-band Astra 3B/3C,Missing
12441V SID 0x4f31,1_0_1_4F31_5_0_EB0000_0_0_0.png,12441vsid0x4f31.png,23.5E,(3) 23.5E KU-band Astra 3B/3C,Missing
12441V SID 0x4f32,1_0_1_4F32_5_0_EB0000_0_0_0.png,12441vsid0x4f32.png,23.5E,(3) 23.5E KU-band Astra 3B/3C,Missing
12441V SID 0x4f33,1_0_1_4F33_5_0_EB0000_0_0_0.png,12441vsid0x4f33.png,23.5E,(3) 23.5E KU-band Astra 3B/3C,Missing
12441V SID 0x4f34,1_0_1_4F34_5_0_EB0000_0_0_0.png,12441vsid0x4f34.png,23.5E,(3) 23.5E KU-band Astra 3B/3C,Missing
12441V SID 0x4f35,1_0_1_4F35_5_0_EB0000_0_0_0.png,12441vsid0x4f35.png,23.5E,(3) 23.5E KU-band Astra 3B/3C,Missing
12441V SID 0x4f36,1_0_1_4F36_5_0_EB0000_0_0_0.png,12441vsid0x4f36.png,23.5E,(3) 23.5E KU-band Astra 3B/3C,Missing
12441V SID 0x4f37,1_0_1_4F37_5_0_EB0000_0_0_0.png,12441vsid0x4f37.png,23.5E,(3) 23.5E KU-band Astra 3B/3C,Missing
12441V SID 0x4f38,1_0_1_4F38_5_0_EB0000_0_0_0.png,12441vsid0x4f38.png,23.5E,(3) 23.5E KU-band Astra 3B/3C,Missing
12441V SID 0x4f39,1_0_1_4F39_5_0_EB0000_0_0_0.png,12441vsid0x4f39.png,23.5E,(3) 23.5E KU-band Astra 3B/3C,Missing
12441V SID 0x4f3a,1_0_1_4F3A_5_0_EB0000_0_0_0.png,12441vsid0x4f3a.png,23.5E,(3) 23.5E KU-band Astra 3B/3C,Missing
12441V SID 0x5157,1_0_2_5157_5_0_EB0000_0_0_0.png,12441vsid0x5157.png,23.5E,(3) 23.5E KU-band Astra 3B/3C,Missing
12480V SID 0x4e72,1_0_64_4E72_CA8_3_EB0000_0_0_0.png,12480vsid0x4e72.png,23.5E,(3) 23.5E KU-band Astra 3B/3C,Missing
2.BuMux,1_0_2_101A_C98_3_EB0000_0_0_0.png,2bumux.png,23.5E,(3) 23.5E KU-band Astra 3B/3C,Missing
23.5E-RRT@PID4096PLP0 Feed Service,1_0_1_334_2FFD_1_EB0000_0_0_0.png,235errtpid4096plp0feedservice.png,23.5E,(3) 23.5E KU-band Astra 3B/3C,Missing
23.5E-RRT@PID4097PLP0 Feed Service,1_0_1_335_2FFD_1_EB0000_0_0_0.png,235errtpid4097plp0feedservice.png,23.5E,(3) 23.5E KU-band Astra 3B/3C,Missing
A2C-RMT,1_0_C_182E_C91_3_EB0000_0_0_0.png,a2crmt.png,23.5E,(3) 23.5E KU-band Astra 3B/3C,Missing
AS FM radio,1_0_2_5172_C8B_3_EB0000_0_0_0.png,asfmradio.png,23.5E,(3) 23.5E KU-band Astra 3B/3C,Missing
Alleen Klassiek,1_0_2_17F1_C82_3_EB0000_0_0_0.png,alleenklassiek.png,23.5E,(3) 23.5E KU-band Astra 3B/3C,Missing
BEAT,1_0_2_134C_CA2_3_EB0000_0_0_0.png,beat.png,23.5E,(3) 23.5E KU-band Astra 3B/3C,Missing
BEAT JM,1_0_2_134D_CA2_3_EB0000_0_0_0.png,beatjm.png,23.5E,(3) 23.5E KU-band Astra 3B/3C,Missing
BEAT SM,1_0_2_134E_CA2_3_EB0000_0_0_0.png,beatsm.png,23.5E,(3) 23.5E KU-band Astra 3B/3C,Missing
BEAT V,1_0_2_1356_CA2_3_EB0000_0_0_0.png,beatv.png,23.5E,(3) 23.5E KU-band Astra 3B/3C,Missing
CANAL+ Action,1_0_19_3736_C8E_3_EB0000_0_0_0.png,canalaction.png,23.5E,(3) 23.5E KU-band Astra 3B/3C,Missing
CANAL+ Action,1_0_19_17CF_C82_3_EB0000_0_0_0.png,canalaction.png,23.5E,(3) 23.5E KU-band Astra 3B/3C,Missing
CANAL+ Sport (CZ),1_0_19_3733_C8E_3_EB0000_0_0_0.png,canalsportcz.png,23.5E,(3) 23.5E KU-band Astra 3B/3C,Missing
CANAL+ Sport (SK),1_0_19_3734_C8E_3_EB0000_0_0_0.png,canalsportsk.png,23.5E,(3) 23.5E KU-band Astra 3B/3C,Missing
CANAL+ Sport 2 (CZ),1_0_19_1F4B_CA1_3_EB0000_0_0_0.png,canalsport2cz.png,23.5E,(3) 23.5E KU-band Astra 3B/3C,Missing
CANAL+ Sport 2 (SK),1_0_19_3C38_C90_3_EB0000_0_0_0.png,canalsport2sk.png,23.5E,(3) 23.5E KU-band Astra 3B/3C,Missing
COUNTRY JM,1_0_2_1351_CA2_3_EB0000_0_0_0.png,countryjm.png,23.5E,(3) 23.5E KU-band Astra 3B/3C,Missing
CRo BRNO,1_0_A_1F7E_CA1_3_EB0000_0_0_0.png,crobrno.png,23.5E,(3) 23.5E KU-band Astra 3B/3C,Missing
CRo C.BUDEJOVICE,1_0_A_1F7F_CA1_3_EB0000_0_0_0.png,crocbudejovice.png,23.5E,(3) 23.5E KU-band Astra 3B/3C,Missing
CRo D-DUR,1_0_A_1F79_CA1_3_EB0000_0_0_0.png,croddur.png,23.5E,(3) 23.5E KU-band Astra 3B/3C,Missing
CRo DVOJKA,1_0_A_1F74_CA1_3_EB0000_0_0_0.png,crodvojka.png,23.5E,(3) 23.5E KU-band Astra 3B/3C,Missing
CRo H.KRALOVE,1_0_A_1F80_CA1_3_EB0000_0_0_0.png,crohkralove.png,23.5E,(3) 23.5E KU-band Astra 3B/3C,Missing
CRo JAZZ,1_0_A_1F7A_CA1_3_EB0000_0_0_0.png,crojazz.png,23.5E,(3) 23.5E KU-band Astra 3B/3C,Missing
CRo KARLOVY VARY,1_0_A_1F81_CA1_3_EB0000_0_0_0.png,crokarlovyvary.png,23.5E,(3) 23.5E KU-band Astra 3B/3C,Missing
CRo LIBEREC,1_0_A_1F82_CA1_3_EB0000_0_0_0.png,croliberec.png,23.5E,(3) 23.5E KU-band Astra 3B/3C,Missing
CRo OLOMOUC,1_0_A_1F86_CA1_3_EB0000_0_0_0.png,croolomouc.png,23.5E,(3) 23.5E KU-band Astra 3B/3C,Missing
CRo OSTRAVA,1_0_A_1F87_CA1_3_EB0000_0_0_0.png,croostrava.png,23.5E,(3) 23.5E KU-band Astra 3B/3C,Missing
CRo PARDUBICE,1_0_A_1F84_CA1_3_EB0000_0_0_0.png,cropardubice.png,23.5E,(3) 23.5E KU-band Astra 3B/3C,Missing
CRo PLUS,1_0_A_1F76_CA1_3_EB0000_0_0_0.png,croplus.png,23.5E,(3) 23.5E KU-band Astra 3B/3C,Missing
CRo PLZEN,1_0_A_1F85_CA1_3_EB0000_0_0_0.png,croplzen.png,23.5E,(3) 23.5E KU-band Astra 3B/3C,Missing
CRo RADIO JUNIOR,1_0_A_1F78_CA1_3_EB0000_0_0_0.png,croradiojunior.png,23.5E,(3) 23.5E KU-band Astra 3B/3C,Missing
CRo RADIO PRAGUE Int,1_0_A_1F7D_CA1_3_EB0000_0_0_0.png,croradiopragueint.png,23.5E,(3) 23.5E KU-band Astra 3B/3C,Missing
CRo RADIO PRAHA,1_0_A_1F7B_CA1_3_EB0000_0_0_0.png,croradiopraha.png,23.5E,(3) 23.5E KU-band Astra 3B/3C,Missing
CRo RADIO WAVE,1_0_A_1F77_CA1_3_EB0000_0_0_0.png,croradiowave.png,23.5E,(3) 23.5E KU-band Astra 3B/3C,Missing
CRo RADIOZURNAL,1_0_A_1F73_CA1_3_EB0000_0_0_0.png,croradiozurnal.png,23.5E,(3) 23.5E KU-band Astra 3B/3C,Missing
CRo SEVER,1_0_A_1F88_CA1_3_EB0000_0_0_0.png,crosever.png,23.5E,(3) 23.5E KU-band Astra 3B/3C,Missing
CRo STREDNI CECHY,1_0_A_1F7C_CA1_3_EB0000_0_0_0.png,crostrednicechy.png,23.5E,(3) 23.5E KU-band Astra 3B/3C,Missing
CRo VLTAVA,1_0_A_1F75_CA1_3_EB0000_0_0_0.png,crovltava.png,23.5E,(3) 23.5E KU-band Astra 3B/3C,Missing
CRo VYSOCINA,1_0_A_1F83_CA1_3_EB0000_0_0_0.png,crovysocina.png,23.5E,(3) 23.5E KU-band Astra 3B/3C,Missing
CRo ZLIN,1_0_A_1F89_CA1_3_EB0000_0_0_0.png,crozlin.png,23.5E,(3) 23.5E KU-band Astra 3B/3C,Missing
CT :D/art HD,1_0_19_1F45_CA1_3_EB0000_0_0_0.png,ctdarthd.png,23.5E,(3) 23.5E KU-band Astra 3B/3C,Missing
Devin,1_0_2_133D_CA2_3_EB0000_0_0_0.png,devin.png,23.5E,(3) 23.5E KU-band Astra 3B/3C,Missing
Duna World / M4 Sport+,1_0_16_1C10_C88_3_EB0000_0_0_0.png,dunaworldm4sport.png,23.5E,(3) 23.5E KU-band Astra 3B/3C,Missing
EPG Nagra,1_0_D4_338F_C93_3_EB0000_0_0_0.png,epgnagra.png,23.5E,(3) 23.5E KU-band Astra 3B/3C,Missing
Espreso TV HD,1_0_19_1E46_C9E_3_EB0000_0_0_0.png,espresotvhd.png,23.5E,(3) 23.5E KU-band Astra 3B/3C,Missing
Europa 2 S,1_0_2_135B_CA2_3_EB0000_0_0_0.png,europa2s.png,23.5E,(3) 23.5E KU-band Astra 3B/3C,Missing
Europa 2 V,1_0_2_135C_CA2_3_EB0000_0_0_0.png,europa2v.png,23.5E,(3) 23.5E KU-band Astra 3B/3C,Missing
Europa 2 Z,1_0_2_135A_CA2_3_EB0000_0_0_0.png,europa2z.png,23.5E,(3) 23.5E KU-band Astra 3B/3C,Missing
European Radio for Belarus,1_0_2_1432_CA2_3_EB0000_0_0_0.png,europeanradioforbelarus.png,23.5E,(3) 23.5E KU-band Astra 3B/3C,Missing
Expres S,1_0_2_1358_CA2_3_EB0000_0_0_0.png,express.png,23.5E,(3) 23.5E KU-band Astra 3B/3C,Missing
Expres V,1_0_2_1359_CA2_3_EB0000_0_0_0.png,expresv.png,23.5E,(3) 23.5E KU-band Astra 3B/3C,Missing
Expres Z,1_0_2_1357_CA2_3_EB0000_0_0_0.png,expresz.png,23.5E,(3) 23.5E KU-band Astra 3B/3C,Missing
FUNRADIO S,1_0_2_135E_CA2_3_EB0000_0_0_0.png,funradios.png,23.5E,(3) 23.5E KU-band Astra 3B/3C,Missing
FUNRADIO V,1_0_2_135F_CA2_3_EB0000_0_0_0.png,funradiov.png,23.5E,(3) 23.5E KU-band Astra 3B/3C,Missing
FUNRADIO Z,1_0_2_135D_CA2_3_EB0000_0_0_0.png,funradioz.png,23.5E,(3) 23.5E KU-band Astra 3B/3C,Missing
Film +,1_0_1_4F00_CA5_3_EB0000_0_0_0.png,film.png,23.5E,(3) 23.5E KU-band Astra 3B/3C,Missing
Film+ HD,1_0_19_3CF2_C95_3_EB0000_0_0_0.png,filmhd.png,23.5E,(3) 23.5E KU-band Astra 3B/3C,Missing
Film+ Hungary,1_0_16_1C15_C88_3_EB0000_0_0_0.png,filmhungary.png,23.5E,(3) 23.5E KU-band Astra 3B/3C,Missing
Film+ SK,1_0_16_36F8_C8C_3_EB0000_0_0_0.png,filmsk.png,23.5E,(3) 23.5E KU-band Astra 3B/3C,Missing
FunX,1_0_2_182F_C82_3_EB0000_0_0_0.png,funx.png,23.5E,(3) 23.5E KU-band Astra 3B/3C,Missing
Golos Kyiva,1_0_2_1E2E_C9E_3_EB0000_0_0_0.png,goloskyiva.png,23.5E,(3) 23.5E KU-band Astra 3B/3C,Missing
L1Radio,1_0_2_1830_C82_3_EB0000_0_0_0.png,l1radio.png,23.5E,(3) 23.5E KU-band Astra 3B/3C,Missing
Litera,1_0_2_1340_CA2_3_EB0000_0_0_0.png,litera.png,23.5E,(3) 23.5E KU-band Astra 3B/3C,Missing
M7 Zenterio,1_0_C_3383_C93_3_EB0000_0_0_0.png,m7zenterio.png,23.5E,(3) 23.5E KU-band Astra 3B/3C,Missing
MX,1_0_C_320_C9E_3_EB0000_0_0_0.png,mx.png,23.5E,(3) 23.5E KU-band Astra 3B/3C,Missing
Melody S,1_0_2_1346_CA2_3_EB0000_0_0_0.png,melodys.png,23.5E,(3) 23.5E KU-band Astra 3B/3C,Missing
Melody V,1_0_2_1347_CA2_3_EB0000_0_0_0.png,melodyv.png,23.5E,(3) 23.5E KU-band Astra 3B/3C,Missing
Melody Z,1_0_2_1345_CA2_3_EB0000_0_0_0.png,melodyz.png,23.5E,(3) 23.5E KU-band Astra 3B/3C,Missing
Mozi+,1_0_16_52F2_C96_3_EB0000_0_0_0.png,mozi.png,23.5E,(3) 23.5E KU-band Astra 3B/3C,Missing
Mozy +,1_0_1_4EFD_CA5_3_EB0000_0_0_0.png,mozy.png,23.5E,(3) 23.5E KU-band Astra 3B/3C,Missing
NPO KLASSIEK,1_0_2_525B_C99_3_EB0000_0_0_0.png,npoklassiek.png,23.5E,(3) 23.5E KU-band Astra 3B/3C,Missing
Niš TV,1_0_1_4E2F_CA7_3_EB0000_0_0_0.png,nitv.png,23.5E,(3) 23.5E KU-band Astra 3B/3C,Missing
Nova Sport 6 HD,1_0_19_312_C94_3_EB0000_0_0_0.png,novasport6hd.png,23.5E,(3) 23.5E KU-band Astra 3B/3C,Missing
OTA CAM803,1_0_C_3390_C93_3_EB0000_0_0_0.png,otacam803.png,23.5E,(3) 23.5E KU-band Astra 3B/3C,Missing
OTA SMIT HW6,1_0_C_3750_C8E_3_EB0000_0_0_0.png,otasmithw6.png,23.5E,(3) 23.5E KU-band Astra 3B/3C,Missing
OTA SMIT HW8,1_0_C_3751_C8E_3_EB0000_0_0_0.png,otasmithw8.png,23.5E,(3) 23.5E KU-band Astra 3B/3C,Missing
PROSTOR,1_0_2_134B_CA2_3_EB0000_0_0_0.png,prostor.png,23.5E,(3) 23.5E KU-band Astra 3B/3C,Missing
Patria,1_0_2_134A_CA2_3_EB0000_0_0_0.png,patria.png,23.5E,(3) 23.5E KU-band Astra 3B/3C,Missing
PatriaFM,1_0_2_1342_CA2_3_EB0000_0_0_0.png,patriafm.png,23.5E,(3) 23.5E KU-band Astra 3B/3C,Missing
PatriaRD,1_0_2_1343_CA2_3_EB0000_0_0_0.png,patriard.png,23.5E,(3) 23.5E KU-band Astra 3B/3C,Missing
Pink Crime & Mystery,1_0_1_4E50_CA7_3_EB0000_0_0_0.png,pinkcrimemystery.png,23.5E,(3) 23.5E KU-band Astra 3B/3C,Missing
Pink Crime&Mistery,1_0_1_4E50_C9C_3_EB0000_0_0_0.png,pinkcrimemistery.png,23.5E,(3) 23.5E KU-band Astra 3B/3C,Missing
Pink Sci-Fi & Fantasy,1_0_1_4E55_CA7_3_EB0000_0_0_0.png,pinkscififantasy.png,23.5E,(3) 23.5E KU-band Astra 3B/3C,Missing
Pink&Roll,1_0_1_4EB9_CA4_3_EB0000_0_0_0.png,pinkroll.png,23.5E,(3) 23.5E KU-band Astra 3B/3C,Missing
Play radio,1_0_2_5173_C8B_3_EB0000_0_0_0.png,playradio.png,23.5E,(3) 23.5E KU-band Astra 3B/3C,Missing
Prima KRIMI SK HD,1_0_19_308_C94_3_EB0000_0_0_0.png,primakrimiskhd.png,23.5E,(3) 23.5E KU-band Astra 3B/3C,Missing
Prima Krimi HD,1_0_19_36EC_C8C_3_EB0000_0_0_0.png,primakrimihd.png,23.5E,(3) 23.5E KU-band Astra 3B/3C,Missing
Pyramida,1_0_2_133F_CA2_3_EB0000_0_0_0.png,pyramida.png,23.5E,(3) 23.5E KU-band Astra 3B/3C,Missing
RDS SAT,1_0_C_1338_CA2_3_EB0000_0_0_0.png,rdssat.png,23.5E,(3) 23.5E KU-band Astra 3B/3C,Missing
ROCK,1_0_2_1349_CA2_3_EB0000_0_0_0.png,rock.png,23.5E,(3) 23.5E KU-band Astra 3B/3C,Missing
RTL KETTŐ,1_0_1_4EF8_C8B_3_EB0000_0_0_0.png,rtlkett.png,23.5E,(3) 23.5E KU-band Astra 3B/3C,Missing
RTL Radio Letzebuerg,1_0_2_147D_C98_3_EB0000_0_0_0.png,rtlradioletzebuerg.png,23.5E,(3) 23.5E KU-band Astra 3B/3C,Missing
RTS Život,1_0_1_4E7A_C8B_3_EB0000_0_0_0.png,rtsivot.png,23.5E,(3) 23.5E KU-band Astra 3B/3C,Missing
RTVS 24 HD,1_0_19_3C3E_C90_3_EB0000_0_0_0.png,rtvs24hd.png,23.5E,(3) 23.5E KU-band Astra 3B/3C,Missing
Radio 10,1_0_2_525D_C99_3_EB0000_0_0_0.png,radio10.png,23.5E,(3) 23.5E KU-band Astra 3B/3C,Missing
Radio 100.7 Letzebuerg,1_0_2_147E_C98_3_EB0000_0_0_0.png,radio1007letzebuerg.png,23.5E,(3) 23.5E KU-band Astra 3B/3C,Missing
Radio 538,1_0_2_5260_C99_3_EB0000_0_0_0.png,radio538.png,23.5E,(3) 23.5E KU-band Astra 3B/3C,Missing
Radio Beograd 1,1_0_2_5154_C8B_3_EB0000_0_0_0.png,radiobeograd1.png,23.5E,(3) 23.5E KU-band Astra 3B/3C,Missing
Radio Beograd 2,1_0_2_5155_C8B_3_EB0000_0_0_0.png,radiobeograd2.png,23.5E,(3) 23.5E KU-band Astra 3B/3C,Missing
Radio Culture,1_0_2_1E22_C9E_3_EB0000_0_0_0.png,radioculture.png,23.5E,(3) 23.5E KU-band Astra 3B/3C,Missing
Radio Gelderland,1_0_2_525E_C99_3_EB0000_0_0_0.png,radiogelderland.png,23.5E,(3) 23.5E KU-band Astra 3B/3C,Missing
Radio Lumen,1_0_2_1348_CA2_3_EB0000_0_0_0.png,radiolumen.png,23.5E,(3) 23.5E KU-band Astra 3B/3C,Missing
Radio Nacional,1_0_2_17D9_C91_3_EB0000_0_0_0.png,radionacional.png,23.5E,(3) 23.5E KU-band Astra 3B/3C,Missing
Radio Oost,1_0_2_525F_C99_3_EB0000_0_0_0.png,radiooost.png,23.5E,(3) 23.5E KU-band Astra 3B/3C,Missing
Radio Promin,1_0_2_1E20_C9E_3_EB0000_0_0_0.png,radiopromin.png,23.5E,(3) 23.5E KU-band Astra 3B/3C,Missing
Radio Veronica,1_0_2_17F2_C82_3_EB0000_0_0_0.png,radioveronica.png,23.5E,(3) 23.5E KU-band Astra 3B/3C,Missing
Radio Veronica De Beste 80s,1_0_2_1831_C82_3_EB0000_0_0_0.png,radioveronicadebeste80s.png,23.5E,(3) 23.5E KU-band Astra 3B/3C,Missing
RadioTochka,1_0_2_1E24_C9E_3_EB0000_0_0_0.png,radiotochka.png,23.5E,(3) 23.5E KU-band Astra 3B/3C,Missing
Radio_FM,1_0_2_133E_CA2_3_EB0000_0_0_0.png,radiofm.png,23.5E,(3) 23.5E KU-band Astra 3B/3C,Missing
ReginaBA,1_0_2_133A_CA2_3_EB0000_0_0_0.png,reginaba.png,23.5E,(3) 23.5E KU-band Astra 3B/3C,Missing
ReginaBB,1_0_2_133B_CA2_3_EB0000_0_0_0.png,reginabb.png,23.5E,(3) 23.5E KU-band Astra 3B/3C,Missing
ReginaKE,1_0_2_133C_CA2_3_EB0000_0_0_0.png,reginake.png,23.5E,(3) 23.5E KU-band Astra 3B/3C,Missing
SLAM!,1_0_2_5262_C99_3_EB0000_0_0_0.png,slam.png,23.5E,(3) 23.5E KU-band Astra 3B/3C,Missing
STORY4 HD,1_0_19_3CF8_C95_3_EB0000_0_0_0.png,story4hd.png,23.5E,(3) 23.5E KU-band Astra 3B/3C,Missing
Sky Radio,1_0_2_52EB_C96_3_EB0000_0_0_0.png,skyradio.png,23.5E,(3) 23.5E KU-band Astra 3B/3C,Missing
Slovakia,1_0_2_1344_CA2_3_EB0000_0_0_0.png,slovakia.png,23.5E,(3) 23.5E KU-band Astra 3B/3C,Missing
Slovensko,1_0_2_1339_CA2_3_EB0000_0_0_0.png,slovensko.png,23.5E,(3) 23.5E KU-band Astra 3B/3C,Missing
Sorozat +,1_0_1_4F0B_CA5_3_EB0000_0_0_0.png,sorozat.png,23.5E,(3) 23.5E KU-band Astra 3B/3C,Missing
Sorozat+,1_0_16_52A1_C99_3_EB0000_0_0_0.png,sorozat.png,23.5E,(3) 23.5E KU-band Astra 3B/3C,Missing
Spektrum HD,1_0_19_310_C94_3_EB0000_0_0_0.png,spektrumhd.png,23.5E,(3) 23.5E KU-band Astra 3B/3C,Missing
Stingray Classica HD,1_0_19_1434_CA2_3_EB0000_0_0_0.png,stingrayclassicahd.png,23.5E,(3) 23.5E KU-band Astra 3B/3C,Missing
Stingray Classica HD,1_0_19_17D5_C91_3_EB0000_0_0_0.png,stingrayclassicahd.png,23.5E,(3) 23.5E KU-band Astra 3B/3C,Missing
Tysa FM,1_0_2_1E28_C9E_3_EB0000_0_0_0.png,tysafm.png,23.5E,(3) 23.5E KU-band Astra 3B/3C,Missing
Ukrayinske Radio,1_0_2_1E1E_C9E_3_EB0000_0_0_0.png,ukrayinskeradio.png,23.5E,(3) 23.5E KU-band Astra 3B/3C,Missing
VLNA SS,1_0_2_1428_CA2_3_EB0000_0_0_0.png,vlnass.png,23.5E,(3) 23.5E KU-band Astra 3B/3C,Missing
VLNA VS,1_0_2_1429_CA2_3_EB0000_0_0_0.png,vlnavs.png,23.5E,(3) 23.5E KU-band Astra 3B/3C,Missing
VLNA ZS,1_0_2_1427_CA2_3_EB0000_0_0_0.png,vlnazs.png,23.5E,(3) 23.5E KU-band Astra 3B/3C,Missing
Vixen HD,1_0_19_316_C94_3_EB0000_0_0_0.png,vixenhd.png,23.5E,(3) 23.5E KU-band Astra 3B/3C,Missing
Vixen HD,1_0_19_17E2_C82_3_EB0000_0_0_0.png,vixenhd.png,23.5E,(3) 23.5E KU-band Astra 3B/3C,Missing
Voice,1_0_2_1E26_C9E_3_EB0000_0_0_0.png,voice.png,23.5E,(3) 23.5E KU-band Astra 3B/3C,Missing
radio nv,1_0_2_1E2C_C9E_3_EB0000_0_0_0.png,radionv.png,23.5E,(3) 23.5E KU-band Astra 3B/3C,Missing
2M NATIONAL HD,1_0_1_2_1_1_FF0000_0_0_0.png,2mnationalhd.png,25.5E,(4) 25.5E KU-band Es'hail 1,Missing
Info Trafic,1_0_2_1_4_0_FF0000_0_0_0.png,infotrafic.png,25.5E,(4) 25.5E KU-band Es'hail 1,Missing
Radio Laayoune,1_0_2_2_1000_2000_FF0000_0_0_0.png,radiolaayoune.png,25.5E,(4) 25.5E KU-band Es'hail 1,Missing
Radio sud,1_0_2_2_4_0_FF0000_0_0_0.png,radiosud.png,25.5E,(4) 25.5E KU-band Es'hail 1,Missing
Str Agadir,1_0_2_32_4_0_FF0000_0_0_0.png,stragadir.png,25.5E,(4) 25.5E KU-band Es'hail 1,Missing
Str Alhouceima,1_0_2_23C_4_0_FF0000_0_0_0.png,stralhouceima.png,25.5E,(4) 25.5E KU-band Es'hail 1,Missing
Str Casa,1_0_2_36_4_0_FF0000_0_0_0.png,strcasa.png,25.5E,(4) 25.5E KU-band Es'hail 1,Missing
Str Dakhla,1_0_2_5B_4_0_FF0000_0_0_0.png,strdakhla.png,25.5E,(4) 25.5E KU-band Es'hail 1,Missing
Str Fes,1_0_2_1E_4_0_FF0000_0_0_0.png,strfes.png,25.5E,(4) 25.5E KU-band Es'hail 1,Missing
Str Laayoune,1_0_2_5A_4_0_FF0000_0_0_0.png,strlaayoune.png,25.5E,(4) 25.5E KU-band Es'hail 1,Missing
Str Marrakech,1_0_2_28_4_0_FF0000_0_0_0.png,strmarrakech.png,25.5E,(4) 25.5E KU-band Es'hail 1,Missing
Str Meknes,1_0_2_50_4_0_FF0000_0_0_0.png,strmeknes.png,25.5E,(4) 25.5E KU-band Es'hail 1,Missing
Str Oujda,1_0_2_35_4_0_FF0000_0_0_0.png,stroujda.png,25.5E,(4) 25.5E KU-band Es'hail 1,Missing
Str tanger,1_0_2_14_4_0_FF0000_0_0_0.png,strtanger.png,25.5E,(4) 25.5E KU-band Es'hail 1,Missing
Str tetouan,1_0_2_46_4_0_FF0000_0_0_0.png,strtetouan.png,25.5E,(4) 25.5E KU-band Es'hail 1,Missing
chaine Med VI,1_0_2_29_4_0_FF0000_0_0_0.png,chainemedvi.png,25.5E,(4) 25.5E KU-band Es'hail 1,Missing
chaine amazigh,1_0_2_1F_4_0_FF0000_0_0_0.png,chaineamazigh.png,25.5E,(4) 25.5E KU-band Es'hail 1,Missing
chaine nationale,1_0_2_B_4_0_FF0000_0_0_0.png,chainenationale.png,25.5E,(4) 25.5E KU-band Es'hail 1,Missing
10810H SID 0xfffe,1_0_C_FFFE_1F68_E0_1040000_0_0_0.png,10810hsid0xfffe.png,26.0E,(5) 26.0E KU-band Badr 5 / Badr 7/8 & Es'hail 2,Missing
10810V SID 0xfffe,1_0_C_FFFE_1F7C_E0_1040000_0_0_0.png,10810vsid0xfffe.png,26.0E,(5) 26.0E KU-band Badr 5 / Badr 7/8 & Es'hail 2,Missing
10850V SID 0xfffe,1_0_C_FFFE_1F90_E0_1040000_0_0_0.png,10850vsid0xfffe.png,26.0E,(5) 26.0E KU-band Badr 5 / Badr 7/8 & Es'hail 2,Missing
10890H SID 0x270a,1_0_C_270A_FD2_E0_1040000_0_0_0.png,10890hsid0x270a.png,26.0E,(5) 26.0E KU-band Badr 5 / Badr 7/8 & Es'hail 2,Missing
11310H SID 0x2709,1_0_C_2709_FAA_E0_1040000_0_0_0.png,11310hsid0x2709.png,26.0E,(5) 26.0E KU-band Badr 5 / Badr 7/8 & Es'hail 2,Missing
11310H SID 0x270b,1_0_C_270B_FAA_E0_1040000_0_0_0.png,11310hsid0x270b.png,26.0E,(5) 26.0E KU-band Badr 5 / Badr 7/8 & Es'hail 2,Missing
11310H SID 0x270d,1_0_C_270D_FAA_E0_1040000_0_0_0.png,11310hsid0x270d.png,26.0E,(5) 26.0E KU-band Badr 5 / Badr 7/8 & Es'hail 2,Missing
11310H SID 0x270e,1_0_C_270E_FAA_E0_1040000_0_0_0.png,11310hsid0x270e.png,26.0E,(5) 26.0E KU-band Badr 5 / Badr 7/8 & Es'hail 2,Missing
11310H SID 0x270f,1_0_C_270F_FAA_E0_1040000_0_0_0.png,11310hsid0x270f.png,26.0E,(5) 26.0E KU-band Badr 5 / Badr 7/8 & Es'hail 2,Missing
11310H SID 0x272f,1_0_C_272F_FAA_E0_1040000_0_0_0.png,11310hsid0x272f.png,26.0E,(5) 26.0E KU-band Badr 5 / Badr 7/8 & Es'hail 2,Missing
11310H SID 0x2730,1_0_C_2730_FAA_E0_1040000_0_0_0.png,11310hsid0x2730.png,26.0E,(5) 26.0E KU-band Badr 5 / Badr 7/8 & Es'hail 2,Missing
11310H SID 0xfffe,1_0_C_FFFE_FAA_E0_1040000_0_0_0.png,11310hsid0xfffe.png,26.0E,(5) 26.0E KU-band Badr 5 / Badr 7/8 & Es'hail 2,Missing
11350V SID 0x2708,1_0_C_2708_FB4_E0_1040000_0_0_0.png,11350vsid0x2708.png,26.0E,(5) 26.0E KU-band Badr 5 / Badr 7/8 & Es'hail 2,Missing
11350V SID 0xfffe,1_0_C_FFFE_FB4_E0_1040000_0_0_0.png,11350vsid0xfffe.png,26.0E,(5) 26.0E KU-band Badr 5 / Badr 7/8 & Es'hail 2,Missing
11390V SID 0xfffe,1_0_C_FFFE_1F86_E0_1040000_0_0_0.png,11390vsid0xfffe.png,26.0E,(5) 26.0E KU-band Badr 5 / Badr 7/8 & Es'hail 2,Missing
11938V SID 0x67,1_0_FF_67_1F6_2BE_1040000_0_0_0.png,11938vsid0x67.png,26.0E,(5) 26.0E KU-band Badr 5 / Badr 7/8 & Es'hail 2,Missing
Abu Dhabi Adhan,1_0_A_16_1F7_2BE_1040000_0_0_0.png,abudhabiadhan.png,26.0E,(5) 26.0E KU-band Badr 5 / Badr 7/8 & Es'hail 2,Missing
Ajman Adhan,1_0_A_19_1F7_2BE_1040000_0_0_0.png,ajmanadhan.png,26.0E,(5) 26.0E KU-band Badr 5 / Badr 7/8 & Es'hail 2,Missing
Al Arabiya FM,1_0_2_37_1BC0_2BE_1040000_0_0_0.png,alarabiyafm.png,26.0E,(5) 26.0E KU-band Badr 5 / Badr 7/8 & Es'hail 2,Missing
Al Ula FM,1_0_2_35_1BC0_2BE_1040000_0_0_0.png,alulafm.png,26.0E,(5) 26.0E KU-band Badr 5 / Badr 7/8 & Es'hail 2,Missing
AlAin Adhan,1_0_A_17_1F7_2BE_1040000_0_0_0.png,alainadhan.png,26.0E,(5) 26.0E KU-band Badr 5 / Badr 7/8 & Es'hail 2,Missing
AlKawthar HD,1_0_1_193_12D_2BE_1040000_0_0_0.png,alkawtharhd.png,26.0E,(5) 26.0E KU-band Badr 5 / Badr 7/8 & Es'hail 2,Missing
Arab Classical 96.9 FM,1_0_2_E_202_2BE_1040000_0_0_0.png,arabclassical969fm.png,26.0E,(5) 26.0E KU-band Badr 5 / Badr 7/8 & Es'hail 2,Missing
Arabian Gulf 99.5 FM,1_0_2_F_202_2BE_1040000_0_0_0.png,arabiangulf995fm.png,26.0E,(5) 26.0E KU-band Badr 5 / Badr 7/8 & Es'hail 2,Missing
BBC Horn of Africa,1_0_2_2F_1FD_2BE_1040000_0_0_0.png,bbchornofafrica.png,26.0E,(5) 26.0E KU-band Badr 5 / Badr 7/8 & Es'hail 2,Missing
BBC World Service English Middle East,1_0_2_2E_1FD_2BE_1040000_0_0_0.png,bbcworldserviceenglishmiddleeast.png,26.0E,(5) 26.0E KU-band Badr 5 / Badr 7/8 & Es'hail 2,Missing
Bahrain FM 93.3 FM,1_0_2_C_202_2BE_1040000_0_0_0.png,bahrainfm933fm.png,26.0E,(5) 26.0E KU-band Badr 5 / Badr 7/8 & Es'hail 2,Missing
Bahrain Quran HD,1_0_1_6_202_2BE_1040000_0_0_0.png,bahrainquranhd.png,26.0E,(5) 26.0E KU-band Badr 5 / Badr 7/8 & Es'hail 2,Missing
Bahrain Radio Arabic 102.3 FM,1_0_2_B_202_2BE_1040000_0_0_0.png,bahrainradioarabic1023fm.png,26.0E,(5) 26.0E KU-band Badr 5 / Badr 7/8 & Es'hail 2,Missing
Bengali,1_0_2_A44_1A_2BE_1040000_0_0_0.png,bengali.png,26.0E,(5) 26.0E KU-band Badr 5 / Badr 7/8 & Es'hail 2,Missing
Chaine1,1_0_2_5021_802_E0_1040000_0_0_0.png,chaine1.png,26.0E,(5) 26.0E KU-band Badr 5 / Badr 7/8 & Es'hail 2,Missing
Chaine3,1_0_2_5023_802_E0_1040000_0_0_0.png,chaine3.png,26.0E,(5) 26.0E KU-band Badr 5 / Badr 7/8 & Es'hail 2,Missing
DJIBOUTI R2,1_0_2_72E_1FA_2BE_1040000_0_0_0.png,djiboutir2.png,26.0E,(5) 26.0E KU-band Badr 5 / Badr 7/8 & Es'hail 2,Missing
DJIBOUTI R3,1_0_2_72F_1FA_2BE_1040000_0_0_0.png,djiboutir3.png,26.0E,(5) 26.0E KU-band Badr 5 / Badr 7/8 & Es'hail 2,Missing
DUBAI SPORTS 2 HD,1_0_19_6_1FC_2BE_1040000_0_0_0.png,dubaisports2hd.png,26.0E,(5) 26.0E KU-band Badr 5 / Badr 7/8 & Es'hail 2,Missing
Dubai Adhan,1_0_A_1F_1F7_2BE_1040000_0_0_0.png,dubaiadhan.png,26.0E,(5) 26.0E KU-band Badr 5 / Badr 7/8 & Es'hail 2,Missing
Dubai Radio,1_0_2_D_1FC_2BE_1040000_0_0_0.png,dubairadio.png,26.0E,(5) 26.0E KU-band Badr 5 / Badr 7/8 & Es'hail 2,Missing
Dubai TV HD,1_0_19_1_1FC_2BE_1040000_0_0_0.png,dubaitvhd.png,26.0E,(5) 26.0E KU-band Badr 5 / Badr 7/8 & Es'hail 2,Missing
ERI R1,1_0_2_19A_1F6_2BE_1040000_0_0_0.png,erir1.png,26.0E,(5) 26.0E KU-band Badr 5 / Badr 7/8 & Es'hail 2,Missing
ERI R2,1_0_2_19B_1F6_2BE_1040000_0_0_0.png,erir2.png,26.0E,(5) 26.0E KU-band Badr 5 / Badr 7/8 & Es'hail 2,Missing
ERI R3,1_0_2_19C_1F6_2BE_1040000_0_0_0.png,erir3.png,26.0E,(5) 26.0E KU-band Badr 5 / Badr 7/8 & Es'hail 2,Missing
ERI R4,1_0_2_19D_1F6_2BE_1040000_0_0_0.png,erir4.png,26.0E,(5) 26.0E KU-band Badr 5 / Badr 7/8 & Es'hail 2,Missing
European Radio,1_0_2_A3F_1A_2BE_1040000_0_0_0.png,europeanradio.png,26.0E,(5) 26.0E KU-band Badr 5 / Badr 7/8 & Es'hail 2,Missing
French,1_0_2_A45_1A_2BE_1040000_0_0_0.png,french.png,26.0E,(5) 26.0E KU-band Badr 5 / Badr 7/8 & Es'hail 2,Missing
Fujairah Adhan,1_0_A_18_1F7_2BE_1040000_0_0_0.png,fujairahadhan.png,26.0E,(5) 26.0E KU-band Badr 5 / Badr 7/8 & Es'hail 2,Missing
Gayathi Adhan,1_0_A_1C_1F7_2BE_1040000_0_0_0.png,gayathiadhan.png,26.0E,(5) 26.0E KU-band Badr 5 / Badr 7/8 & Es'hail 2,Missing
Hola Qatar,1_0_2_1B_2_1_1040000_0_0_0.png,holaqatar.png,26.0E,(5) 26.0E KU-band Badr 5 / Badr 7/8 & Es'hail 2,Missing
Hola Qatar,1_0_2_1B_3_1_1040000_0_0_0.png,holaqatar.png,26.0E,(5) 26.0E KU-band Badr 5 / Badr 7/8 & Es'hail 2,Missing
Holy Quran 106.1 FM,1_0_2_11_202_2BE_1040000_0_0_0.png,holyquran1061fm.png,26.0E,(5) 26.0E KU-band Badr 5 / Badr 7/8 & Es'hail 2,Missing
Holy Quran Radio,1_0_2_A3C_1A_2BE_1040000_0_0_0.png,holyquranradio.png,26.0E,(5) 26.0E KU-band Badr 5 / Badr 7/8 & Es'hail 2,Missing
Houna alazm,1_0_2_A48_1A_2BE_1040000_0_0_0.png,hounaalazm.png,26.0E,(5) 26.0E KU-band Badr 5 / Badr 7/8 & Es'hail 2,Missing
Ifrikia Fm,1_0_2_5025_802_E0_1040000_0_0_0.png,ifrikiafm.png,26.0E,(5) 26.0E KU-band Badr 5 / Badr 7/8 & Es'hail 2,Missing
Jordan Radio Foreign,1_0_2_718_1FA_2BE_1040000_0_0_0.png,jordanradioforeign.png,26.0E,(5) 26.0E KU-band Badr 5 / Badr 7/8 & Es'hail 2,Missing
Jordan TV HD,1_0_19_70A_1FA_2BE_1040000_0_0_0.png,jordantvhd.png,26.0E,(5) 26.0E KU-band Badr 5 / Badr 7/8 & Es'hail 2,Missing
Khozama,1_0_2_A49_1A_2BE_1040000_0_0_0.png,khozama.png,26.0E,(5) 26.0E KU-band Badr 5 / Badr 7/8 & Es'hail 2,Missing
Kuwait Al-Thikr Al-Hakeem,1_0_2_14_7594_77E_1040000_0_0_0.png,kuwaitalthikralhakeem.png,26.0E,(5) 26.0E KU-band Badr 5 / Badr 7/8 & Es'hail 2,Missing
Kuwait Dana,1_0_2_13_7594_77E_1040000_0_0_0.png,kuwaitdana.png,26.0E,(5) 26.0E KU-band Badr 5 / Badr 7/8 & Es'hail 2,Missing
Kuwait Dar Al-Ethaa,1_0_2_12_7594_77E_1040000_0_0_0.png,kuwaitdaralethaa.png,26.0E,(5) 26.0E KU-band Badr 5 / Badr 7/8 & Es'hail 2,Missing
Kuwait Easy,1_0_2_E_7594_77E_1040000_0_0_0.png,kuwaiteasy.png,26.0E,(5) 26.0E KU-band Badr 5 / Badr 7/8 & Es'hail 2,Missing
Kuwait FM,1_0_2_F_7594_77E_1040000_0_0_0.png,kuwaitfm.png,26.0E,(5) 26.0E KU-band Badr 5 / Badr 7/8 & Es'hail 2,Missing
Kuwait Holy Quran,1_0_2_D_7594_77E_1040000_0_0_0.png,kuwaitholyquran.png,26.0E,(5) 26.0E KU-band Badr 5 / Badr 7/8 & Es'hail 2,Missing
Kuwait Main Program,1_0_2_B_7594_77E_1040000_0_0_0.png,kuwaitmainprogram.png,26.0E,(5) 26.0E KU-band Badr 5 / Badr 7/8 & Es'hail 2,Missing
Kuwait Old Arabic,1_0_2_11_7594_77E_1040000_0_0_0.png,kuwaitoldarabic.png,26.0E,(5) 26.0E KU-band Badr 5 / Badr 7/8 & Es'hail 2,Missing
Kuwait Second Program,1_0_2_C_7594_77E_1040000_0_0_0.png,kuwaitsecondprogram.png,26.0E,(5) 26.0E KU-band Badr 5 / Badr 7/8 & Es'hail 2,Missing
Liwa Adhan,1_0_A_1D_1F7_2BE_1040000_0_0_0.png,liwaadhan.png,26.0E,(5) 26.0E KU-band Badr 5 / Badr 7/8 & Es'hail 2,Missing
Loud FM,1_0_2_3C_1BC0_2BE_1040000_0_0_0.png,loudfm.png,26.0E,(5) 26.0E KU-band Badr 5 / Badr 7/8 & Es'hail 2,Missing
MBC 1 SD,1_0_1_A_1BC0_2BE_1040000_0_0_0.png,mbc1sd.png,26.0E,(5) 26.0E KU-band Badr 5 / Badr 7/8 & Es'hail 2,Missing
MBC FM,1_0_2_34_1BC0_2BE_1040000_0_0_0.png,mbcfm.png,26.0E,(5) 26.0E KU-band Badr 5 / Badr 7/8 & Es'hail 2,Missing
MBC+ Variety HD,1_0_19_134_17F8_2BE_1040000_0_0_0.png,mbcvarietyhd.png,26.0E,(5) 26.0E KU-band Badr 5 / Badr 7/8 & Es'hail 2,Missing
MBCFM SPLIT1,1_0_2_50_1BC0_2BE_1040000_0_0_0.png,mbcfmsplit1.png,26.0E,(5) 26.0E KU-band Badr 5 / Badr 7/8 & Es'hail 2,Missing
MBCFM SPLIT2,1_0_2_51_1BC0_2BE_1040000_0_0_0.png,mbcfmsplit2.png,26.0E,(5) 26.0E KU-band Badr 5 / Badr 7/8 & Es'hail 2,Missing
Mowajahat,1_0_2_A43_1A_2BE_1040000_0_0_0.png,mowajahat.png,26.0E,(5) 26.0E KU-band Badr 5 / Badr 7/8 & Es'hail 2,Missing
Noor Dubai Radio,1_0_2_B_1FC_2BE_1040000_0_0_0.png,noordubairadio.png,26.0E,(5) 26.0E KU-band Badr 5 / Badr 7/8 & Es'hail 2,Missing
OTA,1_0_C_1A04_1BC0_2BE_1040000_0_0_0.png,ota.png,26.0E,(5) 26.0E KU-band Badr 5 / Badr 7/8 & Es'hail 2,Missing
OTA1,1_0_C_1A06_1BC0_2BE_1040000_0_0_0.png,ota1.png,26.0E,(5) 26.0E KU-band Badr 5 / Badr 7/8 & Es'hail 2,Missing
OTA2,1_0_C_1A05_1BC0_2BE_1040000_0_0_0.png,ota2.png,26.0E,(5) 26.0E KU-band Badr 5 / Badr 7/8 & Es'hail 2,Missing
Panorama FM,1_0_2_36_1BC0_2BE_1040000_0_0_0.png,panoramafm.png,26.0E,(5) 26.0E KU-band Badr 5 / Badr 7/8 & Es'hail 2,Missing
Pishto,1_0_2_A46_1A_2BE_1040000_0_0_0.png,pishto.png,26.0E,(5) 26.0E KU-band Badr 5 / Badr 7/8 & Es'hail 2,Missing
Qatar Oryx Radio,1_0_2_17_2_1_1040000_0_0_0.png,qataroryxradio.png,26.0E,(5) 26.0E KU-band Badr 5 / Badr 7/8 & Es'hail 2,Missing
Qatar Oryx Radio,1_0_2_17_3_1_1040000_0_0_0.png,qataroryxradio.png,26.0E,(5) 26.0E KU-band Badr 5 / Badr 7/8 & Es'hail 2,Missing
Qatar QBS Radio,1_0_2_18_2_1_1040000_0_0_0.png,qatarqbsradio.png,26.0E,(5) 26.0E KU-band Badr 5 / Badr 7/8 & Es'hail 2,Missing
Qatar QBS Radio,1_0_2_18_3_1_1040000_0_0_0.png,qatarqbsradio.png,26.0E,(5) 26.0E KU-band Badr 5 / Badr 7/8 & Es'hail 2,Missing
Qatar R Quran,1_0_2_16_2_1_1040000_0_0_0.png,qatarrquran.png,26.0E,(5) 26.0E KU-band Badr 5 / Badr 7/8 & Es'hail 2,Missing
Qatar R Quran,1_0_2_16_3_1_1040000_0_0_0.png,qatarrquran.png,26.0E,(5) 26.0E KU-band Badr 5 / Badr 7/8 & Es'hail 2,Missing
Qatar R Quran 2,1_0_2_1A_2_1_1040000_0_0_0.png,qatarrquran2.png,26.0E,(5) 26.0E KU-band Badr 5 / Badr 7/8 & Es'hail 2,Missing
Qatar R Quran 2,1_0_2_1A_3_1_1040000_0_0_0.png,qatarrquran2.png,26.0E,(5) 26.0E KU-band Badr 5 / Badr 7/8 & Es'hail 2,Missing
Qatar Urdu,1_0_2_19_3_1_1040000_0_0_0.png,qatarurdu.png,26.0E,(5) 26.0E KU-band Badr 5 / Badr 7/8 & Es'hail 2,Missing
RAK Adhan,1_0_A_1B_1F7_2BE_1040000_0_0_0.png,rakadhan.png,26.0E,(5) 26.0E KU-band Badr 5 / Badr 7/8 & Es'hail 2,Missing
RFI Francais,1_0_2_14_1FD_2BE_1040000_0_0_0.png,rfifrancais.png,26.0E,(5) 26.0E KU-band Badr 5 / Badr 7/8 & Es'hail 2,Missing
RMC Doualia,1_0_2_33_1FD_2BE_1040000_0_0_0.png,rmcdoualia.png,26.0E,(5) 26.0E KU-band Badr 5 / Badr 7/8 & Es'hail 2,Missing
Radio Bahrain English 96.5 FM,1_0_2_D_202_2BE_1040000_0_0_0.png,radiobahrainenglish965fm.png,26.0E,(5) 26.0E KU-band Badr 5 / Badr 7/8 & Es'hail 2,Missing
Radio Coran,1_0_2_5024_802_E0_1040000_0_0_0.png,radiocoran.png,26.0E,(5) 26.0E KU-band Badr 5 / Badr 7/8 & Es'hail 2,Missing
Radio Internationale,1_0_2_5022_802_E0_1040000_0_0_0.png,radiointernationale.png,26.0E,(5) 26.0E KU-band Badr 5 / Badr 7/8 & Es'hail 2,Missing
Riyadh FM Split,1_0_2_38_1BC0_2BE_1040000_0_0_0.png,riyadhfmsplit.png,26.0E,(5) 26.0E KU-band Badr 5 / Badr 7/8 & Es'hail 2,Missing
Saudi Radio 1,1_0_2_A3D_1A_2BE_1040000_0_0_0.png,saudiradio1.png,26.0E,(5) 26.0E KU-band Badr 5 / Badr 7/8 & Es'hail 2,Missing
Saudi Radio 2,1_0_2_A3E_1A_2BE_1040000_0_0_0.png,saudiradio2.png,26.0E,(5) 26.0E KU-band Badr 5 / Badr 7/8 & Es'hail 2,Missing
Sharjah Adhan,1_0_A_20_1F7_2BE_1040000_0_0_0.png,sharjahadhan.png,26.0E,(5) 26.0E KU-band Badr 5 / Badr 7/8 & Es'hail 2,Missing
Sila Adhan,1_0_A_1E_1F7_2BE_1040000_0_0_0.png,silaadhan.png,26.0E,(5) 26.0E KU-band Badr 5 / Badr 7/8 & Es'hail 2,Missing
Sout Al Islam,1_0_2_50E0_816_E0_1040000_0_0_0.png,soutalislam.png,26.0E,(5) 26.0E KU-band Badr 5 / Badr 7/8 & Es'hail 2,Missing
Sout Al Rayyan,1_0_2_50DF_816_E0_1040000_0_0_0.png,soutalrayyan.png,26.0E,(5) 26.0E KU-band Badr 5 / Badr 7/8 & Es'hail 2,Missing
Sout Alkhaleej 2,1_0_2_A_2_1_1040000_0_0_0.png,soutalkhaleej2.png,26.0E,(5) 26.0E KU-band Badr 5 / Badr 7/8 & Es'hail 2,Missing
Sout Alkhaleej 2,1_0_2_A_3_1_1040000_0_0_0.png,soutalkhaleej2.png,26.0E,(5) 26.0E KU-band Badr 5 / Badr 7/8 & Es'hail 2,Missing
Sout Alkhaleej 3,1_0_2_B_2_1_1040000_0_0_0.png,soutalkhaleej3.png,26.0E,(5) 26.0E KU-band Badr 5 / Badr 7/8 & Es'hail 2,Missing
Sout Alkhaleej 3,1_0_2_B_3_1_1040000_0_0_0.png,soutalkhaleej3.png,26.0E,(5) 26.0E KU-band Badr 5 / Badr 7/8 & Es'hail 2,Missing
Sout Alkhaleej 4,1_0_2_C_2_1_1040000_0_0_0.png,soutalkhaleej4.png,26.0E,(5) 26.0E KU-band Badr 5 / Badr 7/8 & Es'hail 2,Missing
Sout Alkhaleej 4,1_0_2_C_3_1_1040000_0_0_0.png,soutalkhaleej4.png,26.0E,(5) 26.0E KU-band Badr 5 / Badr 7/8 & Es'hail 2,Missing
Sout Alkhaleej Europe,1_0_2_D_2_1_1040000_0_0_0.png,soutalkhaleejeurope.png,26.0E,(5) 26.0E KU-band Badr 5 / Badr 7/8 & Es'hail 2,Missing
Sout Alkhaleej Europe,1_0_2_D_3_1_1040000_0_0_0.png,soutalkhaleejeurope.png,26.0E,(5) 26.0E KU-band Badr 5 / Badr 7/8 & Es'hail 2,Missing
Traditional Music 95.0 FM,1_0_2_12_202_2BE_1040000_0_0_0.png,traditionalmusic950fm.png,26.0E,(5) 26.0E KU-band Badr 5 / Badr 7/8 & Es'hail 2,Missing
UAQ Adhan,1_0_A_1A_1F7_2BE_1040000_0_0_0.png,uaqadhan.png,26.0E,(5) 26.0E KU-band Badr 5 / Badr 7/8 & Es'hail 2,Missing
AES TV TEST,1_0_1_D_64_6F_1050000_0_0_0.png,aestvtest.png,26.1E,(101) 26.0E C-band Badr 5 / Badr 7/8 & Es'hail 2,Missing
ANFANI,1_0_1_C_64_6F_1050000_0_0_0.png,anfani.png,26.1E,(101) 26.0E C-band Badr 5 / Badr 7/8 & Es'hail 2,Missing
BONFEREY,1_0_1_A_64_6F_1050000_0_0_0.png,bonferey.png,26.1E,(101) 26.0E C-band Badr 5 / Badr 7/8 & Es'hail 2,Missing
CANAL3 MONDE,1_0_1_8_64_6F_1050000_0_0_0.png,canal3monde.png,26.1E,(101) 26.0E C-band Badr 5 / Badr 7/8 & Es'hail 2,Missing
CANAL3 NIGER,1_0_1_7_64_6F_1050000_0_0_0.png,canal3niger.png,26.1E,(101) 26.0E C-band Badr 5 / Badr 7/8 & Es'hail 2,Missing
Commercial TV16,1_0_1_10_64_6F_1050000_0_0_0.png,commercialtv16.png,26.1E,(101) 26.0E C-band Badr 5 / Badr 7/8 & Es'hail 2,Missing
Commercial TV18,1_0_1_12_64_6F_1050000_0_0_0.png,commercialtv18.png,26.1E,(101) 26.0E C-band Badr 5 / Badr 7/8 & Es'hail 2,Missing
Commercial TV19,1_0_1_13_64_6F_1050000_0_0_0.png,commercialtv19.png,26.1E,(101) 26.0E C-band Badr 5 / Badr 7/8 & Es'hail 2,Missing
Commercial TV20,1_0_1_14_64_6F_1050000_0_0_0.png,commercialtv20.png,26.1E,(101) 26.0E C-band Badr 5 / Badr 7/8 & Es'hail 2,Missing
DOUNIA,1_0_1_6_64_6F_1050000_0_0_0.png,dounia.png,26.1E,(101) 26.0E C-band Badr 5 / Badr 7/8 & Es'hail 2,Missing
ESPERANCE,1_0_1_3_64_6F_1050000_0_0_0.png,esperance.png,26.1E,(101) 26.0E C-band Badr 5 / Badr 7/8 & Es'hail 2,Missing
FIDELITE,1_0_1_F_64_6F_1050000_0_0_0.png,fidelite.png,26.1E,(101) 26.0E C-band Badr 5 / Badr 7/8 & Es'hail 2,Missing
LABARI,1_0_1_E_64_6F_1050000_0_0_0.png,labari.png,26.1E,(101) 26.0E C-band Badr 5 / Badr 7/8 & Es'hail 2,Missing
LIPTAKO,1_0_1_4_64_6F_1050000_0_0_0.png,liptako.png,26.1E,(101) 26.0E C-band Badr 5 / Badr 7/8 & Es'hail 2,Missing
NIGER 24,1_0_1_11_64_6F_1050000_0_0_0.png,niger24.png,26.1E,(101) 26.0E C-band Badr 5 / Badr 7/8 & Es'hail 2,Missing
Nat Radio,1_0_2_15_64_6F_1050000_0_0_0.png,natradio.png,26.1E,(101) 26.0E C-band Badr 5 / Badr 7/8 & Es'hail 2,Missing
Radio TÂenÂerÂe,1_0_2_19_64_6F_1050000_0_0_0.png,radiotenere.png,26.1E,(101) 26.0E C-band Badr 5 / Badr 7/8 & Es'hail 2,Missing
SARAOUNIA,1_0_1_9_64_6F_1050000_0_0_0.png,saraounia.png,26.1E,(101) 26.0E C-band Badr 5 / Badr 7/8 & Es'hail 2,Missing
TAMBARA,1_0_1_B_64_6F_1050000_0_0_0.png,tambara.png,26.1E,(101) 26.0E C-band Badr 5 / Badr 7/8 & Es'hail 2,Missing
TENERE,1_0_1_5_64_6F_1050000_0_0_0.png,tenere.png,26.1E,(101) 26.0E C-band Badr 5 / Badr 7/8 & Es'hail 2,Missing
1051,1_0_3_41B_7D4_2_11B0000_0_0_0.png,1051.png,28.3E,(6) 28.3E KU-band Astra 2E/2F/2G,Missing
5 HD,1_0_19_83C_83D_2_11B0000_0_0_0.png,5hd.png,28.3E,(6) 28.3E KU-band Astra 2E/2F/2G,Missing
5+1,1_0_1_83B_83D_2_11B0000_0_0_0.png,51.png,28.3E,(6) 28.3E KU-band Astra 2E/2F/2G,Missing
5STAR+1,1_0_1_83A_83D_2_11B0000_0_0_0.png,5star1.png,28.3E,(6) 28.3E KU-band Astra 2E/2F/2G,Missing
5USA+1,1_0_1_837_83D_2_11B0000_0_0_0.png,5usa1.png,28.3E,(6) 28.3E KU-band Astra 2E/2F/2G,Missing
Animal Plnt+1,1_0_1_CCB5_7E1_2_11B0000_0_0_0.png,animalplnt1.png,28.3E,(6) 28.3E KU-band Astra 2E/2F/2G,Missing
BBC ALBA HD,1_0_19_22DE_80D_2_11B0000_0_0_0.png,bbcalbahd.png,28.3E,(6) 28.3E KU-band Astra 2E/2F/2G,Missing
BBC ALBA HD,1_0_19_22DF_80D_2_11B0000_0_0_0.png,bbcalbahd.png,28.3E,(6) 28.3E KU-band Astra 2E/2F/2G,Missing
BBC Asian Net,1_0_2_2306_80D_2_11B0000_0_0_0.png,bbcasiannet.png,28.3E,(6) 28.3E KU-band Astra 2E/2F/2G,Missing
BBC NDRA,1_0_3_2954_90B_3B_11B0000_0_0_0.png,bbcndra.png,28.3E,(6) 28.3E KU-band Astra 2E/2F/2G,Missing
BBC NEWS HD,1_0_19_22D9_80D_2_11B0000_0_0_0.png,bbcnewshd.png,28.3E,(6) 28.3E KU-band Astra 2E/2F/2G,Missing
BBC One CI HD,1_0_19_2846_7FE_2_11B0000_0_0_0.png,bbconecihd.png,28.3E,(6) 28.3E KU-band Astra 2E/2F/2G,Missing
BBC One EMidHD,1_0_19_2886_800_2_11B0000_0_0_0.png,bbconeemidhd.png,28.3E,(6) 28.3E KU-band Astra 2E/2F/2G,Missing
BBC One Lon HD,1_0_19_287B_800_2_11B0000_0_0_0.png,bbconelonhd.png,28.3E,(6) 28.3E KU-band Astra 2E/2F/2G,Missing
BBC One NI HD,1_0_19_1B1F_802_2_11B0000_0_0_0.png,bbconenihd.png,28.3E,(6) 28.3E KU-band Astra 2E/2F/2G,Missing
BBC One NI HD,1_0_19_1B33_802_2_11B0000_0_0_0.png,bbconenihd.png,28.3E,(6) 28.3E KU-band Astra 2E/2F/2G,Missing
BBC One ScotHD,1_0_19_22C5_80D_2_11B0000_0_0_0.png,bbconescothd.png,28.3E,(6) 28.3E KU-band Astra 2E/2F/2G,Missing
BBC One Y&L HD,1_0_19_1AFF_802_2_11B0000_0_0_0.png,bbconeylhd.png,28.3E,(6) 28.3E KU-band Astra 2E/2F/2G,Missing
BBC R Cymru,1_0_2_285C_7FE_2_11B0000_0_0_0.png,bbcrcymru.png,28.3E,(6) 28.3E KU-band Astra 2E/2F/2G,Missing
BBC R Cymru 2,1_0_2_18EF_7FD_2_11B0000_0_0_0.png,bbcrcymru2.png,28.3E,(6) 28.3E KU-band Astra 2E/2F/2G,Missing
BBC R Foyle,1_0_2_2880_800_2_11B0000_0_0_0.png,bbcrfoyle.png,28.3E,(6) 28.3E KU-band Astra 2E/2F/2G,Missing
BBC R London,1_0_2_18F5_7FD_2_11B0000_0_0_0.png,bbcrlondon.png,28.3E,(6) 28.3E KU-band Astra 2E/2F/2G,Missing
BBC R Scot,1_0_2_1B49_802_2_11B0000_0_0_0.png,bbcrscot.png,28.3E,(6) 28.3E KU-band Astra 2E/2F/2G,Missing
BBC R Ulster,1_0_2_287F_800_2_11B0000_0_0_0.png,bbcrulster.png,28.3E,(6) 28.3E KU-band Astra 2E/2F/2G,Missing
BBC R Wales,1_0_2_1B4B_802_2_11B0000_0_0_0.png,bbcrwales.png,28.3E,(6) 28.3E KU-band Astra 2E/2F/2G,Missing
BBC R1,1_0_2_2301_80D_2_11B0000_0_0_0.png,bbcr1.png,28.3E,(6) 28.3E KU-band Astra 2E/2F/2G,Missing
BBC R1X,1_0_2_18C4_7FD_2_11B0000_0_0_0.png,bbcr1x.png,28.3E,(6) 28.3E KU-band Astra 2E/2F/2G,Missing
BBC R2,1_0_2_2302_80D_2_11B0000_0_0_0.png,bbcr2.png,28.3E,(6) 28.3E KU-band Astra 2E/2F/2G,Missing
BBC R3,1_0_2_2303_80D_2_11B0000_0_0_0.png,bbcr3.png,28.3E,(6) 28.3E KU-band Astra 2E/2F/2G,Missing
BBC R4,1_0_2_2304_80D_2_11B0000_0_0_0.png,bbcr4.png,28.3E,(6) 28.3E KU-band Astra 2E/2F/2G,Missing
BBC R4 Extra,1_0_2_2863_7FE_2_11B0000_0_0_0.png,bbcr4extra.png,28.3E,(6) 28.3E KU-band Astra 2E/2F/2G,Missing
BBC R5L,1_0_2_2305_80D_2_11B0000_0_0_0.png,bbcr5l.png,28.3E,(6) 28.3E KU-band Astra 2E/2F/2G,Missing
BBC R5SX,1_0_2_18C3_7FD_2_11B0000_0_0_0.png,bbcr5sx.png,28.3E,(6) 28.3E KU-band Astra 2E/2F/2G,Missing
BBC R6 Music,1_0_2_2860_7FE_2_11B0000_0_0_0.png,bbcr6music.png,28.3E,(6) 28.3E KU-band Astra 2E/2F/2G,Missing
BBC RB 1 HD,1_0_19_2859_7FE_2_11B0000_0_0_0.png,bbcrb1hd.png,28.3E,(6) 28.3E KU-band Astra 2E/2F/2G,Missing
BBC RnGàid,1_0_2_1B4A_802_2_11B0000_0_0_0.png,bbcrngid.png,28.3E,(6) 28.3E KU-band Astra 2E/2F/2G,Missing
BBC Two NI HD,1_0_19_18A8_7FD_2_11B0000_0_0_0.png,bbctwonihd.png,28.3E,(6) 28.3E KU-band Astra 2E/2F/2G,Missing
BBC Two NI HD,1_0_19_18BC_7FD_2_11B0000_0_0_0.png,bbctwonihd.png,28.3E,(6) 28.3E KU-band Astra 2E/2F/2G,Missing
BBC World Sv,1_0_2_2864_7FE_2_11B0000_0_0_0.png,bbcworldsv.png,28.3E,(6) 28.3E KU-band Astra 2E/2F/2G,Missing
BEM,1_0_2_2329_7D4_2_11B0000_0_0_0.png,bem.png,28.3E,(6) 28.3E KU-band Astra 2E/2F/2G,Missing
BFBS Radio,1_0_2_D794_82F_2_11B0000_0_0_0.png,bfbsradio.png,28.3E,(6) 28.3E KU-band Astra 2E/2F/2G,Missing
Bloomberg HD,1_0_19_C455_837_2_11B0000_0_0_0.png,bloomberghd.png,28.3E,(6) 28.3E KU-band Astra 2E/2F/2G,Missing
Boomerang+1,1_0_1_CD0F_7E1_2_11B0000_0_0_0.png,boomerang1.png,28.3E,(6) 28.3E KU-band Astra 2E/2F/2G,Missing
CN+1,1_0_1_CD0D_7E1_2_11B0000_0_0_0.png,cn1.png,28.3E,(6) 28.3E KU-band Astra 2E/2F/2G,Missing
Channel 4+1,1_0_1_1C33_83B_2_11B0000_0_0_0.png,channel41.png,28.3E,(6) 28.3E KU-band Astra 2E/2F/2G,Missing
Channel 4+1,1_0_1_207B_808_2_11B0000_0_0_0.png,channel41.png,28.3E,(6) 28.3E KU-band Astra 2E/2F/2G,Missing
Channel 4+1,1_0_1_2082_808_2_11B0000_0_0_0.png,channel41.png,28.3E,(6) 28.3E KU-band Astra 2E/2F/2G,Missing
Channel 4+1,1_0_1_20AC_808_2_11B0000_0_0_0.png,channel41.png,28.3E,(6) 28.3E KU-band Astra 2E/2F/2G,Missing
Channel 4+1,1_0_1_20B6_808_2_11B0000_0_0_0.png,channel41.png,28.3E,(6) 28.3E KU-band Astra 2E/2F/2G,Missing
Chl Line-up,1_0_2_138F_7E7_2_11B0000_0_0_0.png,chllineup.png,28.3E,(6) 28.3E KU-band Astra 2E/2F/2G,Missing
ComedyCent+1,1_0_1_C78B_815_2_11B0000_0_0_0.png,comedycent1.png,28.3E,(6) 28.3E KU-band Astra 2E/2F/2G,Missing
Crime+Inv,1_0_1_C4C9_811_2_11B0000_0_0_0.png,crimeinv.png,28.3E,(6) 28.3E KU-band Astra 2E/2F/2G,Missing
Crime+Inv HD,1_0_19_C526_813_2_11B0000_0_0_0.png,crimeinvhd.png,28.3E,(6) 28.3E KU-band Astra 2E/2F/2G,Missing
Crime+Inv+1,1_0_1_C4CC_811_2_11B0000_0_0_0.png,crimeinv1.png,28.3E,(6) 28.3E KU-band Astra 2E/2F/2G,Missing
Cúla4 HD,1_0_19_16E5_7D3_2_11B0000_0_0_0.png,cla4hd.png,28.3E,(6) 28.3E KU-band Astra 2E/2F/2G,Missing
D1 DAB,1_0_3_2959_90B_3B_11B0000_0_0_0.png,d1dab.png,28.3E,(6) 28.3E KU-band Astra 2E/2F/2G,Missing
DAYSTAR HD,1_0_19_D809_838_2_11B0000_0_0_0.png,daystarhd.png,28.3E,(6) 28.3E KU-band Astra 2E/2F/2G,Missing
DCS1,1_0_3_105E_7D4_2_11B0000_0_0_0.png,dcs1.png,28.3E,(6) 28.3E KU-band Astra 2E/2F/2G,Missing
DMAX+1,1_0_1_B59_7F3_2_11B0000_0_0_0.png,dmax1.png,28.3E,(6) 28.3E KU-band Astra 2E/2F/2G,Missing
Disc.History+1,1_0_1_CCD3_7E1_2_11B0000_0_0_0.png,dischistory1.png,28.3E,(6) 28.3E KU-band Astra 2E/2F/2G,Missing
Disc.Sci+1,1_0_1_CCBA_7E1_2_11B0000_0_0_0.png,discsci1.png,28.3E,(6) 28.3E KU-band Astra 2E/2F/2G,Missing
Disc.Turbo+1,1_0_1_CCE7_7E1_2_11B0000_0_0_0.png,discturbo1.png,28.3E,(6) 28.3E KU-band Astra 2E/2F/2G,Missing
Discovery+1,1_0_1_CCBF_7E1_2_11B0000_0_0_0.png,discovery1.png,28.3E,(6) 28.3E KU-band Astra 2E/2F/2G,Missing
Disney Jr HD,1_0_19_143F_7E9_2_11B0000_0_0_0.png,disneyjrhd.png,28.3E,(6) 28.3E KU-band Astra 2E/2F/2G,Missing
Disney+CineHD,1_0_19_1447_7EE_2_11B0000_0_0_0.png,disneycinehd.png,28.3E,(6) 28.3E KU-band Astra 2E/2F/2G,Missing
E4+1,1_0_1_2071_808_2_11B0000_0_0_0.png,e41.png,28.3E,(6) 28.3E KU-band Astra 2E/2F/2G,Missing
Film4 HD,1_0_19_E32_7ED_2_11B0000_0_0_0.png,film4hd.png,28.3E,(6) 28.3E KU-band Astra 2E/2F/2G,Missing
Film4+1,1_0_1_20BD_808_2_11B0000_0_0_0.png,film41.png,28.3E,(6) 28.3E KU-band Astra 2E/2F/2G,Missing
Food Netwrk+1,1_0_1_CCFA_7E1_2_11B0000_0_0_0.png,foodnetwrk1.png,28.3E,(6) 28.3E KU-band Astra 2E/2F/2G,Missing
FreesatCommonC,1_0_3_2905_90B_3B_11B0000_0_0_0.png,freesatcommonc.png,28.3E,(6) 28.3E KU-band Astra 2E/2F/2G,Missing
FreesatHome,1_0_3_2904_90B_3B_11B0000_0_0_0.png,freesathome.png,28.3E,(6) 28.3E KU-band Astra 2E/2F/2G,Missing
FreesatInformation,1_0_3_2920_90B_3B_11B0000_0_0_0.png,freesatinformation.png,28.3E,(6) 28.3E KU-band Astra 2E/2F/2G,Missing
FreesatSSU,1_0_3_2906_90B_3B_11B0000_0_0_0.png,freesatssu.png,28.3E,(6) 28.3E KU-band Astra 2E/2F/2G,Missing
G! Mystery+1,1_0_1_D06B_83E_2_11B0000_0_0_0.png,gmystery1.png,28.3E,(6) 28.3E KU-band Astra 2E/2F/2G,Missing
GREAT! tv+1,1_0_1_D084_83E_2_11B0000_0_0_0.png,greattv1.png,28.3E,(6) 28.3E KU-band Astra 2E/2F/2G,Missing
GTC Punjabi,1_0_1_1BC5_835_2_11B0000_0_0_0.png,gtcpunjabi.png,28.3E,(6) 28.3E KU-band Astra 2E/2F/2G,Missing
Get Sky Products,1_0_3_210B_7EB_2_11B0000_0_0_0.png,getskyproducts.png,28.3E,(6) 28.3E KU-band Astra 2E/2F/2G,Missing
Gold Radio,1_0_2_2559_82F_2_11B0000_0_0_0.png,goldradio.png,28.3E,(6) 28.3E KU-band Astra 2E/2F/2G,Missing
Great! Action+1,1_0_1_D075_83E_2_11B0000_0_0_0.png,greataction1.png,28.3E,(6) 28.3E KU-band Astra 2E/2F/2G,Missing
Great! Romance+1,1_0_1_D04D_83E_2_11B0000_0_0_0.png,greatromance1.png,28.3E,(6) 28.3E KU-band Astra 2E/2F/2G,Missing
Heart 80s,1_0_2_D797_82F_2_11B0000_0_0_0.png,heart80s.png,28.3E,(6) 28.3E KU-band Astra 2E/2F/2G,Missing
Help and Support,1_0_3_208B_7EB_2_11B0000_0_0_0.png,helpandsupport.png,28.3E,(6) 28.3E KU-band Astra 2E/2F/2G,Missing
HobbyMakerHD,1_0_19_C536_813_2_11B0000_0_0_0.png,hobbymakerhd.png,28.3E,(6) 28.3E KU-band Astra 2E/2F/2G,Missing
ID+1,1_0_1_CCCA_7E1_2_11B0000_0_0_0.png,id1.png,28.3E,(6) 28.3E KU-band Astra 2E/2F/2G,Missing
ITV1 Wales HD,1_0_19_50FA_841_2_11B0000_0_0_0.png,itv1waleshd.png,28.3E,(6) 28.3E KU-band Astra 2E/2F/2G,Missing
ITV1+1,1_0_1_D7E4_840_2_11B0000_0_0_0.png,itv11.png,28.3E,(6) 28.3E KU-band Astra 2E/2F/2G,Missing
ITV1+1,1_0_1_D7E5_840_2_11B0000_0_0_0.png,itv11.png,28.3E,(6) 28.3E KU-band Astra 2E/2F/2G,Missing
ITV1+1,1_0_1_D7E6_840_2_11B0000_0_0_0.png,itv11.png,28.3E,(6) 28.3E KU-band Astra 2E/2F/2G,Missing
ITV1+1,1_0_1_D7E7_840_2_11B0000_0_0_0.png,itv11.png,28.3E,(6) 28.3E KU-band Astra 2E/2F/2G,Missing
ITV2+1,1_0_1_D7F1_840_2_11B0000_0_0_0.png,itv21.png,28.3E,(6) 28.3E KU-band Astra 2E/2F/2G,Missing
ITV3+1,1_0_1_D7F2_840_2_11B0000_0_0_0.png,itv31.png,28.3E,(6) 28.3E KU-band Astra 2E/2F/2G,Missing
ITV4+1,1_0_1_D7F3_840_2_11B0000_0_0_0.png,itv41.png,28.3E,(6) 28.3E KU-band Astra 2E/2F/2G,Missing
LEGEND XTRA+1,1_0_1_D7B2_840_2_11B0000_0_0_0.png,legendxtra1.png,28.3E,(6) 28.3E KU-band Astra 2E/2F/2G,Missing
LFCTV HD,1_0_19_1ABD_7E9_2_11B0000_0_0_0.png,lfctvhd.png,28.3E,(6) 28.3E KU-band Astra 2E/2F/2G,Missing
LoveWorld HD,1_0_19_1A2D_834_2_11B0000_0_0_0.png,loveworldhd.png,28.3E,(6) 28.3E KU-band Astra 2E/2F/2G,Missing
MTA1 World HD,1_0_19_CF9F_83A_2_11B0000_0_0_0.png,mta1worldhd.png,28.3E,(6) 28.3E KU-band Astra 2E/2F/2G,Missing
More4+1,1_0_1_20AE_808_2_11B0000_0_0_0.png,more41.png,28.3E,(6) 28.3E KU-band Astra 2E/2F/2G,Missing
My Account,1_0_3_204A_7EB_2_11B0000_0_0_0.png,myaccount.png,28.3E,(6) 28.3E KU-band Astra 2E/2F/2G,Missing
My Account,1_0_3_1FBF_7EB_2_11B0000_0_0_0.png,myaccount.png,28.3E,(6) 28.3E KU-band Astra 2E/2F/2G,Missing
My Sky,1_0_3_1F68_7E0_2_11B0000_0_0_0.png,mysky.png,28.3E,(6) 28.3E KU-band Astra 2E/2F/2G,Missing
NHK World HD,1_0_19_CF9B_83A_2_11B0000_0_0_0.png,nhkworldhd.png,28.3E,(6) 28.3E KU-band Astra 2E/2F/2G,Missing
NOW 90s & 00s,1_0_1_C4B5_811_2_11B0000_0_0_0.png,now90s00s.png,28.3E,(6) 28.3E KU-band Astra 2E/2F/2G,Missing
Nat Geo+1,1_0_1_16BE_7E4_2_11B0000_0_0_0.png,natgeo1.png,28.3E,(6) 28.3E KU-band Astra 2E/2F/2G,Missing
Nick Jr+1,1_0_1_C792_815_2_11B0000_0_0_0.png,nickjr1.png,28.3E,(6) 28.3E KU-band Astra 2E/2F/2G,Missing
Nickelodeon+1,1_0_1_C78D_815_2_11B0000_0_0_0.png,nickelodeon1.png,28.3E,(6) 28.3E KU-band Astra 2E/2F/2G,Missing
PSL,1_0_2_1D4D_7D4_2_11B0000_0_0_0.png,psl.png,28.3E,(6) 28.3E KU-band Astra 2E/2F/2G,Missing
Program Your Remote,1_0_3_1F54_7EB_2_11B0000_0_0_0.png,programyourremote.png,28.3E,(6) 28.3E KU-band Astra 2E/2F/2G,Missing
QUEST+1,1_0_1_1847_7F3_2_11B0000_0_0_0.png,quest1.png,28.3E,(6) 28.3E KU-band Astra 2E/2F/2G,Missing
Quest Red+1,1_0_1_CD00_7E1_2_11B0000_0_0_0.png,questred1.png,28.3E,(6) 28.3E KU-band Astra 2E/2F/2G,Missing
RTÉ 2FM,1_0_2_148E_7E7_2_11B0000_0_0_0.png,rt2fm.png,28.3E,(6) 28.3E KU-band Astra 2E/2F/2G,Missing
RTÉ KIDSjr,1_0_1_1488_7E7_2_11B0000_0_0_0.png,rtkidsjr.png,28.3E,(6) 28.3E KU-band Astra 2E/2F/2G,Missing
RTÉ Lyric fm,1_0_2_1490_7E7_2_11B0000_0_0_0.png,rtlyricfm.png,28.3E,(6) 28.3E KU-band Astra 2E/2F/2G,Missing
RTÉ News,1_0_1_16AC_7E7_2_11B0000_0_0_0.png,rtnews.png,28.3E,(6) 28.3E KU-band Astra 2E/2F/2G,Missing
RTÉ One HD,1_0_19_1AA2_7EB_2_11B0000_0_0_0.png,rtonehd.png,28.3E,(6) 28.3E KU-band Astra 2E/2F/2G,Missing
RTÉ One+1,1_0_1_1A98_7E7_2_11B0000_0_0_0.png,rtone1.png,28.3E,(6) 28.3E KU-band Astra 2E/2F/2G,Missing
RTÉ R na G,1_0_2_148F_7E7_2_11B0000_0_0_0.png,rtrnag.png,28.3E,(6) 28.3E KU-band Astra 2E/2F/2G,Missing
RTÉ Radio 1,1_0_2_148D_7E7_2_11B0000_0_0_0.png,rtradio1.png,28.3E,(6) 28.3E KU-band Astra 2E/2F/2G,Missing
RTÉ2 HD,1_0_19_1496_7F2_2_11B0000_0_0_0.png,rt2hd.png,28.3E,(6) 28.3E KU-band Astra 2E/2F/2G,Missing
RTÉ2+1,1_0_1_1426_7E7_2_11B0000_0_0_0.png,rt21.png,28.3E,(6) 28.3E KU-band Astra 2E/2F/2G,Missing
Radio X,1_0_2_2557_82F_2_11B0000_0_0_0.png,radiox.png,28.3E,(6) 28.3E KU-band Astra 2E/2F/2G,Missing
Really+1,1_0_1_B95_7F3_2_11B0000_0_0_0.png,really1.png,28.3E,(6) 28.3E KU-band Astra 2E/2F/2G,Missing
Reset TV PIN,1_0_3_2099_7EB_2_11B0000_0_0_0.png,resettvpin.png,28.3E,(6) 28.3E KU-band Astra 2E/2F/2G,Missing
Reset your PIN,1_0_3_209A_7EB_2_11B0000_0_0_0.png,resetyourpin.png,28.3E,(6) 28.3E KU-band Astra 2E/2F/2G,Missing
SNR/IRN DVB-S2,1_0_2_1295_7E7_2_11B0000_0_0_0.png,snrirndvbs2.png,28.3E,(6) 28.3E KU-band Astra 2E/2F/2G,Missing
Sky Action HD,1_0_19_177E_7EE_2_11B0000_0_0_0.png,skyactionhd.png,28.3E,(6) 28.3E KU-band Astra 2E/2F/2G,Missing
Sky Atlantic+1,1_0_1_1525_7E4_2_11B0000_0_0_0.png,skyatlantic1.png,28.3E,(6) 28.3E KU-band Astra 2E/2F/2G,Missing
Sky Crime+1,1_0_1_14D2_7E4_2_11B0000_0_0_0.png,skycrime1.png,28.3E,(6) 28.3E KU-band Astra 2E/2F/2G,Missing
Sky Family HD,1_0_1_1782_7EE_2_11B0000_0_0_0.png,skyfamilyhd.png,28.3E,(6) 28.3E KU-band Astra 2E/2F/2G,Missing
Sky Fun HD,1_0_19_1791_7EE_2_11B0000_0_0_0.png,skyfunhd.png,28.3E,(6) 28.3E KU-band Astra 2E/2F/2G,Missing
Sky Witness+1,1_0_1_183D_7E4_2_11B0000_0_0_0.png,skywitness1.png,28.3E,(6) 28.3E KU-band Astra 2E/2F/2G,Missing
SkyAdventureHD,1_0_19_1784_7EE_2_11B0000_0_0_0.png,skyadventurehd.png,28.3E,(6) 28.3E KU-band Astra 2E/2F/2G,Missing
SkySp F'ball HD,1_0_19_F03_7E0_2_11B0000_0_0_0.png,skyspfballhd.png,28.3E,(6) 28.3E KU-band Astra 2E/2F/2G,Missing
SkySp F'ball HD,1_0_19_F63_7E0_2_11B0000_0_0_0.png,skyspfballhd.png,28.3E,(6) 28.3E KU-band Astra 2E/2F/2G,Missing
SkySp PL HD,1_0_19_F59_7ED_2_11B0000_0_0_0.png,skyspplhd.png,28.3E,(6) 28.3E KU-band Astra 2E/2F/2G,Missing
SkySp PL HD,1_0_19_FBD_7ED_2_11B0000_0_0_0.png,skyspplhd.png,28.3E,(6) 28.3E KU-band Astra 2E/2F/2G,Missing
SkySp PL HD,1_0_19_FC9_7E0_2_11B0000_0_0_0.png,skyspplhd.png,28.3E,(6) 28.3E KU-band Astra 2E/2F/2G,Missing
SkySp PL HD,1_0_19_FFE_7E0_2_11B0000_0_0_0.png,skyspplhd.png,28.3E,(6) 28.3E KU-band Astra 2E/2F/2G,Missing
SkySp Racing HD,1_0_1_C528_813_2_11B0000_0_0_0.png,skyspracinghd.png,28.3E,(6) 28.3E KU-band Astra 2E/2F/2G,Missing
SkySp Racing HD,1_0_19_C527_813_2_11B0000_0_0_0.png,skyspracinghd.png,28.3E,(6) 28.3E KU-band Astra 2E/2F/2G,Missing
SkySp Racing HD,1_0_19_F5D_844_2_11B0000_0_0_0.png,skyspracinghd.png,28.3E,(6) 28.3E KU-band Astra 2E/2F/2G,Missing
SkySp Racing HD,1_0_19_CD64_844_2_11B0000_0_0_0.png,skyspracinghd.png,28.3E,(6) 28.3E KU-band Astra 2E/2F/2G,Missing
SkySp Tennis HD,1_0_19_14A4_7E9_2_11B0000_0_0_0.png,skysptennishd.png,28.3E,(6) 28.3E KU-band Astra 2E/2F/2G,Missing
SkySp Tennis HD,1_0_19_14F2_7E9_2_11B0000_0_0_0.png,skysptennishd.png,28.3E,(6) 28.3E KU-band Astra 2E/2F/2G,Missing
SkySp+,1_0_1_F13_7E7_2_11B0000_0_0_0.png,skysp.png,28.3E,(6) 28.3E KU-band Astra 2E/2F/2G,Missing
SkySp+,1_0_1_16CF_7E7_2_11B0000_0_0_0.png,skysp.png,28.3E,(6) 28.3E KU-band Astra 2E/2F/2G,Missing
SkySp+ HD,1_0_1_1734_7EB_2_11B0000_0_0_0.png,skysphd.png,28.3E,(6) 28.3E KU-band Astra 2E/2F/2G,Missing
SkySp+ HD,1_0_19_F12_7EB_2_11B0000_0_0_0.png,skysphd.png,28.3E,(6) 28.3E KU-band Astra 2E/2F/2G,Missing
SkySpCricket HD,1_0_19_F4B_7E5_2_11B0000_0_0_0.png,skyspcrickethd.png,28.3E,(6) 28.3E KU-band Astra 2E/2F/2G,Missing
SkySpMainEvHD,1_0_19_F25_7E0_2_11B0000_0_0_0.png,skyspmainevhd.png,28.3E,(6) 28.3E KU-band Astra 2E/2F/2G,Missing
SkySpMainEvHD,1_0_19_1777_7EB_2_11B0000_0_0_0.png,skyspmainevhd.png,28.3E,(6) 28.3E KU-band Astra 2E/2F/2G,Missing
SkySpMainEvHD,1_0_19_FA3_7ED_2_11B0000_0_0_0.png,skyspmainevhd.png,28.3E,(6) 28.3E KU-band Astra 2E/2F/2G,Missing
SkySpMainEvHD,1_0_19_EDA_7E0_2_11B0000_0_0_0.png,skyspmainevhd.png,28.3E,(6) 28.3E KU-band Astra 2E/2F/2G,Missing
Smooth,1_0_2_D75C_82F_2_11B0000_0_0_0.png,smooth.png,28.3E,(6) 28.3E KU-band Astra 2E/2F/2G,Missing
TLC+1,1_0_1_B7C_7F3_2_11B0000_0_0_0.png,tlc1.png,28.3E,(6) 28.3E KU-band Astra 2E/2F/2G,Missing
TNTSports5 HD,1_0_19_C5EA_831_2_11B0000_0_0_0.png,tntsports5hd.png,28.3E,(6) 28.3E KU-band Astra 2E/2F/2G,Missing
TNTSports6 HD,1_0_19_D80E_838_2_11B0000_0_0_0.png,tntsports6hd.png,28.3E,(6) 28.3E KU-band Astra 2E/2F/2G,Missing
TNTSports7 HD,1_0_19_D813_838_2_11B0000_0_0_0.png,tntsports7hd.png,28.3E,(6) 28.3E KU-band Astra 2E/2F/2G,Missing
TNTSports8 HD,1_0_19_D818_838_2_11B0000_0_0_0.png,tntsports8hd.png,28.3E,(6) 28.3E KU-band Astra 2E/2F/2G,Missing
TNTSports9 HD,1_0_19_D81D_838_2_11B0000_0_0_0.png,tntsports9hd.png,28.3E,(6) 28.3E KU-band Astra 2E/2F/2G,Missing
TRUE CRIME+1,1_0_1_D7B1_840_2_11B0000_0_0_0.png,truecrime1.png,28.3E,(6) 28.3E KU-band Astra 2E/2F/2G,Missing
TVX 40+,1_0_1_D3CE_839_2_11B0000_0_0_0.png,tvx40.png,28.3E,(6) 28.3E KU-band Astra 2E/2F/2G,Missing
U&Alibi,1_0_1_6221_7E6_2_11B0000_0_0_0.png,ualibi.png,28.3E,(6) 28.3E KU-band Astra 2E/2F/2G,Missing
U&Alibi,1_0_1_1979_7E6_2_11B0000_0_0_0.png,ualibi.png,28.3E,(6) 28.3E KU-band Astra 2E/2F/2G,Missing
U&Alibi HD,1_0_19_6224_7E6_2_11B0000_0_0_0.png,ualibihd.png,28.3E,(6) 28.3E KU-band Astra 2E/2F/2G,Missing
U&Alibi HD,1_0_19_F53_7F2_2_11B0000_0_0_0.png,ualibihd.png,28.3E,(6) 28.3E KU-band Astra 2E/2F/2G,Missing
U&Alibi+1,1_0_1_621B_7E6_2_11B0000_0_0_0.png,ualibi1.png,28.3E,(6) 28.3E KU-band Astra 2E/2F/2G,Missing
U&Dave,1_0_1_6218_7E6_2_11B0000_0_0_0.png,udave.png,28.3E,(6) 28.3E KU-band Astra 2E/2F/2G,Missing
U&Dave,1_0_1_196A_7E6_2_11B0000_0_0_0.png,udave.png,28.3E,(6) 28.3E KU-band Astra 2E/2F/2G,Missing
U&Dave HD,1_0_19_6223_7E6_2_11B0000_0_0_0.png,udavehd.png,28.3E,(6) 28.3E KU-band Astra 2E/2F/2G,Missing
U&Dave HD,1_0_19_1A99_7ED_2_11B0000_0_0_0.png,udavehd.png,28.3E,(6) 28.3E KU-band Astra 2E/2F/2G,Missing
U&DaveJaVu,1_0_1_621A_7E6_2_11B0000_0_0_0.png,udavejavu.png,28.3E,(6) 28.3E KU-band Astra 2E/2F/2G,Missing
U&Drama,1_0_1_6217_7E6_2_11B0000_0_0_0.png,udrama.png,28.3E,(6) 28.3E KU-band Astra 2E/2F/2G,Missing
U&Drama,1_0_1_197A_7E6_2_11B0000_0_0_0.png,udrama.png,28.3E,(6) 28.3E KU-band Astra 2E/2F/2G,Missing
U&Drama+1,1_0_1_6219_7E6_2_11B0000_0_0_0.png,udrama1.png,28.3E,(6) 28.3E KU-band Astra 2E/2F/2G,Missing
U&Eden,1_0_1_1966_7E6_2_11B0000_0_0_0.png,ueden.png,28.3E,(6) 28.3E KU-band Astra 2E/2F/2G,Missing
U&Eden+1,1_0_1_620F_7E6_2_11B0000_0_0_0.png,ueden1.png,28.3E,(6) 28.3E KU-band Astra 2E/2F/2G,Missing
U&Gold,1_0_1_6220_7E6_2_11B0000_0_0_0.png,ugold.png,28.3E,(6) 28.3E KU-band Astra 2E/2F/2G,Missing
U&Gold,1_0_1_1968_7E6_2_11B0000_0_0_0.png,ugold.png,28.3E,(6) 28.3E KU-band Astra 2E/2F/2G,Missing
U&Gold HD,1_0_19_1971_7F2_2_11B0000_0_0_0.png,ugoldhd.png,28.3E,(6) 28.3E KU-band Astra 2E/2F/2G,Missing
U&Gold+1,1_0_1_620D_7E6_2_11B0000_0_0_0.png,ugold1.png,28.3E,(6) 28.3E KU-band Astra 2E/2F/2G,Missing
U&W,1_0_1_6222_7E6_2_11B0000_0_0_0.png,uw.png,28.3E,(6) 28.3E KU-band Astra 2E/2F/2G,Missing
U&W,1_0_1_1978_7E6_2_11B0000_0_0_0.png,uw.png,28.3E,(6) 28.3E KU-band Astra 2E/2F/2G,Missing
U&W+1,1_0_1_6216_7E6_2_11B0000_0_0_0.png,uw1.png,28.3E,(6) 28.3E KU-band Astra 2E/2F/2G,Missing
U&Yesterday,1_0_1_1969_7E6_2_11B0000_0_0_0.png,uyesterday.png,28.3E,(6) 28.3E KU-band Astra 2E/2F/2G,Missing
U&Yesterday+1,1_0_1_621C_7E6_2_11B0000_0_0_0.png,uyesterday1.png,28.3E,(6) 28.3E KU-band Astra 2E/2F/2G,Missing
Update Email Address,1_0_3_2166_7E0_2_11B0000_0_0_0.png,updateemailaddress.png,28.3E,(6) 28.3E KU-band Astra 2E/2F/2G,Missing
Update Email Address,1_0_3_1F6A_7E0_2_11B0000_0_0_0.png,updateemailaddress.png,28.3E,(6) 28.3E KU-band Astra 2E/2F/2G,Missing
Virgin One+1,1_0_1_13A1_7E7_2_11B0000_0_0_0.png,virginone1.png,28.3E,(6) 28.3E KU-band Astra 2E/2F/2G,Missing
Virgin Two HD,1_0_19_1B86_7EB_2_11B0000_0_0_0.png,virgintwohd.png,28.3E,(6) 28.3E KU-band Astra 2E/2F/2G,Missing
WRN Europe,1_0_2_1DBD_82D_2_11B0000_0_0_0.png,wrneurope.png,28.3E,(6) 28.3E KU-band Astra 2E/2F/2G,Missing
babes&brazzers,1_0_1_D322_836_2_11B0000_0_0_0.png,babesbrazzers.png,28.3E,(6) 28.3E KU-band Astra 2E/2F/2G,Missing
talkSPORT Dist,1_0_2_2963_90B_3B_11B0000_0_0_0.png,talksportdist.png,28.3E,(6) 28.3E KU-band Astra 2E/2F/2G,Missing
11185V SID 0x15,1_0_1_15_0_0_131ABB1_0_0_0.png,11185vsid0x15.png,30.5E,(7) 30.5E KU-band Arabsat 5A/6A,Missing
Bengali,1_0_2_A44_1A_2BE_1310000_0_0_0.png,bengali.png,30.5E,(7) 30.5E KU-band Arabsat 5A/6A,Missing
Digtal 1,1_0_1_1_1_2B67_1310000_0_0_0.png,digtal1.png,30.5E,(7) 30.5E KU-band Arabsat 5A/6A,Missing
European Radio,1_0_2_A3F_1A_2BE_1310000_0_0_0.png,europeanradio.png,30.5E,(7) 30.5E KU-band Arabsat 5A/6A,Missing
Feed HD,1_0_1_1_1_1_1310000_0_0_0.png,feedhd.png,30.5E,(7) 30.5E KU-band Arabsat 5A/6A,Missing
Feed HD,1_0_1_1_1_1_13131BE_0_0_0.png,feedhd.png,30.5E,(7) 30.5E KU-band Arabsat 5A/6A,Missing
French,1_0_2_A45_1A_2BE_1310000_0_0_0.png,french.png,30.5E,(7) 30.5E KU-band Arabsat 5A/6A,Missing
Holy Quran Radio,1_0_2_A3C_1A_2BE_1310000_0_0_0.png,holyquranradio.png,30.5E,(7) 30.5E KU-band Arabsat 5A/6A,Missing
Huna al azm,1_0_2_A48_1A_2BE_1310000_0_0_0.png,hunaalazm.png,30.5E,(7) 30.5E KU-band Arabsat 5A/6A,Missing
Jeddah Radio,1_0_2_A3E_1A_2BE_1310000_0_0_0.png,jeddahradio.png,30.5E,(7) 30.5E KU-band Arabsat 5A/6A,Missing
Khozamz,1_0_2_A49_1A_2BE_1310000_0_0_0.png,khozamz.png,30.5E,(7) 30.5E KU-band Arabsat 5A/6A,Missing
Main,1_0_1_1_1_1_131B1C2_0_0_0.png,main.png,30.5E,(7) 30.5E KU-band Arabsat 5A/6A,Missing
Mowjhat,1_0_2_A43_1A_2BE_1310000_0_0_0.png,mowjhat.png,30.5E,(7) 30.5E KU-band Arabsat 5A/6A,Missing
Needa El Islam,1_0_2_A41_1A_2BE_1310000_0_0_0.png,needaelislam.png,30.5E,(7) 30.5E KU-band Arabsat 5A/6A,Missing
Pishto,1_0_2_A46_1A_2BE_1310000_0_0_0.png,pishto.png,30.5E,(7) 30.5E KU-band Arabsat 5A/6A,Missing
SHAFIK/ERIC,1_0_1_1_1_FFFF_131B0F2_0_0_0.png,shafikeric.png,30.5E,(7) 30.5E KU-band Arabsat 5A/6A,Missing
Service 2 SD,1_0_1_2_1_FFFF_131B0FE_0_0_0.png,service2sd.png,30.5E,(7) 30.5E KU-band Arabsat 5A/6A,Missing
Al-Husanya Radio,1_0_2_4_1_539_1680000_0_0_0.png,alhusanyaradio.png,36.0E,(10) 36.0E KU-band Eutelsat 36D & Express AMU1,Missing
B520,1_0_C_6A4B_1B_FD_1680000_0_0_0.png,b520.png,36.0E,(10) 36.0E KU-band Eutelsat 36D & Express AMU1,Missing
Banner_2,1_0_C_7EF_2_FD_1680000_0_0_0.png,banner2.png,36.0E,(10) 36.0E KU-band Eutelsat 36D & Express AMU1,Missing
Banner_27,1_0_C_6A0F_1B_FD_1680000_0_0_0.png,banner27.png,36.0E,(10) 36.0E KU-band Eutelsat 36D & Express AMU1,Missing
God Stands TV,1_0_1_78_F5_1_1680000_0_0_0.png,godstandstv.png,36.0E,(10) 36.0E KU-band Eutelsat 36D & Express AMU1,Missing
HP banners,1_0_C_6A47_1B_FD_1680000_0_0_0.png,hpbanners.png,36.0E,(10) 36.0E KU-band Eutelsat 36D & Express AMU1,Missing
Icons_Channels,1_0_C_6A40_1B_FD_1680000_0_0_0.png,iconschannels.png,36.0E,(10) 36.0E KU-band Eutelsat 36D & Express AMU1,Missing
Icons_Channels,1_0_C_7F1_2_FD_1680000_0_0_0.png,iconschannels.png,36.0E,(10) 36.0E KU-band Eutelsat 36D & Express AMU1,Missing
MStar C2P,1_0_C_6A4A_1B_FD_1680000_0_0_0.png,mstarc2p.png,36.0E,(10) 36.0E KU-band Eutelsat 36D & Express AMU1,Missing
Mediahub,1_0_C_6A48_1B_FD_1680000_0_0_0.png,mediahub.png,36.0E,(10) 36.0E KU-band Eutelsat 36D & Express AMU1,Missing
Neotion Update Service,1_0_C_69F0_1B_FD_1680000_0_0_0.png,neotionupdateservice.png,36.0E,(10) 36.0E KU-band Eutelsat 36D & Express AMU1,Missing
OTA B621L B623L B626L,1_0_C_6A49_1B_FD_1680000_0_0_0.png,otab621lb623lb626l.png,36.0E,(10) 36.0E KU-band Eutelsat 36D & Express AMU1,Missing
OTA Montage,1_0_C_69E2_1B_FD_1680000_0_0_0.png,otamontage.png,36.0E,(10) 36.0E KU-band Eutelsat 36D & Express AMU1,Missing
START WORLD,1_0_1_7E2_2_FD_1680000_0_0_0.png,startworld.png,36.0E,(10) 36.0E KU-band Eutelsat 36D & Express AMU1,Missing
Splash_Services,1_0_C_6A10_1B_FD_1680000_0_0_0.png,splashservices.png,36.0E,(10) 36.0E KU-band Eutelsat 36D & Express AMU1,Missing
Splash_Services,1_0_C_7F0_2_FD_1680000_0_0_0.png,splashservices.png,36.0E,(10) 36.0E KU-band Eutelsat 36D & Express AMU1,Missing
homepagebrochure_app,1_0_C_6A45_1B_FD_1680000_0_0_0.png,homepagebrochureapp.png,36.0E,(10) 36.0E KU-band Eutelsat 36D & Express AMU1,Missing
publisher_service,1_0_C_6A0E_1B_FD_1680000_0_0_0.png,publisherservice.png,36.0E,(10) 36.0E KU-band Eutelsat 36D & Express AMU1,Missing
publisher_service,1_0_C_7EE_2_FD_1680000_0_0_0.png,publisherservice.png,36.0E,(10) 36.0E KU-band Eutelsat 36D & Express AMU1,Missing
tricolorcallback_app,1_0_C_6A46_1B_FD_1680000_0_0_0.png,tricolorcallbackapp.png,36.0E,(10) 36.0E KU-band Eutelsat 36D & Express AMU1,Missing
24 News HD,1_0_1_1_1_FFFF_17E0EA4_0_0_0.png,24newshd.png,38.2E,(102) 38.1E C-band Paksat 1R/MM1,Missing
3987H SID 0x01,1_0_1_1_1_1_17E0F93_0_0_0.png,3987hsid0x01.png,38.2E,(102) 38.1E C-band Paksat 1R/MM1,Missing
3987H SID 0x02,1_0_FF_2_1_1_17E0F93_0_0_0.png,3987hsid0x02.png,38.2E,(102) 38.1E C-band Paksat 1R/MM1,Missing
4102H SID 0x05,1_0_1_5_1_1_17E1006_0_0_0.png,4102hsid0x05.png,38.2E,(102) 38.1E C-band Paksat 1R/MM1,Missing
4102H SID 0x0a,1_0_FF_A_1_1_17E1006_0_0_0.png,4102hsid0x0a.png,38.2E,(102) 38.1E C-band Paksat 1R/MM1,Missing
7 NEWS,1_0_16_2_1_FFFF_17E8F06_0_0_0.png,7news.png,38.2E,(102) 38.1E C-band Paksat 1R/MM1,Missing
92 Entertainment,1_0_16_3_1_FF00_17E0EB6_0_0_0.png,92entertainment.png,38.2E,(102) 38.1E C-band Paksat 1R/MM1,Missing
92 News HD,1_0_19_1_1_FF00_17E0EB6_0_0_0.png,92newshd.png,38.2E,(102) 38.1E C-band Paksat 1R/MM1,Missing
AIK NEWS,1_0_1_1_1_FFFF_17E0FCA_0_0_0.png,aiknews.png,38.2E,(102) 38.1E C-band Paksat 1R/MM1,Missing
Al Ehsaan Tv,1_0_16_4_1_FFFF_17E8F06_0_0_0.png,alehsaantv.png,38.2E,(102) 38.1E C-band Paksat 1R/MM1,Missing
Avt khyber HD,1_0_19_1_0_4_17E0000_0_0_0.png,avtkhyberhd.png,38.2E,(102) 38.1E C-band Paksat 1R/MM1,Missing
BS FILM Pakistan,1_0_16_B_0_FFFF_17E8FC5_0_0_0.png,bsfilmpakistan.png,38.2E,(102) 38.1E C-band Paksat 1R/MM1,Missing
BTN NEWS,1_0_16_5_1_FFFF_17E8F06_0_0_0.png,btnnews.png,38.2E,(102) 38.1E C-band Paksat 1R/MM1,Missing
Bethat TV,1_0_16_14_1_FFFF_17E8F06_0_0_0.png,bethattv.png,38.2E,(102) 38.1E C-band Paksat 1R/MM1,Missing
CH-11,1_0_16_2_1_FF00_17E0EB6_0_0_0.png,ch11.png,38.2E,(102) 38.1E C-band Paksat 1R/MM1,Missing
CITY,1_0_1_7_1_FFFF_17E0EA4_0_0_0.png,city.png,38.2E,(102) 38.1E C-band Paksat 1R/MM1,Missing
CITY,1_0_1_8_1_FFFF_17E0EA4_0_0_0.png,city.png,38.2E,(102) 38.1E C-band Paksat 1R/MM1,Missing
CITY-21,1_0_1_6_1_FFFF_17E0EA4_0_0_0.png,city21.png,38.2E,(102) 38.1E C-band Paksat 1R/MM1,Missing
CITY-41,1_0_1_3_1_FFFF_17E0EA4_0_0_0.png,city41.png,38.2E,(102) 38.1E C-band Paksat 1R/MM1,Missing
CITY-42 HD,1_0_1_2_1_FFFF_17E0EA4_0_0_0.png,city42hd.png,38.2E,(102) 38.1E C-band Paksat 1R/MM1,Missing
Ch-9,1_0_1_1_1_FFFF_17E0EBA_0_0_0.png,ch9.png,38.2E,(102) 38.1E C-band Paksat 1R/MM1,Missing
Champion Kids UK,1_0_16_7_1_FFFF_17E8F06_0_0_0.png,championkidsuk.png,38.2E,(102) 38.1E C-band Paksat 1R/MM1,Missing
Dharti Tv HD,1_0_1_101_1_1_17E0ED0_0_0_0.png,dhartitvhd.png,38.2E,(102) 38.1E C-band Paksat 1R/MM1,Missing
Dunya ENT,1_0_1_4_1_1_17E102C_0_0_0.png,dunyaent.png,38.2E,(102) 38.1E C-band Paksat 1R/MM1,Missing
Dunya News HD,1_0_1_1_1_1_17E102C_0_0_0.png,dunyanewshd.png,38.2E,(102) 38.1E C-band Paksat 1R/MM1,Missing
E1,1_0_16_16_0_FFFF_17E8FC5_0_0_0.png,e1.png,38.2E,(102) 38.1E C-band Paksat 1R/MM1,Missing
EYE TV,1_0_16_3_0_FFFF_17E8FC5_0_0_0.png,eyetv.png,38.2E,(102) 38.1E C-band Paksat 1R/MM1,Missing
Elan tv,1_0_16_17_0_FFFF_17E8FC5_0_0_0.png,elantv.png,38.2E,(102) 38.1E C-band Paksat 1R/MM1,Missing
Falak TV,1_0_16_F_0_FFFF_17E8FC5_0_0_0.png,falaktv.png,38.2E,(102) 38.1E C-band Paksat 1R/MM1,Missing
GTV-HD MM1,1_0_1_101_1_1_17E0F93_0_0_0.png,gtvhdmm1.png,38.2E,(102) 38.1E C-band Paksat 1R/MM1,Missing
Geo Entertainment,1_0_1_424_2_1_17E0000_0_0_0.png,geoentertainment.png,38.2E,(102) 38.1E C-band Paksat 1R/MM1,Missing
Geo ME,1_0_1_44C_2_1_17E0000_0_0_0.png,geome.png,38.2E,(102) 38.1E C-band Paksat 1R/MM1,Missing
Geo Super,1_0_1_438_2_1_17E0000_0_0_0.png,geosuper.png,38.2E,(102) 38.1E C-band Paksat 1R/MM1,Missing
Geo Tez,1_0_1_442_2_1_17E0000_0_0_0.png,geotez.png,38.2E,(102) 38.1E C-band Paksat 1R/MM1,Missing
Global News,1_0_16_7_0_FFFF_17E8FC5_0_0_0.png,globalnews.png,38.2E,(102) 38.1E C-band Paksat 1R/MM1,Missing
GreenEnt - HD,1_0_1_1_1_1_17E0F9F_0_0_0.png,greenenthd.png,38.2E,(102) 38.1E C-band Paksat 1R/MM1,Missing
Kay-2 HD,1_0_19_3_0_4_17E0000_0_0_0.png,kay2hd.png,38.2E,(102) 38.1E C-band Paksat 1R/MM1,Missing
Khyber ME HD,1_0_19_4_0_4_17E0000_0_0_0.png,khybermehd.png,38.2E,(102) 38.1E C-band Paksat 1R/MM1,Missing
Khyber News HD,1_0_19_2_0_4_17E0000_0_0_0.png,khybernewshd.png,38.2E,(102) 38.1E C-band Paksat 1R/MM1,Missing
LIFE NEWS,1_0_1_11_1_FFFF_17E8F06_0_0_0.png,lifenews.png,38.2E,(102) 38.1E C-band Paksat 1R/MM1,Missing
Lahore News,1_0_1_2_1_1_17E102C_0_0_0.png,lahorenews.png,38.2E,(102) 38.1E C-band Paksat 1R/MM1,Missing
Lahore Rang HD,1_0_1_2_1_FFFF_17E0FA6_0_0_0.png,lahoreranghd.png,38.2E,(102) 38.1E C-band Paksat 1R/MM1,Missing
MADANI TV-HD C-Band,1_0_1_1_1_FFFF_17E1033_0_0_0.png,madanitvhdcband.png,38.2E,(102) 38.1E C-band Paksat 1R/MM1,Missing
MAX TV USA,1_0_16_4_0_FFFF_17E8FC5_0_0_0.png,maxtvusa.png,38.2E,(102) 38.1E C-band Paksat 1R/MM1,Missing
MEGA MOVIES,1_0_16_13_0_FFFF_17E8FC5_0_0_0.png,megamovies.png,38.2E,(102) 38.1E C-band Paksat 1R/MM1,Missing
MEHRAN+TV,1_0_1_1_1_FFFF_17E0ED2_0_0_0.png,mehrantv.png,38.2E,(102) 38.1E C-band Paksat 1R/MM1,Missing
MUNTAZIR TV P,1_0_16_1A_1_FFFF_17E8F06_0_0_0.png,muntazirtvp.png,38.2E,(102) 38.1E C-band Paksat 1R/MM1,Missing
Maha Max,1_0_16_2_0_FFFF_17E8FC5_0_0_0.png,mahamax.png,38.2E,(102) 38.1E C-band Paksat 1R/MM1,Missing
Maha Movies,1_0_16_12_0_FFFF_17E8FC5_0_0_0.png,mahamovies.png,38.2E,(102) 38.1E C-band Paksat 1R/MM1,Missing
Mashriq TV,1_0_1_1_1_1_17E1006_0_0_0.png,mashriqtv.png,38.2E,(102) 38.1E C-band Paksat 1R/MM1,Missing
Mashriq TV,1_0_1_1_1_1_17E1008_0_0_0.png,mashriqtv.png,38.2E,(102) 38.1E C-band Paksat 1R/MM1,Missing
Movie one UK,1_0_16_D_0_FFFF_17E8FC5_0_0_0.png,movieoneuk.png,38.2E,(102) 38.1E C-band Paksat 1R/MM1,Missing
NEO NEWS HD,1_0_1_1_1_FFFF_17E0FA6_0_0_0.png,neonewshd.png,38.2E,(102) 38.1E C-band Paksat 1R/MM1,Missing
NOOR TV PK,1_0_16_1_1_FFFF_17E8F06_0_0_0.png,noortvpk.png,38.2E,(102) 38.1E C-band Paksat 1R/MM1,Missing
ON NEWS HD,1_0_16_10_0_FFFF_17E8FC5_0_0_0.png,onnewshd.png,38.2E,(102) 38.1E C-band Paksat 1R/MM1,Missing
PAKISTAN TV,1_0_19_5_1_1_17E0F1E_0_0_0.png,pakistantv.png,38.2E,(102) 38.1E C-band Paksat 1R/MM1,Missing
PTV-FEED,1_0_19_6_1_1_17E0000_0_0_0.png,ptvfeed.png,38.2E,(102) 38.1E C-band Paksat 1R/MM1,Missing
PTV-FEED,1_0_19_6_1_1_17E0F1E_0_0_0.png,ptvfeed.png,38.2E,(102) 38.1E C-band Paksat 1R/MM1,Missing
PTV-Home,1_0_19_1_1_1_17E0F1E_0_0_0.png,ptvhome.png,38.2E,(102) 38.1E C-band Paksat 1R/MM1,Missing
PTV-NEWS HD,1_0_19_2_1_1_17E0F1E_0_0_0.png,ptvnewshd.png,38.2E,(102) 38.1E C-band Paksat 1R/MM1,Missing
PTV-SPORTS-HD,1_0_1_4_1_1_17E0F1E_0_0_0.png,ptvsportshd.png,38.2E,(102) 38.1E C-band Paksat 1R/MM1,Missing
Paigham Pashto,1_0_16_6_1_FFFF_17E8F06_0_0_0.png,paighampashto.png,38.2E,(102) 38.1E C-band Paksat 1R/MM1,Missing
Paigham Urdu,1_0_19_1_0_1_17E0EBC_0_0_0.png,paighamurdu.png,38.2E,(102) 38.1E C-band Paksat 1R/MM1,Missing
Prime Asia Tv,1_0_16_6_0_FFFF_17E8FC5_0_0_0.png,primeasiatv.png,38.2E,(102) 38.1E C-band Paksat 1R/MM1,Missing
ROHI TV,1_0_1_4_1_FFFF_17E0EA4_0_0_0.png,rohitv.png,38.2E,(102) 38.1E C-band Paksat 1R/MM1,Missing
Radio_Apna & Nori,1_0_A_A_1_1_17E0F1E_0_0_0.png,radioapnanori.png,38.2E,(102) 38.1E C-band Paksat 1R/MM1,Missing
Radio_Pakistan-1,1_0_A_7_1_1_17E0F1E_0_0_0.png,radiopakistan1.png,38.2E,(102) 38.1E C-band Paksat 1R/MM1,Missing
Radio_Pakistan-2,1_0_A_9_1_1_17E0F1E_0_0_0.png,radiopakistan2.png,38.2E,(102) 38.1E C-band Paksat 1R/MM1,Missing
Radio_Sawat & Waziristan,1_0_A_8_1_1_17E0F1E_0_0_0.png,radiosawatwaziristan.png,38.2E,(102) 38.1E C-band Paksat 1R/MM1,Missing
S.MAX HD,1_0_16_8_0_FFFF_17E8FC5_0_0_0.png,smaxhd.png,38.2E,(102) 38.1E C-band Paksat 1R/MM1,Missing
STN TV,1_0_16_11_0_FFFF_17E8FC5_0_0_0.png,stntv.png,38.2E,(102) 38.1E C-band Paksat 1R/MM1,Missing
SUCH TV,1_0_1_1_1_FFFF_17E0EF6_0_0_0.png,suchtv.png,38.2E,(102) 38.1E C-band Paksat 1R/MM1,Missing
SUNO NEWS-HD,1_0_1_1_1_FFFF_17E0FE4_0_0_0.png,sunonewshd.png,38.2E,(102) 38.1E C-band Paksat 1R/MM1,Missing
Silver Screen N,1_0_16_E_0_FFFF_17E8FC5_0_0_0.png,silverscreenn.png,38.2E,(102) 38.1E C-band Paksat 1R/MM1,Missing
Suno,1_0_1_7020_381_381_17E0000_0_0_0.png,suno.png,38.2E,(102) 38.1E C-band Paksat 1R/MM1,Missing
Suno AJK,1_0_1_7021_381_381_17E0000_0_0_0.png,sunoajk.png,38.2E,(102) 38.1E C-band Paksat 1R/MM1,Missing
Suno GB,1_0_1_7022_381_381_17E0000_0_0_0.png,sunogb.png,38.2E,(102) 38.1E C-band Paksat 1R/MM1,Missing
Suno Sindh,1_0_1_7023_381_381_17E0000_0_0_0.png,sunosindh.png,38.2E,(102) 38.1E C-band Paksat 1R/MM1,Missing
Super Screen TV,1_0_16_9_1_FFFF_17E8F06_0_0_0.png,superscreentv.png,38.2E,(102) 38.1E C-band Paksat 1R/MM1,Missing
TLT DIGITAL USA,1_0_16_19_1_FFFF_17E8F06_0_0_0.png,tltdigitalusa.png,38.2E,(102) 38.1E C-band Paksat 1R/MM1,Missing
UK-44,1_0_1_5_1_FFFF_17E0EA4_0_0_0.png,uk44.png,38.2E,(102) 38.1E C-band Paksat 1R/MM1,Missing
VTV1,1_0_1_3E9_1_1_17E0E9D_0_0_0.png,vtv1.png,38.2E,(102) 38.1E C-band Paksat 1R/MM1,Missing
VTV2,1_0_1_3EA_1_1_17E0E9D_0_0_0.png,vtv2.png,38.2E,(102) 38.1E C-band Paksat 1R/MM1,Missing
cinemovie,1_0_16_A_0_FFFF_17E8FC5_0_0_0.png,cinemovie.png,38.2E,(102) 38.1E C-band Paksat 1R/MM1,Missing
filmasia,1_0_16_14_0_FFFF_17E8FC5_0_0_0.png,filmasia.png,38.2E,(102) 38.1E C-band Paksat 1R/MM1,Missing
11760H SID 0x65,1_0_C_65_3E9_0_1862DF0_0_0_0.png,11760hsid0x65.png,39.0E,(12) 39.0E KU-band Hellas Sat 3/4,Missing
11779H SID 0x66,1_0_C_66_3EA_0_1862E03_0_0_0.png,11779hsid0x66.png,39.0E,(12) 39.0E KU-band Hellas Sat 3/4,Missing
12328V SID 0xfffe,1_0_C_FFFE_2_1C_1860000_0_0_0.png,12328vsid0xfffe.png,39.0E,(12) 39.0E KU-band Hellas Sat 3/4,Missing
12565V SID 0xfffe,1_0_C_FFFE_E_1C_1860000_0_0_0.png,12565vsid0xfffe.png,39.0E,(12) 39.0E KU-band Hellas Sat 3/4,Missing
12688V SID 0xfffe,1_0_C_FFFE_11_1C_1860000_0_0_0.png,12688vsid0xfffe.png,39.0E,(12) 39.0E KU-band Hellas Sat 3/4,Missing
39.0E-Hellas Sat DTT mux 1@PID4096PLP0 Feed Service (PLS2421,1_0_1_336_DFC5_1_1860000_0_0_0.png,390ehellassatdttmux1pid4096plp0feedservicepls2421.png,39.0E,(12) 39.0E KU-band Hellas Sat 3/4,Missing
39.0E-Hellas Sat DTT mux 2@PID4096PLP0 Feed Service (PLS2421,1_0_1_337_DFD8_1_1860000_0_0_0.png,390ehellassatdttmux2pid4096plp0feedservicepls2421.png,39.0E,(12) 39.0E KU-band Hellas Sat 3/4,Missing
Antena Stars HD,1_0_19_2BE_146C_A7_1860000_0_0_0.png,antenastarshd.png,39.0E,(12) 39.0E KU-band Hellas Sat 3/4,Missing
BG+,1_0_16_154_1_1_1862FEF_0_0_0.png,bg.png,39.0E,(12) 39.0E KU-band Hellas Sat 3/4,Missing
BG+,1_0_1F_47D_B11_39E_1860000_0_0_0.png,bg.png,39.0E,(12) 39.0E KU-band Hellas Sat 3/4,Missing
Cinemaraton HD,1_0_19_2C0_146C_A7_1860000_0_0_0.png,cinemaratonhd.png,39.0E,(12) 39.0E KU-band Hellas Sat 3/4,Missing
Cinestar 1 HD,1_0_19_1A2_1_1_1862FEF_0_0_0.png,cinestar1hd.png,39.0E,(12) 39.0E KU-band Hellas Sat 3/4,Missing
Cinestar Action&Thriller,1_0_19_1A3_1_1_1862FEF_0_0_0.png,cinestaractionthriller.png,39.0E,(12) 39.0E KU-band Hellas Sat 3/4,Missing
Crime & Investigations,1_0_16_10B_1_1_1862FEF_0_0_0.png,crimeinvestigations.png,39.0E,(12) 39.0E KU-band Hellas Sat 3/4,Missing
Darik Radio,1_0_2_35_2_1_1860000_0_0_0.png,darikradio.png,39.0E,(12) 39.0E KU-band Hellas Sat 3/4,Missing
"Deftero 103,7",1_0_2_16_2_212C_1860000_0_0_0.png,deftero1037.png,39.0E,(12) 39.0E KU-band Hellas Sat 3/4,Missing
Deftero Paradosiaka,1_0_2_E_2_212C_1860000_0_0_0.png,defteroparadosiaka.png,39.0E,(12) 39.0E KU-band Hellas Sat 3/4,Missing
DefteroLaika,1_0_2_17_2_212C_1860000_0_0_0.png,defterolaika.png,39.0E,(12) 39.0E KU-band Hellas Sat 3/4,Missing
Diema Family HD,1_0_1F_E3_B2_39E_1860000_0_0_0.png,diemafamilyhd.png,39.0E,(12) 39.0E KU-band Hellas Sat 3/4,Missing
Diema HD,1_0_1F_71_B1_39E_1860000_0_0_0.png,diemahd.png,39.0E,(12) 39.0E KU-band Hellas Sat 3/4,Missing
ERT News HD,1_0_1_29_2_212C_1860000_0_0_0.png,ertnewshd.png,39.0E,(12) 39.0E KU-band Hellas Sat 3/4,Missing
ERT World HD,1_0_1_161_A_A_1860000_0_0_0.png,ertworldhd.png,39.0E,(12) 39.0E KU-band Hellas Sat 3/4,Missing
Era Sport,1_0_2_1F_2_212C_1860000_0_0_0.png,erasport.png,39.0E,(12) 39.0E KU-band Hellas Sat 3/4,Missing
ErtNews Radio,1_0_2_B_2_212C_1860000_0_0_0.png,ertnewsradio.png,39.0E,(12) 39.0E KU-band Hellas Sat 3/4,Missing
Film+,1_0_1_112_E_1C_1860000_0_0_0.png,film.png,39.0E,(12) 39.0E KU-band Hellas Sat 3/4,Missing
Fix&Foxi,1_0_1F_F6_B2_39E_1860000_0_0_0.png,fixfoxi.png,39.0E,(12) 39.0E KU-band Hellas Sat 3/4,Missing
Happy Channel HD,1_0_19_204_1_1C_1860000_0_0_0.png,happychannelhd.png,39.0E,(12) 39.0E KU-band Hellas Sat 3/4,Missing
Kino Nova HD,1_0_1F_E0_B2_39E_1860000_0_0_0.png,kinonovahd.png,39.0E,(12) 39.0E KU-band Hellas Sat 3/4,Missing
Klan Plus HD,1_0_1_1676_3FC_39E_1860000_0_0_0.png,klanplushd.png,39.0E,(12) 39.0E KU-band Hellas Sat 3/4,Missing
Kosmos Jazz,1_0_2_22_2_212C_1860000_0_0_0.png,kosmosjazz.png,39.0E,(12) 39.0E KU-band Hellas Sat 3/4,Missing
NG Wild HD,1_0_19_D2_5_1_1860000_0_0_0.png,ngwildhd.png,39.0E,(12) 39.0E KU-band Hellas Sat 3/4,Missing
NRG RADIO,1_0_2_1B64_3F2_39E_1860000_0_0_0.png,nrgradio.png,39.0E,(12) 39.0E KU-band Hellas Sat 3/4,Missing
Nova TV HD,1_0_1F_6F_B1_39E_1860000_0_0_0.png,novatvhd.png,39.0E,(12) 39.0E KU-band Hellas Sat 3/4,Missing
OTA A1 BG,1_0_C_4AF_B11_39E_1860000_0_0_0.png,otaa1bg.png,39.0E,(12) 39.0E KU-band Hellas Sat 3/4,Missing
OTA A1 BG DTS3495,1_0_C_4AE_B11_39E_1860000_0_0_0.png,otaa1bgdts3495.png,39.0E,(12) 39.0E KU-band Hellas Sat 3/4,Missing
Orange Sport 1 HD,1_0_19_11D_2_1C_1860000_0_0_0.png,orangesport1hd.png,39.0E,(12) 39.0E KU-band Hellas Sat 3/4,Missing
PRO CINEMA HD,1_0_19_20A_1_1C_1860000_0_0_0.png,procinemahd.png,39.0E,(12) 39.0E KU-band Hellas Sat 3/4,Missing
PRO TV HD,1_0_19_115_2_1C_1860000_0_0_0.png,protvhd.png,39.0E,(12) 39.0E KU-band Hellas Sat 3/4,Missing
Pickbox TV HD,1_0_19_DE_2_1_1860000_0_0_0.png,pickboxtvhd.png,39.0E,(12) 39.0E KU-band Hellas Sat 3/4,Missing
Prima Sport 1 HD,1_0_19_208_1_1C_1860000_0_0_0.png,primasport1hd.png,39.0E,(12) 39.0E KU-band Hellas Sat 3/4,Missing
Prima Sport 3 HD,1_0_19_2C1_146C_A7_1860000_0_0_0.png,primasport3hd.png,39.0E,(12) 39.0E KU-band Hellas Sat 3/4,Missing
Prima Sport 4 HD,1_0_19_2C2_1_1C_1860000_0_0_0.png,primasport4hd.png,39.0E,(12) 39.0E KU-band Hellas Sat 3/4,Missing
RING.BG HD,1_0_1F_459_B11_39E_1860000_0_0_0.png,ringbghd.png,39.0E,(12) 39.0E KU-band Hellas Sat 3/4,Missing
Radio 1 Rock,1_0_2_32_2_1_1860000_0_0_0.png,radio1rock.png,39.0E,(12) 39.0E KU-band Hellas Sat 3/4,Missing
Radio Payner,1_0_2_37_2_1_1860000_0_0_0.png,radiopayner.png,39.0E,(12) 39.0E KU-band Hellas Sat 3/4,Missing
Radio Romantic,1_0_2_38_0_16E_1860000_0_0_0.png,radioromantic.png,39.0E,(12) 39.0E KU-band Hellas Sat 3/4,Missing
Radio Zu,1_0_2_37_0_16E_1860000_0_0_0.png,radiozu.png,39.0E,(12) 39.0E KU-band Hellas Sat 3/4,Missing
Soul&Pepper,1_0_1F_460_B11_39E_1860000_0_0_0.png,soulpepper.png,39.0E,(12) 39.0E KU-band Hellas Sat 3/4,Missing
TVR Info HD,1_0_19_20B_1_1C_1860000_0_0_0.png,tvrinfohd.png,39.0E,(12) 39.0E KU-band Hellas Sat 3/4,Missing
Trito Maestro,1_0_2_D_2_212C_1860000_0_0_0.png,tritomaestro.png,39.0E,(12) 39.0E KU-band Hellas Sat 3/4,Missing
bTV Story HD,1_0_1F_7A_B1_39E_1860000_0_0_0.png,btvstoryhd.png,39.0E,(12) 39.0E KU-band Hellas Sat 3/4,Missing
radio Magic FM,1_0_2_F1_2_1_1860000_0_0_0.png,radiomagicfm.png,39.0E,(12) 39.0E KU-band Hellas Sat 3/4,Missing
radio Veselina E,1_0_2_EF_2_1_1860000_0_0_0.png,radioveselinae.png,39.0E,(12) 39.0E KU-band Hellas Sat 3/4,Missing
radio Veselina N,1_0_2_F3_2_1_1860000_0_0_0.png,radioveselinan.png,39.0E,(12) 39.0E KU-band Hellas Sat 3/4,Missing
radio Veselina S,1_0_2_F4_2_1_1860000_0_0_0.png,radioveselinas.png,39.0E,(12) 39.0E KU-band Hellas Sat 3/4,Missing
radio Veselina W,1_0_2_F0_2_1_1860000_0_0_0.png,radioveselinaw.png,39.0E,(12) 39.0E KU-band Hellas Sat 3/4,Missing
radio Vitosha E,1_0_2_ED_2_1_1860000_0_0_0.png,radiovitoshae.png,39.0E,(12) 39.0E KU-band Hellas Sat 3/4,Missing
radio Vitosha W,1_0_2_EE_2_1_1860000_0_0_0.png,radiovitoshaw.png,39.0E,(12) 39.0E KU-band Hellas Sat 3/4,Missing
11513H SID 0x01,1_0_1_1_0_0_1900000_0_0_0.png,11513hsid0x01.png,40.0E,(13) 40.0E KU-band Express AM7,Missing
3992V SID 0x320,1_0_64_320_3A2_0_1910000_0_0_0.png,3992vsid0x320.png,40.1E,(103) 40.0E C-band Express AM7,Missing
40.1E-RTRS 1@PID4096PLP0 Feed Service,1_0_1_33E_E51_1_1910000_0_0_0.png,401ertrs1pid4096plp0feedservice.png,40.1E,(103) 40.0E C-band Express AM7,Missing
40.1E-RTRS 1@PID4096PLP1 Feed Service,1_0_1_33F_E51_1_1910000_0_0_0.png,401ertrs1pid4096plp1feedservice.png,40.1E,(103) 40.0E C-band Express AM7,Missing
40.1E-RTRS 2@PID4096PLP0 Feed Service,1_0_1_340_E65_1_1910000_0_0_0.png,401ertrs2pid4096plp0feedservice.png,40.1E,(103) 40.0E C-band Express AM7,Missing
40.1E-RTRS Arkhangelsk@PID4096PLP1 Feed Service,1_0_1_345_E97_1_1910000_0_0_0.png,401ertrsarkhangelskpid4096plp1feedservice.png,40.1E,(103) 40.0E C-band Express AM7,Missing
40.1E-RTRS Belgorod@PID4100PLP1 Feed Service,1_0_1_355_F26_1_1910000_0_0_0.png,401ertrsbelgorodpid4100plp1feedservice.png,40.1E,(103) 40.0E C-band Express AM7,Missing
40.1E-RTRS Bryansk@PID4096PLP1 Feed Service,1_0_1_354_F20_1_1910000_0_0_0.png,401ertrsbryanskpid4096plp1feedservice.png,40.1E,(103) 40.0E C-band Express AM7,Missing
40.1E-RTRS Cheboksary@PID4096PLP1 Feed Service,1_0_1_34A_EC9_1_1910000_0_0_0.png,401ertrscheboksarypid4096plp1feedservice.png,40.1E,(103) 40.0E C-band Express AM7,Missing
40.1E-RTRS Chechnya@PID4096PLP1 Feed Service,1_0_1_35D_F7D_1_1910000_0_0_0.png,401ertrschechnyapid4096plp1feedservice.png,40.1E,(103) 40.0E C-band Express AM7,Missing
40.1E-RTRS Cherkessk@PID4096PLP1 Feed Service,1_0_1_353_F19_1_1910000_0_0_0.png,401ertrscherkesskpid4096plp1feedservice.png,40.1E,(103) 40.0E C-band Express AM7,Missing
40.1E-RTRS Elista@PID4096PLP1 Feed Service,1_0_1_348_EBC_1_1910000_0_0_0.png,401ertrselistapid4096plp1feedservice.png,40.1E,(103) 40.0E C-band Express AM7,Missing
40.1E-RTRS Ivanovo@PID4096PLP1 Feed Service,1_0_1_356_F2D_1_1910000_0_0_0.png,401ertrsivanovopid4096plp1feedservice.png,40.1E,(103) 40.0E C-band Express AM7,Missing
40.1E-RTRS Kabardino Balkarija@PID4096PLP1 Feed Service,1_0_1_34C_EE0_1_1910000_0_0_0.png,401ertrskabardinobalkarijapid4096plp1feedservice.png,40.1E,(103) 40.0E C-band Express AM7,Missing
40.1E-RTRS Kaluga@PID4096PLP1 Feed Service,1_0_1_33A_E26_1_1910000_0_0_0.png,401ertrskalugapid4096plp1feedservice.png,40.1E,(103) 40.0E C-band Express AM7,Missing
40.1E-RTRS Karelija@PID4096PLP1 Feed Service,1_0_1_33B_E2C_1_1910000_0_0_0.png,401ertrskarelijapid4096plp1feedservice.png,40.1E,(103) 40.0E C-band Express AM7,Missing
40.1E-RTRS Kirov@PID4096PLP1 Feed Service,1_0_1_357_F34_1_1910000_0_0_0.png,401ertrskirovpid4096plp1feedservice.png,40.1E,(103) 40.0E C-band Express AM7,Missing
40.1E-RTRS Kostroma@PID4096PLP1 Feed Service,1_0_1_359_F4B_1_1910000_0_0_0.png,401ertrskostromapid4096plp1feedservice.png,40.1E,(103) 40.0E C-band Express AM7,Missing
40.1E-RTRS Lipetsk@PID4096PLP1 Feed Service,1_0_1_346_EAE_1_1910000_0_0_0.png,401ertrslipetskpid4096plp1feedservice.png,40.1E,(103) 40.0E C-band Express AM7,Missing
40.1E-RTRS Makhachkala@PID4096PLP1 Feed Service,1_0_1_342_E83_1_1910000_0_0_0.png,401ertrsmakhachkalapid4096plp1feedservice.png,40.1E,(103) 40.0E C-band Express AM7,Missing
40.1E-RTRS Mari El@PID4096PLP1 Feed Service,1_0_1_341_E7D_1_1910000_0_0_0.png,401ertrsmarielpid4096plp1feedservice.png,40.1E,(103) 40.0E C-band Express AM7,Missing
40.1E-RTRS Maykop@PID4096PLP1 Feed Service,1_0_1_350_EFB_1_1910000_0_0_0.png,401ertrsmaykoppid4096plp1feedservice.png,40.1E,(103) 40.0E C-band Express AM7,Missing
40.1E-RTRS Mordovia@PID4096PLP1 Feed Service,1_0_1_349_EC2_1_1910000_0_0_0.png,401ertrsmordoviapid4096plp1feedservice.png,40.1E,(103) 40.0E C-band Express AM7,Missing
40.1E-RTRS Murmansk@PID4096PLP1 Feed Service,1_0_1_33C_E33_1_1910000_0_0_0.png,401ertrsmurmanskpid4096plp1feedservice.png,40.1E,(103) 40.0E C-band Express AM7,Missing
40.1E-RTRS Naryan-Mar@PID4096PLP1 Feed Service,1_0_1_35A_F52_1_1910000_0_0_0.png,401ertrsnaryanmarpid4096plp1feedservice.png,40.1E,(103) 40.0E C-band Express AM7,Missing
40.1E-RTRS Nazran@PID4096PLP1 Feed Service,1_0_1_34E_EEE_1_1910000_0_0_0.png,401ertrsnazranpid4096plp1feedservice.png,40.1E,(103) 40.0E C-band Express AM7,Missing
40.1E-RTRS Nizhny Novgorod@PID4096PLP1 Feed Service,1_0_1_35C_F66_1_1910000_0_0_0.png,401ertrsnizhnynovgorodpid4096plp1feedservice.png,40.1E,(103) 40.0E C-band Express AM7,Missing
40.1E-RTRS Orel@PID4096PLP1 Feed Service,1_0_1_352_F12_1_1910000_0_0_0.png,401ertrsorelpid4096plp1feedservice.png,40.1E,(103) 40.0E C-band Express AM7,Missing
40.1E-RTRS Penza@PID4096PLP1 Feed Service,1_0_1_344_E90_1_1910000_0_0_0.png,401ertrspenzapid4096plp1feedservice.png,40.1E,(103) 40.0E C-band Express AM7,Missing
40.1E-RTRS Pskov@PID4096PLP1 Feed Service,1_0_1_360_F91_1_1910000_0_0_0.png,401ertrspskovpid4096plp1feedservice.png,40.1E,(103) 40.0E C-band Express AM7,Missing
40.1E-RTRS Rostov@PID4096PLP1 Feed Service,1_0_1_35F_F8A_1_1910000_0_0_0.png,401ertrsrostovpid4096plp1feedservice.png,40.1E,(103) 40.0E C-band Express AM7,Missing
40.1E-RTRS Ryazan@PID4096PLP1 Feed Service,1_0_1_343_E8A_1_1910000_0_0_0.png,401ertrsryazanpid4096plp1feedservice.png,40.1E,(103) 40.0E C-band Express AM7,Missing
40.1E-RTRS Stavropol@PID4096PLP1 Feed Service,1_0_1_338_E18_1_1910000_0_0_0.png,401ertrsstavropolpid4096plp1feedservice.png,40.1E,(103) 40.0E C-band Express AM7,Missing
40.1E-RTRS Syktyvkar@PID4096PLP1 Feed Service,1_0_1_34D_EE7_1_1910000_0_0_0.png,401ertrssyktyvkarpid4096plp1feedservice.png,40.1E,(103) 40.0E C-band Express AM7,Missing
40.1E-RTRS Tambov@PID4096PLP1 Feed Service,1_0_1_347_EB5_1_1910000_0_0_0.png,401ertrstambovpid4096plp1feedservice.png,40.1E,(103) 40.0E C-band Express AM7,Missing
40.1E-RTRS Tatarstan@PID4096PLP1 Feed Service,1_0_1_35B_F58_1_1910000_0_0_0.png,401ertrstatarstanpid4096plp1feedservice.png,40.1E,(103) 40.0E C-band Express AM7,Missing
40.1E-RTRS Tula@PID4096PLP1 Feed Service,1_0_1_339_E1F_1_1910000_0_0_0.png,401ertrstulapid4096plp1feedservice.png,40.1E,(103) 40.0E C-band Express AM7,Missing
40.1E-RTRS Tver@PID4096PLP1 Feed Service,1_0_1_361_F98_1_1910000_0_0_0.png,401ertrstverpid4096plp1feedservice.png,40.1E,(103) 40.0E C-band Express AM7,Missing
40.1E-RTRS Velikiy Novgorod@PID4096PLP1 Feed Service,1_0_1_34B_ED0_1_1910000_0_0_0.png,401ertrsvelikiynovgorodpid4096plp1feedservice.png,40.1E,(103) 40.0E C-band Express AM7,Missing
40.1E-RTRS Vladikavkaz@PID4096PLP1 Feed Service,1_0_1_358_F44_1_1910000_0_0_0.png,401ertrsvladikavkazpid4096plp1feedservice.png,40.1E,(103) 40.0E C-band Express AM7,Missing
40.1E-RTRS Vladimir@PID4096PLP1 Feed Service,1_0_1_351_F02_1_1910000_0_0_0.png,401ertrsvladimirpid4096plp1feedservice.png,40.1E,(103) 40.0E C-band Express AM7,Missing
40.1E-RTRS Volgograd@PID4096PLP1 Feed Service,1_0_1_35E_F84_1_1910000_0_0_0.png,401ertrsvolgogradpid4096plp1feedservice.png,40.1E,(103) 40.0E C-band Express AM7,Missing
40.1E-RTRS Vologda@PID4096PLP1 Feed Service,1_0_1_34F_EF4_1_1910000_0_0_0.png,401ertrsvologdapid4096plp1feedservice.png,40.1E,(103) 40.0E C-band Express AM7,Missing
40.1E-RTRS Voronezh@PID4096PLP1 Feed Service,1_0_1_33D_E3B_1_1910000_0_0_0.png,401ertrsvoronezhpid4096plp1feedservice.png,40.1E,(103) 40.0E C-band Express AM7,Missing
Alania FM,1_0_2_1_2_FFFF_1910000_0_0_0.png,alaniafm.png,40.1E,(103) 40.0E C-band Express AM7,Missing
T2_MI_0_Mordovia,1_0_C_320_1_1_1910000_0_0_0.png,t2mi0mordovia.png,40.1E,(103) 40.0E C-band Express AM7,Missing
12034V SID 0x2816,1_0_C_2816_3_42_1A40000_0_0_0.png,12034vsid0x2816.png,42.0E,(14) 42.0E KU-band Türksat 3A/4A/5B/6A,Missing
12188V SID 0xfffe,1_0_C_FFFE_9_42_1A40000_0_0_0.png,12188vsid0xfffe.png,42.0E,(14) 42.0E KU-band Türksat 3A/4A/5B/6A,Missing
45'lik,1_0_2_564_3_42_1A40000_0_0_0.png,45lik.png,42.0E,(14) 42.0E KU-band Türksat 3A/4A/5B/6A,Missing
5+1 CONCERTS,1_0_2_14E3_A929_2A_1A40000_0_0_0.png,51concerts.png,42.0E,(14) 42.0E KU-band Türksat 3A/4A/5B/6A,Missing
80'S HITS,1_0_2_14C0_A929_2A_1A40000_0_0_0.png,80shits.png,42.0E,(14) 42.0E KU-band Türksat 3A/4A/5B/6A,Missing
90'S HITS,1_0_2_14BF_A929_2A_1A40000_0_0_0.png,90shits.png,42.0E,(14) 42.0E KU-band Türksat 3A/4A/5B/6A,Missing
A HABER RADYO,1_0_2_2844_9F61_42E_1A40000_0_0_0.png,ahaberradyo.png,42.0E,(14) 42.0E KU-band Türksat 3A/4A/5B/6A,Missing
A SPOR RADYO,1_0_2_2845_9F61_42E_1A40000_0_0_0.png,asporradyo.png,42.0E,(14) 42.0E KU-band Türksat 3A/4A/5B/6A,Missing
AMERICA'S CLASSICS,1_0_2_14C3_A929_2A_1A40000_0_0_0.png,americasclassics.png,42.0E,(14) 42.0E KU-band Türksat 3A/4A/5B/6A,Missing
ANK_RAD 1.KANAL,1_0_2_B_1_2A_1A40000_0_0_0.png,ankrad1kanal.png,42.0E,(14) 42.0E KU-band Türksat 3A/4A/5B/6A,Missing
ANK_RAD 2.KANAL,1_0_2_C_1_2A_1A40000_0_0_0.png,ankrad2kanal.png,42.0E,(14) 42.0E KU-band Türksat 3A/4A/5B/6A,Missing
Antalya Radyosu,1_0_2_11_3D_2A_1A40000_0_0_0.png,antalyaradyosu.png,42.0E,(14) 42.0E KU-band Türksat 3A/4A/5B/6A,Missing
Antalya Radyosu,1_0_2_291E_9D6D_42E_1A40000_0_0_0.png,antalyaradyosu.png,42.0E,(14) 42.0E KU-band Türksat 3A/4A/5B/6A,Missing
BAYRAK FM,1_0_2_C3C7_A475_42E_1A40000_0_0_0.png,bayrakfm.png,42.0E,(14) 42.0E KU-band Türksat 3A/4A/5B/6A,Missing
BENGÜ TÜRK HD,1_0_19_CA66_7B0E_42E_1A40000_0_0_0.png,bengtrkhd.png,42.0E,(14) 42.0E KU-band Türksat 3A/4A/5B/6A,Missing
BLOOMBERGHT INTERCOM,1_0_2_2BC5_7DC9_42E_1A40000_0_0_0.png,bloomberghtintercom.png,42.0E,(14) 42.0E KU-band Türksat 3A/4A/5B/6A,Missing
BLOOMBERGHT RD,1_0_2_2BC3_7DC9_42E_1A40000_0_0_0.png,bloomberghtrd.png,42.0E,(14) 42.0E KU-band Türksat 3A/4A/5B/6A,Missing
BLUES,1_0_2_14CA_A929_2A_1A40000_0_0_0.png,blues.png,42.0E,(14) 42.0E KU-band Türksat 3A/4A/5B/6A,Missing
BRT RADYO,1_0_2_C3C6_A475_42E_1A40000_0_0_0.png,brtradyo.png,42.0E,(14) 42.0E KU-band Türksat 3A/4A/5B/6A,Missing
CAGRI FM,1_0_2_C698_7660_42E_1A40000_0_0_0.png,cagrifm.png,42.0E,(14) 42.0E KU-band Türksat 3A/4A/5B/6A,Missing
CAM - OAD,1_0_F0_F34_A989_42E_1A40000_0_0_0.png,camoad.png,42.0E,(14) 42.0E KU-band Türksat 3A/4A/5B/6A,Missing
CGTN HD,1_0_11_4273_78B5_2A_1A40000_0_0_0.png,cgtnhd.png,42.0E,(14) 42.0E KU-band Türksat 3A/4A/5B/6A,Missing
CHILL OUT / LOUNGE,1_0_2_14CF_A929_2A_1A40000_0_0_0.png,chilloutlounge.png,42.0E,(14) 42.0E KU-band Türksat 3A/4A/5B/6A,Missing
CLASSICAL MUSIC,1_0_2_14C4_A929_2A_1A40000_0_0_0.png,classicalmusic.png,42.0E,(14) 42.0E KU-band Türksat 3A/4A/5B/6A,Missing
CNN TÜRK,1_0_1_515_3_42_1A40000_0_0_0.png,cnntrk.png,42.0E,(14) 42.0E KU-band Türksat 3A/4A/5B/6A,Missing
CNN TÜRK HD,1_0_19_6A6_7_42_1A40000_0_0_0.png,cnntrkhd.png,42.0E,(14) 42.0E KU-band Türksat 3A/4A/5B/6A,Missing
CNN TÜRK RADYO,1_0_2_55B_3_42_1A40000_0_0_0.png,cnntrkradyo.png,42.0E,(14) 42.0E KU-band Türksat 3A/4A/5B/6A,Missing
CONCERTS,1_0_2_14C2_A929_2A_1A40000_0_0_0.png,concerts.png,42.0E,(14) 42.0E KU-band Türksat 3A/4A/5B/6A,Missing
Cukurova Radyosu,1_0_2_12_3D_2A_1A40000_0_0_0.png,cukurovaradyosu.png,42.0E,(14) 42.0E KU-band Türksat 3A/4A/5B/6A,Missing
Cukurova Radyosu,1_0_2_291F_9D6D_42E_1A40000_0_0_0.png,cukurovaradyosu.png,42.0E,(14) 42.0E KU-band Türksat 3A/4A/5B/6A,Missing
DA VINCI HD,1_0_11_4207_A929_2A_1A40000_0_0_0.png,davincihd.png,42.0E,(14) 42.0E KU-band Türksat 3A/4A/5B/6A,Missing
DIS YAY ORTA DALGA ARAPCA,1_0_2_1C_3D_2A_1A40000_0_0_0.png,disyayortadalgaarapca.png,42.0E,(14) 42.0E KU-band Türksat 3A/4A/5B/6A,Missing
DIYALOG FM,1_0_2_C634_A3AD_42E_1A40000_0_0_0.png,diyalogfm.png,42.0E,(14) 42.0E KU-band Türksat 3A/4A/5B/6A,Missing
DREAM TÜRK,1_0_19_6AA_7_42_1A40000_0_0_0.png,dreamtrk.png,42.0E,(14) 42.0E KU-band Türksat 3A/4A/5B/6A,Missing
DREAMY,1_0_2_14D4_A929_2A_1A40000_0_0_0.png,dreamy.png,42.0E,(14) 42.0E KU-band Türksat 3A/4A/5B/6A,Missing
DT 9103,1_0_81_3CBA_C5A8_2A_1A40000_0_0_0.png,dt9103.png,42.0E,(14) 42.0E KU-band Türksat 3A/4A/5B/6A,Missing
DT5103,1_0_81_3CAE_C5A8_2A_1A40000_0_0_0.png,dt5103.png,42.0E,(14) 42.0E KU-band Türksat 3A/4A/5B/6A,Missing
DT61420UHD REPLACEMENT,1_0_81_4083_9FC5_2A_1A40000_0_0_0.png,dt61420uhdreplacement.png,42.0E,(14) 42.0E KU-band Türksat 3A/4A/5B/6A,Missing
DT9502R,1_0_81_3CB8_C5A8_2A_1A40000_0_0_0.png,dt9502r.png,42.0E,(14) 42.0E KU-band Türksat 3A/4A/5B/6A,Missing
DT9505R,1_0_81_3CA9_C5A8_2A_1A40000_0_0_0.png,dt9505r.png,42.0E,(14) 42.0E KU-band Türksat 3A/4A/5B/6A,Missing
DVBSSU 403,1_0_81_3750_4E85_2A_1A40000_0_0_0.png,dvbssu403.png,42.0E,(14) 42.0E KU-band Türksat 3A/4A/5B/6A,Missing
DVBSSU test 1,1_0_81_3CB4_C5A8_2A_1A40000_0_0_0.png,dvbssutest1.png,42.0E,(14) 42.0E KU-band Türksat 3A/4A/5B/6A,Missing
DVBSSU_9104,1_0_81_3CBB_C5A8_2A_1A40000_0_0_0.png,dvbssu9104.png,42.0E,(14) 42.0E KU-band Türksat 3A/4A/5B/6A,Missing
EKOL TV HD,1_0_19_CBF7_A925_42E_1A40000_0_0_0.png,ekoltvhd.png,42.0E,(14) 42.0E KU-band Türksat 3A/4A/5B/6A,Missing
EKİNTÜRK TV,1_0_1_53F_3_42_1A40000_0_0_0.png,ekintrktv.png,42.0E,(14) 42.0E KU-band Türksat 3A/4A/5B/6A,Missing
ENERGETIC,1_0_2_14C6_A929_2A_1A40000_0_0_0.png,energetic.png,42.0E,(14) 42.0E KU-band Türksat 3A/4A/5B/6A,Missing
EPG DU 10,1_0_82_1BB3_9_42_1A40000_0_0_0.png,epgdu10.png,42.0E,(14) 42.0E KU-band Türksat 3A/4A/5B/6A,Missing
EPG DU 11,1_0_82_1BB4_9_42_1A40000_0_0_0.png,epgdu11.png,42.0E,(14) 42.0E KU-band Türksat 3A/4A/5B/6A,Missing
EPG DU 12,1_0_82_1BB5_9_42_1A40000_0_0_0.png,epgdu12.png,42.0E,(14) 42.0E KU-band Türksat 3A/4A/5B/6A,Missing
EPG DU 13,1_0_82_1BB6_9_42_1A40000_0_0_0.png,epgdu13.png,42.0E,(14) 42.0E KU-band Türksat 3A/4A/5B/6A,Missing
EPG DU 14,1_0_82_1BB7_9_42_1A40000_0_0_0.png,epgdu14.png,42.0E,(14) 42.0E KU-band Türksat 3A/4A/5B/6A,Missing
EPG DU 15,1_0_82_1BB8_9_42_1A40000_0_0_0.png,epgdu15.png,42.0E,(14) 42.0E KU-band Türksat 3A/4A/5B/6A,Missing
EPG DU 2 (SD 306),1_0_82_1B6C_9_42_1A40000_0_0_0.png,epgdu2sd306.png,42.0E,(14) 42.0E KU-band Türksat 3A/4A/5B/6A,Missing
EPG DU 4 (HD),1_0_82_1B80_9_42_1A40000_0_0_0.png,epgdu4hd.png,42.0E,(14) 42.0E KU-band Türksat 3A/4A/5B/6A,Missing
EPG DU 6,1_0_82_1B94_9_42_1A40000_0_0_0.png,epgdu6.png,42.0E,(14) 42.0E KU-band Türksat 3A/4A/5B/6A,Missing
EPG DU 7,1_0_82_1B9E_9_42_1A40000_0_0_0.png,epgdu7.png,42.0E,(14) 42.0E KU-band Türksat 3A/4A/5B/6A,Missing
EPG DU 8,1_0_82_1BA8_9_42_1A40000_0_0_0.png,epgdu8.png,42.0E,(14) 42.0E KU-band Türksat 3A/4A/5B/6A,Missing
EPG DU 9,1_0_82_1BB2_9_42_1A40000_0_0_0.png,epgdu9.png,42.0E,(14) 42.0E KU-band Türksat 3A/4A/5B/6A,Missing
EPG DU QAM,1_0_82_1B8A_9_42_1A40000_0_0_0.png,epgduqam.png,42.0E,(14) 42.0E KU-band Türksat 3A/4A/5B/6A,Missing
EPG DU Targeting112,1_0_82_1B62_9_42_1A40000_0_0_0.png,epgdutargeting112.png,42.0E,(14) 42.0E KU-band Türksat 3A/4A/5B/6A,Missing
EURO D HD,1_0_19_51D_3_42_1A40000_0_0_0.png,eurodhd.png,42.0E,(14) 42.0E KU-band Türksat 3A/4A/5B/6A,Missing
Erzurum Radyosu,1_0_2_13_3D_2A_1A40000_0_0_0.png,erzurumradyosu.png,42.0E,(14) 42.0E KU-band Türksat 3A/4A/5B/6A,Missing
Erzurum Radyosu,1_0_2_2920_9D6D_42E_1A40000_0_0_0.png,erzurumradyosu.png,42.0E,(14) 42.0E KU-band Türksat 3A/4A/5B/6A,Missing
GREEK SONGS,1_0_2_14EA_A929_2A_1A40000_0_0_0.png,greeksongs.png,42.0E,(14) 42.0E KU-band Türksat 3A/4A/5B/6A,Missing
GROOVE (DISCO & FUNK),1_0_1_796_9_42_1A40000_0_0_0.png,groovediscofunk.png,42.0E,(14) 42.0E KU-band Türksat 3A/4A/5B/6A,Missing
HABERTURK INTERCOM,1_0_2_2BC4_7DC9_42E_1A40000_0_0_0.png,haberturkintercom.png,42.0E,(14) 42.0E KU-band Türksat 3A/4A/5B/6A,Missing
HD3501,1_0_81_3CAF_C5A8_2A_1A40000_0_0_0.png,hd3501.png,42.0E,(14) 42.0E KU-band Türksat 3A/4A/5B/6A,Missing
HG INTERCOM,1_0_2_CA81_7B0E_42E_1A40000_0_0_0.png,hgintercom.png,42.0E,(14) 42.0E KU-band Türksat 3A/4A/5B/6A,Missing
HIP HOP R&B,1_0_2_14D0_A929_2A_1A40000_0_0_0.png,hiphoprb.png,42.0E,(14) 42.0E KU-band Türksat 3A/4A/5B/6A,Missing
HM9504R,1_0_81_3CAD_C5A8_2A_1A40000_0_0_0.png,hm9504r.png,42.0E,(14) 42.0E KU-band Türksat 3A/4A/5B/6A,Missing
HM9506HD Replacement,1_0_81_3CB2_C5A8_2A_1A40000_0_0_0.png,hm9506hdreplacement.png,42.0E,(14) 42.0E KU-band Türksat 3A/4A/5B/6A,Missing
HOTTEST HITS,1_0_2_14BC_A929_2A_1A40000_0_0_0.png,hottesthits.png,42.0E,(14) 42.0E KU-band Türksat 3A/4A/5B/6A,Missing
HT SPOR HD,1_0_1_2BC7_7DC9_42E_1A40000_0_0_0.png,htsporhd.png,42.0E,(14) 42.0E KU-band Türksat 3A/4A/5B/6A,Missing
HT SPOR INTERCOM,1_0_2_2B60_A1BA_42E_1A40000_0_0_0.png,htsporintercom.png,42.0E,(14) 42.0E KU-band Türksat 3A/4A/5B/6A,Missing
HT SPOR RADYO,1_0_2_2B5E_A1BA_42E_1A40000_0_0_0.png,htsporradyo.png,42.0E,(14) 42.0E KU-band Türksat 3A/4A/5B/6A,Missing
IN LOVE,1_0_2_14BE_A929_2A_1A40000_0_0_0.png,inlove.png,42.0E,(14) 42.0E KU-band Türksat 3A/4A/5B/6A,Missing
INT 1,1_0_2_2846_9F61_42E_1A40000_0_0_0.png,int1.png,42.0E,(14) 42.0E KU-band Türksat 3A/4A/5B/6A,Missing
INT 2,1_0_2_2847_9F61_42E_1A40000_0_0_0.png,int2.png,42.0E,(14) 42.0E KU-band Türksat 3A/4A/5B/6A,Missing
INT 3,1_0_2_2848_9F61_42E_1A40000_0_0_0.png,int3.png,42.0E,(14) 42.0E KU-band Türksat 3A/4A/5B/6A,Missing
INT 4,1_0_2_284C_9F61_42E_1A40000_0_0_0.png,int4.png,42.0E,(14) 42.0E KU-band Türksat 3A/4A/5B/6A,Missing
INT 5,1_0_2_284D_9F61_42E_1A40000_0_0_0.png,int5.png,42.0E,(14) 42.0E KU-band Türksat 3A/4A/5B/6A,Missing
INTERCOM,1_0_2_4_3D_2A_1A40000_0_0_0.png,intercom.png,42.0E,(14) 42.0E KU-band Türksat 3A/4A/5B/6A,Missing
INTERCOM,1_0_2_291A_9D6D_42E_1A40000_0_0_0.png,intercom.png,42.0E,(14) 42.0E KU-band Türksat 3A/4A/5B/6A,Missing
INTERCOMM,1_0_2_2A93_9E99_42E_1A40000_0_0_0.png,intercomm.png,42.0E,(14) 42.0E KU-band Türksat 3A/4A/5B/6A,Missing
INTERNATIONAL,1_0_2_14D3_A929_2A_1A40000_0_0_0.png,international.png,42.0E,(14) 42.0E KU-band Türksat 3A/4A/5B/6A,Missing
IRDETO-T,1_0_81_3748_4E85_2A_1A40000_0_0_0.png,irdetot.png,42.0E,(14) 42.0E KU-band Türksat 3A/4A/5B/6A,Missing
IRDETO-T2,1_0_81_3CB3_C5A8_2A_1A40000_0_0_0.png,irdetot2.png,42.0E,(14) 42.0E KU-band Türksat 3A/4A/5B/6A,Missing
IRDETO-T3,1_0_81_3CB0_C5A8_2A_1A40000_0_0_0.png,irdetot3.png,42.0E,(14) 42.0E KU-band Türksat 3A/4A/5B/6A,Missing
ISTANBUL FM,1_0_2_3938_A21D_42E_1A40000_0_0_0.png,istanbulfm.png,42.0E,(14) 42.0E KU-band Türksat 3A/4A/5B/6A,Missing
JAZZ,1_0_2_14C9_A929_2A_1A40000_0_0_0.png,jazz.png,42.0E,(14) 42.0E KU-band Türksat 3A/4A/5B/6A,Missing
JOY FM TÜRKİYE,1_0_2_56D_3_42_1A40000_0_0_0.png,joyfmtrkiye.png,42.0E,(14) 42.0E KU-band Türksat 3A/4A/5B/6A,Missing
JOYTÜRK FM,1_0_2_569_3_42_1A40000_0_0_0.png,joytrkfm.png,42.0E,(14) 42.0E KU-band Türksat 3A/4A/5B/6A,Missing
KANAL 7 AVRUPA HD,1_0_19_C673_7660_42E_1A40000_0_0_0.png,kanal7avrupahd.png,42.0E,(14) 42.0E KU-band Türksat 3A/4A/5B/6A,Missing
KRAL POP,1_0_2_2A39_9E99_42E_1A40000_0_0_0.png,kralpop.png,42.0E,(14) 42.0E KU-band Türksat 3A/4A/5B/6A,Missing
KUR AN RADYO,1_0_2_C80E_A3AE_42E_1A40000_0_0_0.png,kuranradyo.png,42.0E,(14) 42.0E KU-band Türksat 3A/4A/5B/6A,Missing
Kalp FM,1_0_2_577_3_42_1A40000_0_0_0.png,kalpfm.png,42.0E,(14) 42.0E KU-band Türksat 3A/4A/5B/6A,Missing
LATIN,1_0_2_14CC_A929_2A_1A40000_0_0_0.png,latin.png,42.0E,(14) 42.0E KU-band Türksat 3A/4A/5B/6A,Missing
LOVE SONGS,1_0_2_14BD_A929_2A_1A40000_0_0_0.png,lovesongs.png,42.0E,(14) 42.0E KU-band Türksat 3A/4A/5B/6A,Missing
MASAL RADYO,1_0_2_14ED_A929_2A_1A40000_0_0_0.png,masalradyo.png,42.0E,(14) 42.0E KU-band Türksat 3A/4A/5B/6A,Missing
MELANCHOLIC,1_0_2_14D5_A929_2A_1A40000_0_0_0.png,melancholic.png,42.0E,(14) 42.0E KU-band Türksat 3A/4A/5B/6A,Missing
MORNING COFFEE,1_0_2_14CE_A929_2A_1A40000_0_0_0.png,morningcoffee.png,42.0E,(14) 42.0E KU-band Türksat 3A/4A/5B/6A,Missing
MOVIE TÜRK,1_0_19_777_9_42_1A40000_0_0_0.png,movietrk.png,42.0E,(14) 42.0E KU-band Türksat 3A/4A/5B/6A,Missing
Meteorolojinin Sesi,1_0_2_2914_9D6D_42E_1A40000_0_0_0.png,meteorolojininsesi.png,42.0E,(14) 42.0E KU-band Türksat 3A/4A/5B/6A,Missing
NICE & COZY,1_0_1_7A4_9_42_1A40000_0_0_0.png,nicecozy.png,42.0E,(14) 42.0E KU-band Türksat 3A/4A/5B/6A,Missing
NOW HD,1_0_1_319C_A412_42E_1A40000_0_0_0.png,nowhd.png,42.0E,(14) 42.0E KU-band Türksat 3A/4A/5B/6A,Missing
NR1 FM,1_0_2_C9CD_76C1_42E_1A40000_0_0_0.png,nr1fm.png,42.0E,(14) 42.0E KU-band Türksat 3A/4A/5B/6A,Missing
NR1 FM.,1_0_2_C9D0_76C1_42E_1A40000_0_0_0.png,nr1fm.png,42.0E,(14) 42.0E KU-band Türksat 3A/4A/5B/6A,Missing
NR1 TURK FM,1_0_2_C9CC_76C1_42E_1A40000_0_0_0.png,nr1turkfm.png,42.0E,(14) 42.0E KU-band Türksat 3A/4A/5B/6A,Missing
NU JAZZ,1_0_2_14C8_A929_2A_1A40000_0_0_0.png,nujazz.png,42.0E,(14) 42.0E KU-band Türksat 3A/4A/5B/6A,Missing
OAD,1_0_C_F32_A989_42E_1A40000_0_0_0.png,oad.png,42.0E,(14) 42.0E KU-band Türksat 3A/4A/5B/6A,Missing
OAD CCA STB,1_0_C_F2C_A989_42E_1A40000_0_0_0.png,oadccastb.png,42.0E,(14) 42.0E KU-band Türksat 3A/4A/5B/6A,Missing
OAD HMX,1_0_C_F36_A989_42E_1A40000_0_0_0.png,oadhmx.png,42.0E,(14) 42.0E KU-band Türksat 3A/4A/5B/6A,Missing
OAD HMX CONNECTED,1_0_C_F38_A989_42E_1A40000_0_0_0.png,oadhmxconnected.png,42.0E,(14) 42.0E KU-band Türksat 3A/4A/5B/6A,Missing
OAD2,1_0_C_F30_A989_42E_1A40000_0_0_0.png,oad2.png,42.0E,(14) 42.0E KU-band Türksat 3A/4A/5B/6A,Missing
OLDIES BUT GOLDIES,1_0_2_14CD_A929_2A_1A40000_0_0_0.png,oldiesbutgoldies.png,42.0E,(14) 42.0E KU-band Türksat 3A/4A/5B/6A,Missing
PARTY,1_0_2_14C1_A929_2A_1A40000_0_0_0.png,party.png,42.0E,(14) 42.0E KU-band Türksat 3A/4A/5B/6A,Missing
PID_86,1_0_81_3CAB_C5A8_2A_1A40000_0_0_0.png,pid86.png,42.0E,(14) 42.0E KU-band Türksat 3A/4A/5B/6A,Missing
POLIS RADYOSU,1_0_2_C80B_A3AE_42E_1A40000_0_0_0.png,polisradyosu.png,42.0E,(14) 42.0E KU-band Türksat 3A/4A/5B/6A,Missing
POLIS RADYOSU,1_0_2_C427_A4D9_42E_1A40000_0_0_0.png,polisradyosu.png,42.0E,(14) 42.0E KU-band Türksat 3A/4A/5B/6A,Missing
POWERTURK FM,1_0_2_3920_A21D_42E_1A40000_0_0_0.png,powerturkfm.png,42.0E,(14) 42.0E KU-band Türksat 3A/4A/5B/6A,Missing
PRD 2,1_0_2_3924_A21D_42E_1A40000_0_0_0.png,prd2.png,42.0E,(14) 42.0E KU-band Türksat 3A/4A/5B/6A,Missing
PRD 4,1_0_2_3926_A21D_42E_1A40000_0_0_0.png,prd4.png,42.0E,(14) 42.0E KU-band Türksat 3A/4A/5B/6A,Missing
PRD 6,1_0_2_3928_A21D_42E_1A40000_0_0_0.png,prd6.png,42.0E,(14) 42.0E KU-band Türksat 3A/4A/5B/6A,Missing
PRD 7,1_0_2_3939_A21D_42E_1A40000_0_0_0.png,prd7.png,42.0E,(14) 42.0E KU-band Türksat 3A/4A/5B/6A,Missing
PRD3,1_0_2_3925_A21D_42E_1A40000_0_0_0.png,prd3.png,42.0E,(14) 42.0E KU-band Türksat 3A/4A/5B/6A,Missing
RADIOSPUTNIK,1_0_2_C69C_7660_42E_1A40000_0_0_0.png,radiosputnik.png,42.0E,(14) 42.0E KU-band Türksat 3A/4A/5B/6A,Missing
RADYO 1,1_0_2_1_1_2A_1A40000_0_0_0.png,radyo1.png,42.0E,(14) 42.0E KU-band Türksat 3A/4A/5B/6A,Missing
RADYO 1,1_0_2_2_3D_2A_1A40000_0_0_0.png,radyo1.png,42.0E,(14) 42.0E KU-band Türksat 3A/4A/5B/6A,Missing
RADYO 1,1_0_2_290C_9D6D_42E_1A40000_0_0_0.png,radyo1.png,42.0E,(14) 42.0E KU-band Türksat 3A/4A/5B/6A,Missing
RADYO 3,1_0_2_3_1_2A_1A40000_0_0_0.png,radyo3.png,42.0E,(14) 42.0E KU-band Türksat 3A/4A/5B/6A,Missing
RADYO 3,1_0_2_3_3D_2A_1A40000_0_0_0.png,radyo3.png,42.0E,(14) 42.0E KU-band Türksat 3A/4A/5B/6A,Missing
RADYO 3,1_0_2_290D_9D6D_42E_1A40000_0_0_0.png,radyo3.png,42.0E,(14) 42.0E KU-band Türksat 3A/4A/5B/6A,Missing
RADYO 7 HD,1_0_2_2D52_A02B_42E_1A40000_0_0_0.png,radyo7hd.png,42.0E,(14) 42.0E KU-band Türksat 3A/4A/5B/6A,Missing
RADYO ABC,1_0_2_40DD_A2E6_42E_1A40000_0_0_0.png,radyoabc.png,42.0E,(14) 42.0E KU-band Türksat 3A/4A/5B/6A,Missing
RADYO D,1_0_2_55D_3_42_1A40000_0_0_0.png,radyod.png,42.0E,(14) 42.0E KU-band Türksat 3A/4A/5B/6A,Missing
RADYO DELAL,1_0_2_A_1_2A_1A40000_0_0_0.png,radyodelal.png,42.0E,(14) 42.0E KU-band Türksat 3A/4A/5B/6A,Missing
RADYO FİLM MÜZİKLERİ,1_0_19_3B05_A98A_42E_1A40000_0_0_0.png,radyofilmmzikleri.png,42.0E,(14) 42.0E KU-band Türksat 3A/4A/5B/6A,Missing
RADYO GAP,1_0_2_290E_9D6D_42E_1A40000_0_0_0.png,radyogap.png,42.0E,(14) 42.0E KU-band Türksat 3A/4A/5B/6A,Missing
RADYO HABER,1_0_2_8_1_2A_1A40000_0_0_0.png,radyohaber.png,42.0E,(14) 42.0E KU-band Türksat 3A/4A/5B/6A,Missing
RADYO TAŞPLAK,1_0_19_3B13_A98A_42E_1A40000_0_0_0.png,radyotaplak.png,42.0E,(14) 42.0E KU-band Türksat 3A/4A/5B/6A,Missing
RADYO TURKUVAZ,1_0_2_284B_9F61_42E_1A40000_0_0_0.png,radyoturkuvaz.png,42.0E,(14) 42.0E KU-band Türksat 3A/4A/5B/6A,Missing
RADYO TİVİBU ÇOCUK,1_0_19_3B0D_A98A_42E_1A40000_0_0_0.png,radyotivibuocuk.png,42.0E,(14) 42.0E KU-band Türksat 3A/4A/5B/6A,Missing
RD 2000 FM,1_0_2_C81A_A3AE_42E_1A40000_0_0_0.png,rd2000fm.png,42.0E,(14) 42.0E KU-band Türksat 3A/4A/5B/6A,Missing
RD SEYMEN,1_0_2_563_3_42_1A40000_0_0_0.png,rdseymen.png,42.0E,(14) 42.0E KU-band Türksat 3A/4A/5B/6A,Missing
REGGAE,1_0_2_14CB_A929_2A_1A40000_0_0_0.png,reggae.png,42.0E,(14) 42.0E KU-band Türksat 3A/4A/5B/6A,Missing
RELAXATION,1_0_2_14D2_A929_2A_1A40000_0_0_0.png,relaxation.png,42.0E,(14) 42.0E KU-band Türksat 3A/4A/5B/6A,Missing
RIBAT FM,1_0_2_CA80_7B0E_42E_1A40000_0_0_0.png,ribatfm.png,42.0E,(14) 42.0E KU-band Türksat 3A/4A/5B/6A,Missing
RISALET RADYO,1_0_2_C810_A3AE_42E_1A40000_0_0_0.png,risaletradyo.png,42.0E,(14) 42.0E KU-band Türksat 3A/4A/5B/6A,Missing
ROCK,1_0_2_14C5_A929_2A_1A40000_0_0_0.png,rock.png,42.0E,(14) 42.0E KU-band Türksat 3A/4A/5B/6A,Missing
Radyo mars,1_0_2_562_3_42_1A40000_0_0_0.png,radyomars.png,42.0E,(14) 42.0E KU-band Türksat 3A/4A/5B/6A,Missing
SADA EL FURAT,1_0_2_4_1_2A_1A40000_0_0_0.png,sadaelfurat.png,42.0E,(14) 42.0E KU-band Türksat 3A/4A/5B/6A,Missing
SAHIL GUVENLIK RADYO,1_0_2_C81C_A3AE_42E_1A40000_0_0_0.png,sahilguvenlikradyo.png,42.0E,(14) 42.0E KU-band Türksat 3A/4A/5B/6A,Missing
SHOW INTERCOM,1_0_2_2B5D_A1BA_42E_1A40000_0_0_0.png,showintercom.png,42.0E,(14) 42.0E KU-band Türksat 3A/4A/5B/6A,Missing
SHOW TURK HD,1_0_1_2BC6_7DC9_42E_1A40000_0_0_0.png,showturkhd.png,42.0E,(14) 42.0E KU-band Türksat 3A/4A/5B/6A,Missing
SLOWTÜRK,1_0_2_55F_3_42_1A40000_0_0_0.png,slowtrk.png,42.0E,(14) 42.0E KU-band Türksat 3A/4A/5B/6A,Missing
SMART İNTERAKTİF,1_0_82_127_3_42_1A40000_0_0_0.png,smartinteraktif.png,42.0E,(14) 42.0E KU-band Türksat 3A/4A/5B/6A,Missing
SSU TEST3,1_0_81_407F_9FC5_2A_1A40000_0_0_0.png,ssutest3.png,42.0E,(14) 42.0E KU-band Türksat 3A/4A/5B/6A,Missing
SSU_TSAT_4,1_0_81_375B_4E85_2A_1A40000_0_0_0.png,ssutsat4.png,42.0E,(14) 42.0E KU-band Türksat 3A/4A/5B/6A,Missing
Sagem4KSSU,1_0_81_3CB1_C5A8_2A_1A40000_0_0_0.png,sagem4kssu.png,42.0E,(14) 42.0E KU-band Türksat 3A/4A/5B/6A,Missing
SÜPER FM,1_0_2_567_3_42_1A40000_0_0_0.png,sperfm.png,42.0E,(14) 42.0E KU-band Türksat 3A/4A/5B/6A,Missing
TEK-1,1_0_2_49B_1_42_1A40000_0_0_0.png,tek1.png,42.0E,(14) 42.0E KU-band Türksat 3A/4A/5B/6A,Missing
TEK-2,1_0_2_49D_1_42_1A40000_0_0_0.png,tek2.png,42.0E,(14) 42.0E KU-band Türksat 3A/4A/5B/6A,Missing
TEK-3,1_0_2_49F_1_42_1A40000_0_0_0.png,tek3.png,42.0E,(14) 42.0E KU-band Türksat 3A/4A/5B/6A,Missing
TEK-4,1_0_2_4A1_1_42_1A40000_0_0_0.png,tek4.png,42.0E,(14) 42.0E KU-band Türksat 3A/4A/5B/6A,Missing
TEK.KOOR.,1_0_2_40DC_A2E6_42E_1A40000_0_0_0.png,tekkoor.png,42.0E,(14) 42.0E KU-band Türksat 3A/4A/5B/6A,Missing
TEST TONE,1_0_A_2987_A861_42E_1A40000_0_0_0.png,testtone.png,42.0E,(14) 42.0E KU-band Türksat 3A/4A/5B/6A,Missing
TGRT BELGESEL HD,1_0_19_C804_A3AE_42E_1A40000_0_0_0.png,tgrtbelgeselhd.png,42.0E,(14) 42.0E KU-band Türksat 3A/4A/5B/6A,Missing
TGRT HABER SD,1_0_1_C86C_9CA5_42E_1A40000_0_0_0.png,tgrthabersd.png,42.0E,(14) 42.0E KU-band Türksat 3A/4A/5B/6A,Missing
TIFB,1_0_2_320A_A413_42E_1A40000_0_0_0.png,tifb.png,42.0E,(14) 42.0E KU-band Türksat 3A/4A/5B/6A,Missing
TRT COCUK HD,1_0_19_2968_7919_42E_1A40000_0_0_0.png,trtcocukhd.png,42.0E,(14) 42.0E KU-band Türksat 3A/4A/5B/6A,Missing
TRT COCUK HD,1_0_19_2968_A861_42E_1A40000_0_0_0.png,trtcocukhd.png,42.0E,(14) 42.0E KU-band Türksat 3A/4A/5B/6A,Missing
TRT EBA HD,1_0_19_CB22_A02D_42E_1A40000_0_0_0.png,trtebahd.png,42.0E,(14) 42.0E KU-band Türksat 3A/4A/5B/6A,Missing
TRT KURDI HD,1_0_19_2971_7919_42E_1A40000_0_0_0.png,trtkurdihd.png,42.0E,(14) 42.0E KU-band Türksat 3A/4A/5B/6A,Missing
TRT Kurdi Radyo,1_0_2_8_3D_2A_1A40000_0_0_0.png,trtkurdiradyo.png,42.0E,(14) 42.0E KU-band Türksat 3A/4A/5B/6A,Missing
TRT Kurdi Radyo,1_0_2_2911_9D6D_42E_1A40000_0_0_0.png,trtkurdiradyo.png,42.0E,(14) 42.0E KU-band Türksat 3A/4A/5B/6A,Missing
TRT MUZIK HD,1_0_19_2970_7919_42E_1A40000_0_0_0.png,trtmuzikhd.png,42.0E,(14) 42.0E KU-band Türksat 3A/4A/5B/6A,Missing
TRT MUZIK HD,1_0_19_2970_A861_42E_1A40000_0_0_0.png,trtmuzikhd.png,42.0E,(14) 42.0E KU-band Türksat 3A/4A/5B/6A,Missing
TRT TURK HD,1_0_19_296E_7919_42E_1A40000_0_0_0.png,trtturkhd.png,42.0E,(14) 42.0E KU-band Türksat 3A/4A/5B/6A,Missing
TRT VOT 1,1_0_2_1B_3D_2A_1A40000_0_0_0.png,trtvot1.png,42.0E,(14) 42.0E KU-band Türksat 3A/4A/5B/6A,Missing
TSR TURKCE,1_0_2_B_3D_2A_1A40000_0_0_0.png,tsrturkce.png,42.0E,(14) 42.0E KU-band Türksat 3A/4A/5B/6A,Missing
TSR TURKCE,1_0_2_2913_9D6D_42E_1A40000_0_0_0.png,tsrturkce.png,42.0E,(14) 42.0E KU-band Türksat 3A/4A/5B/6A,Missing
TV2 HD,1_0_19_6A7_7_42_1A40000_0_0_0.png,tv2hd.png,42.0E,(14) 42.0E KU-band Türksat 3A/4A/5B/6A,Missing
TV8Ifb,1_0_2_3269_A414_42E_1A40000_0_0_0.png,tv8ifb.png,42.0E,(14) 42.0E KU-band Türksat 3A/4A/5B/6A,Missing
Trabzon Radyosu,1_0_2_14_3D_2A_1A40000_0_0_0.png,trabzonradyosu.png,42.0E,(14) 42.0E KU-band Türksat 3A/4A/5B/6A,Missing
Trabzon Radyosu,1_0_2_2921_9D6D_42E_1A40000_0_0_0.png,trabzonradyosu.png,42.0E,(14) 42.0E KU-band Türksat 3A/4A/5B/6A,Missing
TÜRK SANAT MÜZİĞİ,1_0_1_79F_9_42_1A40000_0_0_0.png,trksanatmzii.png,42.0E,(14) 42.0E KU-band Türksat 3A/4A/5B/6A,Missing
TÜRKÇE MÜZİK,1_0_1_79E_9_42_1A40000_0_0_0.png,trkemzik.png,42.0E,(14) 42.0E KU-band Türksat 3A/4A/5B/6A,Missing
TÜRKÇE POP,1_0_1_78E_9_42_1A40000_0_0_0.png,trkepop.png,42.0E,(14) 42.0E KU-band Türksat 3A/4A/5B/6A,Missing
TÜRKÇE POP,1_0_1_7B9_9_42_1A40000_0_0_0.png,trkepop.png,42.0E,(14) 42.0E KU-band Türksat 3A/4A/5B/6A,Missing
VAV RADYO,1_0_2_2849_9F61_42E_1A40000_0_0_0.png,vavradyo.png,42.0E,(14) 42.0E KU-band Türksat 3A/4A/5B/6A,Missing
VIRGIN RADIO TÜRKİYE,1_0_2_56B_3_42_1A40000_0_0_0.png,virginradiotrkiye.png,42.0E,(14) 42.0E KU-band Türksat 3A/4A/5B/6A,Missing
VOIX DU SAHEL,1_0_2_C429_A4D9_42E_1A40000_0_0_0.png,voixdusahel.png,42.0E,(14) 42.0E KU-band Türksat 3A/4A/5B/6A,Missing
VOIX DU SAHEL,1_0_2_C3C5_A475_42E_1A40000_0_0_0.png,voixdusahel.png,42.0E,(14) 42.0E KU-band Türksat 3A/4A/5B/6A,Missing
VOT EAST,1_0_2_F_3D_2A_1A40000_0_0_0.png,voteast.png,42.0E,(14) 42.0E KU-band Türksat 3A/4A/5B/6A,Missing
VOT EAST,1_0_2_291B_9D6D_42E_1A40000_0_0_0.png,voteast.png,42.0E,(14) 42.0E KU-band Türksat 3A/4A/5B/6A,Missing
VOT WEST,1_0_2_2915_9D6D_42E_1A40000_0_0_0.png,votwest.png,42.0E,(14) 42.0E KU-band Türksat 3A/4A/5B/6A,Missing
VOT WEST,1_0_2_16_3D_2A_1A40000_0_0_0.png,votwest.png,42.0E,(14) 42.0E KU-band Türksat 3A/4A/5B/6A,Missing
VOT WORLD,1_0_2_A_3D_2A_1A40000_0_0_0.png,votworld.png,42.0E,(14) 42.0E KU-band Türksat 3A/4A/5B/6A,Missing
VOT WORLD,1_0_2_2912_9D6D_42E_1A40000_0_0_0.png,votworld.png,42.0E,(14) 42.0E KU-band Türksat 3A/4A/5B/6A,Missing
YILBAŞI,1_0_1_7B6_9_42_1A40000_0_0_0.png,yilbai.png,42.0E,(14) 42.0E KU-band Türksat 3A/4A/5B/6A,Missing
YURT FM,1_0_2_9_1_2A_1A40000_0_0_0.png,yurtfm.png,42.0E,(14) 42.0E KU-band Türksat 3A/4A/5B/6A,Missing
beIN H&E,1_0_11_3C98_C5A8_2A_1A40000_0_0_0.png,beinhe.png,42.0E,(14) 42.0E KU-band Türksat 3A/4A/5B/6A,Missing
beIN H&E,1_0_11_3CA4_C5A8_2A_1A40000_0_0_0.png,beinhe.png,42.0E,(14) 42.0E KU-band Türksat 3A/4A/5B/6A,Missing
iANIMALPLANETHDTrigger,1_0_82_BB_9_42_1A40000_0_0_0.png,ianimalplanethdtrigger.png,42.0E,(14) 42.0E KU-band Türksat 3A/4A/5B/6A,Missing
iCARTOONTrigger,1_0_82_99_1_42_1A40000_0_0_0.png,icartoontrigger.png,42.0E,(14) 42.0E KU-band Türksat 3A/4A/5B/6A,Missing
iCNNTURKHDTrigger,1_0_82_B7_7_42_1A40000_0_0_0.png,icnnturkhdtrigger.png,42.0E,(14) 42.0E KU-band Türksat 3A/4A/5B/6A,Missing
iCNNTrigger,1_0_82_106_3_42_1A40000_0_0_0.png,icnntrigger.png,42.0E,(14) 42.0E KU-band Türksat 3A/4A/5B/6A,Missing
iDISCOVERYHDTrigger,1_0_82_B3_9_42_1A40000_0_0_0.png,idiscoveryhdtrigger.png,42.0E,(14) 42.0E KU-band Türksat 3A/4A/5B/6A,Missing
iDISCOVERYTrigger,1_0_82_2824_7_42_1A40000_0_0_0.png,idiscoverytrigger.png,42.0E,(14) 42.0E KU-band Türksat 3A/4A/5B/6A,Missing
iDIZIPLATINHDTrigger,1_0_82_124_9_42_1A40000_0_0_0.png,idiziplatinhdtrigger.png,42.0E,(14) 42.0E KU-band Türksat 3A/4A/5B/6A,Missing
iDIZIPREMIUMHDTrigger,1_0_82_AC_9_42_1A40000_0_0_0.png,idizipremiumhdtrigger.png,42.0E,(14) 42.0E KU-band Türksat 3A/4A/5B/6A,Missing
iEURODTrigger,1_0_82_B6_3_42_1A40000_0_0_0.png,ieurodtrigger.png,42.0E,(14) 42.0E KU-band Türksat 3A/4A/5B/6A,Missing
iEUROSPORTTrigger,1_0_82_12A_9_42_1A40000_0_0_0.png,ieurosporttrigger.png,42.0E,(14) 42.0E KU-band Türksat 3A/4A/5B/6A,Missing
iFOODNETWORKTrigger,1_0_82_AD_9_42_1A40000_0_0_0.png,ifoodnetworktrigger.png,42.0E,(14) 42.0E KU-band Türksat 3A/4A/5B/6A,Missing
iKANALDHDTrigger,1_0_82_B0_7_42_1A40000_0_0_0.png,ikanaldhdtrigger.png,42.0E,(14) 42.0E KU-band Türksat 3A/4A/5B/6A,Missing
iKANALDTrigger,1_0_82_2817_1_42_1A40000_0_0_0.png,ikanaldtrigger.png,42.0E,(14) 42.0E KU-band Türksat 3A/4A/5B/6A,Missing
iMAXPREMIUMHDTrigger,1_0_82_A6_7_42_1A40000_0_0_0.png,imaxpremiumhdtrigger.png,42.0E,(14) 42.0E KU-band Türksat 3A/4A/5B/6A,Missing
iMOVIECLASSICHDTrigger,1_0_82_BA_9_42_1A40000_0_0_0.png,imovieclassichdtrigger.png,42.0E,(14) 42.0E KU-band Türksat 3A/4A/5B/6A,Missing
iMOVIEFESTHDTrigger,1_0_82_10A_9_42_1A40000_0_0_0.png,imoviefesthdtrigger.png,42.0E,(14) 42.0E KU-band Türksat 3A/4A/5B/6A,Missing
iMOVIEPLATIN2HDTrigger,1_0_82_9C_7_42_1A40000_0_0_0.png,imovieplatin2hdtrigger.png,42.0E,(14) 42.0E KU-band Türksat 3A/4A/5B/6A,Missing
iMOVIEPLATINHDTrigger,1_0_82_96_7_42_1A40000_0_0_0.png,imovieplatinhdtrigger.png,42.0E,(14) 42.0E KU-band Türksat 3A/4A/5B/6A,Missing
iMOVIEPREMIUM2HDTrigger,1_0_82_109_1_42_1A40000_0_0_0.png,imoviepremium2hdtrigger.png,42.0E,(14) 42.0E KU-band Türksat 3A/4A/5B/6A,Missing
iMOVIEPREMIUMHDTrigger,1_0_82_108_1_42_1A40000_0_0_0.png,imoviepremiumhdtrigger.png,42.0E,(14) 42.0E KU-band Türksat 3A/4A/5B/6A,Missing
iMOVIETURKHDTrigger,1_0_82_9D_1_42_1A40000_0_0_0.png,imovieturkhdtrigger.png,42.0E,(14) 42.0E KU-band Türksat 3A/4A/5B/6A,Missing
iMSACTIONHDTrigger,1_0_82_111_7_42_1A40000_0_0_0.png,imsactionhdtrigger.png,42.0E,(14) 42.0E KU-band Türksat 3A/4A/5B/6A,Missing
iMSFAMILYHDTrigger,1_0_82_125_9_42_1A40000_0_0_0.png,imsfamilyhdtrigger.png,42.0E,(14) 42.0E KU-band Türksat 3A/4A/5B/6A,Missing
iMSGOLDHDTrigger,1_0_82_118_7_42_1A40000_0_0_0.png,imsgoldhdtrigger.png,42.0E,(14) 42.0E KU-band Türksat 3A/4A/5B/6A,Missing
iSHOPPINGTrigger,1_0_82_11B_7_42_1A40000_0_0_0.png,ishoppingtrigger.png,42.0E,(14) 42.0E KU-band Türksat 3A/4A/5B/6A,Missing
iSMARTCOCUKTrigger,1_0_82_115_7_42_1A40000_0_0_0.png,ismartcocuktrigger.png,42.0E,(14) 42.0E KU-band Türksat 3A/4A/5B/6A,Missing
iSMARTSPOR2Trigger,1_0_82_B5_9_42_1A40000_0_0_0.png,ismartspor2trigger.png,42.0E,(14) 42.0E KU-band Türksat 3A/4A/5B/6A,Missing
iSMARTSPORHDTrigger,1_0_82_2812_9_42_1A40000_0_0_0.png,ismartsporhdtrigger.png,42.0E,(14) 42.0E KU-band Türksat 3A/4A/5B/6A,Missing
iTAYTrigger,1_0_82_B4_7_42_1A40000_0_0_0.png,itaytrigger.png,42.0E,(14) 42.0E KU-band Türksat 3A/4A/5B/6A,Missing
iTRAVELTrigger,1_0_82_122_7_42_1A40000_0_0_0.png,itraveltrigger.png,42.0E,(14) 42.0E KU-band Türksat 3A/4A/5B/6A,Missing
iTURBOXTRAHDTrigger,1_0_82_BC_9_42_1A40000_0_0_0.png,iturboxtrahdtrigger.png,42.0E,(14) 42.0E KU-band Türksat 3A/4A/5B/6A,Missing
iTV2HDTrigger,1_0_82_B1_7_42_1A40000_0_0_0.png,itv2hdtrigger.png,42.0E,(14) 42.0E KU-band Türksat 3A/4A/5B/6A,Missing
iTVGAMETEST,1_0_82_113_9_42_1A40000_0_0_0.png,itvgametest.png,42.0E,(14) 42.0E KU-band Türksat 3A/4A/5B/6A,Missing
ÇOCUKSMART,1_0_19_6AD_7_42_1A40000_0_0_0.png,ocuksmart.png,42.0E,(14) 42.0E KU-band Türksat 3A/4A/5B/6A,Missing
íKRA TV,1_0_1_3930_A21D_42E_1A40000_0_0_0.png,kratv.png,42.0E,(14) 42.0E KU-band Türksat 3A/4A/5B/6A,Missing
ŞÖMİNE KEYFİ,1_0_11_420C_A929_2A_1A40000_0_0_0.png,minekeyfi.png,42.0E,(14) 42.0E KU-band Türksat 3A/4A/5B/6A,Missing
45.2E-RTRS 1@PID4096PLP0 Feed Service,1_0_1_362_E88_1_1C40000_0_0_0.png,452ertrs1pid4096plp0feedservice.png,45.2E,(105) 45.1E C-band Cosmos 2520 & Azerspace 2/Intelsat 38,Missing
45.2E-RTRS 1@PID4096PLP1 Feed Service,1_0_1_363_E88_1_1C40000_0_0_0.png,452ertrs1pid4096plp1feedservice.png,45.2E,(105) 45.1E C-band Cosmos 2520 & Azerspace 2/Intelsat 38,Missing
45.2E-RTRS 2@PID4096PLP0 Feed Service,1_0_1_364_EB0_1_1C40000_0_0_0.png,452ertrs2pid4096plp0feedservice.png,45.2E,(105) 45.1E C-band Cosmos 2520 & Azerspace 2/Intelsat 38,Missing
AZC Test slot,1_0_1_26_0_0_1CC2B57_0_0_0.png,azctestslot.png,46.0E,(17) 46.0E KU-band Azerspace 1,Missing
Avto_FM,1_0_2_25_1_1_1CC2BA7_0_0_0.png,avtofm.png,46.0E,(17) 46.0E KU-band Azerspace 1,Missing
Baku TV HD,1_0_1_D_1_1_1CC2BA7_0_0_0.png,bakutvhd.png,46.0E,(17) 46.0E KU-band Azerspace 1,Missing
Baku_Hit,1_0_2_23_1_1_1CC2BA7_0_0_0.png,bakuhit.png,46.0E,(17) 46.0E KU-band Azerspace 1,Missing
Enerji_101.1FM,1_0_2_1A_1_1_1CC2BA7_0_0_0.png,enerji1011fm.png,46.0E,(17) 46.0E KU-band Azerspace 1,Missing
Georgian radio,1_0_2_22_0_0_1CC2B57_0_0_0.png,georgianradio.png,46.0E,(17) 46.0E KU-band Azerspace 1,Missing
Kepez_FM,1_0_2_5_1_0_1CCAB10_0_0_0.png,kepezfm.png,46.0E,(17) 46.0E KU-band Azerspace 1,Missing
MTV Azerbaijan HD,1_0_1_B_1_1_1CC2BA7_0_0_0.png,mtvazerbaijanhd.png,46.0E,(17) 46.0E KU-band Azerspace 1,Missing
RADIO BELARUS,1_0_2_36_1_FFFF_1CC2B7F_0_0_0.png,radiobelarus.png,46.0E,(17) 46.0E KU-band Azerspace 1,Missing
Retro_FM,1_0_2_24_1_1_1CC2BA7_0_0_0.png,retrofm.png,46.0E,(17) 46.0E KU-band Azerspace 1,Missing
Yurd_FM,1_0_2_26_1_1_1CC2BA7_0_0_0.png,yurdfm.png,46.0E,(17) 46.0E KU-band Azerspace 1,Missing
radio 1 Arkhi Muz.,1_0_2_20_0_0_1CC2B57_0_0_0.png,radio1arkhimuz.png,46.0E,(17) 46.0E KU-band Azerspace 1,Missing
radio Ajara,1_0_2_5_0_0_1CC2B57_0_0_0.png,radioajara.png,46.0E,(17) 46.0E KU-band Azerspace 1,Missing
radio Imedi,1_0_2_1D_0_0_1CC2B57_0_0_0.png,radioimedi.png,46.0E,(17) 46.0E KU-band Azerspace 1,Missing
radio Iveria,1_0_2_1E_0_0_1CC2B57_0_0_0.png,radioiveria.png,46.0E,(17) 46.0E KU-band Azerspace 1,Missing
radio Saz.Mau,1_0_2_1F_0_0_1CC2B57_0_0_0.png,radiosazmau.png,46.0E,(17) 46.0E KU-band Azerspace 1,Missing
Choice Fm,1_0_2_3_1000_2000_1CD0000_0_0_0.png,choicefm.png,46.1E,(106) 46.0E C-band Azerspace 1,Missing
Clouds Fm,1_0_2_2_1000_2000_1CD0000_0_0_0.png,cloudsfm.png,46.1E,(106) 46.0E C-band Azerspace 1,Missing
Clouds TV,1_0_1_1_1000_2000_1CD0000_0_0_0.png,cloudstv.png,46.1E,(106) 46.0E C-band Azerspace 1,Missing
CloudsTV,1_0_1_213_1_1_1CD0EE9_0_0_0.png,cloudstv.png,46.1E,(106) 46.0E C-band Azerspace 1,Missing
Furaha Tv,1_0_1_214_1_1_1CD0EE9_0_0_0.png,furahatv.png,46.1E,(106) 46.0E C-band Azerspace 1,Missing
HabariNjemaFm,1_0_1_201_1_1_1CD0EE9_0_0_0.png,habarinjemafm.png,46.1E,(106) 46.0E C-band Azerspace 1,Missing
Hatma FM Radio,1_0_1_211_1_1_1CD0EE9_0_0_0.png,hatmafmradio.png,46.1E,(106) 46.0E C-band Azerspace 1,Missing
Platinum fm,1_0_1_205_1_1_1CD0EE9_0_0_0.png,platinumfm.png,46.1E,(106) 46.0E C-band Azerspace 1,Missing
RADIO SAFINA,1_0_2_101_0_0_1CD0F14_0_0_0.png,radiosafina.png,46.1E,(106) 46.0E C-band Azerspace 1,Missing
RHM FM,1_0_2_302_0_0_1CD0F14_0_0_0.png,rhmfm.png,46.1E,(106) 46.0E C-band Azerspace 1,Missing
Radio47 Test,1_0_1_215_1_1_1CD0EE9_0_0_0.png,radio47test.png,46.1E,(106) 46.0E C-band Azerspace 1,Missing
SITEFM TEST,1_0_1_210_1_1_1CD0EE9_0_0_0.png,sitefmtest.png,46.1E,(106) 46.0E C-band Azerspace 1,Missing
Safina fm,1_0_2_4_1000_2000_1CD0000_0_0_0.png,safinafm.png,46.1E,(106) 46.0E C-band Azerspace 1,Missing
ShamaamFM,1_0_1_206_1_1_1CD0EE9_0_0_0.png,shamaamfm.png,46.1E,(106) 46.0E C-band Azerspace 1,Missing
Uyui FM Tz-Test,1_0_1_203_1_1_1CD0EE9_0_0_0.png,uyuifmtztest.png,46.1E,(106) 46.0E C-band Azerspace 1,Missing
azer Test,1_0_1_202_1_1_1CD0EE9_0_0_0.png,azertest.png,46.1E,(106) 46.0E C-band Azerspace 1,Missing
pentecostal fm,1_0_1_204_1_1_1CD0EE9_0_0_0.png,pentecostalfm.png,46.1E,(106) 46.0E C-band Azerspace 1,Missing
3977V SID 0x320,1_0_64_320_3A2_0_1EB0000_0_0_0.png,3977vsid0x320.png,49.1E,(107) 49.0E C-band Yamal 601,Missing
49.1E-RTRS 1@PID4096PLP0 Feed Service,1_0_1_369_E2B_1_1EB0000_0_0_0.png,491ertrs1pid4096plp0feedservice.png,49.1E,(107) 49.0E C-band Yamal 601,Missing
49.1E-RTRS 1@PID4096PLP0 Feed Service,1_0_1_36C_E3B_1_1EB0000_0_0_0.png,491ertrs1pid4096plp0feedservice.png,49.1E,(107) 49.0E C-band Yamal 601,Missing
49.1E-RTRS 1@PID4096PLP0 Feed Service,1_0_1_372_E78_1_1EB0000_0_0_0.png,491ertrs1pid4096plp0feedservice.png,49.1E,(107) 49.0E C-band Yamal 601,Missing
49.1E-RTRS 1@PID4096PLP0 Feed Service,1_0_1_37C_F89_1_1EB0000_0_0_0.png,491ertrs1pid4096plp0feedservice.png,49.1E,(107) 49.0E C-band Yamal 601,Missing
49.1E-RTRS 1@PID4096PLP1 Feed Service,1_0_1_36A_E2B_1_1EB0000_0_0_0.png,491ertrs1pid4096plp1feedservice.png,49.1E,(107) 49.0E C-band Yamal 601,Missing
49.1E-RTRS 1@PID4096PLP1 Feed Service,1_0_1_36D_E3B_1_1EB0000_0_0_0.png,491ertrs1pid4096plp1feedservice.png,49.1E,(107) 49.0E C-band Yamal 601,Missing
49.1E-RTRS 1@PID4096PLP1 Feed Service,1_0_1_373_E78_1_1EB0000_0_0_0.png,491ertrs1pid4096plp1feedservice.png,49.1E,(107) 49.0E C-band Yamal 601,Missing
49.1E-RTRS 1@PID4096PLP1 Feed Service,1_0_1_37D_F89_1_1EB0000_0_0_0.png,491ertrs1pid4096plp1feedservice.png,49.1E,(107) 49.0E C-band Yamal 601,Missing
49.1E-RTRS 2@PID4096PLP0 Feed Service,1_0_1_36E_E45_1_1EB0000_0_0_0.png,491ertrs2pid4096plp0feedservice.png,49.1E,(107) 49.0E C-band Yamal 601,Missing
49.1E-RTRS 2@PID4096PLP0 Feed Service,1_0_1_36F_E4E_1_1EB0000_0_0_0.png,491ertrs2pid4096plp0feedservice.png,49.1E,(107) 49.0E C-band Yamal 601,Missing
49.1E-RTRS Astrakhan@PID4096PLP1 Feed Service,1_0_1_37B_F7C_1_1EB0000_0_0_0.png,491ertrsastrakhanpid4096plp1feedservice.png,49.1E,(107) 49.0E C-band Yamal 601,Missing
49.1E-RTRS Chelyabinsk@PID4096PLP1 Feed Service,1_0_1_370_E70_1_1EB0000_0_0_0.png,491ertrschelyabinskpid4096plp1feedservice.png,49.1E,(107) 49.0E C-band Yamal 601,Missing
49.1E-RTRS Ekaterinburg@PID4096PLP1 Feed Service,1_0_1_374_E7D_1_1EB0000_0_0_0.png,491ertrsekaterinburgpid4096plp1feedservice.png,49.1E,(107) 49.0E C-band Yamal 601,Missing
49.1E-RTRS Kurgan@PID4096PLP1 Feed Service,1_0_1_378_F21_1_1EB0000_0_0_0.png,491ertrskurganpid4096plp1feedservice.png,49.1E,(107) 49.0E C-band Yamal 601,Missing
49.1E-RTRS Orenburg@PID4096PLP1 Feed Service,1_0_1_37A_F51_1_1EB0000_0_0_0.png,491ertrsorenburgpid4096plp1feedservice.png,49.1E,(107) 49.0E C-band Yamal 601,Missing
49.1E-RTRS Perm@PID4096PLP1 Feed Service,1_0_1_379_F2A_1_1EB0000_0_0_0.png,491ertrspermpid4096plp1feedservice.png,49.1E,(107) 49.0E C-band Yamal 601,Missing
49.1E-RTRS Samara@PID4096PLP1 Feed Service,1_0_1_375_EDB_1_1EB0000_0_0_0.png,491ertrssamarapid4096plp1feedservice.png,49.1E,(107) 49.0E C-band Yamal 601,Missing
49.1E-RTRS Saratov@PID4096PLP1 Feed Service,1_0_1_376_EEE_1_1EB0000_0_0_0.png,491ertrssaratovpid4096plp1feedservice.png,49.1E,(107) 49.0E C-band Yamal 601,Missing
49.1E-RTRS Tyumen@PID4096PLP1 Feed Service,1_0_1_36B_E2C_1_1EB0000_0_0_0.png,491ertrstyumenpid4096plp1feedservice.png,49.1E,(107) 49.0E C-band Yamal 601,Missing
49.1E-RTRS Udmurtia@PID4096PLP1 Feed Service,1_0_1_377_F12_1_1EB0000_0_0_0.png,491ertrsudmurtiapid4096plp1feedservice.png,49.1E,(107) 49.0E C-band Yamal 601,Missing
49.1E-RTRS Ufa@PID4096PLP1 Feed Service,1_0_1_371_E78_1_1EB0000_0_0_0.png,491ertrsufapid4096plp1feedservice.png,49.1E,(107) 49.0E C-band Yamal 601,Missing
49.1E-RTRS Ulyanovsk@PID4096PLP1 Feed Service,1_0_1_37E_FB2_1_1EB0000_0_0_0.png,491ertrsulyanovskpid4096plp1feedservice.png,49.1E,(107) 49.0E C-band Yamal 601,Missing
49.1E-RTRS Yamal@PID4096PLP1 Feed Service,1_0_1_367_E0A_1_1EB0000_0_0_0.png,491ertrsyamalpid4096plp1feedservice.png,49.1E,(107) 49.0E C-band Yamal 601,Missing
49.1E-RTRS Yugoria@PID4096PLP1 Feed Service,1_0_1_368_E26_1_1EB0000_0_0_0.png,491ertrsyugoriapid4096plp1feedservice.png,49.1E,(107) 49.0E C-band Yamal 601,Missing
Avto Tmn,1_0_2_7_15_1_1EB0000_0_0_0.png,avtotmn.png,49.1E,(107) 49.0E C-band Yamal 601,Missing
CH41,1_0_2_5_15_1_1EB0000_0_0_0.png,ch41.png,49.1E,(107) 49.0E C-band Yamal 601,Missing
CH43,1_0_2_3_15_1_1EB0000_0_0_0.png,ch43.png,49.1E,(107) 49.0E C-band Yamal 601,Missing
CH45,1_0_2_4_15_1_1EB0000_0_0_0.png,ch45.png,49.1E,(107) 49.0E C-band Yamal 601,Missing
ShansonTmn,1_0_2_6_15_1_1EB0000_0_0_0.png,shansontmn.png,49.1E,(107) 49.0E C-band Yamal 601,Missing
Animal Family,1_0_1_856_2_FF00_2030000_0_0_0.png,animalfamily.png,51.5E,(19) 51.5E KU-band Belintersat 1,Missing
Avto Plus,1_0_1_862_2_FF00_2030000_0_0_0.png,avtoplus.png,51.5E,(19) 51.5E KU-band Belintersat 1,Missing
Belarus 1,1_0_19_C1D_3_FF00_2030000_0_0_0.png,belarus1.png,51.5E,(19) 51.5E KU-band Belintersat 1,Missing
Belarus 2,1_0_19_C23_3_FF00_2030000_0_0_0.png,belarus2.png,51.5E,(19) 51.5E KU-band Belintersat 1,Missing
Belarus 3,1_0_19_C24_3_FF00_2030000_0_0_0.png,belarus3.png,51.5E,(19) 51.5E KU-band Belintersat 1,Missing
Belarus 5,1_0_19_C25_3_FF00_2030000_0_0_0.png,belarus5.png,51.5E,(19) 51.5E KU-band Belintersat 1,Missing
Europa+ TV,1_0_1_839_2_FF00_2030000_0_0_0.png,europatv.png,51.5E,(19) 51.5E KU-band Belintersat 1,Missing
Indiyskoe Kino,1_0_1_84A_2_FF00_2030000_0_0_0.png,indiyskoekino.png,51.5E,(19) 51.5E KU-band Belintersat 1,Missing
Kinokomedia,1_0_1_847_2_FF00_2030000_0_0_0.png,kinokomedia.png,51.5E,(19) 51.5E KU-band Belintersat 1,Missing
Kinoseria,1_0_1_84C_2_FF00_2030000_0_0_0.png,kinoseria.png,51.5E,(19) 51.5E KU-band Belintersat 1,Missing
NTV-Belarus,1_0_19_C22_3_FF00_2030000_0_0_0.png,ntvbelarus.png,51.5E,(19) 51.5E KU-band Belintersat 1,Missing
ONT,1_0_19_C1E_3_FF00_2030000_0_0_0.png,ont.png,51.5E,(19) 51.5E KU-band Belintersat 1,Missing
Ocean HD,1_0_1_83C_2_FF00_2030000_0_0_0.png,oceanhd.png,51.5E,(19) 51.5E KU-band Belintersat 1,Missing
Ohota I Rybalka,1_0_1_864_2_FF00_2030000_0_0_0.png,ohotairybalka.png,51.5E,(19) 51.5E KU-band Belintersat 1,Missing
Pervyj informacionnyj,1_0_19_C26_3_FF00_2030000_0_0_0.png,pervyjinformacionnyj.png,51.5E,(19) 51.5E KU-band Belintersat 1,Missing
PlusTV,1_0_16_879_2_FF00_2030000_0_0_0.png,plustv.png,51.5E,(19) 51.5E KU-band Belintersat 1,Missing
Rossiya-Belarus,1_0_19_C21_3_FF00_2030000_0_0_0.png,rossiyabelarus.png,51.5E,(19) 51.5E KU-band Belintersat 1,Missing
TEST 24,1_0_16_883_2_FF00_2030000_0_0_0.png,test24.png,51.5E,(19) 51.5E KU-band Belintersat 1,Missing
Teleputeshestviya HD,1_0_1_857_2_FF00_2030000_0_0_0.png,teleputeshestviyahd.png,51.5E,(19) 51.5E KU-band Belintersat 1,Missing
Tochka RF,1_0_1_83B_2_FF00_2030000_0_0_0.png,tochkarf.png,51.5E,(19) 51.5E KU-band Belintersat 1,Missing
viju_Serial,1_0_19_882_2_FF00_2030000_0_0_0.png,vijuserial.png,51.5E,(19) 51.5E KU-band Belintersat 1,Missing
viju_TV1000_Russkoe,1_0_16_87C_2_FF00_2030000_0_0_0.png,vijutv1000russkoe.png,51.5E,(19) 51.5E KU-band Belintersat 1,Missing
A&SHINE FM,1_0_1_32_1_1_2048EAB_0_0_0.png,ashinefm.png,51.6E,(108) 51.5E C-band Belintersat 1,Missing
CAPITAL FM,1_0_1_34_1_1_2048EAB_0_0_0.png,capitalfm.png,51.6E,(108) 51.5E C-band Belintersat 1,Missing
COUNTY FM,1_0_1_26_1_1_2048EAB_0_0_0.png,countyfm.png,51.6E,(108) 51.5E C-band Belintersat 1,Missing
KWITU FM,1_0_1_24_1_1_2048EAB_0_0_0.png,kwitufm.png,51.6E,(108) 51.5E C-band Belintersat 1,Missing
MBCI RADIO,1_0_1_22_1_1_2048EAB_0_0_0.png,mbciradio.png,51.6E,(108) 51.5E C-band Belintersat 1,Missing
MUOROTO FM,1_0_1_2C_1_1_2048EAB_0_0_0.png,muorotofm.png,51.6E,(108) 51.5E C-band Belintersat 1,Missing
MUTONGOI FM,1_0_1_30_1_1_2048EAB_0_0_0.png,mutongoifm.png,51.6E,(108) 51.5E C-band Belintersat 1,Missing
PARAN FM,1_0_1_2A_1_1_2048EAB_0_0_0.png,paranfm.png,51.6E,(108) 51.5E C-band Belintersat 1,Missing
RADIO KAYA,1_0_1_2E_1_1_2048EAB_0_0_0.png,radiokaya.png,51.6E,(108) 51.5E C-band Belintersat 1,Missing
SHIFU FM,1_0_1_28_1_1_2048EAB_0_0_0.png,shifufm.png,51.6E,(108) 51.5E C-band Belintersat 1,Missing
Afghanistan Intl HD,1_0_1_8_117E_117E_2080000_0_0_0.png,afghanistanintlhd.png,52.0E,(20) 52.0E KU-band TurkmenÄlem/MonacoSat,Missing
Afra Film HD,1_0_1_13_117E_117E_2080000_0_0_0.png,afrafilmhd.png,52.0E,(20) 52.0E KU-band TurkmenÄlem/MonacoSat,Missing
Afra Series HD,1_0_1_2_117E_117E_2080000_0_0_0.png,afraserieshd.png,52.0E,(20) 52.0E KU-band TurkmenÄlem/MonacoSat,Missing
BBC World Service Afghanistan,1_0_2_7_2506_2506_2080000_0_0_0.png,bbcworldserviceafghanistan.png,52.0E,(20) 52.0E KU-band TurkmenÄlem/MonacoSat,Missing
Fix&Foxi,1_0_16_268_258_1_2080000_0_0_0.png,fixfoxi.png,52.0E,(20) 52.0E KU-band TurkmenÄlem/MonacoSat,Missing
ICC - Film & Series,1_0_1_2A_194E_194E_2080000_0_0_0.png,iccfilmseries.png,52.0E,(20) 52.0E KU-band TurkmenÄlem/MonacoSat,Missing
ICNET2 HD,1_0_1_28_211E_211E_2080000_0_0_0.png,icnet2hd.png,52.0E,(20) 52.0E KU-band TurkmenÄlem/MonacoSat,Missing
Persiana Sports HD,1_0_1_9_1D36_1D36_2080000_0_0_0.png,persianasportshd.png,52.0E,(20) 52.0E KU-band TurkmenÄlem/MonacoSat,Missing
Radio Payam,1_0_2_18_211E_211E_2080000_0_0_0.png,radiopayam.png,52.0E,(20) 52.0E KU-band TurkmenÄlem/MonacoSat,Missing
Radio Zamaneh,1_0_2_35_211E_211E_2080000_0_0_0.png,radiozamaneh.png,52.0E,(20) 52.0E KU-band TurkmenÄlem/MonacoSat,Missing
SETAREH TV HD,1_0_1_27_117E_117E_2080000_0_0_0.png,setarehtvhd.png,52.0E,(20) 52.0E KU-band TurkmenÄlem/MonacoSat,Missing
Tamadon HD,1_0_1_11_211E_211E_2080000_0_0_0.png,tamadonhd.png,52.0E,(20) 52.0E KU-band TurkmenÄlem/MonacoSat,Missing
Trace Urban HD,1_0_1_2C2_2BC_1_2080000_0_0_0.png,traceurbanhd.png,52.0E,(20) 52.0E KU-band TurkmenÄlem/MonacoSat,Missing
Afghanistan Radio,1_0_2_242_2_1_20D0000_0_0_0.png,afghanistanradio.png,52.5E,(21) 52.5E KU-band Al Yah 1,Missing
Arakozia FM,1_0_2_244_2_1_20D0000_0_0_0.png,arakoziafm.png,52.5E,(21) 52.5E KU-band Al Yah 1,Missing
Arakozia FM,1_0_2_6A6_4_20D_20D0000_0_0_0.png,arakoziafm.png,52.5E,(21) 52.5E KU-band Al Yah 1,Missing
Arezo FM,1_0_2_24E_2_1_20D0000_0_0_0.png,arezofm.png,52.5E,(21) 52.5E KU-band Al Yah 1,Missing
Arezo FM,1_0_2_6C0_4_20D_20D0000_0_0_0.png,arezofm.png,52.5E,(21) 52.5E KU-band Al Yah 1,Missing
Ariana FM,1_0_2_6AC_4_20D_20D0000_0_0_0.png,arianafm.png,52.5E,(21) 52.5E KU-band Al Yah 1,Missing
Arman FM,1_0_2_243_2_1_20D0000_0_0_0.png,armanfm.png,52.5E,(21) 52.5E KU-band Al Yah 1,Missing
Arman FM,1_0_2_6A5_4_20D_20D0000_0_0_0.png,armanfm.png,52.5E,(21) 52.5E KU-band Al Yah 1,Missing
BBC Afgahan Radio,1_0_1_69_8_1_20D0000_0_0_0.png,bbcafgahanradio.png,52.5E,(21) 52.5E KU-band Al Yah 1,Missing
BBC Arabic Radio,1_0_1_6A_8_1_20D0000_0_0_0.png,bbcarabicradio.png,52.5E,(21) 52.5E KU-band Al Yah 1,Missing
BBC Persian HD,1_0_1_A_5_1_20D0000_0_0_0.png,bbcpersianhd.png,52.5E,(21) 52.5E KU-band Al Yah 1,Missing
Bangali,1_0_2_A45_1A_2BE_20D0000_0_0_0.png,bangali.png,52.5E,(21) 52.5E KU-band Al Yah 1,Missing
Ekhbaria,1_0_2_A41_1A_2BE_20D0000_0_0_0.png,ekhbaria.png,52.5E,(21) 52.5E KU-band Al Yah 1,Missing
Esteqlal-tv,1_0_1_64D_4_20D_20D0000_0_0_0.png,esteqlaltv.png,52.5E,(21) 52.5E KU-band Al Yah 1,Missing
Eurpean Radio,1_0_2_A3F_1A_2BE_20D0000_0_0_0.png,eurpeanradio.png,52.5E,(21) 52.5E KU-band Al Yah 1,Missing
Film+,1_0_1_45_1_1_20DADF6_0_0_0.png,film.png,52.5E,(21) 52.5E KU-band Al Yah 1,Missing
French,1_0_2_A43_1A_2BE_20D0000_0_0_0.png,french.png,52.5E,(21) 52.5E KU-band Al Yah 1,Missing
GEM DOCUMENTARY HD,1_0_1_1A_7_1_20D0000_0_0_0.png,gemdocumentaryhd.png,52.5E,(21) 52.5E KU-band Al Yah 1,Missing
GEM DRAMA+ HD,1_0_1_11_7_1_20D0000_0_0_0.png,gemdramahd.png,52.5E,(21) 52.5E KU-band Al Yah 1,Missing
GEM MUSIC,1_0_1_1E_7_1_20D0000_0_0_0.png,gemmusic.png,52.5E,(21) 52.5E KU-band Al Yah 1,Missing
GEM SPORT HD,1_0_1_1D_7_1_20D0000_0_0_0.png,gemsporthd.png,52.5E,(21) 52.5E KU-band Al Yah 1,Missing
GEM TV+ HD,1_0_1_10_7_1_20D0000_0_0_0.png,gemtvhd.png,52.5E,(21) 52.5E KU-band Al Yah 1,Missing
Gulfmovies SD,1_0_1_14_A_1_20D0000_0_0_0.png,gulfmoviessd.png,52.5E,(21) 52.5E KU-band Al Yah 1,Missing
Hadi6 TV,1_0_1_1B63_2_1_20D0000_0_0_0.png,hadi6tv.png,52.5E,(21) 52.5E KU-band Al Yah 1,Missing
Hona AlAzim,1_0_2_A46_1A_2BE_20D0000_0_0_0.png,honaalazim.png,52.5E,(21) 52.5E KU-band Al Yah 1,Missing
Hurriyat Radio,1_0_2_6A8_4_20D_20D0000_0_0_0.png,hurriyatradio.png,52.5E,(21) 52.5E KU-band Al Yah 1,Missing
Iran International SD,1_0_1_1_2_1_20D0000_0_0_0.png,iraninternationalsd.png,52.5E,(21) 52.5E KU-band Al Yah 1,Missing
Iran International SD,1_0_1_2B_3_1_20D0000_0_0_0.png,iraninternationalsd.png,52.5E,(21) 52.5E KU-band Al Yah 1,Missing
Jedda Radio,1_0_2_A3E_1A_2BE_20D0000_0_0_0.png,jeddaradio.png,52.5E,(21) 52.5E KU-band Al Yah 1,Missing
Lemar HD,1_0_1_641_4_20D_20D0000_0_0_0.png,lemarhd.png,52.5E,(21) 52.5E KU-band Al Yah 1,Missing
MARJAEYAT TV HD,1_0_1_13_4_1_20D0000_0_0_0.png,marjaeyattvhd.png,52.5E,(21) 52.5E KU-band Al Yah 1,Missing
MIFA+ HD,1_0_1_1C_7_1_20D0000_0_0_0.png,mifahd.png,52.5E,(21) 52.5E KU-band Al Yah 1,Missing
Mohabat TV HD,1_0_1_46_4_1_20D0000_0_0_0.png,mohabattvhd.png,52.5E,(21) 52.5E KU-band Al Yah 1,Missing
Mowajhat,1_0_2_A42_1A_2BE_20D0000_0_0_0.png,mowajhat.png,52.5E,(21) 52.5E KU-band Al Yah 1,Missing
NG wild HD,1_0_19_10_18_20D_20D0000_0_0_0.png,ngwildhd.png,52.5E,(21) 52.5E KU-band Al Yah 1,Missing
NT TEST CARD 11,1_0_1_5_2_1_20D0000_0_0_0.png,nttestcard11.png,52.5E,(21) 52.5E KU-band Al Yah 1,Missing
NT TEST CARD 23,1_0_1_10_2_1_20D0000_0_0_0.png,nttestcard23.png,52.5E,(21) 52.5E KU-band Al Yah 1,Missing
NT TEST CARD 24,1_0_1_6_2_1_20D0000_0_0_0.png,nttestcard24.png,52.5E,(21) 52.5E KU-band Al Yah 1,Missing
NT TESTCARD 14,1_0_1_6_4_1_20D0000_0_0_0.png,nttestcard14.png,52.5E,(21) 52.5E KU-band Al Yah 1,Missing
NT TESTCARD 15,1_0_1_4B_4_1_20D0000_0_0_0.png,nttestcard15.png,52.5E,(21) 52.5E KU-band Al Yah 1,Missing
NT Test Card 16,1_0_1_4_2_1_20D0000_0_0_0.png,nttestcard16.png,52.5E,(21) 52.5E KU-band Al Yah 1,Missing
NT Test Card 18,1_0_1_8_2_1_20D0000_0_0_0.png,nttestcard18.png,52.5E,(21) 52.5E KU-band Al Yah 1,Missing
NT Test Card 19,1_0_1_9_2_1_20D0000_0_0_0.png,nttestcard19.png,52.5E,(21) 52.5E KU-band Al Yah 1,Missing
Omid Radio,1_0_2_6AB_4_20D_20D0000_0_0_0.png,omidradio.png,52.5E,(21) 52.5E KU-band Al Yah 1,Missing
Ovozi Tojik,1_0_2_12_7_1_20D0000_0_0_0.png,ovozitojik.png,52.5E,(21) 52.5E KU-band Al Yah 1,Missing
Pishto,1_0_2_A44_1A_2BE_20D0000_0_0_0.png,pishto.png,52.5E,(21) 52.5E KU-band Al Yah 1,Missing
RIVER+ HD,1_0_1_E_7_1_20D0000_0_0_0.png,riverhd.png,52.5E,(21) 52.5E KU-band Al Yah 1,Missing
RUBIX+ HD,1_0_1_C_7_1_20D0000_0_0_0.png,rubixhd.png,52.5E,(21) 52.5E KU-band Al Yah 1,Missing
Radio Killid,1_0_2_6BD_4_20D_20D0000_0_0_0.png,radiokillid.png,52.5E,(21) 52.5E KU-band Al Yah 1,Missing
Radio Nawa,1_0_2_1CD_2_1_20D0000_0_0_0.png,radionawa.png,52.5E,(21) 52.5E KU-band Al Yah 1,Missing
Radio farhang,1_0_2_14_7_1_20D0000_0_0_0.png,radiofarhang.png,52.5E,(21) 52.5E KU-band Al Yah 1,Missing
Rana TV,1_0_1_1B64_2_1_20D0000_0_0_0.png,ranatv.png,52.5E,(21) 52.5E KU-band Al Yah 1,Missing
Riyad Radio,1_0_2_A3D_1A_2BE_20D0000_0_0_0.png,riyadradio.png,52.5E,(21) 52.5E KU-band Al Yah 1,Missing
Salam Watandar FM,1_0_2_6A9_4_20D_20D0000_0_0_0.png,salamwatandarfm.png,52.5E,(21) 52.5E KU-band Al Yah 1,Missing
Shamshad FM,1_0_2_6AD_4_20D_20D0000_0_0_0.png,shamshadfm.png,52.5E,(21) 52.5E KU-band Al Yah 1,Missing
TEST CARD,1_0_1_66_8_1_20D0000_0_0_0.png,testcard.png,52.5E,(21) 52.5E KU-band Al Yah 1,Missing
TOON+,1_0_1_D_2_1_20D0000_0_0_0.png,toon.png,52.5E,(21) 52.5E KU-band Al Yah 1,Missing
Tapesh Music FM,1_0_2_9_A_1_20D0000_0_0_0.png,tapeshmusicfm.png,52.5E,(21) 52.5E KU-band Al Yah 1,Missing
Thikrayat HD,1_0_1_A2A_1A_2BE_20D0000_0_0_0.png,thikrayathd.png,52.5E,(21) 52.5E KU-band Al Yah 1,Missing
Tolo News HD,1_0_1_643_4_20D_20D0000_0_0_0.png,tolonewshd.png,52.5E,(21) 52.5E KU-band Al Yah 1,Missing
VOA Radio Afghanistan,1_0_2_1D3_2_1_20D0000_0_0_0.png,voaradioafghanistan.png,52.5E,(21) 52.5E KU-band Al Yah 1,Missing
Zhwandoon FM,1_0_2_6AA_4_20D_20D0000_0_0_0.png,zhwandoonfm.png,52.5E,(21) 52.5E KU-band Al Yah 1,Missing
khozama,1_0_2_A47_1A_2BE_20D0000_0_0_0.png,khozama.png,52.5E,(21) 52.5E KU-band Al Yah 1,Missing
10713V SID 0x6e,1_0_C_6E_0_0_212A9D9_0_0_0.png,10713vsid0x6e.png,53.0E,(22) 53.0E KU-band Express AM6,Missing
10730V SID 0x6e,1_0_C_6E_0_0_212A9EA_0_0_0.png,10730vsid0x6e.png,53.0E,(22) 53.0E KU-band Express AM6,Missing
10840V SID 0x320,1_0_C_320_3A2_0_212AA58_0_0_0.png,10840vsid0x320.png,53.0E,(22) 53.0E KU-band Express AM6,Missing
10875V SID 0x320,1_0_C_320_3A2_0_212AA7B_0_0_0.png,10875vsid0x320.png,53.0E,(22) 53.0E KU-band Express AM6,Missing
53.0E-RSCC@PID4096PLP0 Feed Service,1_0_1_37F_29D9_1_2120000_0_0_0.png,530ersccpid4096plp0feedservice.png,53.0E,(22) 53.0E KU-band Express AM6,Missing
53.0E-RSCC@PID4096PLP0 Feed Service,1_0_1_380_29EA_1_2120000_0_0_0.png,530ersccpid4096plp0feedservice.png,53.0E,(22) 53.0E KU-band Express AM6,Missing
53.0E-RSCC@PID4096PLP0 Feed Service,1_0_1_381_29FD_1_2120000_0_0_0.png,530ersccpid4096plp0feedservice.png,53.0E,(22) 53.0E KU-band Express AM6,Missing
53.0E-RTRS 1@PID4096PLP0 Feed Service,1_0_1_382_2A58_1_2120000_0_0_0.png,530ertrs1pid4096plp0feedservice.png,53.0E,(22) 53.0E KU-band Express AM6,Missing
53.0E-RTRS 1@PID4105PLP1 Feed Service,1_0_1_383_2A58_1_2120000_0_0_0.png,530ertrs1pid4105plp1feedservice.png,53.0E,(22) 53.0E KU-band Express AM6,Missing
53.0E-RTRS 2@PID4096PLP0 Feed Service,1_0_1_385_2A7B_1_2120000_0_0_0.png,530ertrs2pid4096plp0feedservice.png,53.0E,(22) 53.0E KU-band Express AM6,Missing
53.0E-RTRS Bryansk@PID4096PLP1 Feed Service,1_0_1_386_2A9D_1_2120000_0_0_0.png,530ertrsbryanskpid4096plp1feedservice.png,53.0E,(22) 53.0E KU-band Express AM6,Missing
53.0E-RTRS Bryansk@PID4097PLP1 Feed Service,1_0_1_387_2A9D_1_2120000_0_0_0.png,530ertrsbryanskpid4097plp1feedservice.png,53.0E,(22) 53.0E KU-band Express AM6,Missing
53.0E-RTRS Bryansk@PID4100PLP1 Feed Service,1_0_1_388_2A9D_1_2120000_0_0_0.png,530ertrsbryanskpid4100plp1feedservice.png,53.0E,(22) 53.0E KU-band Express AM6,Missing
53.0E-RTRS Bryansk@PID4102PLP1 Feed Service,1_0_1_389_2A9D_1_2120000_0_0_0.png,530ertrsbryanskpid4102plp1feedservice.png,53.0E,(22) 53.0E KU-band Express AM6,Missing
53.0E-RTRS Bryansk@PID4105PLP1 Feed Service,1_0_1_38A_2A9D_1_2120000_0_0_0.png,530ertrsbryanskpid4105plp1feedservice.png,53.0E,(22) 53.0E KU-band Express AM6,Missing
53.0E-RTRS Bryansk@PID4105PLP2 Feed Service,1_0_1_38B_2A9D_1_2120000_0_0_0.png,530ertrsbryanskpid4105plp2feedservice.png,53.0E,(22) 53.0E KU-band Express AM6,Missing
53.0E-RTRS Smolensk@PID4096PLP1 Feed Service,1_0_1_384_2A65_1_2120000_0_0_0.png,530ertrssmolenskpid4096plp1feedservice.png,53.0E,(22) 53.0E KU-band Express AM6,Missing
AVTORADIO_M0,1_0_2_193_4_71_2120000_0_0_0.png,avtoradiom0.png,53.0E,(22) 53.0E KU-band Express AM6,Missing
AVTORADIO_M2,1_0_2_192_4_71_2120000_0_0_0.png,avtoradiom2.png,53.0E,(22) 53.0E KU-band Express AM6,Missing
AVTORADIO_M4,1_0_2_194_4_71_2120000_0_0_0.png,avtoradiom4.png,53.0E,(22) 53.0E KU-band Express AM6,Missing
Allahthah-FM,1_0_2_2_1000_2000_2120000_0_0_0.png,allahthahfm.png,53.0E,(22) 53.0E KU-band Express AM6,Missing
COMEDY_M4,1_0_2_1A8_4_71_2120000_0_0_0.png,comedym4.png,53.0E,(22) 53.0E KU-band Express AM6,Missing
DETSKOE_M0,1_0_2_1AC_4_71_2120000_0_0_0.png,detskoem0.png,53.0E,(22) 53.0E KU-band Express AM6,Missing
DETSKOE_M3,1_0_2_1AA_4_71_2120000_0_0_0.png,detskoem3.png,53.0E,(22) 53.0E KU-band Express AM6,Missing
HUMOR_M0,1_0_2_19A_4_71_2120000_0_0_0.png,humorm0.png,53.0E,(22) 53.0E KU-band Express AM6,Missing
HUMOR_M2,1_0_2_197_4_71_2120000_0_0_0.png,humorm2.png,53.0E,(22) 53.0E KU-band Express AM6,Missing
HUMOR_M4,1_0_2_198_4_71_2120000_0_0_0.png,humorm4.png,53.0E,(22) 53.0E KU-band Express AM6,Missing
KRTPC,1_0_1_329_4_1_2120000_0_0_0.png,krtpc.png,53.0E,(22) 53.0E KU-band Express AM6,Missing
R Radio,1_0_2_1_1F4_3E8_2120000_0_0_0.png,rradio.png,53.0E,(22) 53.0E KU-band Express AM6,Missing
Radio CH53,1_0_2_35_D_1111_2120000_0_0_0.png,radioch53.png,53.0E,(22) 53.0E KU-band Express AM6,Missing
Radio CH531,1_0_2_36_D_1111_2120000_0_0_0.png,radioch531.png,53.0E,(22) 53.0E KU-band Express AM6,Missing
Radio CH532,1_0_2_37_D_1111_2120000_0_0_0.png,radioch532.png,53.0E,(22) 53.0E KU-band Express AM6,Missing
Radio CH533,1_0_2_38_D_1111_2120000_0_0_0.png,radioch533.png,53.0E,(22) 53.0E KU-band Express AM6,Missing
Radio CH534,1_0_2_39_D_1111_2120000_0_0_0.png,radioch534.png,53.0E,(22) 53.0E KU-band Express AM6,Missing
Radio CH535,1_0_2_3A_D_1111_2120000_0_0_0.png,radioch535.png,53.0E,(22) 53.0E KU-band Express AM6,Missing
Radio Dacha,1_0_2_10_D_1111_2120000_0_0_0.png,radiodacha.png,53.0E,(22) 53.0E KU-band Express AM6,Missing
Radio PIKA,1_0_1_11_9_1_2120000_0_0_0.png,radiopika.png,53.0E,(22) 53.0E KU-band Express AM6,Missing
Radio PIKA,1_0_2_11_D_1111_2120000_0_0_0.png,radiopika.png,53.0E,(22) 53.0E KU-band Express AM6,Missing
Radio Rossii,1_0_1_46A_9_1_2120000_0_0_0.png,radiorossii.png,53.0E,(22) 53.0E KU-band Express AM6,Missing
RadioGuberniya,1_0_2_2_321_1_2120000_0_0_0.png,radioguberniya.png,53.0E,(22) 53.0E KU-band Express AM6,Missing
Rojhelat TV,1_0_19_5_1F4_3E8_2120000_0_0_0.png,rojhelattv.png,53.0E,(22) 53.0E KU-band Express AM6,Missing
SD_MPEG2,1_0_1_1_1_1_2122AF0_0_0_0.png,sdmpeg2.png,53.0E,(22) 53.0E KU-band Express AM6,Missing
Yug Molodoj,1_0_1_2_2_A_2120000_0_0_0.png,yugmolodoj.png,53.0E,(22) 53.0E KU-band Express AM6,Missing
Za Radio,1_0_1_1_2_A_2120000_0_0_0.png,zaradio.png,53.0E,(22) 53.0E KU-band Express AM6,Missing
2X2,1_0_16_DD9A_237_70_2250000_0_0_0.png,2x2.png,54.9E,(23) 54.9E KU-band G-Sat 16 & Yamal 402,Missing
Big Planet,1_0_16_DD2C_236_70_2250000_0_0_0.png,bigplanet.png,54.9E,(23) 54.9E KU-band G-Sat 16 & Yamal 402,Missing
CHE +0,1_0_1_F_D_1_2250000_0_0_0.png,che0.png,54.9E,(23) 54.9E KU-band G-Sat 16 & Yamal 402,Missing
CHE +2,1_0_1_10_D_1_2250000_0_0_0.png,che2.png,54.9E,(23) 54.9E KU-band G-Sat 16 & Yamal 402,Missing
CTI PRO CAM,1_0_C_1F83_233_70_2250000_0_0_0.png,ctiprocam.png,54.9E,(23) 54.9E KU-band G-Sat 16 & Yamal 402,Missing
Comedy Radio,1_0_2_DDB1_237_70_2250000_0_0_0.png,comedyradio.png,54.9E,(23) 54.9E KU-band G-Sat 16 & Yamal 402,Missing
Crimea 24,1_0_1_9_D_1_2250000_0_0_0.png,crimea24.png,54.9E,(23) 54.9E KU-band G-Sat 16 & Yamal 402,Missing
DSI87,1_0_C_1F72_233_70_2250000_0_0_0.png,dsi87.png,54.9E,(23) 54.9E KU-band G-Sat 16 & Yamal 402,Missing
Dorozhnoe,1_0_2_1EA_37_64_2250000_0_0_0.png,dorozhnoe.png,54.9E,(23) 54.9E KU-band G-Sat 16 & Yamal 402,Missing
Europa Plus_55E,1_0_2_21C_37_64_2250000_0_0_0.png,europaplus55e.png,54.9E,(23) 54.9E KU-band G-Sat 16 & Yamal 402,Missing
Extreme,1_0_16_DD32_236_70_2250000_0_0_0.png,extreme.png,54.9E,(23) 54.9E KU-band G-Sat 16 & Yamal 402,Missing
FON MUSIC,1_0_16_DD31_236_70_2250000_0_0_0.png,fonmusic.png,54.9E,(23) 54.9E KU-band G-Sat 16 & Yamal 402,Missing
FWcontrol,1_0_2_15_D_1_2250000_0_0_0.png,fwcontrol.png,54.9E,(23) 54.9E KU-band G-Sat 16 & Yamal 402,Missing
FlixSnip,1_0_16_DD36_236_70_2250000_0_0_0.png,flixsnip.png,54.9E,(23) 54.9E KU-band G-Sat 16 & Yamal 402,Missing
Jiuzhou 1HD SSU,1_0_C_1F68_233_70_2250000_0_0_0.png,jiuzhou1hdssu.png,54.9E,(23) 54.9E KU-band G-Sat 16 & Yamal 402,Missing
KMedia,1_0_C_1F5E_233_70_2250000_0_0_0.png,kmedia.png,54.9E,(23) 54.9E KU-band G-Sat 16 & Yamal 402,Missing
KazakFM,1_0_2_244_37_64_2250000_0_0_0.png,kazakfm.png,54.9E,(23) 54.9E KU-band G-Sat 16 & Yamal 402,Missing
LIFESTYLE TV 5,1_0_1_5_10_55E_2250000_0_0_0.png,lifestyletv5.png,54.9E,(23) 54.9E KU-band G-Sat 16 & Yamal 402,Missing
Love_Tyumen,1_0_2_29E_37_64_2250000_0_0_0.png,lovetyumen.png,54.9E,(23) 54.9E KU-band G-Sat 16 & Yamal 402,Missing
Militsejskaja Volna FM 107.8,1_0_2_12_D_1_2250000_0_0_0.png,militsejskajavolnafm1078.png,54.9E,(23) 54.9E KU-band G-Sat 16 & Yamal 402,Missing
Neotion Update Service,1_0_C_25D_233_70_2250000_0_0_0.png,neotionupdateservice.png,54.9E,(23) 54.9E KU-band G-Sat 16 & Yamal 402,Missing
O!,1_0_16_DBFE_233_70_2250000_0_0_0.png,o.png,54.9E,(23) 54.9E KU-band G-Sat 16 & Yamal 402,Missing
OPENTEL 1740V OTA,1_0_C_1B58_233_70_2250000_0_0_0.png,opentel1740vota.png,54.9E,(23) 54.9E KU-band G-Sat 16 & Yamal 402,Missing
Perviy Crimea,1_0_1_A_D_1_2250000_0_0_0.png,perviycrimea.png,54.9E,(23) 54.9E KU-band G-Sat 16 & Yamal 402,Missing
Pervoe Radio Kubani,1_0_2_24E_37_64_2250000_0_0_0.png,pervoeradiokubani.png,54.9E,(23) 54.9E KU-band G-Sat 16 & Yamal 402,Missing
RADIO SHANSON+0,1_0_2_1FE_37_64_2250000_0_0_0.png,radioshanson0.png,54.9E,(23) 54.9E KU-band G-Sat 16 & Yamal 402,Missing
Radio 7 Tyumen,1_0_2_276_37_64_2250000_0_0_0.png,radio7tyumen.png,54.9E,(23) 54.9E KU-band G-Sat 16 & Yamal 402,Missing
Radio 7_55E,1_0_2_226_37_64_2250000_0_0_0.png,radio755e.png,54.9E,(23) 54.9E KU-band G-Sat 16 & Yamal 402,Missing
Radio Crimea,1_0_2_C_D_1_2250000_0_0_0.png,radiocrimea.png,54.9E,(23) 54.9E KU-band G-Sat 16 & Yamal 402,Missing
Radio KP-Novorossiya,1_0_2_2BC_37_64_2250000_0_0_0.png,radiokpnovorossiya.png,54.9E,(23) 54.9E KU-band G-Sat 16 & Yamal 402,Missing
Radio More,1_0_2_B_D_1_2250000_0_0_0.png,radiomore.png,54.9E,(23) 54.9E KU-band G-Sat 16 & Yamal 402,Missing
Radio Record,1_0_2_39_10_55E_2250000_0_0_0.png,radiorecord.png,54.9E,(23) 54.9E KU-band G-Sat 16 & Yamal 402,Missing
Radio Tavriya.Kherson,1_0_2_28A_37_64_2250000_0_0_0.png,radiotavriyakherson.png,54.9E,(23) 54.9E KU-band G-Sat 16 & Yamal 402,Missing
Radio Vera,1_0_2_2B2_37_64_2250000_0_0_0.png,radiovera.png,54.9E,(23) 54.9E KU-band G-Sat 16 & Yamal 402,Missing
Radio Vera Tyumen,1_0_2_280_37_64_2250000_0_0_0.png,radioveratyumen.png,54.9E,(23) 54.9E KU-band G-Sat 16 & Yamal 402,Missing
Radio Zvezda +0,1_0_2_2A8_37_64_2250000_0_0_0.png,radiozvezda0.png,54.9E,(23) 54.9E KU-band G-Sat 16 & Yamal 402,Missing
Relax FM,1_0_2_DDB3_237_70_2250000_0_0_0.png,relaxfm.png,54.9E,(23) 54.9E KU-band G-Sat 16 & Yamal 402,Missing
Retro FM_55E,1_0_2_23A_37_64_2250000_0_0_0.png,retrofm55e.png,54.9E,(23) 54.9E KU-band G-Sat 16 & Yamal 402,Missing
Rline.tv,1_0_1_14_D_1_2250000_0_0_0.png,rlinetv.png,54.9E,(23) 54.9E KU-band G-Sat 16 & Yamal 402,Missing
SAGEM DSI74 HD,1_0_C_1F73_233_70_2250000_0_0_0.png,sagemdsi74hd.png,54.9E,(23) 54.9E KU-band G-Sat 16 & Yamal 402,Missing
SMiT,1_0_C_1F7F_237_70_2250000_0_0_0.png,smit.png,54.9E,(23) 54.9E KU-band G-Sat 16 & Yamal 402,Missing
SMiT+,1_0_C_1F80_233_70_2250000_0_0_0.png,smit.png,54.9E,(23) 54.9E KU-band G-Sat 16 & Yamal 402,Missing
SMiT14,1_0_C_1F81_233_70_2250000_0_0_0.png,smit14.png,54.9E,(23) 54.9E KU-band G-Sat 16 & Yamal 402,Missing
SOLNCE+2,1_0_1_7_D_1_2250000_0_0_0.png,solnce2.png,54.9E,(23) 54.9E KU-band G-Sat 16 & Yamal 402,Missing
SPro161,1_0_C_28B_233_70_2250000_0_0_0.png,spro161.png,54.9E,(23) 54.9E KU-band G-Sat 16 & Yamal 402,Missing
SPro162,1_0_C_291_233_70_2250000_0_0_0.png,spro162.png,54.9E,(23) 54.9E KU-band G-Sat 16 & Yamal 402,Missing
SSU8042J1,1_0_C_1F6A_233_70_2250000_0_0_0.png,ssu8042j1.png,54.9E,(23) 54.9E KU-band G-Sat 16 & Yamal 402,Missing
SSU8044J4,1_0_C_1F6C_236_70_2250000_0_0_0.png,ssu8044j4.png,54.9E,(23) 54.9E KU-band G-Sat 16 & Yamal 402,Missing
SSU8046J3,1_0_C_1F6E_236_70_2250000_0_0_0.png,ssu8046j3.png,54.9E,(23) 54.9E KU-band G-Sat 16 & Yamal 402,Missing
SSU8048J5,1_0_C_1F70_236_70_2250000_0_0_0.png,ssu8048j5.png,54.9E,(23) 54.9E KU-band G-Sat 16 & Yamal 402,Missing
STS-LOVE +0,1_0_1_D_D_1_2250000_0_0_0.png,stslove0.png,54.9E,(23) 54.9E KU-band G-Sat 16 & Yamal 402,Missing
STS-LOVE +2,1_0_1_E_D_1_2250000_0_0_0.png,stslove2.png,54.9E,(23) 54.9E KU-band G-Sat 16 & Yamal 402,Missing
Sphere1,1_0_C_1F7C_233_70_2250000_0_0_0.png,sphere1.png,54.9E,(23) 54.9E KU-band G-Sat 16 & Yamal 402,Missing
Sport FM_55E,1_0_2_230_37_64_2250000_0_0_0.png,sportfm55e.png,54.9E,(23) 54.9E KU-band G-Sat 16 & Yamal 402,Missing
TB 41,1_0_1_3A_10_55E_2250000_0_0_0.png,tb41.png,54.9E,(23) 54.9E KU-band G-Sat 16 & Yamal 402,Missing
Travel+Adventure,1_0_16_DC03_233_70_2250000_0_0_0.png,traveladventure.png,54.9E,(23) 54.9E KU-band G-Sat 16 & Yamal 402,Missing
U +2,1_0_1_8_D_1_2250000_0_0_0.png,u2.png,54.9E,(23) 54.9E KU-band G-Sat 16 & Yamal 402,Missing
VAHD3100S DOWNLOAD SVC,1_0_C_1F53_233_70_2250000_0_0_0.png,vahd3100sdownloadsvc.png,54.9E,(23) 54.9E KU-band G-Sat 16 & Yamal 402,Missing
viju+ Sport,1_0_16_DD24_236_70_2250000_0_0_0.png,vijusport.png,54.9E,(23) 54.9E KU-band G-Sat 16 & Yamal 402,Missing
Юмор FM,1_0_2_DDA5_237_70_2250000_0_0_0.png,fm.png,54.9E,(23) 54.9E KU-band G-Sat 16 & Yamal 402,Missing
ABS TV,1_0_1_18EF_2778_A_23A0000_0_0_0.png,abstv.png,57.0E,(24) 57.0E KU-band NSS 12,Missing
AMHARA RADIO,1_0_2_18D7_2778_A_23A0000_0_0_0.png,amhararadio.png,57.0E,(24) 57.0E KU-band NSS 12,Missing
AMN FM 96.3,1_0_2_182E_2777_A_23A0000_0_0_0.png,amnfm963.png,57.0E,(24) 57.0E KU-band NSS 12,Missing
AMN PLUS,1_0_19_1778_2775_A_23A0000_0_0_0.png,amnplus.png,57.0E,(24) 57.0E KU-band NSS 12,Missing
AS-SUNNAH TV,1_0_1_191B_277A_A_23A0000_0_0_0.png,assunnahtv.png,57.0E,(24) 57.0E KU-band NSS 12,Missing
Addis TV HD,1_0_1_18A9_2778_A_23A0000_0_0_0.png,addistvhd.png,57.0E,(24) 57.0E KU-band NSS 12,Missing
Addis TV SD,1_0_1_182B_2777_A_23A0000_0_0_0.png,addistvsd.png,57.0E,(24) 57.0E KU-band NSS 12,Missing
Afar TV,1_0_1_18C2_2778_A_23A0000_0_0_0.png,afartv.png,57.0E,(24) 57.0E KU-band NSS 12,Missing
Amhara Hiber,1_0_1_1847_277B_1_23A0000_0_0_0.png,amharahiber.png,57.0E,(24) 57.0E KU-band NSS 12,Missing
Amhara TV,1_0_1_1905_277A_A_23A0000_0_0_0.png,amharatv.png,57.0E,(24) 57.0E KU-band NSS 12,Missing
BAHIR DAR FM,1_0_2_18D2_2778_A_23A0000_0_0_0.png,bahirdarfm.png,57.0E,(24) 57.0E KU-band NSS 12,Missing
BBC,1_0_1_1770_2775_A_23A0000_0_0_0.png,bbc.png,57.0E,(24) 57.0E KU-band NSS 12,Missing
Balageru,1_0_1_17F0_2777_A_23A0000_0_0_0.png,balageru.png,57.0E,(24) 57.0E KU-band NSS 12,Missing
Benishangul Gumuz TV,1_0_1_17F8_2777_A_23A0000_0_0_0.png,benishangulgumuztv.png,57.0E,(24) 57.0E KU-band NSS 12,Missing
Bethel Miracle TV,1_0_1_183C_277B_1_23A0000_0_0_0.png,bethelmiracletv.png,57.0E,(24) 57.0E KU-band NSS 12,Missing
CATHOLIC TV ETHIOPIA,1_0_1_18E0_2778_A_23A0000_0_0_0.png,catholictvethiopia.png,57.0E,(24) 57.0E KU-band NSS 12,Missing
DW-Radio 8,1_0_2_178E_2775_A_23A0000_0_0_0.png,dwradio8.png,57.0E,(24) 57.0E KU-band NSS 12,Missing
Debub Radio,1_0_2_18E4_2778_A_23A0000_0_0_0.png,debubradio.png,57.0E,(24) 57.0E KU-band NSS 12,Missing
Dire TV HD,1_0_1_18EE_2778_A_23A0000_0_0_0.png,diretvhd.png,57.0E,(24) 57.0E KU-band NSS 12,Missing
EOTC AON,1_0_1_192B_277A_A_23A0000_0_0_0.png,eotcaon.png,57.0E,(24) 57.0E KU-band NSS 12,Missing
EOTC MK,1_0_1_17FE_2777_A_23A0000_0_0_0.png,eotcmk.png,57.0E,(24) 57.0E KU-band NSS 12,Missing
ERI R1,1_0_2_185E_277B_1_23A0000_0_0_0.png,erir1.png,57.0E,(24) 57.0E KU-band NSS 12,Missing
ERI R2,1_0_2_185F_277B_1_23A0000_0_0_0.png,erir2.png,57.0E,(24) 57.0E KU-band NSS 12,Missing
ERI R3,1_0_2_1860_277B_1_23A0000_0_0_0.png,erir3.png,57.0E,(24) 57.0E KU-band NSS 12,Missing
ERI R4,1_0_2_1861_277B_1_23A0000_0_0_0.png,erir4.png,57.0E,(24) 57.0E KU-band NSS 12,Missing
ETHIOPIAN NATIONAL RADIO,1_0_2_18D6_2778_A_23A0000_0_0_0.png,ethiopiannationalradio.png,57.0E,(24) 57.0E KU-band NSS 12,Missing
ETHIOPIAN RADIO,1_0_1_186F_277B_1_23A0000_0_0_0.png,ethiopianradio.png,57.0E,(24) 57.0E KU-band NSS 12,Missing
ETV Afan Oromo,1_0_1_18C5_2778_A_23A0000_0_0_0.png,etvafanoromo.png,57.0E,(24) 57.0E KU-band NSS 12,Missing
ETV Parliament,1_0_1_192E_277A_A_23A0000_0_0_0.png,etvparliament.png,57.0E,(24) 57.0E KU-band NSS 12,Missing
ETV YELIJOCH ALEM,1_0_1_17F9_2777_A_23A0000_0_0_0.png,etvyelijochalem.png,57.0E,(24) 57.0E KU-band NSS 12,Missing
ETV languages HD,1_0_1_187E_277B_1_23A0000_0_0_0.png,etvlanguageshd.png,57.0E,(24) 57.0E KU-band NSS 12,Missing
El Shaddai,1_0_1_1839_277B_1_23A0000_0_0_0.png,elshaddai.png,57.0E,(24) 57.0E KU-band NSS 12,Missing
Evangelical TV,1_0_1_1804_2777_A_23A0000_0_0_0.png,evangelicaltv.png,57.0E,(24) 57.0E KU-band NSS 12,Missing
FANA RADIO,1_0_2_17FF_2777_A_23A0000_0_0_0.png,fanaradio.png,57.0E,(24) 57.0E KU-band NSS 12,Missing
FANA TV,1_0_1_190D_277A_A_23A0000_0_0_0.png,fanatv.png,57.0E,(24) 57.0E KU-band NSS 12,Missing
FANA TV +,1_0_1_17ED_2777_A_23A0000_0_0_0.png,fanatv.png,57.0E,(24) 57.0E KU-band NSS 12,Missing
FANA TV SD +,1_0_1_190E_277A_A_23A0000_0_0_0.png,fanatvsd.png,57.0E,(24) 57.0E KU-band NSS 12,Missing
FM ADDIS 97.1,1_0_1_1870_277B_1_23A0000_0_0_0.png,fmaddis971.png,57.0E,(24) 57.0E KU-band NSS 12,Missing
FM ADDIS 97.1,1_0_2_18D3_2778_A_23A0000_0_0_0.png,fmaddis971.png,57.0E,(24) 57.0E KU-band NSS 12,Missing
Fana FM,1_0_2_17F1_2777_A_23A0000_0_0_0.png,fanafm.png,57.0E,(24) 57.0E KU-band NSS 12,Missing
GAMO TV,1_0_1_1881_277B_1_23A0000_0_0_0.png,gamotv.png,57.0E,(24) 57.0E KU-band NSS 12,Missing
GEDEO TV,1_0_1_1939_277A_A_23A0000_0_0_0.png,gedeotv.png,57.0E,(24) 57.0E KU-band NSS 12,Missing
GLORY OF GOD TV,1_0_1_191F_277A_A_23A0000_0_0_0.png,gloryofgodtv.png,57.0E,(24) 57.0E KU-band NSS 12,Missing
GOFA TV,1_0_1_1941_277A_A_23A0000_0_0_0.png,gofatv.png,57.0E,(24) 57.0E KU-band NSS 12,Missing
HADIYA TV,1_0_1_1805_2777_A_23A0000_0_0_0.png,hadiyatv.png,57.0E,(24) 57.0E KU-band NSS 12,Missing
HARIMA TV,1_0_1_191A_277A_A_23A0000_0_0_0.png,harimatv.png,57.0E,(24) 57.0E KU-band NSS 12,Missing
HEAVEN TV,1_0_1_1843_277B_1_23A0000_0_0_0.png,heaventv.png,57.0E,(24) 57.0E KU-band NSS 12,Missing
HEYWET TV,1_0_1_17FA_2777_A_23A0000_0_0_0.png,heywettv.png,57.0E,(24) 57.0E KU-band NSS 12,Missing
HOLY SPIRIT TV,1_0_1_1869_277B_1_23A0000_0_0_0.png,holyspirittv.png,57.0E,(24) 57.0E KU-band NSS 12,Missing
HORNSAT NO. 2,1_0_1_1775_2775_A_23A0000_0_0_0.png,hornsatno2.png,57.0E,(24) 57.0E KU-band NSS 12,Missing
Hand of God TV,1_0_1_187B_277B_1_23A0000_0_0_0.png,handofgodtv.png,57.0E,(24) 57.0E KU-band NSS 12,Missing
Harari FM 101.4,1_0_2_1886_277B_1_23A0000_0_0_0.png,hararifm1014.png,57.0E,(24) 57.0E KU-band NSS 12,Missing
Harari TV,1_0_1_183A_277B_1_23A0000_0_0_0.png,hararitv.png,57.0E,(24) 57.0E KU-band NSS 12,Missing
JESUS WONDERFUL TV,1_0_1_1842_277B_1_23A0000_0_0_0.png,jesuswonderfultv.png,57.0E,(24) 57.0E KU-band NSS 12,Missing
JPS TV,1_0_1_1853_277B_1_23A0000_0_0_0.png,jpstv.png,57.0E,(24) 57.0E KU-band NSS 12,Missing
Kaffa TV,1_0_1_18ED_2778_A_23A0000_0_0_0.png,kaffatv.png,57.0E,(24) 57.0E KU-band NSS 12,Missing
Kaleawadi TV,1_0_1_183E_277B_1_23A0000_0_0_0.png,kaleawaditv.png,57.0E,(24) 57.0E KU-band NSS 12,Missing
Kana TV HD,1_0_1_17E6_2777_A_23A0000_0_0_0.png,kanatvhd.png,57.0E,(24) 57.0E KU-band NSS 12,Missing
LJ TV WORLDWIDE,1_0_1_185D_277B_1_23A0000_0_0_0.png,ljtvworldwide.png,57.0E,(24) 57.0E KU-band NSS 12,Missing
LJR TV,1_0_1_193B_277A_A_23A0000_0_0_0.png,ljrtv.png,57.0E,(24) 57.0E KU-band NSS 12,Missing
MINBER TV,1_0_1_191D_277A_A_23A0000_0_0_0.png,minbertv.png,57.0E,(24) 57.0E KU-band NSS 12,Missing
Maezer Semay TV,1_0_1_1885_277B_1_23A0000_0_0_0.png,maezersemaytv.png,57.0E,(24) 57.0E KU-band NSS 12,Missing
Merkato TV,1_0_1_193C_277A_A_23A0000_0_0_0.png,merkatotv.png,57.0E,(24) 57.0E KU-band NSS 12,Missing
Nejashi TV,1_0_1_193D_277A_A_23A0000_0_0_0.png,nejashitv.png,57.0E,(24) 57.0E KU-band NSS 12,Missing
OBN GAAMMEE,1_0_1_1920_277A_A_23A0000_0_0_0.png,obngaammee.png,57.0E,(24) 57.0E KU-band NSS 12,Missing
OBN HD,1_0_1_18A0_2778_A_23A0000_0_0_0.png,obnhd.png,57.0E,(24) 57.0E KU-band NSS 12,Missing
OBN RADIO,1_0_2_18DB_2778_A_23A0000_0_0_0.png,obnradio.png,57.0E,(24) 57.0E KU-band NSS 12,Missing
OROMIA EDUCATION,1_0_2_18DC_2778_A_23A0000_0_0_0.png,oromiaeducation.png,57.0E,(24) 57.0E KU-band NSS 12,Missing
PRESENCE TV,1_0_1_1815_2777_A_23A0000_0_0_0.png,presencetv.png,57.0E,(24) 57.0E KU-band NSS 12,Missing
PRIME HD,1_0_1_18E1_2778_A_23A0000_0_0_0.png,primehd.png,57.0E,(24) 57.0E KU-band NSS 12,Missing
SBC TV,1_0_1_18EB_2778_A_23A0000_0_0_0.png,sbctv.png,57.0E,(24) 57.0E KU-band NSS 12,Missing
SHILO TV,1_0_1_1848_277B_1_23A0000_0_0_0.png,shilotv.png,57.0E,(24) 57.0E KU-band NSS 12,Missing
South TV SD,1_0_1_18A8_2778_A_23A0000_0_0_0.png,southtvsd.png,57.0E,(24) 57.0E KU-band NSS 12,Missing
South Tv,1_0_1_1906_277A_A_23A0000_0_0_0.png,southtv.png,57.0E,(24) 57.0E KU-band NSS 12,Missing
Southwest TV,1_0_1_1887_277B_1_23A0000_0_0_0.png,southwesttv.png,57.0E,(24) 57.0E KU-band NSS 12,Missing
TESFA TV,1_0_1_1938_277A_A_23A0000_0_0_0.png,tesfatv.png,57.0E,(24) 57.0E KU-band NSS 12,Missing
TV IFAA FAYYINAA,1_0_1_1931_277A_A_23A0000_0_0_0.png,tvifaafayyinaa.png,57.0E,(24) 57.0E KU-band NSS 12,Missing
Tinsae TV,1_0_1_1942_277A_A_23A0000_0_0_0.png,tinsaetv.png,57.0E,(24) 57.0E KU-band NSS 12,Missing
Winners Way TV,1_0_1_184E_277B_1_23A0000_0_0_0.png,winnerswaytv.png,57.0E,(24) 57.0E KU-band NSS 12,Missing
3855V SID 0x01,1_0_1_1_1_0_23B0F0F_0_0_0.png,3855vsid0x01.png,57.1E,(109) 57.0E C-band NSS 12,Missing
51 BFBS Radio,1_0_2_1FC3_3_11_23B0000_0_0_0.png,51bfbsradio.png,57.1E,(109) 57.0E C-band NSS 12,Missing
52 BFBS Radio 2,1_0_2_1FBC_3_11_23B0000_0_0_0.png,52bfbsradio2.png,57.1E,(109) 57.0E C-band NSS 12,Missing
53 BFBS UK National,1_0_2_1FBF_3_11_23B0000_0_0_0.png,53bfbsuknational.png,57.1E,(109) 57.0E C-band NSS 12,Missing
61 BFBS Ops,1_0_2_1FB9_3_11_23B0000_0_0_0.png,61bfbsops.png,57.1E,(109) 57.0E C-band NSS 12,Missing
62,1_0_2_1FBA_3_11_23B0000_0_0_0.png,62.png,57.1E,(109) 57.0E C-band NSS 12,Missing
63,1_0_2_1FC1_3_11_23B0000_0_0_0.png,63.png,57.1E,(109) 57.0E C-band NSS 12,Missing
64 BFBS Falklands,1_0_2_1FCA_3_11_23B0000_0_0_0.png,64bfbsfalklands.png,57.1E,(109) 57.0E C-band NSS 12,Missing
65,1_0_2_1FBD_3_11_23B0000_0_0_0.png,65.png,57.1E,(109) 57.0E C-band NSS 12,Missing
66,1_0_2_1FC2_3_11_23B0000_0_0_0.png,66.png,57.1E,(109) 57.0E C-band NSS 12,Missing
67 BFBS UK Bases,1_0_2_1FBB_3_11_23B0000_0_0_0.png,67bfbsukbases.png,57.1E,(109) 57.0E C-band NSS 12,Missing
68,1_0_2_1FD4_3_11_23B0000_0_0_0.png,68.png,57.1E,(109) 57.0E C-band NSS 12,Missing
69 BFBS Gurkha Radio,1_0_2_1FC5_3_11_23B0000_0_0_0.png,69bfbsgurkharadio.png,57.1E,(109) 57.0E C-band NSS 12,Missing
71 BFBS Beats,1_0_2_1FC4_3_11_23B0000_0_0_0.png,71bfbsbeats.png,57.1E,(109) 57.0E C-band NSS 12,Missing
72 BFBS Edge,1_0_2_1FC6_3_11_23B0000_0_0_0.png,72bfbsedge.png,57.1E,(109) 57.0E C-band NSS 12,Missing
73 BFBS Rewind,1_0_2_1FC7_3_11_23B0000_0_0_0.png,73bfbsrewind.png,57.1E,(109) 57.0E C-band NSS 12,Missing
74 BFBS Samishran,1_0_2_1FC9_3_11_23B0000_0_0_0.png,74bfbssamishran.png,57.1E,(109) 57.0E C-band NSS 12,Missing
75 BFBS Best of British,1_0_2_1FBE_3_11_23B0000_0_0_0.png,75bfbsbestofbritish.png,57.1E,(109) 57.0E C-band NSS 12,Missing
81,1_0_2_1FCB_3_11_23B0000_0_0_0.png,81.png,57.1E,(109) 57.0E C-band NSS 12,Missing
82,1_0_2_1FCC_3_11_23B0000_0_0_0.png,82.png,57.1E,(109) 57.0E C-band NSS 12,Missing
83,1_0_2_1FCD_3_11_23B0000_0_0_0.png,83.png,57.1E,(109) 57.0E C-band NSS 12,Missing
84,1_0_2_1FCE_3_11_23B0000_0_0_0.png,84.png,57.1E,(109) 57.0E C-band NSS 12,Missing
85,1_0_2_1FCF_3_11_23B0000_0_0_0.png,85.png,57.1E,(109) 57.0E C-band NSS 12,Missing
86,1_0_2_1FD0_3_11_23B0000_0_0_0.png,86.png,57.1E,(109) 57.0E C-band NSS 12,Missing
87,1_0_2_1FD1_3_11_23B0000_0_0_0.png,87.png,57.1E,(109) 57.0E C-band NSS 12,Missing
88,1_0_2_1FD2_3_11_23B0000_0_0_0.png,88.png,57.1E,(109) 57.0E C-band NSS 12,Missing
91,1_0_2_1FD3_3_11_23B0000_0_0_0.png,91.png,57.1E,(109) 57.0E C-band NSS 12,Missing
92,1_0_2_1FC0_3_11_23B0000_0_0_0.png,92.png,57.1E,(109) 57.0E C-band NSS 12,Missing
93,1_0_2_1FC8_3_11_23B0000_0_0_0.png,93.png,57.1E,(109) 57.0E C-band NSS 12,Missing
94,1_0_2_1FD5_3_11_23B0000_0_0_0.png,94.png,57.1E,(109) 57.0E C-band NSS 12,Missing
95,1_0_2_1FD6_3_11_23B0000_0_0_0.png,95.png,57.1E,(109) 57.0E C-band NSS 12,Missing
99(DATA),1_0_C_1064_3_11_23B0000_0_0_0.png,99data.png,57.1E,(109) 57.0E C-band NSS 12,Missing
AFN Eagle,1_0_2_140_65_12_23B0000_0_0_0.png,afneagle.png,57.1E,(109) 57.0E C-band NSS 12,Missing
AFN Music Service 1,1_0_2_142_65_12_23B0000_0_0_0.png,afnmusicservice1.png,57.1E,(109) 57.0E C-band NSS 12,Missing
AFN Music Service 2,1_0_2_143_65_12_23B0000_0_0_0.png,afnmusicservice2.png,57.1E,(109) 57.0E C-band NSS 12,Missing
AFN|prime,1_0_16_12E_65_12_23B0000_0_0_0.png,afnprime.png,57.1E,(109) 57.0E C-band NSS 12,Missing
AMMA,1_0_1_1_1_FFFF_23B0F5C_0_0_0.png,amma.png,57.1E,(109) 57.0E C-band NSS 12,Missing
AMN,1_0_1_1_1_1_23B8F12_0_0_0.png,amn.png,57.1E,(109) 57.0E C-band NSS 12,Missing
AMN PLUS,1_0_1_2_1_1_23B8F12_0_0_0.png,amnplus.png,57.1E,(109) 57.0E C-band NSS 12,Missing
AU CH NEWS,1_0_1_71_2_1_23B0000_0_0_0.png,auchnews.png,57.1E,(109) 57.0E C-band NSS 12,Missing
AU COMEDY AND DRAMA,1_0_1_78_2_1_23B0000_0_0_0.png,aucomedyanddrama.png,57.1E,(109) 57.0E C-band NSS 12,Missing
BBC News Burmese,1_0_1_4_1_1_23B103F_0_0_0.png,bbcnewsburmese.png,57.1E,(109) 57.0E C-band NSS 12,Missing
BRIT BOX,1_0_1_80_2_1_23B0000_0_0_0.png,britbox.png,57.1E,(109) 57.0E C-band NSS 12,Missing
Benishangul Gumuz TV,1_0_1_1_1_1_23B8EE5_0_0_0.png,benishangulgumuztv.png,57.1E,(109) 57.0E C-band NSS 12,Missing
CANAL24H,1_0_1_77_2_1_23B0000_0_0_0.png,canal24h.png,57.1E,(109) 57.0E C-band NSS 12,Missing
Encompass - NOR,1_0_2_1_1_1_23B103F_0_0_0.png,encompassnor.png,57.1E,(109) 57.0E C-band NSS 12,Missing
FANA TV,1_0_1_1_1_FFFF_23B0F65_0_0_0.png,fanatv.png,57.1E,(109) 57.0E C-band NSS 12,Missing
INV1-dtsatl,1_0_C_C01_65_12_23B0000_0_0_0.png,inv1dtsatl.png,57.1E,(109) 57.0E C-band NSS 12,Missing
MSNOW,1_0_1_66_2_1_23B0000_0_0_0.png,msnow.png,57.1E,(109) 57.0E C-band NSS 12,Missing
NBC Ethiopia,1_0_19_1_1_1_23B8EE8_0_0_0.png,nbcethiopia.png,57.1E,(109) 57.0E C-band NSS 12,Missing
Quadrille Data,1_0_16_2218_3_11_23B0000_0_0_0.png,quadrilledata.png,57.1E,(109) 57.0E C-band NSS 12,Missing
Radio 1,1_0_2_5_1_1_23B8F12_0_0_0.png,radio1.png,57.1E,(109) 57.0E C-band NSS 12,Missing
V4,1_0_1_6C_2_1_23B0000_0_0_0.png,v4.png,57.1E,(109) 57.0E C-band NSS 12,Missing
ESPN EMEA Service-3,1_0_1_3_1_FFFF_46AA0A_0_0_0.png,espnemeaservice3.png,58.5E,(25) 58.5E KU-band KazSat 3,Missing
ESPN EMEA Service-4,1_0_1_4_1_FFFF_46AA0A_0_0_0.png,espnemeaservice4.png,58.5E,(25) 58.5E KU-band KazSat 3,Missing
RADIO ARDABIL,1_0_2_1E3_258_62E_26C0000_0_0_0.png,radioardabil.png,62.0E,(26) 62.0E KU-band Intelsat 39,Missing
RADIO ARDABIL,1_0_2_1E3_64_62E_26C0000_0_0_0.png,radioardabil.png,62.0E,(26) 62.0E KU-band Intelsat 39,Missing
RADIO AZARBAYEJAN,1_0_2_1D5_68_E26_26C0000_0_0_0.png,radioazarbayejan.png,62.0E,(26) 62.0E KU-band Intelsat 39,Missing
RADIO AZARBAYJAN SHARGHI,1_0_2_1CE_258_62E_26C0000_0_0_0.png,radioazarbayjansharghi.png,62.0E,(26) 62.0E KU-band Intelsat 39,Missing
RADIO AZARBAYJAN SHARGHI,1_0_2_1CE_64_62E_26C0000_0_0_0.png,radioazarbayjansharghi.png,62.0E,(26) 62.0E KU-band Intelsat 39,Missing
RADIO BOROONMARZI(RAZAVI),1_0_2_1EF_1F4_E26_26C0000_0_0_0.png,radioboroonmarzirazavi.png,62.0E,(26) 62.0E KU-band Intelsat 39,Missing
RADIO BRONMARZE,1_0_2_1F0_1FA_E26_26C0000_0_0_0.png,radiobronmarze.png,62.0E,(26) 62.0E KU-band Intelsat 39,Missing
RADIO BROONMARZI(TAB),1_0_2_1F2_258_62E_26C0000_0_0_0.png,radiobroonmarzitab.png,62.0E,(26) 62.0E KU-band Intelsat 39,Missing
RADIO BROONMARZI(TAB),1_0_2_1F2_64_62E_26C0000_0_0_0.png,radiobroonmarzitab.png,62.0E,(26) 62.0E KU-band Intelsat 39,Missing
RADIO BUSHEHR,1_0_2_1DE_1234_ABCD_26C0000_0_0_0.png,radiobushehr.png,62.0E,(26) 62.0E KU-band Intelsat 39,Missing
RADIO KH.JONOOBI,1_0_2_1EC_1F4_E26_26C0000_0_0_0.png,radiokhjonoobi.png,62.0E,(26) 62.0E KU-band Intelsat 39,Missing
RADIO KH.RAZAVI,1_0_2_1CD_1F4_E26_26C0000_0_0_0.png,radiokhrazavi.png,62.0E,(26) 62.0E KU-band Intelsat 39,Missing
RADIO KH.SHOMALI,1_0_2_1DC_1F4_E26_26C0000_0_0_0.png,radiokhshomali.png,62.0E,(26) 62.0E KU-band Intelsat 39,Missing
RADIO SEMNAN,1_0_2_1EA_68_68_26C0000_0_0_0.png,radiosemnan.png,62.0E,(26) 62.0E KU-band Intelsat 39,Missing
RADIO YASUJ,1_0_2_1E9_1234_ABCD_26C0000_0_0_0.png,radioyasuj.png,62.0E,(26) 62.0E KU-band Intelsat 39,Missing
RADIO-BANDARABAS,1_0_2_1E5_1234_ABCD_26C0000_0_0_0.png,radiobandarabas.png,62.0E,(26) 62.0E KU-band Intelsat 39,Missing
RADIO-HAMEDAN,1_0_2_1E0_1234_ABCD_26C0000_0_0_0.png,radiohamedan.png,62.0E,(26) 62.0E KU-band Intelsat 39,Missing
RADIO-MARKAZI,1_0_2_1E6_1234_ABCD_26C0000_0_0_0.png,radiomarkazi.png,62.0E,(26) 62.0E KU-band Intelsat 39,Missing
RADIO-Qazvin,1_0_2_1ED_1FA_E26_26C0000_0_0_0.png,radioqazvin.png,62.0E,(26) 62.0E KU-band Intelsat 39,Missing
RADIO-RASHT,1_0_2_1D3_1FA_E26_26C0000_0_0_0.png,radiorasht.png,62.0E,(26) 62.0E KU-band Intelsat 39,Missing
RADIO-ZAHEDAN,1_0_2_1DD_1234_ABCD_26C0000_0_0_0.png,radiozahedan.png,62.0E,(26) 62.0E KU-band Intelsat 39,Missing
Radio-Kerman,1_0_2_1D9_1234_ABCD_26C0000_0_0_0.png,radiokerman.png,62.0E,(26) 62.0E KU-band Intelsat 39,Missing
Radio-QOM,1_0_2_1DB_1234_ABCD_26C0000_0_0_0.png,radioqom.png,62.0E,(26) 62.0E KU-band Intelsat 39,Missing
servics-1,1_0_1_1_1_FFFF_26CABBA_0_0_0.png,servics1.png,62.0E,(26) 62.0E KU-band Intelsat 39,Missing
EQU TV RM,1_0_1_1_A0_0_26D1049_0_0_0.png,equtvrm.png,62.1E,(110) 62.0E C-band Intelsat 39,Missing
107.8,1_0_1_45_1_1_2940000_0_0_0.png,1078.png,66.0E,(28) 66.0E KU-band Intelsat 17,Missing
11331H SID 0x14,1_0_64_14_0_0_2940000_0_0_0.png,11331hsid0x14.png,66.0E,(28) 66.0E KU-band Intelsat 17,Missing
11668V SID 0x01,1_0_64_1_201_0_2940000_0_0_0.png,11668vsid0x01.png,66.0E,(28) 66.0E KU-band Intelsat 17,Missing
ALghad FM 1,1_0_2_1_1_1_2940000_0_0_0.png,alghadfm1.png,66.0E,(28) 66.0E KU-band Intelsat 17,Missing
ALghad FM 2,1_0_2_3_1_1_2940000_0_0_0.png,alghadfm2.png,66.0E,(28) 66.0E KU-band Intelsat 17,Missing
Radio GORDOST,1_0_1_19F_1_1_2940000_0_0_0.png,radiogordost.png,66.0E,(28) 66.0E KU-band Intelsat 17,Missing
BRK News,1_0_1_57F_4_1C_2950000_0_0_0.png,brknews.png,66.1E,(111) 66.0E C-band Intelsat 17,Missing
Chardikla Time TV,1_0_1_580_4_1C_2950000_0_0_0.png,chardiklatimetv.png,66.1E,(111) 66.0E C-band Intelsat 17,Missing
Enterr10 Bangla,1_0_1_583_4_1C_2950000_0_0_0.png,enterr10bangla.png,66.1E,(111) 66.0E C-band Intelsat 17,Missing
FLOWERS,1_0_1_2E_D_33_2950000_0_0_0.png,flowers.png,66.1E,(111) 66.0E C-band Intelsat 17,Missing
JANAM,1_0_1_2D_D_33_2950000_0_0_0.png,janam.png,66.1E,(111) 66.0E C-band Intelsat 17,Missing
KAIRALI,1_0_1_7_D_33_2950000_0_0_0.png,kairali.png,66.1E,(111) 66.0E C-band Intelsat 17,Missing
KAIRALI ARABIA,1_0_1_29_D_33_2950000_0_0_0.png,kairaliarabia.png,66.1E,(111) 66.0E C-band Intelsat 17,Missing
KAIRALI NEWS,1_0_1_8_D_33_2950000_0_0_0.png,kairalinews.png,66.1E,(111) 66.0E C-band Intelsat 17,Missing
KAPPA TV,1_0_1_2C_D_33_2950000_0_0_0.png,kappatv.png,66.1E,(111) 66.0E C-band Intelsat 17,Missing
MADHA TV,1_0_1_5_D_33_2950000_0_0_0.png,madhatv.png,66.1E,(111) 66.0E C-band Intelsat 17,Missing
MAKKAL TV,1_0_1_6_D_33_2950000_0_0_0.png,makkaltv.png,66.1E,(111) 66.0E C-band Intelsat 17,Missing
MATHRUBHUMI NEWS,1_0_1_2B_D_33_2950000_0_0_0.png,mathrubhuminews.png,66.1E,(111) 66.0E C-band Intelsat 17,Missing
MOON TV,1_0_1_F_D_33_2950000_0_0_0.png,moontv.png,66.1E,(111) 66.0E C-band Intelsat 17,Missing
PUBLIC MOVIES,1_0_1_2A_D_33_2950000_0_0_0.png,publicmovies.png,66.1E,(111) 66.0E C-band Intelsat 17,Missing
PUBLIC MUSIC,1_0_1_28_D_33_2950000_0_0_0.png,publicmusic.png,66.1E,(111) 66.0E C-band Intelsat 17,Missing
PUBLIC TV,1_0_1_1D_D_33_2950000_0_0_0.png,publictv.png,66.1E,(111) 66.0E C-band Intelsat 17,Missing
PUTHIYA THALAIMURAI,1_0_1_10_D_33_2950000_0_0_0.png,puthiyathalaimurai.png,66.1E,(111) 66.0E C-band Intelsat 17,Missing
Peppers,1_0_1_578_4_1C_2950000_0_0_0.png,peppers.png,66.1E,(111) 66.0E C-band Intelsat 17,Missing
SHEKINAH,1_0_1_30_D_33_2950000_0_0_0.png,shekinah.png,66.1E,(111) 66.0E C-band Intelsat 17,Missing
SRI SANKARA,1_0_1_11_D_33_2950000_0_0_0.png,srisankara.png,66.1E,(111) 66.0E C-band Intelsat 17,Missing
TWENTY FOUR,1_0_1_2F_D_33_2950000_0_0_0.png,twentyfour.png,66.1E,(111) 66.0E C-band Intelsat 17,Missing
Tabbar Hits,1_0_1_57D_4_1C_2950000_0_0_0.png,tabbarhits.png,66.1E,(111) 66.0E C-band Intelsat 17,Missing
Total TV,1_0_1_57B_4_1C_2950000_0_0_0.png,totaltv.png,66.1E,(111) 66.0E C-band Intelsat 17,Missing
VASANTH,1_0_1_17_D_33_2950000_0_0_0.png,vasanth.png,66.1E,(111) 66.0E C-band Intelsat 17,Missing
WE,1_0_1_9_D_33_2950000_0_0_0.png,we.png,66.1E,(111) 66.0E C-band Intelsat 17,Missing
12682V SID 0x3ed,1_0_64_3ED_5_49_2AD0000_0_0_0.png,12682vsid0x3ed.png,68.5E,(29) 68.5E KU-band Intelsat 20/36,Missing
APTIM TV,1_0_1_E0_2_49_2AD0000_0_0_0.png,aptimtv.png,68.5E,(29) 68.5E KU-band Intelsat 20/36,Missing
APTIM TV_33K,1_0_1_10B_5_49_2AD0000_0_0_0.png,aptimtv33k.png,68.5E,(29) 68.5E KU-band Intelsat 20/36,Missing
AVO - Channels TV,1_0_1_3_1A_14_2AD0000_0_0_0.png,avochannelstv.png,68.5E,(29) 68.5E KU-band Intelsat 20/36,Missing
AVO - TVC Entertainment,1_0_1_7_1A_14_2AD0000_0_0_0.png,avotvcentertainment.png,68.5E,(29) 68.5E KU-band Intelsat 20/36,Missing
AVO - TVC News,1_0_1_6_1A_14_2AD0000_0_0_0.png,avotvcnews.png,68.5E,(29) 68.5E KU-band Intelsat 20/36,Missing
AVO - WAP TV,1_0_1_4_1A_14_2AD0000_0_0_0.png,avowaptv.png,68.5E,(29) 68.5E KU-band Intelsat 20/36,Missing
AWR SID Radio,1_0_2_5F_1A_14_2AD0000_0_0_0.png,awrsidradio.png,68.5E,(29) 68.5E KU-band Intelsat 20/36,Missing
AWR Tanzania,1_0_2_5B_1A_14_2AD0000_0_0_0.png,awrtanzania.png,68.5E,(29) 68.5E KU-band Intelsat 20/36,Missing
BLESSED TV,1_0_1_EB_5_49_2AD0000_0_0_0.png,blessedtv.png,68.5E,(29) 68.5E KU-band Intelsat 20/36,Missing
Celebration TV_35K,1_0_1_CC_2_49_2AD0000_0_0_0.png,celebrationtv35k.png,68.5E,(29) 68.5E KU-band Intelsat 20/36,Missing
ChAfr,1_0_2_147_2_49_2AD0000_0_0_0.png,chafr.png,68.5E,(29) 68.5E KU-band Intelsat 20/36,Missing
Champions TVPlus_33K,1_0_1_10A_5_49_2AD0000_0_0_0.png,championstvplus33k.png,68.5E,(29) 68.5E KU-band Intelsat 20/36,Missing
Channel Africa_new,1_0_2_14B_5_49_2AD0000_0_0_0.png,channelafricanew.png,68.5E,(29) 68.5E KU-band Intelsat 20/36,Missing
Cii,1_0_2_141_2_49_2AD0000_0_0_0.png,cii.png,68.5E,(29) 68.5E KU-band Intelsat 20/36,Missing
Cii_new,1_0_2_144_5_49_2AD0000_0_0_0.png,ciinew.png,68.5E,(29) 68.5E KU-band Intelsat 20/36,Missing
DSD419Upgrade,1_0_98_4B2_5_49_2AD0000_0_0_0.png,dsd419upgrade.png,68.5E,(29) 68.5E KU-band Intelsat 20/36,Missing
Divine Hand TV_35K,1_0_1_EC_2_49_2AD0000_0_0_0.png,divinehandtv35k.png,68.5E,(29) 68.5E KU-band Intelsat 20/36,Missing
EBENEZER TV_35K,1_0_1_ED_2_49_2AD0000_0_0_0.png,ebenezertv35k.png,68.5E,(29) 68.5E KU-band Intelsat 20/36,Missing
EMMANUEL TV HD,1_0_1_C585_6_49_2AD0000_0_0_0.png,emmanueltvhd.png,68.5E,(29) 68.5E KU-band Intelsat 20/36,Missing
Efatha TV,1_0_16_B_1A_14_2AD0000_0_0_0.png,efathatv.png,68.5E,(29) 68.5E KU-band Intelsat 20/36,Missing
Encounter Jesus_33K,1_0_1_7F_5_49_2AD0000_0_0_0.png,encounterjesus33k.png,68.5E,(29) 68.5E KU-band Intelsat 20/36,Missing
Encounter TV_35K,1_0_1_10D_2_49_2AD0000_0_0_0.png,encountertv35k.png,68.5E,(29) 68.5E KU-band Intelsat 20/36,Missing
Free Indeed TV_33K,1_0_1_106_5_49_2AD0000_0_0_0.png,freeindeedtv33k.png,68.5E,(29) 68.5E KU-band Intelsat 20/36,Missing
HC Malawi,1_0_1_14_1A_14_2AD0000_0_0_0.png,hcmalawi.png,68.5E,(29) 68.5E KU-band Intelsat 20/36,Missing
HC Uganda,1_0_1_15_1A_14_2AD0000_0_0_0.png,hcuganda.png,68.5E,(29) 68.5E KU-band Intelsat 20/36,Missing
HC Zambia,1_0_1_13_1A_14_2AD0000_0_0_0.png,hczambia.png,68.5E,(29) 68.5E KU-band Intelsat 20/36,Missing
Impact Voice Network,1_0_1_10F_2_49_2AD0000_0_0_0.png,impactvoicenetwork.png,68.5E,(29) 68.5E KU-band Intelsat 20/36,Missing
Intelsat FUS Test,1_0_1_64_22_14_2AD0000_0_0_0.png,intelsatfustest.png,68.5E,(29) 68.5E KU-band Intelsat 20/36,Missing
Intelsat FUS Test,1_0_1_C8_22_14_2AD0000_0_0_0.png,intelsatfustest.png,68.5E,(29) 68.5E KU-band Intelsat 20/36,Missing
KLN TV,1_0_1_108_5_49_2AD0000_0_0_0.png,klntv.png,68.5E,(29) 68.5E KU-band Intelsat 20/36,Missing
Liberation TV_33K,1_0_1_10C_5_49_2AD0000_0_0_0.png,liberationtv33k.png,68.5E,(29) 68.5E KU-band Intelsat 20/36,Missing
MERIBA TV,1_0_1_76_2_49_2AD0000_0_0_0.png,meribatv.png,68.5E,(29) 68.5E KU-band Intelsat 20/36,Missing
MERIBA TV_33K,1_0_1_75_5_49_2AD0000_0_0_0.png,meribatv33k.png,68.5E,(29) 68.5E KU-band Intelsat 20/36,Missing
Malawi Adventist Radio,1_0_2_5D_1A_14_2AD0000_0_0_0.png,malawiadventistradio.png,68.5E,(29) 68.5E KU-band Intelsat 20/36,Missing
Markaz Sahaba,1_0_2_C57D_6_49_2AD0000_0_0_0.png,markazsahaba.png,68.5E,(29) 68.5E KU-band Intelsat 20/36,Missing
Mercy TV Plus_33K,1_0_1_107_5_49_2AD0000_0_0_0.png,mercytvplus33k.png,68.5E,(29) 68.5E KU-band Intelsat 20/36,Missing
Prophetic Channel,1_0_1_105_5_49_2AD0000_0_0_0.png,propheticchannel.png,68.5E,(29) 68.5E KU-band Intelsat 20/36,Missing
RADIO 06 WORLD SERVICE,1_0_2_327_1_E26_2AD0000_0_0_0.png,radio06worldservice.png,68.5E,(29) 68.5E KU-band Intelsat 20/36,Missing
Radio Islam,1_0_2_143_2_49_2AD0000_0_0_0.png,radioislam.png,68.5E,(29) 68.5E KU-band Intelsat 20/36,Missing
Radio Islam_new,1_0_2_146_5_49_2AD0000_0_0_0.png,radioislamnew.png,68.5E,(29) 68.5E KU-band Intelsat 20/36,Missing
Radio Maranatha,1_0_2_5C_1A_14_2AD0000_0_0_0.png,radiomaranatha.png,68.5E,(29) 68.5E KU-band Intelsat 20/36,Missing
Radio Novo Tempo,1_0_2_5E_1A_14_2AD0000_0_0_0.png,radionovotempo.png,68.5E,(29) 68.5E KU-band Intelsat 20/36,Missing
Rapid TV,1_0_1_1_1A_14_2AD0000_0_0_0.png,rapidtv.png,68.5E,(29) 68.5E KU-band Intelsat 20/36,Missing
SHEKINAH TV,1_0_1_E9_5_49_2AD0000_0_0_0.png,shekinahtv.png,68.5E,(29) 68.5E KU-band Intelsat 20/36,Missing
SPARE1,1_0_1_C576_6_49_2AD0000_0_0_0.png,spare1.png,68.5E,(29) 68.5E KU-band Intelsat 20/36,Missing
Salaamedia,1_0_2_142_2_49_2AD0000_0_0_0.png,salaamedia.png,68.5E,(29) 68.5E KU-band Intelsat 20/36,Missing
Salaamedia_new,1_0_2_145_5_49_2AD0000_0_0_0.png,salaamedianew.png,68.5E,(29) 68.5E KU-band Intelsat 20/36,Missing
Sentech,1_0_8D_3E8_2_49_2AD0000_0_0_0.png,sentech.png,68.5E,(29) 68.5E KU-band Intelsat 20/36,Missing
Truth TV_33K,1_0_1_F3_5_49_2AD0000_0_0_0.png,truthtv33k.png,68.5E,(29) 68.5E KU-band Intelsat 20/36,Missing
UBN_33K,1_0_1_104_5_49_2AD0000_0_0_0.png,ubn33k.png,68.5E,(29) 68.5E KU-band Intelsat 20/36,Missing
1S News,1_0_1_44F_1_1C_2AE0000_0_0_0.png,1snews.png,68.6E,(112) 68.5E C-band Intelsat 20/36,Missing
3739H SID 0x38,1_0_C_38_12D_1_2AE0000_0_0_0.png,3739hsid0x38.png,68.6E,(112) 68.5E C-band Intelsat 20/36,Missing
3868H SID 0xfffe,1_0_C_FFFE_68_1_2AE0000_0_0_0.png,3868hsid0xfffe.png,68.6E,(112) 68.5E C-band Intelsat 20/36,Missing
3936V SID 0x8cd,1_0_1_8CD_1C_A4_2AE0000_0_0_0.png,3936vsid0x8cd.png,68.6E,(112) 68.5E C-band Intelsat 20/36,Missing
3936V SID 0x8ce,1_0_1_8CE_1C_A4_2AE0000_0_0_0.png,3936vsid0x8ce.png,68.6E,(112) 68.5E C-band Intelsat 20/36,Missing
3936V SID 0x8cf,1_0_1_8CF_1C_A4_2AE0000_0_0_0.png,3936vsid0x8cf.png,68.6E,(112) 68.5E C-band Intelsat 20/36,Missing
3936V SID 0x8d0,1_0_1_8D0_1C_A4_2AE0000_0_0_0.png,3936vsid0x8d0.png,68.6E,(112) 68.5E C-band Intelsat 20/36,Missing
3936V SID 0x8d1,1_0_1_8D1_1C_A4_2AE0000_0_0_0.png,3936vsid0x8d1.png,68.6E,(112) 68.5E C-band Intelsat 20/36,Missing
3936V SID 0x8d2,1_0_1_8D2_1C_A4_2AE0000_0_0_0.png,3936vsid0x8d2.png,68.6E,(112) 68.5E C-band Intelsat 20/36,Missing
591 STAR PLUS ME HD,1_0_19_637_1C_A4_2AE0000_0_0_0.png,591starplusmehd.png,68.6E,(112) 68.5E C-band Intelsat 20/36,Missing
592 STAR PLUS ME HD,1_0_19_638_1C_A4_2AE0000_0_0_0.png,592starplusmehd.png,68.6E,(112) 68.5E C-band Intelsat 20/36,Missing
593 Star Bharat ME SD,1_0_1_639_1C_A4_2AE0000_0_0_0.png,593starbharatmesd.png,68.6E,(112) 68.5E C-band Intelsat 20/36,Missing
594 Star Vijay Intl SD,1_0_1_63A_1C_A4_2AE0000_0_0_0.png,594starvijayintlsd.png,68.6E,(112) 68.5E C-band Intelsat 20/36,Missing
595 Star Gold Intl HD,1_0_1_63B_1C_A4_2AE0000_0_0_0.png,595stargoldintlhd.png,68.6E,(112) 68.5E C-band Intelsat 20/36,Missing
596 Star Gold Intl HD,1_0_19_63C_1C_A4_2AE0000_0_0_0.png,596stargoldintlhd.png,68.6E,(112) 68.5E C-band Intelsat 20/36,Missing
597 Star Gold Intl HD,1_0_19_63D_1C_A4_2AE0000_0_0_0.png,597stargoldintlhd.png,68.6E,(112) 68.5E C-band Intelsat 20/36,Missing
ABC Australia,1_0_1_B_1_1_2AE0FE0_0_0_0.png,abcaustralia.png,68.6E,(112) 68.5E C-band Intelsat 20/36,Missing
ABP ANANDA,1_0_1_3_5_F_2AE0000_0_0_0.png,abpananda.png,68.6E,(112) 68.5E C-band Intelsat 20/36,Missing
ABP ASMITA,1_0_1_5_5_F_2AE0000_0_0_0.png,abpasmita.png,68.6E,(112) 68.5E C-band Intelsat 20/36,Missing
ABP DESAM,1_0_1_5_6_F_2AE0000_0_0_0.png,abpdesam.png,68.6E,(112) 68.5E C-band Intelsat 20/36,Missing
ABP GANGA,1_0_1_2_6_F_2AE0000_0_0_0.png,abpganga.png,68.6E,(112) 68.5E C-band Intelsat 20/36,Missing
ABP MAJHA,1_0_1_4_5_F_2AE0000_0_0_0.png,abpmajha.png,68.6E,(112) 68.5E C-band Intelsat 20/36,Missing
ABP NADU,1_0_1_4_6_F_2AE0000_0_0_0.png,abpnadu.png,68.6E,(112) 68.5E C-band Intelsat 20/36,Missing
ABP SANJHA,1_0_1_6_6_F_2AE0000_0_0_0.png,abpsanjha.png,68.6E,(112) 68.5E C-band Intelsat 20/36,Missing
AND FLIX,1_0_1_7568_29_1_2AE0000_0_0_0.png,andflix.png,68.6E,(112) 68.5E C-band Intelsat 20/36,Missing
AND PICTURE,1_0_1_756E_3D_1_2AE0000_0_0_0.png,andpicture.png,68.6E,(112) 68.5E C-band Intelsat 20/36,Missing
AND PICTURE HD,1_0_1_38_14_1_2AE0000_0_0_0.png,andpicturehd.png,68.6E,(112) 68.5E C-band Intelsat 20/36,Missing
ANMOL CINEMA,1_0_1_755A_14_1_2AE0000_0_0_0.png,anmolcinema.png,68.6E,(112) 68.5E C-band Intelsat 20/36,Missing
ANMOL TV,1_0_1_37_14_1_2AE0000_0_0_0.png,anmoltv.png,68.6E,(112) 68.5E C-band Intelsat 20/36,Missing
APL HDW India - South,1_0_19_A2_12D_1_2AE0000_0_0_0.png,aplhdwindiasouth.png,68.6E,(112) 68.5E C-band Intelsat 20/36,Missing
APL HDW India - Tamil,1_0_19_99_12D_1_2AE0000_0_0_0.png,aplhdwindiatamil.png,68.6E,(112) 68.5E C-band Intelsat 20/36,Missing
APL HDW India - Telugu,1_0_19_A1_12D_1_2AE0000_0_0_0.png,aplhdwindiatelugu.png,68.6E,(112) 68.5E C-band Intelsat 20/36,Missing
APL HDWorld India,1_0_19_98_12D_1_2AE0000_0_0_0.png,aplhdworldindia.png,68.6E,(112) 68.5E C-band Intelsat 20/36,Missing
APL India,1_0_16_3C_12D_1_2AE0000_0_0_0.png,aplindia.png,68.6E,(112) 68.5E C-band Intelsat 20/36,Missing
APL India - Aux,1_0_16_3E_12D_1_2AE0000_0_0_0.png,aplindiaaux.png,68.6E,(112) 68.5E C-band Intelsat 20/36,Missing
APL India - English,1_0_16_3D_12D_1_2AE0000_0_0_0.png,aplindiaenglish.png,68.6E,(112) 68.5E C-band Intelsat 20/36,Missing
APL India - South,1_0_16_41_12D_1_2AE0000_0_0_0.png,aplindiasouth.png,68.6E,(112) 68.5E C-band Intelsat 20/36,Missing
APL India - Tamil,1_0_16_3F_12D_1_2AE0000_0_0_0.png,aplindiatamil.png,68.6E,(112) 68.5E C-band Intelsat 20/36,Missing
APL India - Telugu,1_0_16_40_12D_1_2AE0000_0_0_0.png,aplindiatelugu.png,68.6E,(112) 68.5E C-band Intelsat 20/36,Missing
Aastha Bhajan,1_0_1_1_2_1_2AE0000_0_0_0.png,aasthabhajan.png,68.6E,(112) 68.5E C-band Intelsat 20/36,Missing
Animal Planet HDW India - Hindi,1_0_19_A0_12D_1_2AE0000_0_0_0.png,animalplanethdwindiahindi.png,68.6E,(112) 68.5E C-band Intelsat 20/36,Missing
Bhojpuri Cinema,1_0_1_45A_1_1C_2AE0000_0_0_0.png,bhojpuricinema.png,68.6E,(112) 68.5E C-band Intelsat 20/36,Missing
CGNTV-BU,1_0_1_1_1_FFFF_2AE8EC6_0_0_0.png,cgntvbu.png,68.6E,(112) 68.5E C-band Intelsat 20/36,Missing
CN India SD,1_0_19_AF_12D_1_2AE0000_0_0_0.png,cnindiasd.png,68.6E,(112) 68.5E C-band Intelsat 20/36,Missing
CNN NEWS 18,1_0_16_65F9_1_7_2AE0000_0_0_0.png,cnnnews18.png,68.6E,(112) 68.5E C-band Intelsat 20/36,Missing
Colors Cineplex Bollywood,1_0_1_A2D_69_87F_2AE0000_0_0_0.png,colorscineplexbollywood.png,68.6E,(112) 68.5E C-band Intelsat 20/36,Missing
Colors Cineplex Bollywood,1_0_1_14B_69_87F_2AE0000_0_0_0.png,colorscineplexbollywood.png,68.6E,(112) 68.5E C-band Intelsat 20/36,Missing
Colors Cineplex HD,1_0_1_A2C_69_87F_2AE0000_0_0_0.png,colorscineplexhd.png,68.6E,(112) 68.5E C-band Intelsat 20/36,Missing
Colors Cineplex HD,1_0_1_12D_69_87F_2AE0000_0_0_0.png,colorscineplexhd.png,68.6E,(112) 68.5E C-band Intelsat 20/36,Missing
Colors Cineplex Superhits,1_0_1_1B_69_87F_2AE0000_0_0_0.png,colorscineplexsuperhits.png,68.6E,(112) 68.5E C-band Intelsat 20/36,Missing
Colors Cineplex Superhits,1_0_1_A2E_69_87F_2AE0000_0_0_0.png,colorscineplexsuperhits.png,68.6E,(112) 68.5E C-band Intelsat 20/36,Missing
Colors Kannada,1_0_1_90B_69_87F_2AE0000_0_0_0.png,colorskannada.png,68.6E,(112) 68.5E C-band Intelsat 20/36,Missing
Colors Kannada Cinema,1_0_1_A2F_69_87F_2AE0000_0_0_0.png,colorskannadacinema.png,68.6E,(112) 68.5E C-band Intelsat 20/36,Missing
Colors Kannada Cinema,1_0_1_33_69_87F_2AE0000_0_0_0.png,colorskannadacinema.png,68.6E,(112) 68.5E C-band Intelsat 20/36,Missing
Colors Tamil,1_0_1_A30_69_87F_2AE0000_0_0_0.png,colorstamil.png,68.6E,(112) 68.5E C-band Intelsat 20/36,Missing
Colors Tamil,1_0_1_47_69_87F_2AE0000_0_0_0.png,colorstamil.png,68.6E,(112) 68.5E C-band Intelsat 20/36,Missing
Colors Tamil HD,1_0_1_A31_69_87F_2AE0000_0_0_0.png,colorstamilhd.png,68.6E,(112) 68.5E C-band Intelsat 20/36,Missing
Colors Tamil HD,1_0_1_3D_69_87F_2AE0000_0_0_0.png,colorstamilhd.png,68.6E,(112) 68.5E C-band Intelsat 20/36,Missing
DHD India,1_0_19_96_12D_1_2AE0000_0_0_0.png,dhdindia.png,68.6E,(112) 68.5E C-band Intelsat 20/36,Missing
DHD India - Bengali,1_0_19_86_12D_1_2AE0000_0_0_0.png,dhdindiabengali.png,68.6E,(112) 68.5E C-band Intelsat 20/36,Missing
DHD India - Hindi,1_0_19_91_12D_1_2AE0000_0_0_0.png,dhdindiahindi.png,68.6E,(112) 68.5E C-band Intelsat 20/36,Missing
DHD India - Kannada,1_0_19_84_12D_1_2AE0000_0_0_0.png,dhdindiakannada.png,68.6E,(112) 68.5E C-band Intelsat 20/36,Missing
DHD India - Malayalam,1_0_19_83_12D_1_2AE0000_0_0_0.png,dhdindiamalayalam.png,68.6E,(112) 68.5E C-band Intelsat 20/36,Missing
DHD India - Mix,1_0_19_85_12D_1_2AE0000_0_0_0.png,dhdindiamix.png,68.6E,(112) 68.5E C-band Intelsat 20/36,Missing
DHD India - Tamil,1_0_19_92_12D_1_2AE0000_0_0_0.png,dhdindiatamil.png,68.6E,(112) 68.5E C-band Intelsat 20/36,Missing
DHD India - Telugu,1_0_19_93_12D_1_2AE0000_0_0_0.png,dhdindiatelugu.png,68.6E,(112) 68.5E C-band Intelsat 20/36,Missing
DSC India,1_0_16_28_12D_1_2AE0000_0_0_0.png,dscindia.png,68.6E,(112) 68.5E C-band Intelsat 20/36,Missing
DSC India - Aux,1_0_16_2A_12D_1_2AE0000_0_0_0.png,dscindiaaux.png,68.6E,(112) 68.5E C-band Intelsat 20/36,Missing
DSC India - Bengali,1_0_16_2C_12D_1_2AE0000_0_0_0.png,dscindiabengali.png,68.6E,(112) 68.5E C-band Intelsat 20/36,Missing
DSC India - English,1_0_16_29_12D_1_2AE0000_0_0_0.png,dscindiaenglish.png,68.6E,(112) 68.5E C-band Intelsat 20/36,Missing
DSC India - Kannada,1_0_16_30_12D_1_2AE0000_0_0_0.png,dscindiakannada.png,68.6E,(112) 68.5E C-band Intelsat 20/36,Missing
DSC India - Malayalam,1_0_16_2F_12D_1_2AE0000_0_0_0.png,dscindiamalayalam.png,68.6E,(112) 68.5E C-band Intelsat 20/36,Missing
DSC India - Mix,1_0_16_31_12D_1_2AE0000_0_0_0.png,dscindiamix.png,68.6E,(112) 68.5E C-band Intelsat 20/36,Missing
DSC India - Telugu,1_0_16_2B_12D_1_2AE0000_0_0_0.png,dscindiatelugu.png,68.6E,(112) 68.5E C-band Intelsat 20/36,Missing
DSC Tamil Nadu,1_0_16_2D_12D_1_2AE0000_0_0_0.png,dsctamilnadu.png,68.6E,(112) 68.5E C-band Intelsat 20/36,Missing
Discovery India - Tamil,1_0_16_2E_12D_1_2AE0000_0_0_0.png,discoveryindiatamil.png,68.6E,(112) 68.5E C-band Intelsat 20/36,Missing
EWTN Africa India,1_0_1_5_1_1_2AE0FE0_0_0_0.png,ewtnafricaindia.png,68.6E,(112) 68.5E C-band Intelsat 20/36,Missing
EWTN Radio Eurobird,1_0_1_33_1_1_2AE0FE0_0_0_0.png,ewtnradioeurobird.png,68.6E,(112) 68.5E C-band Intelsat 20/36,Missing
FAST1,1_0_1_517_3_1C_2AE0000_0_0_0.png,fast1.png,68.6E,(112) 68.5E C-band Intelsat 20/36,Missing
Fakt Marathi,1_0_1_51D_3_1C_2AE0000_0_0_0.png,faktmarathi.png,68.6E,(112) 68.5E C-band Intelsat 20/36,Missing
HI DOST,1_0_1_457_1_1C_2AE0000_0_0_0.png,hidost.png,68.6E,(112) 68.5E C-band Intelsat 20/36,Missing
INDIA TV,1_0_1_2_1_1_2AE8F52_0_0_0.png,indiatv.png,68.6E,(112) 68.5E C-band Intelsat 20/36,Missing
INDIA TV SPEED NEWS,1_0_1_1_1_1_2AE8F52_0_0_0.png,indiatvspeednews.png,68.6E,(112) 68.5E C-band Intelsat 20/36,Missing
Intelsat FUS Test,1_0_1_64_1_1_2AE0FE0_0_0_0.png,intelsatfustest.png,68.6E,(112) 68.5E C-band Intelsat 20/36,Missing
Investigation Discovery India,1_0_16_51_12D_1_2AE0000_0_0_0.png,investigationdiscoveryindia.png,68.6E,(112) 68.5E C-band Intelsat 20/36,Missing
Investigation Discovery India HD,1_0_19_52_12D_1_2AE0000_0_0_0.png,investigationdiscoveryindiahd.png,68.6E,(112) 68.5E C-band Intelsat 20/36,Missing
JAN TV,1_0_1_514_3_1C_2AE0000_0_0_0.png,jantv.png,68.6E,(112) 68.5E C-band Intelsat 20/36,Missing
JAN TV PLUS,1_0_1_51B_1_1C_2AE0000_0_0_0.png,jantvplus.png,68.6E,(112) 68.5E C-band Intelsat 20/36,Missing
KBS WORLD P HD,1_0_1_9_4_1_2AE0000_0_0_0.png,kbsworldphd.png,68.6E,(112) 68.5E C-band Intelsat 20/36,Missing
Kashish News,1_0_1_44E_1_1C_2AE0000_0_0_0.png,kashishnews.png,68.6E,(112) 68.5E C-band Intelsat 20/36,Missing
Khabar Fast,1_0_1_515_3_1C_2AE0000_0_0_0.png,khabarfast.png,68.6E,(112) 68.5E C-band Intelsat 20/36,Missing
Kids India,1_0_16_8C_12D_1_2AE0000_0_0_0.png,kidsindia.png,68.6E,(112) 68.5E C-band Intelsat 20/36,Missing
Kids India - Hindi,1_0_16_8D_12D_1_2AE0000_0_0_0.png,kidsindiahindi.png,68.6E,(112) 68.5E C-band Intelsat 20/36,Missing
Kids India - Kannada,1_0_16_90_12D_1_2AE0000_0_0_0.png,kidsindiakannada.png,68.6E,(112) 68.5E C-band Intelsat 20/36,Missing
Kids India - Malayalam,1_0_16_8B_12D_1_2AE0000_0_0_0.png,kidsindiamalayalam.png,68.6E,(112) 68.5E C-band Intelsat 20/36,Missing
Kids India - Tamil,1_0_16_8E_12D_1_2AE0000_0_0_0.png,kidsindiatamil.png,68.6E,(112) 68.5E C-band Intelsat 20/36,Missing
Kids India - Telugu,1_0_16_8F_12D_1_2AE0000_0_0_0.png,kidsindiatelugu.png,68.6E,(112) 68.5E C-band Intelsat 20/36,Missing
MYLORD,1_0_1_755F_1EC_1_2AE0000_0_0_0.png,mylord.png,68.6E,(112) 68.5E C-band Intelsat 20/36,Missing
Maha Movie,1_0_1_51C_3_1C_2AE0000_0_0_0.png,mahamovie.png,68.6E,(112) 68.5E C-band Intelsat 20/36,Missing
NEWS18 INTL,1_0_16_65FE_1_7_2AE0000_0_0_0.png,news18intl.png,68.6E,(112) 68.5E C-band Intelsat 20/36,Missing
NHK Premium HD50,1_0_19_1F_1_1_2AE1020_0_0_0.png,nhkpremiumhd50.png,68.6E,(112) 68.5E C-band Intelsat 20/36,Missing
NHK Radio 1 & 2,1_0_2_33_1_1_2AE1020_0_0_0.png,nhkradio12.png,68.6E,(112) 68.5E C-band Intelsat 20/36,Missing
NHK Radio 3 & 4,1_0_2_3D_1_1_2AE1020_0_0_0.png,nhkradio34.png,68.6E,(112) 68.5E C-band Intelsat 20/36,Missing
NHK Radio 5,1_0_2_47_1_1_2AE1020_0_0_0.png,nhkradio5.png,68.6E,(112) 68.5E C-band Intelsat 20/36,Missing
NHK World HD50,1_0_19_B_1_1_2AE1020_0_0_0.png,nhkworldhd50.png,68.6E,(112) 68.5E C-band Intelsat 20/36,Missing
Nikelodeon,1_0_1_A33_69_87F_2AE0000_0_0_0.png,nikelodeon.png,68.6E,(112) 68.5E C-band Intelsat 20/36,Missing
Nikelodeon,1_0_1_196_69_87F_2AE0000_0_0_0.png,nikelodeon.png,68.6E,(112) 68.5E C-band Intelsat 20/36,Missing
OTA,1_0_C_270F_1_1_2AE8F52_0_0_0.png,ota.png,68.6E,(112) 68.5E C-band Intelsat 20/36,Missing
POGO,1_0_19_AA_12D_1_2AE0000_0_0_0.png,pogo.png,68.6E,(112) 68.5E C-band Intelsat 20/36,Missing
Peace TV Bangla HD,1_0_19_4_1_1_2AE1036_0_0_0.png,peacetvbanglahd.png,68.6E,(112) 68.5E C-band Intelsat 20/36,Missing
Peace TV Chinese HD,1_0_19_5_1_1_2AE1036_0_0_0.png,peacetvchinesehd.png,68.6E,(112) 68.5E C-band Intelsat 20/36,Missing
Peace TV Urdu HD,1_0_19_3_1_1_2AE1036_0_0_0.png,peacetvurduhd.png,68.6E,(112) 68.5E C-band Intelsat 20/36,Missing
Protidin Time,1_0_1_516_3_1C_2AE0000_0_0_0.png,protidintime.png,68.6E,(112) 68.5E C-band Intelsat 20/36,Missing
Radio Aus English,1_0_2_D_1_1_2AE0FE0_0_0_0.png,radioausenglish.png,68.6E,(112) 68.5E C-band Intelsat 20/36,Missing
Radio Aus Multilanguage,1_0_2_C_1_1_2AE0FE0_0_0_0.png,radioausmultilanguage.png,68.6E,(112) 68.5E C-band Intelsat 20/36,Missing
SONY MARATHI,1_0_1_1D_68_1_2AE0000_0_0_0.png,sonymarathi.png,68.6E,(112) 68.5E C-band Intelsat 20/36,Missing
SONY SPORTS TEN 1,1_0_1_1A_68_1_2AE0000_0_0_0.png,sonysportsten1.png,68.6E,(112) 68.5E C-band Intelsat 20/36,Missing
SONY SPORTS TEN 1 Bangla,1_0_1_88_68_1_2AE0000_0_0_0.png,sonysportsten1bangla.png,68.6E,(112) 68.5E C-band Intelsat 20/36,Missing
SONY SPORTS TEN 1 English,1_0_1_7E_68_1_2AE0000_0_0_0.png,sonysportsten1english.png,68.6E,(112) 68.5E C-band Intelsat 20/36,Missing
SONY SPORTS TEN 1 Malayalam,1_0_1_92_68_1_2AE0000_0_0_0.png,sonysportsten1malayalam.png,68.6E,(112) 68.5E C-band Intelsat 20/36,Missing
SONY SPORTS TEN 2,1_0_1_1B_68_1_2AE0000_0_0_0.png,sonysportsten2.png,68.6E,(112) 68.5E C-band Intelsat 20/36,Missing
SONY SPORTS TEN 2 Malayalam,1_0_1_7F_68_1_2AE0000_0_0_0.png,sonysportsten2malayalam.png,68.6E,(112) 68.5E C-band Intelsat 20/36,Missing
SONY SPORTS TEN 3 HINDI,1_0_1_1C_68_1_2AE0000_0_0_0.png,sonysportsten3hindi.png,68.6E,(112) 68.5E C-band Intelsat 20/36,Missing
SONY SPORTS TEN 4 TAMIL,1_0_1_1F_68_1_2AE0000_0_0_0.png,sonysportsten4tamil.png,68.6E,(112) 68.5E C-band Intelsat 20/36,Missing
STV Haryana News,1_0_1_452_1_1C_2AE0000_0_0_0.png,stvharyananews.png,68.6E,(112) 68.5E C-band Intelsat 20/36,Missing
Sangeet Marathi,1_0_1_454_1_1C_2AE0000_0_0_0.png,sangeetmarathi.png,68.6E,(112) 68.5E C-band Intelsat 20/36,Missing
Satsang,1_0_1_3_3_1_2AE0000_0_0_0.png,satsang.png,68.6E,(112) 68.5E C-band Intelsat 20/36,Missing
Science India - English,1_0_16_5A_12D_1_2AE0000_0_0_0.png,scienceindiaenglish.png,68.6E,(112) 68.5E C-band Intelsat 20/36,Missing
Science India - Hindi,1_0_16_5B_12D_1_2AE0000_0_0_0.png,scienceindiahindi.png,68.6E,(112) 68.5E C-band Intelsat 20/36,Missing
South Asia SD,1_0_1_FF_1_1_2AE0FE0_0_0_0.png,southasiasd.png,68.6E,(112) 68.5E C-band Intelsat 20/36,Missing
Sports18 Hindi,1_0_1_15F_69_87F_2AE0000_0_0_0.png,sports18hindi.png,68.6E,(112) 68.5E C-band Intelsat 20/36,Missing
Sports18 Hindi HD,1_0_1_155_69_87F_2AE0000_0_0_0.png,sports18hindihd.png,68.6E,(112) 68.5E C-band Intelsat 20/36,Missing
TLC HDW India - Hindi,1_0_19_9D_12D_1_2AE0000_0_0_0.png,tlchdwindiahindi.png,68.6E,(112) 68.5E C-band Intelsat 20/36,Missing
TLC HDWorld India,1_0_19_97_12D_1_2AE0000_0_0_0.png,tlchdworldindia.png,68.6E,(112) 68.5E C-band Intelsat 20/36,Missing
TLC India - English,1_0_16_79_12D_1_2AE0000_0_0_0.png,tlcindiaenglish.png,68.6E,(112) 68.5E C-band Intelsat 20/36,Missing
TLC India - Hindi,1_0_16_78_12D_1_2AE0000_0_0_0.png,tlcindiahindi.png,68.6E,(112) 68.5E C-band Intelsat 20/36,Missing
TRAVELXP TAMIL,1_0_1_453_1_1C_2AE0000_0_0_0.png,travelxptamil.png,68.6E,(112) 68.5E C-band Intelsat 20/36,Missing
Turbo India,1_0_16_64_12D_1_2AE0000_0_0_0.png,turboindia.png,68.6E,(112) 68.5E C-band Intelsat 20/36,Missing
Vedic,1_0_1_2_2_1_2AE0000_0_0_0.png,vedic.png,68.6E,(112) 68.5E C-band Intelsat 20/36,Missing
ZEE BANGLA HD,1_0_1_2726_29_1_2AE0000_0_0_0.png,zeebanglahd.png,68.6E,(112) 68.5E C-band Intelsat 20/36,Missing
ZEE BANGLA SONAR,1_0_1_756D_3D_1_2AE0000_0_0_0.png,zeebanglasonar.png,68.6E,(112) 68.5E C-band Intelsat 20/36,Missing
ZEE BUSINESS NEW,1_0_1_7570_33_1_2AE0000_0_0_0.png,zeebusinessnew.png,68.6E,(112) 68.5E C-band Intelsat 20/36,Missing
ZEE CHITRAMANDIR,1_0_1_272D_29_1_2AE0000_0_0_0.png,zeechitramandir.png,68.6E,(112) 68.5E C-band Intelsat 20/36,Missing
ZEE CLASSIC,1_0_1_7573_16_1_2AE0000_0_0_0.png,zeeclassic.png,68.6E,(112) 68.5E C-band Intelsat 20/36,Missing
ZEE KANNADA NEWS,1_0_1_7561_1EC_1_2AE0000_0_0_0.png,zeekannadanews.png,68.6E,(112) 68.5E C-band Intelsat 20/36,Missing
ZEE KERALAM,1_0_1_7574_16_1_2AE0000_0_0_0.png,zeekeralam.png,68.6E,(112) 68.5E C-band Intelsat 20/36,Missing
ZEE MARATHI,1_0_1_7563_29_1_2AE0000_0_0_0.png,zeemarathi.png,68.6E,(112) 68.5E C-band Intelsat 20/36,Missing
ZEE MP CHATTISGARH NEW,1_0_1_7571_33_1_2AE0000_0_0_0.png,zeempchattisgarhnew.png,68.6E,(112) 68.5E C-band Intelsat 20/36,Missing
ZEE NEWS HD,1_0_1_50_33_1_2AE0000_0_0_0.png,zeenewshd.png,68.6E,(112) 68.5E C-band Intelsat 20/36,Missing
ZEE NEWS NEW,1_0_1_756F_33_1_2AE0000_0_0_0.png,zeenewsnew.png,68.6E,(112) 68.5E C-band Intelsat 20/36,Missing
ZEE RAJASTHAN NEWS,1_0_1_7560_1EC_1_2AE0000_0_0_0.png,zeerajasthannews.png,68.6E,(112) 68.5E C-band Intelsat 20/36,Missing
ZEE TAMIL,1_0_1_7559_14_1_2AE0000_0_0_0.png,zeetamil.png,68.6E,(112) 68.5E C-band Intelsat 20/36,Missing
ZEE TELEGU HD,1_0_1_43_14_1_2AE0000_0_0_0.png,zeeteleguhd.png,68.6E,(112) 68.5E C-band Intelsat 20/36,Missing
ZEE TELUGU NEWS,1_0_1_7562_1EC_1_2AE0000_0_0_0.png,zeetelugunews.png,68.6E,(112) 68.5E C-band Intelsat 20/36,Missing
ZEE ZEST,1_0_1_4E_3D_1_2AE0000_0_0_0.png,zeezest.png,68.6E,(112) 68.5E C-band Intelsat 20/36,Missing
ZEE ZEST HD,1_0_1_4F_3D_1_2AE0000_0_0_0.png,zeezesthd.png,68.6E,(112) 68.5E C-band Intelsat 20/36,Missing
12520V SID 0x01,1_0_1_1_0_0_2C1B0E8_0_0_0.png,12520vsid0x01.png,70.5E,(30) 70.5E KU-band Eutelsat 70B,Missing
12522V SID 0x01,1_0_1_1_0_0_2C1B0EA_0_0_0.png,12522vsid0x01.png,70.5E,(30) 70.5E KU-band Eutelsat 70B,Missing
12524V SID 0x01,1_0_1_1_0_0_2C1B0EC_0_0_0.png,12524vsid0x01.png,70.5E,(30) 70.5E KU-band Eutelsat 70B,Missing
ALMUQF,1_0_1_2_1_FFFF_2C12B69_0_0_0.png,almuqf.png,70.5E,(30) 70.5E KU-band Eutelsat 70B,Missing
Armenian Public Radio,1_0_2_A_2_1_2C10000_0_0_0.png,armenianpublicradio.png,70.5E,(30) 70.5E KU-band Eutelsat 70B,Missing
BAYNAT_HD,1_0_1_1_1_FFFF_2C1B11B_0_0_0.png,baynathd.png,70.5E,(30) 70.5E KU-band Eutelsat 70B,Missing
Balastan,1_0_1_6_0_71D_2C10000_0_0_0.png,balastan.png,70.5E,(30) 70.5E KU-band Eutelsat 70B,Missing
Birinchi Radiosu,1_0_2_2BF_0_71D_2C10000_0_0_0.png,birinchiradiosu.png,70.5E,(30) 70.5E KU-band Eutelsat 70B,Missing
EL-FM,1_0_2_64_0_71D_2C10000_0_0_0.png,elfm.png,70.5E,(30) 70.5E KU-band Eutelsat 70B,Missing
ELTR HD,1_0_1_7_0_71D_2C10000_0_0_0.png,eltrhd.png,70.5E,(30) 70.5E KU-band Eutelsat 70B,Missing
FM OK,1_0_2_17_0_71D_2C10000_0_0_0.png,fmok.png,70.5E,(30) 70.5E KU-band Eutelsat 70B,Missing
FM Parlament,1_0_2_18_0_71D_2C10000_0_0_0.png,fmparlament.png,70.5E,(30) 70.5E KU-band Eutelsat 70B,Missing
First Channel News,1_0_1_2_2_1_2C10000_0_0_0.png,firstchannelnews.png,70.5E,(30) 70.5E KU-band Eutelsat 70B,Missing
Ilim_bilim,1_0_1_8_0_71D_2C10000_0_0_0.png,ilimbilim.png,70.5E,(30) 70.5E KU-band Eutelsat 70B,Missing
Kyrgyz Radiosu,1_0_2_2BE_0_71D_2C10000_0_0_0.png,kyrgyzradiosu.png,70.5E,(30) 70.5E KU-band Eutelsat 70B,Missing
MCR2,1_0_1_3_1_FFFF_2C1B0F7_0_0_0.png,mcr2.png,70.5E,(30) 70.5E KU-band Eutelsat 70B,Missing
Madaniyat SD,1_0_1_4_0_71D_2C10000_0_0_0.png,madaniyatsd.png,70.5E,(30) 70.5E KU-band Eutelsat 70B,Missing
ManasFM,1_0_2_15_0_71D_2C10000_0_0_0.png,manasfm.png,70.5E,(30) 70.5E KU-band Eutelsat 70B,Missing
Min-Kyjal,1_0_2_2BD_0_71D_2C10000_0_0_0.png,minkyjal.png,70.5E,(30) 70.5E KU-band Eutelsat 70B,Missing
Radio Arevik,1_0_2_C_2_1_2C10000_0_0_0.png,radioarevik.png,70.5E,(30) 70.5E KU-band Eutelsat 70B,Missing
Radio Mir Bishkek,1_0_2_2C0_0_71D_2C10000_0_0_0.png,radiomirbishkek.png,70.5E,(30) 70.5E KU-band Eutelsat 70B,Missing
SANJYRA-FM,1_0_2_804_0_71D_2C10000_0_0_0.png,sanjyrafm.png,70.5E,(30) 70.5E KU-band Eutelsat 70B,Missing
Shant TV,1_0_1_5_2_1_2C10000_0_0_0.png,shanttv.png,70.5E,(30) 70.5E KU-band Eutelsat 70B,Missing
Slot,1_0_1_3_2_1_2C10000_0_0_0.png,slot.png,70.5E,(30) 70.5E KU-band Eutelsat 70B,Missing
THA_THE,1_0_1_CB_1_FFFF_2C1B11D_0_0_0.png,thathe.png,70.5E,(30) 70.5E KU-band Eutelsat 70B,Missing
THA_THE,1_0_1_CB_1_FFFF_2C1B121_0_0_0.png,thathe.png,70.5E,(30) 70.5E KU-band Eutelsat 70B,Missing
Tumar FM,1_0_2_19_0_71D_2C10000_0_0_0.png,tumarfm.png,70.5E,(30) 70.5E KU-band Eutelsat 70B,Missing
UTRK,1_0_1_1_0_71D_2C10000_0_0_0.png,utrk.png,70.5E,(30) 70.5E KU-band Eutelsat 70B,Missing
Yerevan FM,1_0_2_B_2_1_2C10000_0_0_0.png,yerevanfm.png,70.5E,(30) 70.5E KU-band Eutelsat 70B,Missing
i-news,1_0_1_1_1_FFFF_2C12B69_0_0_0.png,inews.png,70.5E,(30) 70.5E KU-band Eutelsat 70B,Missing
Ретро FM,1_0_2_234_0_71D_2C10000_0_0_0.png,fm.png,70.5E,(30) 70.5E KU-band Eutelsat 70B,Missing
BAMBA-BERUR FM,1_0_2_E_1_1_2D20FCA_0_0_0.png,bambaberurfm.png,72.2E,(113) 72.1E C-band Intelsat 22,Missing
BAMBA-KTN BURUDANI,1_0_1_3_1_1_2D20FCA_0_0_0.png,bambaktnburudani.png,72.2E,(113) 72.1E C-band Intelsat 22,Missing
BAMBA-KTN FARMERS,1_0_1_4_1_1_2D20FCA_0_0_0.png,bambaktnfarmers.png,72.2E,(113) 72.1E C-band Intelsat 22,Missing
BAMBA-KTN HOME,1_0_1_1_1_1_2D20FCA_0_0_0.png,bambaktnhome.png,72.2E,(113) 72.1E C-band Intelsat 22,Missing
BAMBA-KTN NEWS,1_0_1_2_1_1_2D20FCA_0_0_0.png,bambaktnnews.png,72.2E,(113) 72.1E C-band Intelsat 22,Missing
BAMBA-RADIO MAISHA,1_0_2_B_1_1_2D20FCA_0_0_0.png,bambaradiomaisha.png,72.2E,(113) 72.1E C-band Intelsat 22,Missing
BAMBA-RADIO SPICEFM,1_0_2_C_1_1_2D20FCA_0_0_0.png,bambaradiospicefm.png,72.2E,(113) 72.1E C-band Intelsat 22,Missing
BAMBA-VYBEZ RADIO,1_0_2_D_1_1_2D20FCA_0_0_0.png,bambavybezradio.png,72.2E,(113) 72.1E C-band Intelsat 22,Missing
CLASSIC 105,1_0_2_2_1_1234_2D20000_0_0_0.png,classic105.png,72.2E,(113) 72.1E C-band Intelsat 22,Missing
EAST FM,1_0_1_4_1_1234_2D20000_0_0_0.png,eastfm.png,72.2E,(113) 72.1E C-band Intelsat 22,Missing
Efatha TV,1_0_16_1_1_1_2D28F4D_0_0_0.png,efathatv.png,72.2E,(113) 72.1E C-band Intelsat 22,Missing
GUKENA FM,1_0_1_5_1_1234_2D20000_0_0_0.png,gukenafm.png,72.2E,(113) 72.1E C-band Intelsat 22,Missing
HOMEBOYZ RADIO,1_0_2_6_1_1234_2D20000_0_0_0.png,homeboyzradio.png,72.2E,(113) 72.1E C-band Intelsat 22,Missing
RADIO JAMBO,1_0_2_3_1_1234_2D20000_0_0_0.png,radiojambo.png,72.2E,(113) 72.1E C-band Intelsat 22,Missing
TBC 2,1_0_1_FA2_4_4_2D20000_0_0_0.png,tbc2.png,72.2E,(113) 72.1E C-band Intelsat 22,Missing
TBC FM,1_0_2_FA5_4_4_2D20000_0_0_0.png,tbcfm.png,72.2E,(113) 72.1E C-band Intelsat 22,Missing
TBC International,1_0_2_FA6_4_4_2D20000_0_0_0.png,tbcinternational.png,72.2E,(113) 72.1E C-band Intelsat 22,Missing
TBC Taifa,1_0_2_FA4_4_4_2D20000_0_0_0.png,tbctaifa.png,72.2E,(113) 72.1E C-band Intelsat 22,Missing
TV_service,1_0_1_3_1_1_2D28FB9_0_0_0.png,tvservice.png,72.2E,(113) 72.1E C-band Intelsat 22,Missing
Tanzania Safari,1_0_1_FA3_4_4_2D20000_0_0_0.png,tanzaniasafari.png,72.2E,(113) 72.1E C-band Intelsat 22,Missing
Times-Radio,1_0_2_2_1_1_2D28FB9_0_0_0.png,timesradio.png,72.2E,(113) 72.1E C-band Intelsat 22,Missing
Times_TV,1_0_1_65_1_1_2D28FB9_0_0_0.png,timestv.png,72.2E,(113) 72.1E C-band Intelsat 22,Missing
Uhuru FM,1_0_2_FA7_4_4_2D20000_0_0_0.png,uhurufm.png,72.2E,(113) 72.1E C-band Intelsat 22,Missing
AFC,1_0_19_7_1_64_2EE0000_0_0_0.png,afc.png,75.0E,(32) 75.0E KU-band ABS 2/2A,Missing
3873V SID 0x02,1_0_1_2_1_FFFF_2FE8F21_0_0_0.png,3873vsid0x02.png,76.6E,(116) 76.5E C-band Apstar 7,Missing
A SportsHD,1_0_1_C_3_1_2FE0000_0_0_0.png,asportshd.png,76.6E,(116) 76.5E C-band Apstar 7,Missing
APlus Pakistan,1_0_1_28_27DA_539_2FE0000_0_0_0.png,apluspakistan.png,76.6E,(116) 76.5E C-band Apstar 7,Missing
ARY World,1_0_1_6_3_1_2FE0000_0_0_0.png,aryworld.png,76.6E,(116) 76.5E C-band Apstar 7,Missing
ARYDigitalAsia HD,1_0_1_4_3_1_2FE0000_0_0_0.png,arydigitalasiahd.png,76.6E,(116) 76.5E C-band Apstar 7,Missing
ARYDigitalME,1_0_1_9_3_1_2FE0000_0_0_0.png,arydigitalme.png,76.6E,(116) 76.5E C-band Apstar 7,Missing
ARYDigitalUK,1_0_1_3_3_1_2FE0000_0_0_0.png,arydigitaluk.png,76.6E,(116) 76.5E C-band Apstar 7,Missing
ARYDigitalUSA,1_0_1_D_3_1_2FE0000_0_0_0.png,arydigitalusa.png,76.6E,(116) 76.5E C-band Apstar 7,Missing
ARYMusik,1_0_1_8_3_1_2FE0000_0_0_0.png,arymusik.png,76.6E,(116) 76.5E C-band Apstar 7,Missing
ARYNewsAsia,1_0_1_B_3_1_2FE0000_0_0_0.png,arynewsasia.png,76.6E,(116) 76.5E C-band Apstar 7,Missing
ARYNewsUSA,1_0_1_A_3_1_2FE0000_0_0_0.png,arynewsusa.png,76.6E,(116) 76.5E C-band Apstar 7,Missing
ARYZindagi,1_0_1_1_3_1_2FE0000_0_0_0.png,aryzindagi.png,76.6E,(116) 76.5E C-band Apstar 7,Missing
AUR News,1_0_19_5A_27DA_539_2FE0000_0_0_0.png,aurnews.png,76.6E,(116) 76.5E C-band Apstar 7,Missing
AUR TV,1_0_1_3C_27DA_539_2FE0000_0_0_0.png,aurtv.png,76.6E,(116) 76.5E C-band Apstar 7,Missing
AXN China HD,1_0_1_6F_2_2_2FE0000_0_0_0.png,axnchinahd.png,76.6E,(116) 76.5E C-band Apstar 7,Missing
AXN China HD New,1_0_1_71_1_1_2FE8EC4_0_0_0.png,axnchinahdnew.png,76.6E,(116) 76.5E C-band Apstar 7,Missing
AXN China HD New,1_0_1_71_2_2_2FE0000_0_0_0.png,axnchinahdnew.png,76.6E,(116) 76.5E C-band Apstar 7,Missing
Alief TV,1_0_1_55_27DA_539_2FE0000_0_0_0.png,alieftv.png,76.6E,(116) 76.5E C-band Apstar 7,Missing
Arsh TV,1_0_1_8_2846_5AD_2FE0000_0_0_0.png,arshtv.png,76.6E,(116) 76.5E C-band Apstar 7,Missing
BOL News Urdu,1_0_1_1_1_FFFF_2FE8F21_0_0_0.png,bolnewsurdu.png,76.6E,(116) 76.5E C-band Apstar 7,Missing
ByPass,1_0_1_10_1_1_2FE8F94_0_0_0.png,bypass.png,76.6E,(116) 76.5E C-band Apstar 7,Missing
CTN-Christian Television Network,1_0_1_3_8_1_2FE0000_0_0_0.png,ctnchristiantelevisionnetwork.png,76.6E,(116) 76.5E C-band Apstar 7,Missing
DHIVEHI FM,1_0_2_6_4321_1234_2FE0000_0_0_0.png,dhivehifm.png,76.6E,(116) 76.5E C-band Apstar 7,Missing
DRA,1_0_2_4_4321_1234_2FE0000_0_0_0.png,dra.png,76.6E,(116) 76.5E C-band Apstar 7,Missing
Discover Pakistan,1_0_19_1_27DA_539_2FE0000_0_0_0.png,discoverpakistan.png,76.6E,(116) 76.5E C-band Apstar 7,Missing
FASHIONTV HD B/FTV.COM,1_0_1_3E9_1_1_2FE8EC4_0_0_0.png,fashiontvhdbftvcom.png,76.6E,(116) 76.5E C-band Apstar 7,Missing
FASHIONTV India,1_0_1_3EA_1_1_2FE8EC4_0_0_0.png,fashiontvindia.png,76.6E,(116) 76.5E C-band Apstar 7,Missing
FEED QTV,1_0_1_5_3_1_2FE0000_0_0_0.png,feedqtv.png,76.6E,(116) 76.5E C-band Apstar 7,Missing
GOD STANDS TV,1_0_19_1E_2846_5AD_2FE0000_0_0_0.png,godstandstv.png,76.6E,(116) 76.5E C-band Apstar 7,Missing
HKS Finance,1_0_1_69_1_1_2FE8EC4_0_0_0.png,hksfinance.png,76.6E,(116) 76.5E C-band Apstar 7,Missing
HKS Internation,1_0_1_6A_1_1_2FE8EC4_0_0_0.png,hksinternation.png,76.6E,(116) 76.5E C-band Apstar 7,Missing
HKS Style,1_0_1_68_1_1_2FE8EC4_0_0_0.png,hksstyle.png,76.6E,(116) 76.5E C-band Apstar 7,Missing
HKS-HD,1_0_1_65_1_1_2FE8EC4_0_0_0.png,hkshd.png,76.6E,(116) 76.5E C-band Apstar 7,Missing
HKSTV Travel channel,1_0_1_67_1_1_2FE8EC4_0_0_0.png,hkstvtravelchannel.png,76.6E,(116) 76.5E C-band Apstar 7,Missing
HKSTV-2,1_0_1_66_1_1_2FE8EC4_0_0_0.png,hkstv2.png,76.6E,(116) 76.5E C-band Apstar 7,Missing
INPLUS Pakistan,1_0_1_F_2846_5AD_2FE0000_0_0_0.png,inpluspakistan.png,76.6E,(116) 76.5E C-band Apstar 7,Missing
KANTIPUR HD,1_0_19_65_0_FF00_2FE0E47_0_0_0.png,kantipurhd.png,76.6E,(116) 76.5E C-band Apstar 7,Missing
KANTIPUR MAX HD,1_0_19_6F_0_FF00_2FE0E47_0_0_0.png,kantipurmaxhd.png,76.6E,(116) 76.5E C-band Apstar 7,Missing
Kidzone Pakistan,1_0_1_1_2846_5AD_2FE0000_0_0_0.png,kidzonepakistan.png,76.6E,(116) 76.5E C-band Apstar 7,Missing
LotusTV,1_0_1_40_1_1_2FE8EC4_0_0_0.png,lotustv.png,76.6E,(116) 76.5E C-band Apstar 7,Missing
Love Nature 4K Asia,1_0_1F_3EB_1_765E_2FE0000_0_0_0.png,lovenature4kasia.png,76.6E,(116) 76.5E C-band Apstar 7,Missing
MUSEUM TV HD Asia,1_0_19_3F2_1_765E_2FE0000_0_0_0.png,museumtvhdasia.png,76.6E,(116) 76.5E C-band Apstar 7,Missing
Metro1 News,1_0_1_5_27DA_539_2FE0000_0_0_0.png,metro1news.png,76.6E,(116) 76.5E C-band Apstar 7,Missing
MyZen TV HD Asia,1_0_19_3EC_1_765E_2FE0000_0_0_0.png,myzentvhdasia.png,76.6E,(116) 76.5E C-band Apstar 7,Missing
NHL HD,1_0_19_3E9_1_765E_2FE0000_0_0_0.png,nhlhd.png,76.6E,(116) 76.5E C-band Apstar 7,Missing
NTV KOHALPUR,1_0_1_1_1_FFFF_2FE0EB0_0_0_0.png,ntvkohalpur.png,76.6E,(116) 76.5E C-band Apstar 7,Missing
NTV NEWS,1_0_1_2_0_0_2FE0EBC_0_0_0.png,ntvnews.png,76.6E,(116) 76.5E C-band Apstar 7,Missing
NTV PLUS,1_0_1_4_0_0_2FE0EBC_0_0_0.png,ntvplus.png,76.6E,(116) 76.5E C-band Apstar 7,Missing
National Geographic China HD,1_0_19_12F_F6_1_2FE0000_0_0_0.png,nationalgeographicchinahd.png,76.6E,(116) 76.5E C-band Apstar 7,Missing
Planet Fun,1_0_19_A_2846_5AD_2FE0000_0_0_0.png,planetfun.png,76.6E,(116) 76.5E C-band Apstar 7,Missing
Play TV,1_0_16_32_27DA_539_2FE0000_0_0_0.png,playtv.png,76.6E,(116) 76.5E C-band Apstar 7,Missing
Public News,1_0_1_1_1_FFFF_2FE8E9C_0_0_0.png,publicnews.png,76.6E,(116) 76.5E C-band Apstar 7,Missing
RADIONEPAL,1_0_2_1_0_0_2FE0EBC_0_0_0.png,radionepal.png,76.6E,(116) 76.5E C-band Apstar 7,Missing
SNN News,1_0_19_5F_27DA_539_2FE0000_0_0_0.png,snnnews.png,76.6E,(116) 76.5E C-band Apstar 7,Missing
Sab Tv,1_0_19_19_27DA_539_2FE0000_0_0_0.png,sabtv.png,76.6E,(116) 76.5E C-band Apstar 7,Missing
Set Entertainment,1_0_1_CD_27DA_539_2FE0000_0_0_0.png,setentertainment.png,76.6E,(116) 76.5E C-band Apstar 7,Missing
Special TV,1_0_19_F_27DA_539_2FE0000_0_0_0.png,specialtv.png,76.6E,(116) 76.5E C-band Apstar 7,Missing
Star Movies China HD,1_0_1_130_F6_1_2FE0000_0_0_0.png,starmovieschinahd.png,76.6E,(116) 76.5E C-band Apstar 7,Missing
Star Sports 1 China HD,1_0_19_12D_F6_1_2FE0000_0_0_0.png,starsports1chinahd.png,76.6E,(116) 76.5E C-band Apstar 7,Missing
Star Sports 2 China SD,1_0_16_12E_F6_1_2FE0000_0_0_0.png,starsports2chinasd.png,76.6E,(116) 76.5E C-band Apstar 7,Missing
TEN Pakistan,1_0_1_3_1_1_2FE8EC4_0_0_0.png,tenpakistan.png,76.6E,(116) 76.5E C-band Apstar 7,Missing
TEN Pakistan,1_0_1_3_2_2_2FE0000_0_0_0.png,tenpakistan.png,76.6E,(116) 76.5E C-band Apstar 7,Missing
TRACE URBAN ASIA HD,1_0_19_3EF_1_765E_2FE0000_0_0_0.png,traceurbanasiahd.png,76.6E,(116) 76.5E C-band Apstar 7,Missing
TV2DAY,1_0_16_37_27DA_539_2FE0000_0_0_0.png,tv2day.png,76.6E,(116) 76.5E C-band Apstar 7,Missing
TVM HD,1_0_1_65_4321_1234_2FE0000_0_0_0.png,tvmhd.png,76.6E,(116) 76.5E C-band Apstar 7,Missing
Venus HD,1_0_19_21_27DA_539_2FE0000_0_0_0.png,venushd.png,76.6E,(116) 76.5E C-band Apstar 7,Missing
WASEB,1_0_1_3_1_1_2FE8EA1_0_0_0.png,waseb.png,76.6E,(116) 76.5E C-band Apstar 7,Missing
ARABIC RADIO WORLD SERVICE,1_0_2_103_66_E26_3110000_0_0_0.png,arabicradioworldservice.png,78.5E,(34) 78.5E KU-band Thaicom 6/8,Missing
ENGLISH RADIO WORLD SERVICE,1_0_2_102_66_E26_3110000_0_0_0.png,englishradioworldservice.png,78.5E,(34) 78.5E KU-band Thaicom 6/8,Missing
IFILM HD,1_0_1F_87_68_E26_3110000_0_0_0.png,ifilmhd.png,78.5E,(34) 78.5E KU-band Thaicom 6/8,Missing
IRINN HD,1_0_1F_88_68_E26_3110000_0_0_0.png,irinnhd.png,78.5E,(34) 78.5E KU-band Thaicom 6/8,Missing
NAMAYESH HD,1_0_1F_8F_68_E26_3110000_0_0_0.png,namayeshhd.png,78.5E,(34) 78.5E KU-band Thaicom 6/8,Missing
NASIM HD,1_0_1F_89_68_E26_3110000_0_0_0.png,nasimhd.png,78.5E,(34) 78.5E KU-band Thaicom 6/8,Missing
OFOGH HD,1_0_1F_8C_68_E26_3110000_0_0_0.png,ofoghhd.png,78.5E,(34) 78.5E KU-band Thaicom 6/8,Missing
OMID HD,1_0_1F_8D_68_E26_3110000_0_0_0.png,omidhd.png,78.5E,(34) 78.5E KU-band Thaicom 6/8,Missing
Omid Television,1_0_1_1_1_1_3112B1B_0_0_0.png,omidtelevision.png,78.5E,(34) 78.5E KU-band Thaicom 6/8,Missing
Omid Television,1_0_1_1_1_1_3112B22_0_0_0.png,omidtelevision.png,78.5E,(34) 78.5E KU-band Thaicom 6/8,Missing
Omid Television,1_0_1_1_1_1_3112B24_0_0_0.png,omidtelevision.png,78.5E,(34) 78.5E KU-band Thaicom 6/8,Missing
Omid Television,1_0_1_1_1_1_3112B27_0_0_0.png,omidtelevision.png,78.5E,(34) 78.5E KU-band Thaicom 6/8,Missing
POOYA HD,1_0_1F_8A_68_E26_3110000_0_0_0.png,pooyahd.png,78.5E,(34) 78.5E KU-band Thaicom 6/8,Missing
RADIO AVA,1_0_2_F2_66_E26_3110000_0_0_0.png,radioava.png,78.5E,(34) 78.5E KU-band Thaicom 6/8,Missing
RADIO BROONMARZI,1_0_2_104_66_E26_3110000_0_0_0.png,radiobroonmarzi.png,78.5E,(34) 78.5E KU-band Thaicom 6/8,Missing
RADIO DARI,1_0_2_105_66_E26_3110000_0_0_0.png,radiodari.png,78.5E,(34) 78.5E KU-band Thaicom 6/8,Missing
RADIO EGHTESAD,1_0_2_FA_66_E26_3110000_0_0_0.png,radioeghtesad.png,78.5E,(34) 78.5E KU-band Thaicom 6/8,Missing
RADIO FARHANG,1_0_2_F8_66_E26_3110000_0_0_0.png,radiofarhang.png,78.5E,(34) 78.5E KU-band Thaicom 6/8,Missing
RADIO GOFTOGO,1_0_2_FB_66_E26_3110000_0_0_0.png,radiogoftogo.png,78.5E,(34) 78.5E KU-band Thaicom 6/8,Missing
RADIO IRAN,1_0_2_F1_66_E26_3110000_0_0_0.png,radioiran.png,78.5E,(34) 78.5E KU-band Thaicom 6/8,Missing
RADIO JAVAN,1_0_2_F3_66_E26_3110000_0_0_0.png,radiojavan.png,78.5E,(34) 78.5E KU-band Thaicom 6/8,Missing
RADIO MAAREF,1_0_2_F6_66_E26_3110000_0_0_0.png,radiomaaref.png,78.5E,(34) 78.5E KU-band Thaicom 6/8,Missing
RADIO MONASEBATI (TARTIL),1_0_2_FF_66_E26_3110000_0_0_0.png,radiomonasebatitartil.png,78.5E,(34) 78.5E KU-band Thaicom 6/8,Missing
RADIO NAMA AVA,1_0_1_CA_68_E26_3110000_0_0_0.png,radionamaava.png,78.5E,(34) 78.5E KU-band Thaicom 6/8,Missing
RADIO NAMA BORONMARZI,1_0_1_DA_68_E26_3110000_0_0_0.png,radionamaboronmarzi.png,78.5E,(34) 78.5E KU-band Thaicom 6/8,Missing
RADIO NAMA EGHTESAD,1_0_1_D2_68_E26_3110000_0_0_0.png,radionamaeghtesad.png,78.5E,(34) 78.5E KU-band Thaicom 6/8,Missing
RADIO NAMA FARHANG,1_0_1_D0_68_E26_3110000_0_0_0.png,radionamafarhang.png,78.5E,(34) 78.5E KU-band Thaicom 6/8,Missing
RADIO NAMA GOFTOGOO,1_0_1_D3_68_E26_3110000_0_0_0.png,radionamagoftogoo.png,78.5E,(34) 78.5E KU-band Thaicom 6/8,Missing
RADIO NAMA IRAN,1_0_1_C9_68_E26_3110000_0_0_0.png,radionamairan.png,78.5E,(34) 78.5E KU-band Thaicom 6/8,Missing
RADIO NAMA JAVAN,1_0_1_CB_68_E26_3110000_0_0_0.png,radionamajavan.png,78.5E,(34) 78.5E KU-band Thaicom 6/8,Missing
RADIO NAMA MAAREF,1_0_1_CE_68_E26_3110000_0_0_0.png,radionamamaaref.png,78.5E,(34) 78.5E KU-band Thaicom 6/8,Missing
RADIO NAMA MOHARRAM(TARTIL),1_0_1_D7_68_E26_3110000_0_0_0.png,radionamamoharramtartil.png,78.5E,(34) 78.5E KU-band Thaicom 6/8,Missing
RADIO NAMA NAMAYESH,1_0_1_D4_68_E26_3110000_0_0_0.png,radionamanamayesh.png,78.5E,(34) 78.5E KU-band Thaicom 6/8,Missing
RADIO NAMA PAYAM,1_0_1_CC_68_E26_3110000_0_0_0.png,radionamapayam.png,78.5E,(34) 78.5E KU-band Thaicom 6/8,Missing
RADIO NAMA QURAN,1_0_1_CF_68_E26_3110000_0_0_0.png,radionamaquran.png,78.5E,(34) 78.5E KU-band Thaicom 6/8,Missing
RADIO NAMA QURAN2,1_0_1_D8_68_E26_3110000_0_0_0.png,radionamaquran2.png,78.5E,(34) 78.5E KU-band Thaicom 6/8,Missing
RADIO NAMA SABA,1_0_1_D6_68_E26_3110000_0_0_0.png,radionamasaba.png,78.5E,(34) 78.5E KU-band Thaicom 6/8,Missing
RADIO NAMA SALAMAT,1_0_1_D1_68_E26_3110000_0_0_0.png,radionamasalamat.png,78.5E,(34) 78.5E KU-band Thaicom 6/8,Missing
RADIO NAMA TARTIL,1_0_1_DB_68_E26_3110000_0_0_0.png,radionamatartil.png,78.5E,(34) 78.5E KU-band Thaicom 6/8,Missing
RADIO NAMA TEHRAN,1_0_1_D5_68_E26_3110000_0_0_0.png,radionamatehran.png,78.5E,(34) 78.5E KU-band Thaicom 6/8,Missing
RADIO NAMA VARZESH,1_0_1_CD_68_E26_3110000_0_0_0.png,radionamavarzesh.png,78.5E,(34) 78.5E KU-band Thaicom 6/8,Missing
RADIO NAMA ZIARAT,1_0_1_D9_68_E26_3110000_0_0_0.png,radionamaziarat.png,78.5E,(34) 78.5E KU-band Thaicom 6/8,Missing
RADIO NAMAYESH,1_0_2_FC_66_E26_3110000_0_0_0.png,radionamayesh.png,78.5E,(34) 78.5E KU-band Thaicom 6/8,Missing
RADIO PAYAM,1_0_2_F4_66_E26_3110000_0_0_0.png,radiopayam.png,78.5E,(34) 78.5E KU-band Thaicom 6/8,Missing
RADIO QURAN,1_0_2_F7_66_E26_3110000_0_0_0.png,radioquran.png,78.5E,(34) 78.5E KU-band Thaicom 6/8,Missing
RADIO SABA,1_0_2_FE_66_E26_3110000_0_0_0.png,radiosaba.png,78.5E,(34) 78.5E KU-band Thaicom 6/8,Missing
RADIO SALAMAT,1_0_2_F9_66_E26_3110000_0_0_0.png,radiosalamat.png,78.5E,(34) 78.5E KU-band Thaicom 6/8,Missing
RADIO TALAVAT,1_0_2_100_66_E26_3110000_0_0_0.png,radiotalavat.png,78.5E,(34) 78.5E KU-band Thaicom 6/8,Missing
RADIO TARTIL,1_0_2_101_66_E26_3110000_0_0_0.png,radiotartil.png,78.5E,(34) 78.5E KU-band Thaicom 6/8,Missing
RADIO TEHRAN,1_0_2_FD_66_E26_3110000_0_0_0.png,radiotehran.png,78.5E,(34) 78.5E KU-band Thaicom 6/8,Missing
RADIO VARZESH,1_0_2_F5_66_E26_3110000_0_0_0.png,radiovarzesh.png,78.5E,(34) 78.5E KU-band Thaicom 6/8,Missing
RADIO ZIARAT,1_0_2_106_66_E26_3110000_0_0_0.png,radioziarat.png,78.5E,(34) 78.5E KU-band Thaicom 6/8,Missing
RADIO-ABADAN,1_0_2_1D4_66_E26_3110000_0_0_0.png,radioabadan.png,78.5E,(34) 78.5E KU-band Thaicom 6/8,Missing
TEHRAN HD,1_0_1_78_66_E26_3110000_0_0_0.png,tehranhd.png,78.5E,(34) 78.5E KU-band Thaicom 6/8,Missing
TV2 HD,1_0_1F_84_68_E26_3110000_0_0_0.png,tv2hd.png,78.5E,(34) 78.5E KU-band Thaicom 6/8,Missing
VARZESH HD,1_0_1F_86_68_E26_3110000_0_0_0.png,varzeshhd.png,78.5E,(34) 78.5E KU-band Thaicom 6/8,Missing
78.6E-MCOT@PID4096PLP0 Feed Service,1_0_1_38C_F82_1_3120000_0_0_0.png,786emcotpid4096plp0feedservice.png,78.6E,(117) 78.5E C-band Thaicom 6/8,Missing
Amedia 2 HD,1_0_1_267_CC_1_3200000_0_0_0.png,amedia2hd.png,80.0E,(35) 80.0E KU-band Express 80,Missing
Curiosity Stream,1_0_1_206_CB_1_3200000_0_0_0.png,curiositystream.png,80.0E,(35) 80.0E KU-band Express 80,Missing
Europa Plus (+2),1_0_2_123_66_1_3200000_0_0_0.png,europaplus2.png,80.0E,(35) 80.0E KU-band Express 80,Missing
Europa Plus (+4),1_0_2_124_66_1_3200000_0_0_0.png,europaplus4.png,80.0E,(35) 80.0E KU-band Express 80,Missing
Fight Club,1_0_1_359_D1_1_3200000_0_0_0.png,fightclub.png,80.0E,(35) 80.0E KU-band Express 80,Missing
Kalina Krasnaya,1_0_2_E_14_1113_3200000_0_0_0.png,kalinakrasnaya.png,80.0E,(35) 80.0E KU-band Express 80,Missing
NANO,1_0_1_8_14_1113_3200000_0_0_0.png,nano.png,80.0E,(35) 80.0E KU-band Express 80,Missing
Nashe radio,1_0_2_B_14_1113_3200000_0_0_0.png,nasheradio.png,80.0E,(35) 80.0E KU-band Express 80,Missing
Novoye Radio,1_0_2_A_14_1113_3200000_0_0_0.png,novoyeradio.png,80.0E,(35) 80.0E KU-band Express 80,Missing
RBC TV CHANNEL,1_0_1_9_14_1113_3200000_0_0_0.png,rbctvchannel.png,80.0E,(35) 80.0E KU-band Express 80,Missing
Radio Dacha,1_0_2_D_14_1113_3200000_0_0_0.png,radiodacha.png,80.0E,(35) 80.0E KU-band Express 80,Missing
Retro FM (+2),1_0_2_125_66_1_3200000_0_0_0.png,retrofm2.png,80.0E,(35) 80.0E KU-band Express 80,Missing
Retro FM (+4),1_0_2_126_66_1_3200000_0_0_0.png,retrofm4.png,80.0E,(35) 80.0E KU-band Express 80,Missing
Temptation TV,1_0_1_207_CB_1_3200000_0_0_0.png,temptationtv.png,80.0E,(35) 80.0E KU-band Express 80,Missing
Terra HD,1_0_1_3A1_CF_1_3200000_0_0_0.png,terrahd.png,80.0E,(35) 80.0E KU-band Express 80,Missing
Test 521,1_0_1_209_CB_1_3200000_0_0_0.png,test521.png,80.0E,(35) 80.0E KU-band Express 80,Missing
Test 524,1_0_1_20C_CB_1_3200000_0_0_0.png,test524.png,80.0E,(35) 80.0E KU-band Express 80,Missing
Test 525,1_0_1_20D_CB_1_3200000_0_0_0.png,test525.png,80.0E,(35) 80.0E KU-band Express 80,Missing
Test-894,1_0_2_37E_CE_1_3200000_0_0_0.png,test894.png,80.0E,(35) 80.0E KU-band Express 80,Missing
Test-895,1_0_2_37F_CE_1_3200000_0_0_0.png,test895.png,80.0E,(35) 80.0E KU-band Express 80,Missing
viju+ Comedy,1_0_1_12F_C9_1_3200000_0_0_0.png,vijucomedy.png,80.0E,(35) 80.0E KU-band Express 80,Missing
viju+ Megahit,1_0_1_12E_C9_1_3200000_0_0_0.png,vijumegahit.png,80.0E,(35) 80.0E KU-band Express 80,Missing
viju+ Planet,1_0_1_137_C9_1_3200000_0_0_0.png,vijuplanet.png,80.0E,(35) 80.0E KU-band Express 80,Missing
viju+ Premiere,1_0_1_12D_C9_1_3200000_0_0_0.png,vijupremiere.png,80.0E,(35) 80.0E KU-band Express 80,Missing
viju+ Serial,1_0_1_138_C9_1_3200000_0_0_0.png,vijuserial.png,80.0E,(35) 80.0E KU-band Express 80,Missing
viju+ Sport,1_0_1_77_65_1_3200000_0_0_0.png,vijusport.png,80.0E,(35) 80.0E KU-band Express 80,Missing
Домашний (+7),1_0_1_2FA_D2_1_3200000_0_0_0.png,7.png,80.0E,(35) 80.0E KU-band Express 80,Missing
Звезда (+7),1_0_1_26C_CC_1_3200000_0_0_0.png,7.png,80.0E,(35) 80.0E KU-band Express 80,Missing
Первый канал (+7),1_0_1_3BF_D0_1_3200000_0_0_0.png,7.png,80.0E,(35) 80.0E KU-band Express 80,Missing
Петербург 5 канал (+2),1_0_1_1F9_CB_1_3200000_0_0_0.png,52.png,80.0E,(35) 80.0E KU-band Express 80,Missing
Пятница (+7),1_0_1_3D7_D0_1_3200000_0_0_0.png,7.png,80.0E,(35) 80.0E KU-band Express 80,Missing
ТВ Центр (+7),1_0_1_2F9_D2_1_3200000_0_0_0.png,7.png,80.0E,(35) 80.0E KU-band Express 80,Missing
ТНТ (+7),1_0_1_3D8_D0_1_3200000_0_0_0.png,7.png,80.0E,(35) 80.0E KU-band Express 80,Missing
Хит-FM,1_0_2_C0_65_1_3200000_0_0_0.png,fm.png,80.0E,(35) 80.0E KU-band Express 80,Missing
&FLIX HD,1_0_1_2712_1_1_33F103C_0_0_0.png,flixhd.png,83.1E,(118) 83.0E C-band G-Sat 10/24/30,Missing
24 Ghanta,1_0_1_7530_15_1_33F0000_0_0_0.png,24ghanta.png,83.1E,(118) 83.0E C-band G-Sat 10/24/30,Missing
24 TAAS,1_0_1_7535_15_1_33F0000_0_0_0.png,24taas.png,83.1E,(118) 83.0E C-band G-Sat 10/24/30,Missing
3805H SID 0x01,1_0_1_1_1_2_33F0000_0_0_0.png,3805hsid0x01.png,83.1E,(118) 83.0E C-band G-Sat 10/24/30,Missing
3805H SID 0x02,1_0_1_2_1_2_33F0000_0_0_0.png,3805hsid0x02.png,83.1E,(118) 83.0E C-band G-Sat 10/24/30,Missing
3805H SID 0x04,1_0_1_4_1_2_33F0000_0_0_0.png,3805hsid0x04.png,83.1E,(118) 83.0E C-band G-Sat 10/24/30,Missing
3805H SID 0x08,1_0_FF_8_1_2_33F0000_0_0_0.png,3805hsid0x08.png,83.1E,(118) 83.0E C-band G-Sat 10/24/30,Missing
3832V SID 0x04,1_0_2_4_1_1_33F8EF8_0_0_0.png,3832vsid0x04.png,83.1E,(118) 83.0E C-band G-Sat 10/24/30,Missing
4168H SID 0x03,1_0_1_3_3_0_33F1048_0_0_0.png,4168hsid0x03.png,83.1E,(118) 83.0E C-band G-Sat 10/24/30,Missing
4168H SID 0x04,1_0_1_4_3_0_33F1048_0_0_0.png,4168hsid0x04.png,83.1E,(118) 83.0E C-band G-Sat 10/24/30,Missing
4TV NEWS,1_0_16_7_2_9_33F0000_0_0_0.png,4tvnews.png,83.1E,(118) 83.0E C-band G-Sat 10/24/30,Missing
7S MUSIC,1_0_1_D_6_6_33F0000_0_0_0.png,7smusic.png,83.1E,(118) 83.0E C-band G-Sat 10/24/30,Missing
99 Percent,1_0_1_D_4_1_33F0000_0_0_0.png,99percent.png,83.1E,(118) 83.0E C-band G-Sat 10/24/30,Missing
9X JALWA,1_0_1_B6_1_2_33F0000_0_0_0.png,9xjalwa.png,83.1E,(118) 83.0E C-band G-Sat 10/24/30,Missing
9X JHAKAAS,1_0_1_2D_1_2_33F0000_0_0_0.png,9xjhakaas.png,83.1E,(118) 83.0E C-band G-Sat 10/24/30,Missing
9X TASHAN,1_0_1_2B_1_1_33F0F55_0_0_0.png,9xtashan.png,83.1E,(118) 83.0E C-band G-Sat 10/24/30,Missing
9XM,1_0_1_2C_1_2_33F0000_0_0_0.png,9xm.png,83.1E,(118) 83.0E C-band G-Sat 10/24/30,Missing
AASEERVATHAM TV,1_0_1_F_1_1_33F0F55_0_0_0.png,aaseervathamtv.png,83.1E,(118) 83.0E C-band G-Sat 10/24/30,Missing
AIR-BLR,1_0_2_7_1_1_33F9011_0_0_0.png,airblr.png,83.1E,(118) 83.0E C-band G-Sat 10/24/30,Missing
AIR-PUDUCHERRY,1_0_2_4_1_1_33F9011_0_0_0.png,airpuducherry.png,83.1E,(118) 83.0E C-band G-Sat 10/24/30,Missing
AIR-TVM,1_0_2_6_1_1_33F9011_0_0_0.png,airtvm.png,83.1E,(118) 83.0E C-band G-Sat 10/24/30,Missing
AKASH B,1_0_16_D_2_9_33F0000_0_0_0.png,akashb.png,83.1E,(118) 83.0E C-band G-Sat 10/24/30,Missing
ALANKAR,1_0_1_5_1_1_33F8FE9_0_0_0.png,alankar.png,83.1E,(118) 83.0E C-band G-Sat 10/24/30,Missing
ALL TIME MOVIES,1_0_1_2_1_1_33F0F55_0_0_0.png,alltimemovies.png,83.1E,(118) 83.0E C-band G-Sat 10/24/30,Missing
ANAADI TV,1_0_1_3_1_1_33F8F15_0_0_0.png,anaaditv.png,83.1E,(118) 83.0E C-band G-Sat 10/24/30,Missing
ANB NEWS,1_0_1_28_1_1_33F0F55_0_0_0.png,anbnews.png,83.1E,(118) 83.0E C-band G-Sat 10/24/30,Missing
ANB NEWS NATIONAL,1_0_1_18_1_1_33F0F55_0_0_0.png,anbnewsnational.png,83.1E,(118) 83.0E C-band G-Sat 10/24/30,Missing
ANMOL CINEMA 2,1_0_1_7577_33_1_33F0000_0_0_0.png,anmolcinema2.png,83.1E,(118) 83.0E C-band G-Sat 10/24/30,Missing
APN,1_0_1_13_4_1_33F0000_0_0_0.png,apn.png,83.1E,(118) 83.0E C-band G-Sat 10/24/30,Missing
ARGUS,1_0_1_BF_1_2_33F0000_0_0_0.png,argus.png,83.1E,(118) 83.0E C-band G-Sat 10/24/30,Missing
ASOM LIVE 24,1_0_16_14_2_9_33F0000_0_0_0.png,asomlive24.png,83.1E,(118) 83.0E C-band G-Sat 10/24/30,Missing
ASSAM TALKS,1_0_16_A_1_1_33F1025_0_0_0.png,assamtalks.png,83.1E,(118) 83.0E C-band G-Sat 10/24/30,Missing
AWAKENING TV,1_0_16_8_1_1_33F1025_0_0_0.png,awakeningtv.png,83.1E,(118) 83.0E C-band G-Sat 10/24/30,Missing
Anand TV,1_0_1_F_6_6_33F0000_0_0_0.png,anandtv.png,83.1E,(118) 83.0E C-band G-Sat 10/24/30,Missing
Ashwaveega,1_0_1_16_4_1_33F0000_0_0_0.png,ashwaveega.png,83.1E,(118) 83.0E C-band G-Sat 10/24/30,Missing
B4U BHOJPURI,1_0_1_9_1_1_33F0F55_0_0_0.png,b4ubhojpuri.png,83.1E,(118) 83.0E C-band G-Sat 10/24/30,Missing
B4U KADAK,1_0_1_B7_1_2_33F0000_0_0_0.png,b4ukadak.png,83.1E,(118) 83.0E C-band G-Sat 10/24/30,Missing
BBS FM,1_0_1_1F4_1_1_33F1001_0_0_0.png,bbsfm.png,83.1E,(118) 83.0E C-band G-Sat 10/24/30,Missing
BBS TV 1,1_0_1_64_1_1_33F1001_0_0_0.png,bbstv1.png,83.1E,(118) 83.0E C-band G-Sat 10/24/30,Missing
BBS TV 2,1_0_1_3E8_1_1_33F1001_0_0_0.png,bbstv2.png,83.1E,(118) 83.0E C-band G-Sat 10/24/30,Missing
BIG MAGIC,1_0_1_757A_33_1_33F0000_0_0_0.png,bigmagic.png,83.1E,(118) 83.0E C-band G-Sat 10/24/30,Missing
BIG TV,1_0_16_12_2_9_33F0000_0_0_0.png,bigtv.png,83.1E,(118) 83.0E C-band G-Sat 10/24/30,Missing
BIG TV 24*7,1_0_16_13_2_9_33F0000_0_0_0.png,bigtv247.png,83.1E,(118) 83.0E C-band G-Sat 10/24/30,Missing
Balle Balle Non-Stop Music,1_0_1_258_2_1_33F0000_0_0_0.png,balleballenonstopmusic.png,83.1E,(118) 83.0E C-band G-Sat 10/24/30,Missing
Bansal News,1_0_1_64_2_1_33F0000_0_0_0.png,bansalnews.png,83.1E,(118) 83.0E C-band G-Sat 10/24/30,Missing
Bharat Samachar,1_0_1_C_1_2_33F0000_0_0_0.png,bharatsamachar.png,83.1E,(118) 83.0E C-band G-Sat 10/24/30,Missing
Brio TV,1_0_1_C8_1_2_33F0000_0_0_0.png,briotv.png,83.1E,(118) 83.0E C-band G-Sat 10/24/30,Missing
CAPTAIN,1_0_1_A8C_2_1_33F0000_0_0_0.png,captain.png,83.1E,(118) 83.0E C-band G-Sat 10/24/30,Missing
CHENNAI-FM RAINBOW,1_0_2_3_1_1_33F9011_0_0_0.png,chennaifmrainbow.png,83.1E,(118) 83.0E C-band G-Sat 10/24/30,Missing
CHENNAI-GOLD,1_0_2_1_1_1_33F9011_0_0_0.png,chennaigold.png,83.1E,(118) 83.0E C-band G-Sat 10/24/30,Missing
CN NEWS,1_0_1_2_2_1_33F0000_0_0_0.png,cnnews.png,83.1E,(118) 83.0E C-band G-Sat 10/24/30,Missing
CN NEWS,1_0_1_4_2_1_33F0000_0_0_0.png,cnnews.png,83.1E,(118) 83.0E C-band G-Sat 10/24/30,Missing
CTVN AKD PLUS,1_0_1_1_2_1_33F0000_0_0_0.png,ctvnakdplus.png,83.1E,(118) 83.0E C-band G-Sat 10/24/30,Missing
Channel Win,1_0_1_8B_1_2_33F0000_0_0_0.png,channelwin.png,83.1E,(118) 83.0E C-band G-Sat 10/24/30,Missing
Chaukas TV,1_0_1_11_6_6_33F0000_0_0_0.png,chaukastv.png,83.1E,(118) 83.0E C-band G-Sat 10/24/30,Missing
Cuisine TV,1_0_1_23_1_1_33F0F55_0_0_0.png,cuisinetv.png,83.1E,(118) 83.0E C-band G-Sat 10/24/30,Missing
DABANGG,1_0_1_B4_1_2_33F0000_0_0_0.png,dabangg.png,83.1E,(118) 83.0E C-band G-Sat 10/24/30,Missing
DARSHAN 24,1_0_16_6_1_1_33F1025_0_0_0.png,darshan24.png,83.1E,(118) 83.0E C-band G-Sat 10/24/30,Missing
DD Chhattisgarh,1_0_1_1_1_FFFF_33F8EA9_0_0_0.png,ddchhattisgarh.png,83.1E,(118) 83.0E C-band G-Sat 10/24/30,Missing
DDK HARYANA,1_0_1_1_1_FFFF_33F8EB9_0_0_0.png,ddkharyana.png,83.1E,(118) 83.0E C-band G-Sat 10/24/30,Missing
DDK RANCHI,1_0_1_1_1_FFFF_33F8EAD_0_0_0.png,ddkranchi.png,83.1E,(118) 83.0E C-band G-Sat 10/24/30,Missing
DHAMAAL,1_0_1_B1_1_2_33F0000_0_0_0.png,dhamaal.png,83.1E,(118) 83.0E C-band G-Sat 10/24/30,Missing
DIVYAVANI TV,1_0_16_C_2_9_33F0000_0_0_0.png,divyavanitv.png,83.1E,(118) 83.0E C-band G-Sat 10/24/30,Missing
DTH-TAMIL,1_0_2_2_1_1_33F9011_0_0_0.png,dthtamil.png,83.1E,(118) 83.0E C-band G-Sat 10/24/30,Missing
DY365,1_0_1_1_101_20_33F0000_0_0_0.png,dy365.png,83.1E,(118) 83.0E C-band G-Sat 10/24/30,Missing
Disha News Channel,1_0_1_17_1_1_33F0F55_0_0_0.png,dishanewschannel.png,83.1E,(118) 83.0E C-band G-Sat 10/24/30,Missing
E 24,1_0_16_2_1_1_33F1025_0_0_0.png,e24.png,83.1E,(118) 83.0E C-band G-Sat 10/24/30,Missing
EPIC TV,1_0_1_C_1_1_33F0F55_0_0_0.png,epictv.png,83.1E,(118) 83.0E C-band G-Sat 10/24/30,Missing
FGN Channel,1_0_1_708_2_1_33F0000_0_0_0.png,fgnchannel.png,83.1E,(118) 83.0E C-band G-Sat 10/24/30,Missing
FOOD FOOD,1_0_1_C_6_6_33F0000_0_0_0.png,foodfood.png,83.1E,(118) 83.0E C-band G-Sat 10/24/30,Missing
Filamchi Bhojpuri,1_0_1_20_1_1_33F0F55_0_0_0.png,filamchibhojpuri.png,83.1E,(118) 83.0E C-band G-Sat 10/24/30,Missing
GD-1,1_0_16_2_1_1_33F8EF8_0_0_0.png,gd1.png,83.1E,(118) 83.0E C-band G-Sat 10/24/30,Missing
GD-1 HD,1_0_19_1_1_1_33F8EF8_0_0_0.png,gd1hd.png,83.1E,(118) 83.0E C-band G-Sat 10/24/30,Missing
GD-2,1_0_16_3_1_1_33F8EF8_0_0_0.png,gd2.png,83.1E,(118) 83.0E C-band G-Sat 10/24/30,Missing
GOLDMINES MOVIES,1_0_1_B_1_1_33F0F55_0_0_0.png,goldminesmovies.png,83.1E,(118) 83.0E C-band G-Sat 10/24/30,Missing
GOODNEWS,1_0_16_F_2_9_33F0000_0_0_0.png,goodnews.png,83.1E,(118) 83.0E C-band G-Sat 10/24/30,Missing
GUARANTEE NEWS 24x7,1_0_1_10_6_6_33F0000_0_0_0.png,guaranteenews24x7.png,83.1E,(118) 83.0E C-band G-Sat 10/24/30,Missing
GUBBARE,1_0_1_22_1_1_33F0F55_0_0_0.png,gubbare.png,83.1E,(118) 83.0E C-band G-Sat 10/24/30,Missing
Gangaur,1_0_1_514_2_1_33F0000_0_0_0.png,gangaur.png,83.1E,(118) 83.0E C-band G-Sat 10/24/30,Missing
Goldmines,1_0_1_19_1_1_33F0F55_0_0_0.png,goldmines.png,83.1E,(118) 83.0E C-band G-Sat 10/24/30,Missing
Goldmines 2,1_0_1_D_1_1_33F0F55_0_0_0.png,goldmines2.png,83.1E,(118) 83.0E C-band G-Sat 10/24/30,Missing
Goldmines Action,1_0_1_32_1_1_33F0F55_0_0_0.png,goldminesaction.png,83.1E,(118) 83.0E C-band G-Sat 10/24/30,Missing
Goldmines Bollywood,1_0_1_12_1_1_33F0F55_0_0_0.png,goldminesbollywood.png,83.1E,(118) 83.0E C-band G-Sat 10/24/30,Missing
Gujarat First,1_0_1_C8_2_1_33F0000_0_0_0.png,gujaratfirst.png,83.1E,(118) 83.0E C-band G-Sat 10/24/30,Missing
HYDERABAD,1_0_2_8_1_1_33F9011_0_0_0.png,hyderabad.png,83.1E,(118) 83.0E C-band G-Sat 10/24/30,Missing
Hindi Khabar,1_0_1_3_1_2_33F0000_0_0_0.png,hindikhabar.png,83.1E,(118) 83.0E C-band G-Sat 10/24/30,Missing
Hope Channel India,1_0_1_E_1_1_33F0F55_0_0_0.png,hopechannelindia.png,83.1E,(118) 83.0E C-band G-Sat 10/24/30,Missing
IBC-24,1_0_1_2A_1_1_33F0F55_0_0_0.png,ibc24.png,83.1E,(118) 83.0E C-band G-Sat 10/24/30,Missing
IND24,1_0_1_AF_1_2_33F0000_0_0_0.png,ind24.png,83.1E,(118) 83.0E C-band G-Sat 10/24/30,Missing
INDIA DAILY 24X7,1_0_1_C4_1_2_33F0000_0_0_0.png,indiadaily24x7.png,83.1E,(118) 83.0E C-band G-Sat 10/24/30,Missing
INDIASIGN TEST-98,1_0_16_E_1_1_33F1025_0_0_0.png,indiasigntest98.png,83.1E,(118) 83.0E C-band G-Sat 10/24/30,Missing
INDIASIGN TEST-99,1_0_16_3_1_1_33F1025_0_0_0.png,indiasigntest99.png,83.1E,(118) 83.0E C-band G-Sat 10/24/30,Missing
INH 24X7,1_0_1_13_1_2_33F0000_0_0_0.png,inh24x7.png,83.1E,(118) 83.0E C-band G-Sat 10/24/30,Missing
ISHARA TV,1_0_1_21_1_1_33F0F55_0_0_0.png,isharatv.png,83.1E,(118) 83.0E C-band G-Sat 10/24/30,Missing
India SuperFast TV,1_0_1_5_1_2_33F0000_0_0_0.png,indiasuperfasttv.png,83.1E,(118) 83.0E C-band G-Sat 10/24/30,Missing
India Voice,1_0_1_5_4_1_33F0000_0_0_0.png,indiavoice.png,83.1E,(118) 83.0E C-band G-Sat 10/24/30,Missing
JANTANTRA TV,1_0_1_2E_1_1_33F0F55_0_0_0.png,jantantratv.png,83.1E,(118) 83.0E C-band G-Sat 10/24/30,Missing
JAY JAGANNATH,1_0_16_1_6_9_33F0000_0_0_0.png,jayjagannath.png,83.1E,(118) 83.0E C-band G-Sat 10/24/30,Missing
JKL 24X7 NEWS,1_0_16_5_1_1_33F1025_0_0_0.png,jkl24x7news.png,83.1E,(118) 83.0E C-band G-Sat 10/24/30,Missing
JONACK,1_0_1_3_101_20_33F0000_0_0_0.png,jonack.png,83.1E,(118) 83.0E C-band G-Sat 10/24/30,Missing
Jinvani,1_0_1_8D_1_2_33F0000_0_0_0.png,jinvani.png,83.1E,(118) 83.0E C-band G-Sat 10/24/30,Missing
K NEWS INDIA,1_0_1_A_1_1_33F0F55_0_0_0.png,knewsindia.png,83.1E,(118) 83.0E C-band G-Sat 10/24/30,Missing
KANAK NEWS,1_0_1_1_1_1_33F8F15_0_0_0.png,kanaknews.png,83.1E,(118) 83.0E C-band G-Sat 10/24/30,Missing
KOLKATA-TV,1_0_1_1_1_1_33F1055_0_0_0.png,kolkatatv.png,83.1E,(118) 83.0E C-band G-Sat 10/24/30,Missing
KUZOO FM,1_0_1_384_1_1_33F1001_0_0_0.png,kuzoofm.png,83.1E,(118) 83.0E C-band G-Sat 10/24/30,Missing
Kerala Vision,1_0_1_1_1_1_33F0F55_0_0_0.png,keralavision.png,83.1E,(118) 83.0E C-band G-Sat 10/24/30,Missing
Khabrain Abhi Tak,1_0_1_12_1_2_33F0000_0_0_0.png,khabrainabhitak.png,83.1E,(118) 83.0E C-band G-Sat 10/24/30,Missing
Live Times,1_0_1_6_1_2_33F0000_0_0_0.png,livetimes.png,83.1E,(118) 83.0E C-band G-Sat 10/24/30,Missing
M NADU,1_0_1_8_6_6_33F0000_0_0_0.png,mnadu.png,83.1E,(118) 83.0E C-band G-Sat 10/24/30,Missing
MAIBOLI,1_0_1_B2_1_2_33F0000_0_0_0.png,maiboli.png,83.1E,(118) 83.0E C-band G-Sat 10/24/30,Missing
MANORAMA NEWS,1_0_1_1_1_1_33F1012_0_0_0.png,manoramanews.png,83.1E,(118) 83.0E C-band G-Sat 10/24/30,Missing
MANORANJAN MOVIES,1_0_16_2_2_9_33F0000_0_0_0.png,manoranjanmovies.png,83.1E,(118) 83.0E C-band G-Sat 10/24/30,Missing
MANORANJAN PRIME,1_0_16_1_2_9_33F0000_0_0_0.png,manoranjanprime.png,83.1E,(118) 83.0E C-band G-Sat 10/24/30,Missing
MASTIII,1_0_1_2F_1_2_33F0000_0_0_0.png,mastiii.png,83.1E,(118) 83.0E C-band G-Sat 10/24/30,Missing
MAZHAVIL MANORAMA HD,1_0_1_3_1_1_33F1012_0_0_0.png,mazhavilmanoramahd.png,83.1E,(118) 83.0E C-band G-Sat 10/24/30,Missing
MAZHAVIL MANORAMA SD,1_0_1_4_1_1_33F1012_0_0_0.png,mazhavilmanoramasd.png,83.1E,(118) 83.0E C-band G-Sat 10/24/30,Missing
Malyalam Naaptol,1_0_1_35_2_1_33F0000_0_0_0.png,malyalamnaaptol.png,83.1E,(118) 83.0E C-band G-Sat 10/24/30,Missing
Mango TV,1_0_1_31_1_1_33F0F55_0_0_0.png,mangotv.png,83.1E,(118) 83.0E C-band G-Sat 10/24/30,Missing
Manorama News North,1_0_1_2_1_1_33F1012_0_0_0.png,manoramanewsnorth.png,83.1E,(118) 83.0E C-band G-Sat 10/24/30,Missing
Mantavya 24x7 News,1_0_1_12C_2_1_33F0000_0_0_0.png,mantavya24x7news.png,83.1E,(118) 83.0E C-band G-Sat 10/24/30,Missing
NAMBIKKAI TV,1_0_16_11_2_9_33F0000_0_0_0.png,nambikkaitv.png,83.1E,(118) 83.0E C-band G-Sat 10/24/30,Missing
NAXATRA Hindi,1_0_1_4_1_1_33F8F15_0_0_0.png,naxatrahindi.png,83.1E,(118) 83.0E C-band G-Sat 10/24/30,Missing
NDIASIGN TEST-5,1_0_16_5_6_9_33F0000_0_0_0.png,ndiasigntest5.png,83.1E,(118) 83.0E C-band G-Sat 10/24/30,Missing
NE NEWS,1_0_1_3_1_1_33F0F22_0_0_0.png,nenews.png,83.1E,(118) 83.0E C-band G-Sat 10/24/30,Missing
NEWS FLASH- AWAZ NAYE BHARAT KI,1_0_16_5_2_9_33F0000_0_0_0.png,newsflashawaznayebharatki.png,83.1E,(118) 83.0E C-band G-Sat 10/24/30,Missing
NEWS STATE BH/JH,1_0_1_5_6_6_33F0000_0_0_0.png,newsstatebhjh.png,83.1E,(118) 83.0E C-band G-Sat 10/24/30,Missing
NEWS STATE MH_GOA,1_0_1_7_6_6_33F0000_0_0_0.png,newsstatemhgoa.png,83.1E,(118) 83.0E C-band G-Sat 10/24/30,Missing
NEWS STATE PB/HIM,1_0_1_6_6_6_33F0000_0_0_0.png,newsstatepbhim.png,83.1E,(118) 83.0E C-band G-Sat 10/24/30,Missing
NEWS24 MP-CG,1_0_16_9_1_1_33F1025_0_0_0.png,news24mpcg.png,83.1E,(118) 83.0E C-band G-Sat 10/24/30,Missing
NLTV,1_0_1_2_101_20_33F0000_0_0_0.png,nltv.png,83.1E,(118) 83.0E C-band G-Sat 10/24/30,Missing
NON-STOP SAMACHAR INDIA,1_0_1_15_1_1_33F0F55_0_0_0.png,nonstopsamacharindia.png,83.1E,(118) 83.0E C-band G-Sat 10/24/30,Missing
Nazara,1_0_1_1F_1_1_33F0F55_0_0_0.png,nazara.png,83.1E,(118) 83.0E C-band G-Sat 10/24/30,Missing
Network 10,1_0_1_BA_1_2_33F0000_0_0_0.png,network10.png,83.1E,(118) 83.0E C-band G-Sat 10/24/30,Missing
News 1 India,1_0_1_1E_1_1_33F0F55_0_0_0.png,news1india.png,83.1E,(118) 83.0E C-band G-Sat 10/24/30,Missing
News 11 Bharat,1_0_1_8A_1_2_33F0000_0_0_0.png,news11bharat.png,83.1E,(118) 83.0E C-band G-Sat 10/24/30,Missing
News 360,1_0_1_4_6_6_33F0000_0_0_0.png,news360.png,83.1E,(118) 83.0E C-band G-Sat 10/24/30,Missing
News 9,1_0_1_C6_1_2_33F0000_0_0_0.png,news9.png,83.1E,(118) 83.0E C-band G-Sat 10/24/30,Missing
News Nation,1_0_1_2D_1_1_33F0F55_0_0_0.png,newsnation.png,83.1E,(118) 83.0E C-band G-Sat 10/24/30,Missing
News State Madhya Pradesh/Chhattisgarh,1_0_1_2F_1_1_33F0F55_0_0_0.png,newsstatemadhyapradeshchhattisgarh.png,83.1E,(118) 83.0E C-band G-Sat 10/24/30,Missing
News State Uttarakhand/Uttar Pradesh,1_0_1_30_1_1_33F0F55_0_0_0.png,newsstateuttarakhanduttarpradesh.png,83.1E,(118) 83.0E C-band G-Sat 10/24/30,Missing
P T EXPRESS,1_0_1_39_1_2_33F0000_0_0_0.png,ptexpress.png,83.1E,(118) 83.0E C-band G-Sat 10/24/30,Missing
PRAG NEWS,1_0_1_1_1_1_33F0F22_0_0_0.png,pragnews.png,83.1E,(118) 83.0E C-band G-Sat 10/24/30,Missing
PRARTHANA Life,1_0_1_4_1_1_33F8FE9_0_0_0.png,prarthanalife.png,83.1E,(118) 83.0E C-band G-Sat 10/24/30,Missing
Paras Gold One,1_0_1_12_4_1_33F0000_0_0_0.png,parasgoldone.png,83.1E,(118) 83.0E C-band G-Sat 10/24/30,Missing
Peace of Mind,1_0_1_4B0_2_1_33F0000_0_0_0.png,peaceofmind.png,83.1E,(118) 83.0E C-band G-Sat 10/24/30,Missing
Prime9 Plus,1_0_1_E_6_6_33F0000_0_0_0.png,prime9plus.png,83.1E,(118) 83.0E C-band G-Sat 10/24/30,Missing
Public First,1_0_1_B_4_1_33F0000_0_0_0.png,publicfirst.png,83.1E,(118) 83.0E C-band G-Sat 10/24/30,Missing
Pudhari News,1_0_1_5DC_2_1_33F0000_0_0_0.png,pudharinews.png,83.1E,(118) 83.0E C-band G-Sat 10/24/30,Missing
Puthu Yugam,1_0_1_BE_1_2_33F0000_0_0_0.png,puthuyugam.png,83.1E,(118) 83.0E C-band G-Sat 10/24/30,Missing
R PLUS,1_0_16_9_2_9_33F0000_0_0_0.png,rplus.png,83.1E,(118) 83.0E C-band G-Sat 10/24/30,Missing
R PLUS GOLD,1_0_16_A_2_9_33F0000_0_0_0.png,rplusgold.png,83.1E,(118) 83.0E C-band G-Sat 10/24/30,Missing
RAFTAAR MEDIA,1_0_16_B_2_9_33F0000_0_0_0.png,raftaarmedia.png,83.1E,(118) 83.0E C-band G-Sat 10/24/30,Missing
RENGONI,1_0_1_2_1_1_33F0F22_0_0_0.png,rengoni.png,83.1E,(118) 83.0E C-band G-Sat 10/24/30,Missing
ROZANA SPOKESMAN,1_0_1_2_6_6_33F0000_0_0_0.png,rozanaspokesman.png,83.1E,(118) 83.0E C-band G-Sat 10/24/30,Missing
SAAM TV,1_0_1_1D_1_2_33F0000_0_0_0.png,saamtv.png,83.1E,(118) 83.0E C-band G-Sat 10/24/30,Missing
SADHNA TV,1_0_1_BC_1_2_33F0000_0_0_0.png,sadhnatv.png,83.1E,(118) 83.0E C-band G-Sat 10/24/30,Missing
SAI TV,1_0_1_B_6_6_33F0000_0_0_0.png,saitv.png,83.1E,(118) 83.0E C-band G-Sat 10/24/30,Missing
SANT WANI,1_0_1_B54_2_1_33F0000_0_0_0.png,santwani.png,83.1E,(118) 83.0E C-band G-Sat 10/24/30,Missing
SHEMAROO MARATHIBANA,1_0_1_4_1_1_33F0F55_0_0_0.png,shemaroomarathibana.png,83.1E,(118) 83.0E C-band G-Sat 10/24/30,Missing
SHEMAROO TV,1_0_1_BD_1_2_33F0000_0_0_0.png,shemarootv.png,83.1E,(118) 83.0E C-band G-Sat 10/24/30,Missing
SHEMAROO UMANG,1_0_1_6_4_1_33F0000_0_0_0.png,shemarooumang.png,83.1E,(118) 83.0E C-band G-Sat 10/24/30,Missing
SHOWBOX,1_0_1_1D_1_1_33F0F55_0_0_0.png,showbox.png,83.1E,(118) 83.0E C-band G-Sat 10/24/30,Missing
SIDHARTH GOLD,1_0_16_3_6_9_33F0000_0_0_0.png,sidharthgold.png,83.1E,(118) 83.0E C-band G-Sat 10/24/30,Missing
SIDHARTH TV,1_0_16_2_6_9_33F0000_0_0_0.png,sidharthtv.png,83.1E,(118) 83.0E C-band G-Sat 10/24/30,Missing
SIDHARTH UTSAV,1_0_16_4_6_9_33F0000_0_0_0.png,sidharthutsav.png,83.1E,(118) 83.0E C-band G-Sat 10/24/30,Missing
SIRIKANNADA ALL TIME,1_0_1_10_1_1_33F0F55_0_0_0.png,sirikannadaalltime.png,83.1E,(118) 83.0E C-band G-Sat 10/24/30,Missing
SKYAMA DAILY POST,1_0_1_1_6_6_33F0000_0_0_0.png,skyamadailypost.png,83.1E,(118) 83.0E C-band G-Sat 10/24/30,Missing
SRI JAGANNATH DHAM,1_0_1_6_1_1_33F8FE9_0_0_0.png,srijagannathdham.png,83.1E,(118) 83.0E C-band G-Sat 10/24/30,Missing
STUDIO YUVA,1_0_1_26_1_1_33F0F55_0_0_0.png,studioyuva.png,83.1E,(118) 83.0E C-band G-Sat 10/24/30,Missing
SUBHAVAARTHA TV,1_0_16_10_2_9_33F0000_0_0_0.png,subhavaarthatv.png,83.1E,(118) 83.0E C-band G-Sat 10/24/30,Missing
SUBHSANDESH,1_0_16_E_2_9_33F0000_0_0_0.png,subhsandesh.png,83.1E,(118) 83.0E C-band G-Sat 10/24/30,Missing
SURYA TV,1_0_1_101_1_1_33F0FED_0_0_0.png,suryatv.png,83.1E,(118) 83.0E C-band G-Sat 10/24/30,Missing
SVBC 2 TAMIL,1_0_1_2_1_0_33F0EB8_0_0_0.png,svbc2tamil.png,83.1E,(118) 83.0E C-band G-Sat 10/24/30,Missing
SVBC 3 KANNADA,1_0_1_3_1_0_33F0EB8_0_0_0.png,svbc3kannada.png,83.1E,(118) 83.0E C-band G-Sat 10/24/30,Missing
SVBC 4 HINDI,1_0_1_4_1_0_33F0EB8_0_0_0.png,svbc4hindi.png,83.1E,(118) 83.0E C-band G-Sat 10/24/30,Missing
SVBC TELUGU,1_0_1_1_1_0_33F0EB8_0_0_0.png,svbctelugu.png,83.1E,(118) 83.0E C-band G-Sat 10/24/30,Missing
SWATANTRA,1_0_1_15_4_1_33F0000_0_0_0.png,swatantra.png,83.1E,(118) 83.0E C-band G-Sat 10/24/30,Missing
Sach Bedhadak,1_0_1_320_2_1_33F0000_0_0_0.png,sachbedhadak.png,83.1E,(118) 83.0E C-band G-Sat 10/24/30,Missing
Sadhna Prime News,1_0_1_7_1_1_33F0F55_0_0_0.png,sadhnaprimenews.png,83.1E,(118) 83.0E C-band G-Sat 10/24/30,Missing
Sakshi TV,1_0_1_1_1_FFFF_33F0F2B_0_0_0.png,sakshitv.png,83.1E,(118) 83.0E C-band G-Sat 10/24/30,Missing
Sangeet Bangla,1_0_1_2A_1_2_33F0000_0_0_0.png,sangeetbangla.png,83.1E,(118) 83.0E C-band G-Sat 10/24/30,Missing
Sangeet Bhojpuri,1_0_1_2B_1_2_33F0000_0_0_0.png,sangeetbhojpuri.png,83.1E,(118) 83.0E C-band G-Sat 10/24/30,Missing
Sarv Dharm Sangam,1_0_1_6_1_1_33F0F55_0_0_0.png,sarvdharmsangam.png,83.1E,(118) 83.0E C-band G-Sat 10/24/30,Missing
Shemaroo Josh,1_0_1_14_4_1_33F0000_0_0_0.png,shemaroojosh.png,83.1E,(118) 83.0E C-band G-Sat 10/24/30,Missing
Shree Disha Bhakti,1_0_1_7_4_1_33F0000_0_0_0.png,shreedishabhakti.png,83.1E,(118) 83.0E C-band G-Sat 10/24/30,Missing
Sirikannada TV,1_0_1_33_1_1_33F0F55_0_0_0.png,sirikannadatv.png,83.1E,(118) 83.0E C-band G-Sat 10/24/30,Missing
Studio One Plus,1_0_1_9_4_1_33F0000_0_0_0.png,studiooneplus.png,83.1E,(118) 83.0E C-band G-Sat 10/24/30,Missing
Subharti,1_0_1_1C_1_1_33F0F55_0_0_0.png,subharti.png,83.1E,(118) 83.0E C-band G-Sat 10/24/30,Missing
Sudarshan,1_0_1_10_1_2_33F0000_0_0_0.png,sudarshan.png,83.1E,(118) 83.0E C-band G-Sat 10/24/30,Missing
Swaraj Express SMBC,1_0_1_F_4_1_33F0000_0_0_0.png,swarajexpresssmbc.png,83.1E,(118) 83.0E C-band G-Sat 10/24/30,Missing
TARANG,1_0_1_1_1_1_33F8FE9_0_0_0.png,tarang.png,83.1E,(118) 83.0E C-band G-Sat 10/24/30,Missing
TARANG HD,1_0_1_7_1_1_33F8FE9_0_0_0.png,taranghd.png,83.1E,(118) 83.0E C-band G-Sat 10/24/30,Missing
TARANG MUSIC,1_0_1_2_1_1_33F8FE9_0_0_0.png,tarangmusic.png,83.1E,(118) 83.0E C-band G-Sat 10/24/30,Missing
TEST-11,1_0_16_B_1_1_33F1025_0_0_0.png,test11.png,83.1E,(118) 83.0E C-band G-Sat 10/24/30,Missing
THE Q,1_0_1_3_1_1_33F0F55_0_0_0.png,theq.png,83.1E,(118) 83.0E C-band G-Sat 10/24/30,Missing
TV13 Gujarati,1_0_1_A_6_6_33F0000_0_0_0.png,tv13gujarati.png,83.1E,(118) 83.0E C-band G-Sat 10/24/30,Missing
TV9 Bangla,1_0_1_27_1_1_33F0F55_0_0_0.png,tv9bangla.png,83.1E,(118) 83.0E C-band G-Sat 10/24/30,Missing
Tabbar Hits,1_0_1_7D0_2_1_33F0000_0_0_0.png,tabbarhits.png,83.1E,(118) 83.0E C-band G-Sat 10/24/30,Missing
Tamil Naaptol,1_0_1_34_2_1_33F0000_0_0_0.png,tamilnaaptol.png,83.1E,(118) 83.0E C-band G-Sat 10/24/30,Missing
Tamilan Television,1_0_1_C5_1_2_33F0000_0_0_0.png,tamilantelevision.png,83.1E,(118) 83.0E C-band G-Sat 10/24/30,Missing
Tehzeeb TV,1_0_1_AF0_2_1_33F0000_0_0_0.png,tehzeebtv.png,83.1E,(118) 83.0E C-band G-Sat 10/24/30,Missing
Telugu Naaptol,1_0_1_39_2_1_33F0000_0_0_0.png,telugunaaptol.png,83.1E,(118) 83.0E C-band G-Sat 10/24/30,Missing
VAANAVIL TV,1_0_1_11_1_1_33F0F55_0_0_0.png,vaanaviltv.png,83.1E,(118) 83.0E C-band G-Sat 10/24/30,Missing
VB-AIR TAMIL,1_0_2_5_1_1_33F9011_0_0_0.png,vbairtamil.png,83.1E,(118) 83.0E C-band G-Sat 10/24/30,Missing
VISTAAR NEWS,1_0_1_3E8_2_1_33F0000_0_0_0.png,vistaarnews.png,83.1E,(118) 83.0E C-band G-Sat 10/24/30,Missing
WIN TV,1_0_1_9_6_6_33F0000_0_0_0.png,wintv.png,83.1E,(118) 83.0E C-band G-Sat 10/24/30,Missing
WIN TV UP,1_0_1_24_1_1_33F0F55_0_0_0.png,wintvup.png,83.1E,(118) 83.0E C-band G-Sat 10/24/30,Missing
ZEE ACTION CINEMA,1_0_1_7555_1_1_33F103C_0_0_0.png,zeeactioncinema.png,83.1E,(118) 83.0E C-band G-Sat 10/24/30,Missing
ZEE BANGLA,1_0_1_7576_33_1_33F0000_0_0_0.png,zeebangla.png,83.1E,(118) 83.0E C-band G-Sat 10/24/30,Missing
ZEE BHARAT,1_0_1_2E_15_1_33F0000_0_0_0.png,zeebharat.png,83.1E,(118) 83.0E C-band G-Sat 10/24/30,Missing
ZEE BIHAR JHARKHAND,1_0_1_7539_15_1_33F0000_0_0_0.png,zeebiharjharkhand.png,83.1E,(118) 83.0E C-band G-Sat 10/24/30,Missing
ZEE BIOSCOPE,1_0_1_7578_33_1_33F0000_0_0_0.png,zeebioscope.png,83.1E,(118) 83.0E C-band G-Sat 10/24/30,Missing
ZEE BOLLYWOOD,1_0_1_7556_C9_1_33F0000_0_0_0.png,zeebollywood.png,83.1E,(118) 83.0E C-band G-Sat 10/24/30,Missing
ZEE CAFE SD,1_0_1_7553_1_1_33F103C_0_0_0.png,zeecafesd.png,83.1E,(118) 83.0E C-band G-Sat 10/24/30,Missing
ZEE CINEMALU,1_0_1_753D_1_1_33F103C_0_0_0.png,zeecinemalu.png,83.1E,(118) 83.0E C-band G-Sat 10/24/30,Missing
ZEE DELHI NCR HARYANA,1_0_1_7538_15_1_33F0000_0_0_0.png,zeedelhincrharyana.png,83.1E,(118) 83.0E C-band G-Sat 10/24/30,Missing
ZEE KANNADA,1_0_1_7531_1_1_33F103C_0_0_0.png,zeekannada.png,83.1E,(118) 83.0E C-band G-Sat 10/24/30,Missing
ZEE POWER,1_0_1_48_CB_1_33F0000_0_0_0.png,zeepower.png,83.1E,(118) 83.0E C-band G-Sat 10/24/30,Missing
ZEE SARTHAK,1_0_1_4A_CB_1_33F0000_0_0_0.png,zeesarthak.png,83.1E,(118) 83.0E C-band G-Sat 10/24/30,Missing
ZEE TALKIES,1_0_1_7D1F_1_1_33F103C_0_0_0.png,zeetalkies.png,83.1E,(118) 83.0E C-band G-Sat 10/24/30,Missing
ZEE TELUGU,1_0_1_7532_1_1_33F103C_0_0_0.png,zeetelugu.png,83.1E,(118) 83.0E C-band G-Sat 10/24/30,Missing
ZEE THIRAI,1_0_1_49_CB_1_33F0000_0_0_0.png,zeethirai.png,83.1E,(118) 83.0E C-band G-Sat 10/24/30,Missing
ZEE YUVA,1_0_1_753E_CB_1_33F0000_0_0_0.png,zeeyuva.png,83.1E,(118) 83.0E C-band G-Sat 10/24/30,Missing
uttarakhand,1_0_1_1_1_FFFF_33F8EA5_0_0_0.png,uttarakhand.png,83.1E,(118) 83.0E C-band G-Sat 10/24/30,Missing
Vos Service,1_0_2_1_1_FFFF_36C0000_0_0_0.png,vosservice.png,87.6E,(119) 87.5E C-band ChinaSat 12,Missing
Majan,1_0_1_1_0_0_3700000_0_0_0.png,majan.png,88.0E,(38) 88.0E KU-band ST 2,Missing
BLTV(HD),1_0_1_391_9_FFFF_3710E58_0_0_0.png,bltvhd.png,88.1E,(120) 88.0E C-band ST 2,Missing
BTS_HD,1_0_1_C_3C_1_3710000_0_0_0.png,btshd.png,88.1E,(120) 88.0E C-band ST 2,Missing
CH37(HD),1_0_1_397_9_FFFF_3710E58_0_0_0.png,ch37hd.png,88.1E,(120) 88.0E C-band ST 2,Missing
DaAi1(HD),1_0_1_38B_9_FFFF_3710E58_0_0_0.png,daai1hd.png,88.1E,(120) 88.0E C-band ST 2,Missing
DaAi2(HD),1_0_1_19_9_FFFF_3710E58_0_0_0.png,daai2hd.png,88.1E,(120) 88.0E C-band ST 2,Missing
ERA News,1_0_1_385_9_FFFF_3710E58_0_0_0.png,eranews.png,88.1E,(120) 88.0E C-band ST 2,Missing
MUCH,1_0_1_7_9_FFFF_3710E58_0_0_0.png,much.png,88.1E,(120) 88.0E C-band ST 2,Missing
OTA,1_0_C_270F_9_FFFF_3710E58_0_0_0.png,ota.png,88.1E,(120) 88.0E C-band ST 2,Missing
SET-29,1_0_1_15_1_1_3718E30_0_0_0.png,set29.png,88.1E,(120) 88.0E C-band ST 2,Missing
SET-30,1_0_1_16_1_1_3718E30_0_0_0.png,set30.png,88.1E,(120) 88.0E C-band ST 2,Missing
SET-54,1_0_1_17_1_1_3718E30_0_0_0.png,set54.png,88.1E,(120) 88.0E C-band ST 2,Missing
SET-88,1_0_1_18_1_1_3718E30_0_0_0.png,set88.png,88.1E,(120) 88.0E C-band ST 2,Missing
TVBS,1_0_1_1_3C_1_3710000_0_0_0.png,tvbs.png,88.1E,(120) 88.0E C-band ST 2,Missing
TVBS-G,1_0_1_3_3C_1_3710000_0_0_0.png,tvbsg.png,88.1E,(120) 88.0E C-band ST 2,Missing
TVBS-N,1_0_1_2_3C_1_3710000_0_0_0.png,tvbsn.png,88.1E,(120) 88.0E C-band ST 2,Missing
2x2 +2,1_0_1_7_17_1_3840000_0_0_0.png,2x22.png,90.0E,(39) 90.0E KU-band Yamal 401,Missing
2x2 +4,1_0_1_A_17_1_3840000_0_0_0.png,2x24.png,90.0E,(39) 90.0E KU-band Yamal 401,Missing
B 24,1_0_1_1A2C_12_90E_3840000_0_0_0.png,b24.png,90.0E,(39) 90.0E KU-band Yamal 401,Missing
BST+Yuldash+Sputnik,1_0_1_1_1_0_384B16E_0_0_0.png,bstyuldashsputnik.png,90.0E,(39) 90.0E KU-band Yamal 401,Missing
Crimea 24,1_0_1_D_17_1_3840000_0_0_0.png,crimea24.png,90.0E,(39) 90.0E KU-band Yamal 401,Missing
DFM_REGION,1_0_2_66_12_90E_3840000_0_0_0.png,dfmregion.png,90.0E,(39) 90.0E KU-band Yamal 401,Missing
DIANET TV,1_0_1_2_12_90E_3840000_0_0_0.png,dianettv.png,90.0E,(39) 90.0E KU-band Yamal 401,Missing
Dorozhnoe,1_0_2_11_12_90E_3840000_0_0_0.png,dorozhnoe.png,90.0E,(39) 90.0E KU-band Yamal 401,Missing
Dorozhnoe,1_0_2_1EA_37_64_3840000_0_0_0.png,dorozhnoe.png,90.0E,(39) 90.0E KU-band Yamal 401,Missing
Europa Plus,1_0_2_F_12_90E_3840000_0_0_0.png,europaplus.png,90.0E,(39) 90.0E KU-band Yamal 401,Missing
Europa Plus_55E,1_0_2_21C_37_64_3840000_0_0_0.png,europaplus55e.png,90.0E,(39) 90.0E KU-band Yamal 401,Missing
KazakFM,1_0_2_244_37_64_3840000_0_0_0.png,kazakfm.png,90.0E,(39) 90.0E KU-band Yamal 401,Missing
Kurai+Ashkadar,1_0_1_2_1_0_384B16E_0_0_0.png,kuraiashkadar.png,90.0E,(39) 90.0E KU-band Yamal 401,Missing
Lifestyle TV5,1_0_1_1_8_1_3840000_0_0_0.png,lifestyletv5.png,90.0E,(39) 90.0E KU-band Yamal 401,Missing
Love_Tyumen,1_0_2_29E_37_64_3840000_0_0_0.png,lovetyumen.png,90.0E,(39) 90.0E KU-band Yamal 401,Missing
Millet-001,1_0_1_1_1_FFFF_3842CD3_0_0_0.png,millet001.png,90.0E,(39) 90.0E KU-band Yamal 401,Missing
OTV Prim,1_0_1_1_1_1_3842D81_0_0_0.png,otvprim.png,90.0E,(39) 90.0E KU-band Yamal 401,Missing
Perviy Crimea,1_0_1_C_17_1_3840000_0_0_0.png,perviycrimea.png,90.0E,(39) 90.0E KU-band Yamal 401,Missing
Pervoe Radio Kubani,1_0_2_24E_37_64_3840000_0_0_0.png,pervoeradiokubani.png,90.0E,(39) 90.0E KU-band Yamal 401,Missing
RADIO KP,1_0_1_12C0_64_64_3840000_0_0_0.png,radiokp.png,90.0E,(39) 90.0E KU-band Yamal 401,Missing
RADIO SHANSON+0,1_0_2_1FE_37_64_3840000_0_0_0.png,radioshanson0.png,90.0E,(39) 90.0E KU-band Yamal 401,Missing
RUSSIAN_RADIO,1_0_2_67_12_90E_3840000_0_0_0.png,russianradio.png,90.0E,(39) 90.0E KU-band Yamal 401,Missing
RUSSIAN_RADIO_2H,1_0_2_1838_12_90E_3840000_0_0_0.png,russianradio2h.png,90.0E,(39) 90.0E KU-band Yamal 401,Missing
Radio 7,1_0_2_D_12_90E_3840000_0_0_0.png,radio7.png,90.0E,(39) 90.0E KU-band Yamal 401,Missing
Radio 7 Tyumen,1_0_2_276_37_64_3840000_0_0_0.png,radio7tyumen.png,90.0E,(39) 90.0E KU-band Yamal 401,Missing
Radio 7_55E,1_0_2_226_37_64_3840000_0_0_0.png,radio755e.png,90.0E,(39) 90.0E KU-band Yamal 401,Missing
Radio CH901_1A,1_0_2_19C8_12_90E_3840000_0_0_0.png,radioch9011a.png,90.0E,(39) 90.0E KU-band Yamal 401,Missing
Radio CH902,1_0_2_189C_12_90E_3840000_0_0_0.png,radioch902.png,90.0E,(39) 90.0E KU-band Yamal 401,Missing
Radio CH903,1_0_2_1900_12_90E_3840000_0_0_0.png,radioch903.png,90.0E,(39) 90.0E KU-band Yamal 401,Missing
Radio KP,1_0_2_1B58_12_90E_3840000_0_0_0.png,radiokp.png,90.0E,(39) 90.0E KU-band Yamal 401,Missing
Radio KP-Novorossiya,1_0_2_2BC_37_64_3840000_0_0_0.png,radiokpnovorossiya.png,90.0E,(39) 90.0E KU-band Yamal 401,Missing
Radio Record,1_0_2_2_8_1_3840000_0_0_0.png,radiorecord.png,90.0E,(39) 90.0E KU-band Yamal 401,Missing
Radio Tavriya.Kherson,1_0_2_28A_37_64_3840000_0_0_0.png,radiotavriyakherson.png,90.0E,(39) 90.0E KU-band Yamal 401,Missing
Radio Vera,1_0_2_2B2_37_64_3840000_0_0_0.png,radiovera.png,90.0E,(39) 90.0E KU-band Yamal 401,Missing
Radio Vera Tyumen,1_0_2_280_37_64_3840000_0_0_0.png,radioveratyumen.png,90.0E,(39) 90.0E KU-band Yamal 401,Missing
Radio Zvezda +0,1_0_2_2A8_37_64_3840000_0_0_0.png,radiozvezda0.png,90.0E,(39) 90.0E KU-band Yamal 401,Missing
Radio Zvezda +2,1_0_A_1BBC_12_90E_3840000_0_0_0.png,radiozvezda2.png,90.0E,(39) 90.0E KU-band Yamal 401,Missing
Radio Zvezda +4,1_0_A_1C20_12_90E_3840000_0_0_0.png,radiozvezda4.png,90.0E,(39) 90.0E KU-band Yamal 401,Missing
Retro FM,1_0_2_E_12_90E_3840000_0_0_0.png,retrofm.png,90.0E,(39) 90.0E KU-band Yamal 401,Missing
Retro FM_55E,1_0_2_23A_37_64_3840000_0_0_0.png,retrofm55e.png,90.0E,(39) 90.0E KU-band Yamal 401,Missing
SUBBOTA +2,1_0_1_5_17_1_3840000_0_0_0.png,subbota2.png,90.0E,(39) 90.0E KU-band Yamal 401,Missing
SUBBOTA +4,1_0_1_8_17_1_3840000_0_0_0.png,subbota4.png,90.0E,(39) 90.0E KU-band Yamal 401,Missing
Sport FM_55E,1_0_2_230_37_64_3840000_0_0_0.png,sportfm55e.png,90.0E,(39) 90.0E KU-band Yamal 401,Missing
TNT4 +2,1_0_1_6_17_1_3840000_0_0_0.png,tnt42.png,90.0E,(39) 90.0E KU-band Yamal 401,Missing
TNT4 +4,1_0_1_9_17_1_3840000_0_0_0.png,tnt44.png,90.0E,(39) 90.0E KU-band Yamal 401,Missing
TSR Turkce,1_0_2_B_12_90E_3840000_0_0_0.png,tsrturkce.png,90.0E,(39) 90.0E KU-band Yamal 401,Missing
UGRA HD,1_0_1_384_64_64_3840000_0_0_0.png,ugrahd.png,90.0E,(39) 90.0E KU-band Yamal 401,Missing
11670V SID 0x119,1_0_1_119_37_0_3A7AD96_0_0_0.png,11670vsid0x119.png,93.5E,(42) 93.5E KU-band G-Sat 15/17,Missing
11670V SID 0x11a,1_0_1_11A_37_0_3A7AD96_0_0_0.png,11670vsid0x11a.png,93.5E,(42) 93.5E KU-band G-Sat 15/17,Missing
11670V SID 0x11b,1_0_1_11B_37_0_3A7AD96_0_0_0.png,11670vsid0x11b.png,93.5E,(42) 93.5E KU-band G-Sat 15/17,Missing
11670V SID 0x11c,1_0_1_11C_37_0_3A7AD96_0_0_0.png,11670vsid0x11c.png,93.5E,(42) 93.5E KU-band G-Sat 15/17,Missing
11670V SID 0x11d,1_0_1_11D_37_0_3A7AD96_0_0_0.png,11670vsid0x11d.png,93.5E,(42) 93.5E KU-band G-Sat 15/17,Missing
11670V SID 0x11e,1_0_1_11E_37_0_3A7AD96_0_0_0.png,11670vsid0x11e.png,93.5E,(42) 93.5E KU-band G-Sat 15/17,Missing
11670V SID 0x11f,1_0_1_11F_37_0_3A7AD96_0_0_0.png,11670vsid0x11f.png,93.5E,(42) 93.5E KU-band G-Sat 15/17,Missing
11670V SID 0x120,1_0_1_120_37_0_3A7AD96_0_0_0.png,11670vsid0x120.png,93.5E,(42) 93.5E KU-band G-Sat 15/17,Missing
11670V SID 0x121,1_0_1_121_37_0_3A7AD96_0_0_0.png,11670vsid0x121.png,93.5E,(42) 93.5E KU-band G-Sat 15/17,Missing
11670V SID 0x122,1_0_1_122_37_0_3A7AD96_0_0_0.png,11670vsid0x122.png,93.5E,(42) 93.5E KU-band G-Sat 15/17,Missing
11670V SID 0x123,1_0_1_123_37_0_3A7AD96_0_0_0.png,11670vsid0x123.png,93.5E,(42) 93.5E KU-band G-Sat 15/17,Missing
11670V SID 0x124,1_0_1_124_37_0_3A7AD96_0_0_0.png,11670vsid0x124.png,93.5E,(42) 93.5E KU-band G-Sat 15/17,Missing
11670V SID 0x125,1_0_1_125_37_0_3A7AD96_0_0_0.png,11670vsid0x125.png,93.5E,(42) 93.5E KU-band G-Sat 15/17,Missing
11670V SID 0x126,1_0_1_126_37_0_3A7AD96_0_0_0.png,11670vsid0x126.png,93.5E,(42) 93.5E KU-band G-Sat 15/17,Missing
11670V SID 0x127,1_0_1_127_37_0_3A7AD96_0_0_0.png,11670vsid0x127.png,93.5E,(42) 93.5E KU-band G-Sat 15/17,Missing
11670V SID 0x128,1_0_1_128_37_0_3A7AD96_0_0_0.png,11670vsid0x128.png,93.5E,(42) 93.5E KU-band G-Sat 15/17,Missing
11670V SID 0x129,1_0_1_129_37_0_3A7AD96_0_0_0.png,11670vsid0x129.png,93.5E,(42) 93.5E KU-band G-Sat 15/17,Missing
11670V SID 0x12a,1_0_1_12A_37_0_3A7AD96_0_0_0.png,11670vsid0x12a.png,93.5E,(42) 93.5E KU-band G-Sat 15/17,Missing
11670V SID 0x12b,1_0_1_12B_37_0_3A7AD96_0_0_0.png,11670vsid0x12b.png,93.5E,(42) 93.5E KU-band G-Sat 15/17,Missing
11670V SID 0x12c,1_0_1_12C_37_0_3A7AD96_0_0_0.png,11670vsid0x12c.png,93.5E,(42) 93.5E KU-band G-Sat 15/17,Missing
11670V SID 0x12d,1_0_1_12D_37_0_3A7AD96_0_0_0.png,11670vsid0x12d.png,93.5E,(42) 93.5E KU-band G-Sat 15/17,Missing
11670V SID 0x12e,1_0_1_12E_37_0_3A7AD96_0_0_0.png,11670vsid0x12e.png,93.5E,(42) 93.5E KU-band G-Sat 15/17,Missing
11670V SID 0x12f,1_0_1_12F_37_0_3A7AD96_0_0_0.png,11670vsid0x12f.png,93.5E,(42) 93.5E KU-band G-Sat 15/17,Missing
11670V SID 0x130,1_0_1_130_37_0_3A7AD96_0_0_0.png,11670vsid0x130.png,93.5E,(42) 93.5E KU-band G-Sat 15/17,Missing
11670V SID 0x131,1_0_1_131_37_0_3A7AD96_0_0_0.png,11670vsid0x131.png,93.5E,(42) 93.5E KU-band G-Sat 15/17,Missing
11670V SID 0x132,1_0_1_132_37_0_3A7AD96_0_0_0.png,11670vsid0x132.png,93.5E,(42) 93.5E KU-band G-Sat 15/17,Missing
11670V SID 0x133,1_0_1_133_37_0_3A7AD96_0_0_0.png,11670vsid0x133.png,93.5E,(42) 93.5E KU-band G-Sat 15/17,Missing
11670V SID 0x134,1_0_1_134_37_0_3A7AD96_0_0_0.png,11670vsid0x134.png,93.5E,(42) 93.5E KU-band G-Sat 15/17,Missing
11670V SID 0x135,1_0_1_135_37_0_3A7AD96_0_0_0.png,11670vsid0x135.png,93.5E,(42) 93.5E KU-band G-Sat 15/17,Missing
11670V SID 0x136,1_0_1_136_37_0_3A7AD96_0_0_0.png,11670vsid0x136.png,93.5E,(42) 93.5E KU-band G-Sat 15/17,Missing
11670V SID 0x137,1_0_1_137_37_0_3A7AD96_0_0_0.png,11670vsid0x137.png,93.5E,(42) 93.5E KU-band G-Sat 15/17,Missing
11670V SID 0x138,1_0_1_138_37_0_3A7AD96_0_0_0.png,11670vsid0x138.png,93.5E,(42) 93.5E KU-band G-Sat 15/17,Missing
11670V SID 0x139,1_0_1_139_37_0_3A7AD96_0_0_0.png,11670vsid0x139.png,93.5E,(42) 93.5E KU-band G-Sat 15/17,Missing
11670V SID 0x13a,1_0_1_13A_37_0_3A7AD96_0_0_0.png,11670vsid0x13a.png,93.5E,(42) 93.5E KU-band G-Sat 15/17,Missing
11670V SID 0x13b,1_0_1_13B_37_0_3A7AD96_0_0_0.png,11670vsid0x13b.png,93.5E,(42) 93.5E KU-band G-Sat 15/17,Missing
11670V SID 0x13c,1_0_1_13C_37_0_3A7AD96_0_0_0.png,11670vsid0x13c.png,93.5E,(42) 93.5E KU-band G-Sat 15/17,Missing
11670V SID 0x13d,1_0_1_13D_37_0_3A7AD96_0_0_0.png,11670vsid0x13d.png,93.5E,(42) 93.5E KU-band G-Sat 15/17,Missing
11670V SID 0x13e,1_0_1_13E_37_0_3A7AD96_0_0_0.png,11670vsid0x13e.png,93.5E,(42) 93.5E KU-band G-Sat 15/17,Missing
11670V SID 0x13f,1_0_1_13F_37_0_3A7AD96_0_0_0.png,11670vsid0x13f.png,93.5E,(42) 93.5E KU-band G-Sat 15/17,Missing
11670V SID 0x140,1_0_1_140_37_0_3A7AD96_0_0_0.png,11670vsid0x140.png,93.5E,(42) 93.5E KU-band G-Sat 15/17,Missing
9XM JHAKAAS,1_0_16_940_8_63_3A70000_0_0_0.png,9xmjhakaas.png,93.5E,(42) 93.5E KU-band G-Sat 15/17,Missing
AASTHA GUJRATI,1_0_1_8CF_6_63_3A70000_0_0_0.png,aasthagujrati.png,93.5E,(42) 93.5E KU-band G-Sat 15/17,Missing
AASTHA KANNADA,1_0_16_8EB_6_63_3A70000_0_0_0.png,aasthakannada.png,93.5E,(42) 93.5E KU-band G-Sat 15/17,Missing
AASTHA TELUGU,1_0_16_8EC_6_63_3A70000_0_0_0.png,aasthatelugu.png,93.5E,(42) 93.5E KU-band G-Sat 15/17,Missing
ABP ANANDA,1_0_16_936_8_63_3A70000_0_0_0.png,abpananda.png,93.5E,(42) 93.5E KU-band G-Sat 15/17,Missing
ABP ASMITA,1_0_16_941_8_63_3A70000_0_0_0.png,abpasmita.png,93.5E,(42) 93.5E KU-band G-Sat 15/17,Missing
ABP MAJHA,1_0_16_93F_8_63_3A70000_0_0_0.png,abpmajha.png,93.5E,(42) 93.5E KU-band G-Sat 15/17,Missing
ACTION CINEMA,1_0_1_7D4_1_63_3A70000_0_0_0.png,actioncinema.png,93.5E,(42) 93.5E KU-band G-Sat 15/17,Missing
AIR Andhra,1_0_2_AF7_1_63_3A70000_0_0_0.png,airandhra.png,93.5E,(42) 93.5E KU-band G-Sat 15/17,Missing
AIR Arunachal,1_0_2_B43_5_63_3A70000_0_0_0.png,airarunachal.png,93.5E,(42) 93.5E KU-band G-Sat 15/17,Missing
AIR Assam,1_0_2_B32_4_63_3A70000_0_0_0.png,airassam.png,93.5E,(42) 93.5E KU-band G-Sat 15/17,Missing
AIR Bihar,1_0_2_B0B_2_63_3A70000_0_0_0.png,airbihar.png,93.5E,(42) 93.5E KU-band G-Sat 15/17,Missing
AIR Chhattisgarh,1_0_2_B33_4_63_3A70000_0_0_0.png,airchhattisgarh.png,93.5E,(42) 93.5E KU-band G-Sat 15/17,Missing
AIR Darbhanga,1_0_2_B57_6_63_3A70000_0_0_0.png,airdarbhanga.png,93.5E,(42) 93.5E KU-band G-Sat 15/17,Missing
AIR Goa,1_0_2_B06_2_63_3A70000_0_0_0.png,airgoa.png,93.5E,(42) 93.5E KU-band G-Sat 15/17,Missing
AIR Gujrat,1_0_2_B05_2_63_3A70000_0_0_0.png,airgujrat.png,93.5E,(42) 93.5E KU-band G-Sat 15/17,Missing
AIR Haryana,1_0_2_AF6_1_63_3A70000_0_0_0.png,airharyana.png,93.5E,(42) 93.5E KU-band G-Sat 15/17,Missing
AIR Himachal,1_0_2_B46_5_63_3A70000_0_0_0.png,airhimachal.png,93.5E,(42) 93.5E KU-band G-Sat 15/17,Missing
AIR Hindi,1_0_2_B1B_3_63_3A70000_0_0_0.png,airhindi.png,93.5E,(42) 93.5E KU-band G-Sat 15/17,Missing
AIR Jammu,1_0_2_B47_5_63_3A70000_0_0_0.png,airjammu.png,93.5E,(42) 93.5E KU-band G-Sat 15/17,Missing
AIR Jharkhand,1_0_2_B2E_4_63_3A70000_0_0_0.png,airjharkhand.png,93.5E,(42) 93.5E KU-band G-Sat 15/17,Missing
AIR Kerala,1_0_2_B31_4_63_3A70000_0_0_0.png,airkerala.png,93.5E,(42) 93.5E KU-band G-Sat 15/17,Missing
AIR Ladakh,1_0_2_B45_5_63_3A70000_0_0_0.png,airladakh.png,93.5E,(42) 93.5E KU-band G-Sat 15/17,Missing
AIR Live News,1_0_2_AF1_1_63_3A70000_0_0_0.png,airlivenews.png,93.5E,(42) 93.5E KU-band G-Sat 15/17,Missing
AIR MP,1_0_2_B0C_2_63_3A70000_0_0_0.png,airmp.png,93.5E,(42) 93.5E KU-band G-Sat 15/17,Missing
AIR Maharashtra,1_0_2_AF3_1_63_3A70000_0_0_0.png,airmaharashtra.png,93.5E,(42) 93.5E KU-band G-Sat 15/17,Missing
AIR Manipur,1_0_2_AF8_1_63_3A70000_0_0_0.png,airmanipur.png,93.5E,(42) 93.5E KU-band G-Sat 15/17,Missing
AIR Meghalaya,1_0_2_B34_4_63_3A70000_0_0_0.png,airmeghalaya.png,93.5E,(42) 93.5E KU-band G-Sat 15/17,Missing
AIR Mizoram,1_0_2_B42_5_63_3A70000_0_0_0.png,airmizoram.png,93.5E,(42) 93.5E KU-band G-Sat 15/17,Missing
AIR NE Service,1_0_2_B1C_3_63_3A70000_0_0_0.png,airneservice.png,93.5E,(42) 93.5E KU-band G-Sat 15/17,Missing
AIR Nagaland,1_0_2_B41_5_63_3A70000_0_0_0.png,airnagaland.png,93.5E,(42) 93.5E KU-band G-Sat 15/17,Missing
AIR Nazibabad,1_0_2_B58_6_63_3A70000_0_0_0.png,airnazibabad.png,93.5E,(42) 93.5E KU-band G-Sat 15/17,Missing
AIR Neighbourhood 1,1_0_2_B5B_6_63_3A70000_0_0_0.png,airneighbourhood1.png,93.5E,(42) 93.5E KU-band G-Sat 15/17,Missing
AIR Neighbourhood 2,1_0_2_B5C_6_63_3A70000_0_0_0.png,airneighbourhood2.png,93.5E,(42) 93.5E KU-band G-Sat 15/17,Missing
AIR Odisha,1_0_2_B30_4_63_3A70000_0_0_0.png,airodisha.png,93.5E,(42) 93.5E KU-band G-Sat 15/17,Missing
AIR Portblair,1_0_2_B1E_3_63_3A70000_0_0_0.png,airportblair.png,93.5E,(42) 93.5E KU-band G-Sat 15/17,Missing
AIR Puducherry,1_0_2_B08_2_63_3A70000_0_0_0.png,airpuducherry.png,93.5E,(42) 93.5E KU-band G-Sat 15/17,Missing
AIR Punjab,1_0_2_B07_2_63_3A70000_0_0_0.png,airpunjab.png,93.5E,(42) 93.5E KU-band G-Sat 15/17,Missing
AIR Ragam,1_0_2_B2D_4_63_3A70000_0_0_0.png,airragam.png,93.5E,(42) 93.5E KU-band G-Sat 15/17,Missing
AIR Rajasthan,1_0_2_B1F_3_63_3A70000_0_0_0.png,airrajasthan.png,93.5E,(42) 93.5E KU-band G-Sat 15/17,Missing
AIR Sikkim,1_0_2_B20_3_63_3A70000_0_0_0.png,airsikkim.png,93.5E,(42) 93.5E KU-band G-Sat 15/17,Missing
AIR Srinagar,1_0_2_B09_2_63_3A70000_0_0_0.png,airsrinagar.png,93.5E,(42) 93.5E KU-band G-Sat 15/17,Missing
AIR Tamilnadu,1_0_2_AF4_1_63_3A70000_0_0_0.png,airtamilnadu.png,93.5E,(42) 93.5E KU-band G-Sat 15/17,Missing
AIR Telangana,1_0_2_AF2_1_63_3A70000_0_0_0.png,airtelangana.png,93.5E,(42) 93.5E KU-band G-Sat 15/17,Missing
AIR Tripura,1_0_2_B44_5_63_3A70000_0_0_0.png,airtripura.png,93.5E,(42) 93.5E KU-band G-Sat 15/17,Missing
AIR UP,1_0_2_B0A_2_63_3A70000_0_0_0.png,airup.png,93.5E,(42) 93.5E KU-band G-Sat 15/17,Missing
AIR Uttarakhand,1_0_2_B1D_3_63_3A70000_0_0_0.png,airuttarakhand.png,93.5E,(42) 93.5E KU-band G-Sat 15/17,Missing
AIR VARANASI,1_0_2_B48_5_63_3A70000_0_0_0.png,airvaranasi.png,93.5E,(42) 93.5E KU-band G-Sat 15/17,Missing
AIR West Bengal,1_0_2_B1A_3_63_3A70000_0_0_0.png,airwestbengal.png,93.5E,(42) 93.5E KU-band G-Sat 15/17,Missing
AIR World Service 1,1_0_2_B59_6_63_3A70000_0_0_0.png,airworldservice1.png,93.5E,(42) 93.5E KU-band G-Sat 15/17,Missing
AIR World Service 2,1_0_2_B5A_6_63_3A70000_0_0_0.png,airworldservice2.png,93.5E,(42) 93.5E KU-band G-Sat 15/17,Missing
ANIMAL PLANET- Rs 2,1_0_16_791C_548_1_3A70000_0_0_0.png,animalplanetrs2.png,93.5E,(42) 93.5E KU-band G-Sat 15/17,Missing
ARGUS,1_0_16_8F1_6_63_3A70000_0_0_0.png,argus.png,93.5E,(42) 93.5E KU-band G-Sat 15/17,Missing
Aastha Bhajan,1_0_1_8CB_6_63_3A70000_0_0_0.png,aasthabhajan.png,93.5E,(42) 93.5E KU-band G-Sat 15/17,Missing
Air Karnataka,1_0_2_B19_3_63_3A70000_0_0_0.png,airkarnataka.png,93.5E,(42) 93.5E KU-band G-Sat 15/17,Missing
Akashvani Aradhana,1_0_2_B2F_4_63_3A70000_0_0_0.png,akashvaniaradhana.png,93.5E,(42) 93.5E KU-band G-Sat 15/17,Missing
All Time Movies,1_0_1_7E1_1_63_3A70000_0_0_0.png,alltimemovies.png,93.5E,(42) 93.5E KU-band G-Sat 15/17,Missing
B4U BHOJPURI,1_0_1_7DB_1_63_3A70000_0_0_0.png,b4ubhojpuri.png,93.5E,(42) 93.5E KU-band G-Sat 15/17,Missing
B4U KADAK,1_0_1_83A_3_63_3A70000_0_0_0.png,b4ukadak.png,93.5E,(42) 93.5E KU-band G-Sat 15/17,Missing
BANSAL NEWS,1_0_1_8D1_6_63_3A70000_0_0_0.png,bansalnews.png,93.5E,(42) 93.5E KU-band G-Sat 15/17,Missing
BHARAT 24 VISION OF NEW INDIA,1_0_1_8DF_6_63_3A70000_0_0_0.png,bharat24visionofnewindia.png,93.5E,(42) 93.5E KU-band G-Sat 15/17,Missing
BHARAT EXPRESS,1_0_1_872_4_63_3A70000_0_0_0.png,bharatexpress.png,93.5E,(42) 93.5E KU-band G-Sat 15/17,Missing
Balle Balle- Free,1_0_16_83CA_548_1_3A70000_0_0_0.png,balleballefree.png,93.5E,(42) 93.5E KU-band G-Sat 15/17,Missing
Bhojpuri Cinema,1_0_1_80E_2_63_3A70000_0_0_0.png,bhojpuricinema.png,93.5E,(42) 93.5E KU-band G-Sat 15/17,Missing
Big Magic,1_0_1_839_3_63_3A70000_0_0_0.png,bigmagic.png,93.5E,(42) 93.5E KU-band G-Sat 15/17,Missing
CAPTAIN,1_0_16_8E1_6_63_3A70000_0_0_0.png,captain.png,93.5E,(42) 93.5E KU-band G-Sat 15/17,Missing
CINE ACTIVE- Rs 32,1_0_16_8166_548_1_3A70000_0_0_0.png,cineactivers32.png,93.5E,(42) 93.5E KU-band G-Sat 15/17,Missing
CNBC TV 18- Rs 4,1_0_16_810D_549_1_3A70000_0_0_0.png,cnbctv18rs4.png,93.5E,(42) 93.5E KU-band G-Sat 15/17,Missing
COLORS CINEPLEX SUPERHITS,1_0_1_836_3_63_3A70000_0_0_0.png,colorscineplexsuperhits.png,93.5E,(42) 93.5E KU-band G-Sat 15/17,Missing
COMEDY ACTIVE-Rs50,1_0_16_8258_549_1_3A70000_0_0_0.png,comedyactivers50.png,93.5E,(42) 93.5E KU-band G-Sat 15/17,Missing
Calcutta News- Free,1_0_16_83C4_548_1_3A70000_0_0_0.png,calcuttanewsfree.png,93.5E,(42) 93.5E KU-band G-Sat 15/17,Missing
Chardikla Time TV,1_0_1_8CC_6_63_3A70000_0_0_0.png,chardiklatimetv.png,93.5E,(42) 93.5E KU-band G-Sat 15/17,Missing
Cineplex Bollywood,1_0_1_813_2_63_3A70000_0_0_0.png,cineplexbollywood.png,93.5E,(42) 93.5E KU-band G-Sat 15/17,Missing
Colors Bangla- Rs 7,1_0_16_5848_549_1_3A70000_0_0_0.png,colorsbanglars7.png,93.5E,(42) 93.5E KU-band G-Sat 15/17,Missing
Customer Care,1_0_16_9590_549_1_3A70000_0_0_0.png,customercare.png,93.5E,(42) 93.5E KU-band G-Sat 15/17,Missing
D2H FORCE SLIDE,1_0_81_94E0_549_1_3A70000_0_0_0.png,d2hforceslide.png,93.5E,(42) 93.5E KU-band G-Sat 15/17,Missing
DD ANCN,1_0_1_75_39_1_3A70000_0_0_0.png,ddancn.png,93.5E,(42) 93.5E KU-band G-Sat 15/17,Missing
DD Arunprabha,1_0_1_8AA_5_63_3A70000_0_0_0.png,ddarunprabha.png,93.5E,(42) 93.5E KU-band G-Sat 15/17,Missing
DD Assam,1_0_1_8A8_5_63_3A70000_0_0_0.png,ddassam.png,93.5E,(42) 93.5E KU-band G-Sat 15/17,Missing
DD BHARATI,1_0_1_87A_4_63_3A70000_0_0_0.png,ddbharati.png,93.5E,(42) 93.5E KU-band G-Sat 15/17,Missing
DD BHARATI,1_0_16_944_8_63_3A70000_0_0_0.png,ddbharati.png,93.5E,(42) 93.5E KU-band G-Sat 15/17,Missing
DD BIHAR,1_0_1_89E_5_63_3A70000_0_0_0.png,ddbihar.png,93.5E,(42) 93.5E KU-band G-Sat 15/17,Missing
DD Bangla,1_0_1_8AB_5_63_3A70000_0_0_0.png,ddbangla.png,93.5E,(42) 93.5E KU-band G-Sat 15/17,Missing
DD Bangla- Free,1_0_16_9573_548_1_3A70000_0_0_0.png,ddbanglafree.png,93.5E,(42) 93.5E KU-band G-Sat 15/17,Missing
DD CHHATTISGARH,1_0_1_8A2_5_63_3A70000_0_0_0.png,ddchhattisgarh.png,93.5E,(42) 93.5E KU-band G-Sat 15/17,Missing
DD Chandana,1_0_1_8A4_5_63_3A70000_0_0_0.png,ddchandana.png,93.5E,(42) 93.5E KU-band G-Sat 15/17,Missing
DD Digishala 1,1_0_1_11_21_1_3A70000_0_0_0.png,dddigishala1.png,93.5E,(42) 93.5E KU-band G-Sat 15/17,Missing
DD Digishala 10,1_0_1_1A_21_1_3A70000_0_0_0.png,dddigishala10.png,93.5E,(42) 93.5E KU-band G-Sat 15/17,Missing
DD Digishala 11,1_0_1_1B_21_1_3A70000_0_0_0.png,dddigishala11.png,93.5E,(42) 93.5E KU-band G-Sat 15/17,Missing
DD Digishala 12,1_0_1_1C_21_1_3A70000_0_0_0.png,dddigishala12.png,93.5E,(42) 93.5E KU-band G-Sat 15/17,Missing
DD Digishala 13,1_0_1_1D_21_1_3A70000_0_0_0.png,dddigishala13.png,93.5E,(42) 93.5E KU-band G-Sat 15/17,Missing
DD Digishala 14,1_0_1_1E_21_1_3A70000_0_0_0.png,dddigishala14.png,93.5E,(42) 93.5E KU-band G-Sat 15/17,Missing
DD Digishala 15,1_0_1_1F_21_1_3A70000_0_0_0.png,dddigishala15.png,93.5E,(42) 93.5E KU-band G-Sat 15/17,Missing
DD Digishala 16,1_0_1_20_21_1_3A70000_0_0_0.png,dddigishala16.png,93.5E,(42) 93.5E KU-band G-Sat 15/17,Missing
DD Digishala 17,1_0_1_21_21_1_3A70000_0_0_0.png,dddigishala17.png,93.5E,(42) 93.5E KU-band G-Sat 15/17,Missing
DD Digishala 18,1_0_1_22_21_1_3A70000_0_0_0.png,dddigishala18.png,93.5E,(42) 93.5E KU-band G-Sat 15/17,Missing
DD Digishala 19,1_0_1_23_21_1_3A70000_0_0_0.png,dddigishala19.png,93.5E,(42) 93.5E KU-band G-Sat 15/17,Missing
DD Digishala 2,1_0_1_12_21_1_3A70000_0_0_0.png,dddigishala2.png,93.5E,(42) 93.5E KU-band G-Sat 15/17,Missing
DD Digishala 20,1_0_1_24_21_1_3A70000_0_0_0.png,dddigishala20.png,93.5E,(42) 93.5E KU-band G-Sat 15/17,Missing
DD Digishala 21,1_0_1_25_21_1_3A70000_0_0_0.png,dddigishala21.png,93.5E,(42) 93.5E KU-band G-Sat 15/17,Missing
DD Digishala 22,1_0_1_26_21_1_3A70000_0_0_0.png,dddigishala22.png,93.5E,(42) 93.5E KU-band G-Sat 15/17,Missing
DD Digishala 23,1_0_1_27_21_1_3A70000_0_0_0.png,dddigishala23.png,93.5E,(42) 93.5E KU-band G-Sat 15/17,Missing
DD Digishala 24,1_0_1_28_21_1_3A70000_0_0_0.png,dddigishala24.png,93.5E,(42) 93.5E KU-band G-Sat 15/17,Missing
DD Digishala 25,1_0_1_58_39_1_3A70000_0_0_0.png,dddigishala25.png,93.5E,(42) 93.5E KU-band G-Sat 15/17,Missing
DD Digishala 26,1_0_1_59_39_1_3A70000_0_0_0.png,dddigishala26.png,93.5E,(42) 93.5E KU-band G-Sat 15/17,Missing
DD Digishala 27,1_0_1_5A_39_1_3A70000_0_0_0.png,dddigishala27.png,93.5E,(42) 93.5E KU-band G-Sat 15/17,Missing
DD Digishala 28,1_0_1_5B_39_1_3A70000_0_0_0.png,dddigishala28.png,93.5E,(42) 93.5E KU-band G-Sat 15/17,Missing
DD Digishala 29,1_0_1_5C_39_1_3A70000_0_0_0.png,dddigishala29.png,93.5E,(42) 93.5E KU-band G-Sat 15/17,Missing
DD Digishala 3,1_0_1_13_21_1_3A70000_0_0_0.png,dddigishala3.png,93.5E,(42) 93.5E KU-band G-Sat 15/17,Missing
DD Digishala 30,1_0_1_5D_39_1_3A70000_0_0_0.png,dddigishala30.png,93.5E,(42) 93.5E KU-band G-Sat 15/17,Missing
DD Digishala 31,1_0_1_5E_39_1_3A70000_0_0_0.png,dddigishala31.png,93.5E,(42) 93.5E KU-band G-Sat 15/17,Missing
DD Digishala 32,1_0_1_5F_39_1_3A70000_0_0_0.png,dddigishala32.png,93.5E,(42) 93.5E KU-band G-Sat 15/17,Missing
DD Digishala 33,1_0_1_60_39_1_3A70000_0_0_0.png,dddigishala33.png,93.5E,(42) 93.5E KU-band G-Sat 15/17,Missing
DD Digishala 34,1_0_1_61_39_1_3A70000_0_0_0.png,dddigishala34.png,93.5E,(42) 93.5E KU-band G-Sat 15/17,Missing
DD Digishala 35,1_0_1_62_39_1_3A70000_0_0_0.png,dddigishala35.png,93.5E,(42) 93.5E KU-band G-Sat 15/17,Missing
DD Digishala 36,1_0_1_63_39_1_3A70000_0_0_0.png,dddigishala36.png,93.5E,(42) 93.5E KU-band G-Sat 15/17,Missing
DD Digishala 37,1_0_1_64_39_1_3A70000_0_0_0.png,dddigishala37.png,93.5E,(42) 93.5E KU-band G-Sat 15/17,Missing
DD Digishala 38,1_0_1_65_39_1_3A70000_0_0_0.png,dddigishala38.png,93.5E,(42) 93.5E KU-band G-Sat 15/17,Missing
DD Digishala 39,1_0_1_66_39_1_3A70000_0_0_0.png,dddigishala39.png,93.5E,(42) 93.5E KU-band G-Sat 15/17,Missing
DD Digishala 4,1_0_1_14_21_1_3A70000_0_0_0.png,dddigishala4.png,93.5E,(42) 93.5E KU-band G-Sat 15/17,Missing
DD Digishala 40,1_0_1_67_39_1_3A70000_0_0_0.png,dddigishala40.png,93.5E,(42) 93.5E KU-band G-Sat 15/17,Missing
DD Digishala 41,1_0_1_68_39_1_3A70000_0_0_0.png,dddigishala41.png,93.5E,(42) 93.5E KU-band G-Sat 15/17,Missing
DD Digishala 42,1_0_1_69_39_1_3A70000_0_0_0.png,dddigishala42.png,93.5E,(42) 93.5E KU-band G-Sat 15/17,Missing
DD Digishala 43,1_0_1_6A_39_1_3A70000_0_0_0.png,dddigishala43.png,93.5E,(42) 93.5E KU-band G-Sat 15/17,Missing
DD Digishala 44,1_0_1_6B_39_1_3A70000_0_0_0.png,dddigishala44.png,93.5E,(42) 93.5E KU-band G-Sat 15/17,Missing
DD Digishala 45,1_0_1_6C_39_1_3A70000_0_0_0.png,dddigishala45.png,93.5E,(42) 93.5E KU-band G-Sat 15/17,Missing
DD Digishala 46,1_0_1_6D_39_1_3A70000_0_0_0.png,dddigishala46.png,93.5E,(42) 93.5E KU-band G-Sat 15/17,Missing
DD Digishala 47,1_0_1_6E_39_1_3A70000_0_0_0.png,dddigishala47.png,93.5E,(42) 93.5E KU-band G-Sat 15/17,Missing
DD Digishala 48,1_0_1_6F_39_1_3A70000_0_0_0.png,dddigishala48.png,93.5E,(42) 93.5E KU-band G-Sat 15/17,Missing
DD Digishala 49,1_0_1_70_39_1_3A70000_0_0_0.png,dddigishala49.png,93.5E,(42) 93.5E KU-band G-Sat 15/17,Missing
DD Digishala 5,1_0_1_15_21_1_3A70000_0_0_0.png,dddigishala5.png,93.5E,(42) 93.5E KU-band G-Sat 15/17,Missing
DD Digishala 50,1_0_1_71_39_1_3A70000_0_0_0.png,dddigishala50.png,93.5E,(42) 93.5E KU-band G-Sat 15/17,Missing
DD Digishala 51,1_0_1_72_39_1_3A70000_0_0_0.png,dddigishala51.png,93.5E,(42) 93.5E KU-band G-Sat 15/17,Missing
DD Digishala 52,1_0_1_73_39_1_3A70000_0_0_0.png,dddigishala52.png,93.5E,(42) 93.5E KU-band G-Sat 15/17,Missing
DD Digishala 53,1_0_1_74_39_1_3A70000_0_0_0.png,dddigishala53.png,93.5E,(42) 93.5E KU-band G-Sat 15/17,Missing
DD Digishala 6,1_0_1_16_21_1_3A70000_0_0_0.png,dddigishala6.png,93.5E,(42) 93.5E KU-band G-Sat 15/17,Missing
DD Digishala 64,1_0_1_78_39_1_3A70000_0_0_0.png,dddigishala64.png,93.5E,(42) 93.5E KU-band G-Sat 15/17,Missing
DD Digishala 7,1_0_1_17_21_1_3A70000_0_0_0.png,dddigishala7.png,93.5E,(42) 93.5E KU-band G-Sat 15/17,Missing
DD Digishala 8,1_0_1_18_21_1_3A70000_0_0_0.png,dddigishala8.png,93.5E,(42) 93.5E KU-band G-Sat 15/17,Missing
DD Digishala 9,1_0_1_19_21_1_3A70000_0_0_0.png,dddigishala9.png,93.5E,(42) 93.5E KU-band G-Sat 15/17,Missing
DD GIRNAR HD,1_0_19_931_8_63_3A70000_0_0_0.png,ddgirnarhd.png,93.5E,(42) 93.5E KU-band G-Sat 15/17,Missing
DD GOA,1_0_16_8FD_7_63_3A70000_0_0_0.png,ddgoa.png,93.5E,(42) 93.5E KU-band G-Sat 15/17,Missing
DD Girnar,1_0_1_7D8_1_63_3A70000_0_0_0.png,ddgirnar.png,93.5E,(42) 93.5E KU-band G-Sat 15/17,Missing
DD Gyandarshan- Free,1_0_16_836D_548_1_3A70000_0_0_0.png,ddgyandarshanfree.png,93.5E,(42) 93.5E KU-band G-Sat 15/17,Missing
DD HARYANA,1_0_16_8FE_7_63_3A70000_0_0_0.png,ddharyana.png,93.5E,(42) 93.5E KU-band G-Sat 15/17,Missing
DD HIMACHAL PRADESH,1_0_1_89B_5_63_3A70000_0_0_0.png,ddhimachalpradesh.png,93.5E,(42) 93.5E KU-band G-Sat 15/17,Missing
DD INDIA,1_0_1_86C_4_63_3A70000_0_0_0.png,ddindia.png,93.5E,(42) 93.5E KU-band G-Sat 15/17,Missing
DD INDIA HD,1_0_19_907_7_63_3A70000_0_0_0.png,ddindiahd.png,93.5E,(42) 93.5E KU-band G-Sat 15/17,Missing
DD JHARKHAND,1_0_1_89F_5_63_3A70000_0_0_0.png,ddjharkhand.png,93.5E,(42) 93.5E KU-band G-Sat 15/17,Missing
DD KISAN,1_0_1_7D3_1_63_3A70000_0_0_0.png,ddkisan.png,93.5E,(42) 93.5E KU-band G-Sat 15/17,Missing
DD KISAN HD,1_0_19_90A_7_63_3A70000_0_0_0.png,ddkisanhd.png,93.5E,(42) 93.5E KU-band G-Sat 15/17,Missing
DD KITE VICTERS,1_0_1_77_39_1_3A70000_0_0_0.png,ddkitevicters.png,93.5E,(42) 93.5E KU-band G-Sat 15/17,Missing
DD Kashir,1_0_1_8A3_5_63_3A70000_0_0_0.png,ddkashir.png,93.5E,(42) 93.5E KU-band G-Sat 15/17,Missing
DD MANIPUR,1_0_16_900_7_63_3A70000_0_0_0.png,ddmanipur.png,93.5E,(42) 93.5E KU-band G-Sat 15/17,Missing
DD MEGHALAYA,1_0_16_8FF_7_63_3A70000_0_0_0.png,ddmeghalaya.png,93.5E,(42) 93.5E KU-band G-Sat 15/17,Missing
DD MIZORAM,1_0_19_902_7_63_3A70000_0_0_0.png,ddmizoram.png,93.5E,(42) 93.5E KU-band G-Sat 15/17,Missing
DD MP,1_0_1_8A0_5_63_3A70000_0_0_0.png,ddmp.png,93.5E,(42) 93.5E KU-band G-Sat 15/17,Missing
DD MP- Free,1_0_16_956B_548_1_3A70000_0_0_0.png,ddmpfree.png,93.5E,(42) 93.5E KU-band G-Sat 15/17,Missing
DD Malayalam,1_0_1_8A7_5_63_3A70000_0_0_0.png,ddmalayalam.png,93.5E,(42) 93.5E KU-band G-Sat 15/17,Missing
DD NAGALAND,1_0_16_901_7_63_3A70000_0_0_0.png,ddnagaland.png,93.5E,(42) 93.5E KU-band G-Sat 15/17,Missing
DD NATIONAL HD,1_0_19_908_7_63_3A70000_0_0_0.png,ddnationalhd.png,93.5E,(42) 93.5E KU-band G-Sat 15/17,Missing
DD NEWS,1_0_1_7D1_1_63_3A70000_0_0_0.png,ddnews.png,93.5E,(42) 93.5E KU-band G-Sat 15/17,Missing
DD NEWS HD,1_0_19_906_7_63_3A70000_0_0_0.png,ddnewshd.png,93.5E,(42) 93.5E KU-band G-Sat 15/17,Missing
DD National,1_0_1_7D2_1_63_3A70000_0_0_0.png,ddnational.png,93.5E,(42) 93.5E KU-band G-Sat 15/17,Missing
DD ODIA HD,1_0_19_932_8_63_3A70000_0_0_0.png,ddodiahd.png,93.5E,(42) 93.5E KU-band G-Sat 15/17,Missing
DD Oriya,1_0_1_8A9_5_63_3A70000_0_0_0.png,ddoriya.png,93.5E,(42) 93.5E KU-band G-Sat 15/17,Missing
DD PM eVIDYA 1,1_0_1_79_33_1_3A70000_0_0_0.png,ddpmevidya1.png,93.5E,(42) 93.5E KU-band G-Sat 15/17,Missing
DD PM eVIDYA 10,1_0_1_82_33_1_3A70000_0_0_0.png,ddpmevidya10.png,93.5E,(42) 93.5E KU-band G-Sat 15/17,Missing
DD PM eVIDYA 100,1_0_1_DC_35_1_3A70000_0_0_0.png,ddpmevidya100.png,93.5E,(42) 93.5E KU-band G-Sat 15/17,Missing
DD PM eVIDYA 101,1_0_1_DD_35_1_3A70000_0_0_0.png,ddpmevidya101.png,93.5E,(42) 93.5E KU-band G-Sat 15/17,Missing
DD PM eVIDYA 102,1_0_1_DE_35_1_3A70000_0_0_0.png,ddpmevidya102.png,93.5E,(42) 93.5E KU-band G-Sat 15/17,Missing
DD PM eVIDYA 103,1_0_1_DF_35_1_3A70000_0_0_0.png,ddpmevidya103.png,93.5E,(42) 93.5E KU-band G-Sat 15/17,Missing
DD PM eVIDYA 104,1_0_1_E0_35_1_3A70000_0_0_0.png,ddpmevidya104.png,93.5E,(42) 93.5E KU-band G-Sat 15/17,Missing
DD PM eVIDYA 105,1_0_1_E1_35_1_3A70000_0_0_0.png,ddpmevidya105.png,93.5E,(42) 93.5E KU-band G-Sat 15/17,Missing
DD PM eVIDYA 106,1_0_1_E2_35_1_3A70000_0_0_0.png,ddpmevidya106.png,93.5E,(42) 93.5E KU-band G-Sat 15/17,Missing
DD PM eVIDYA 107,1_0_1_E3_35_1_3A70000_0_0_0.png,ddpmevidya107.png,93.5E,(42) 93.5E KU-band G-Sat 15/17,Missing
DD PM eVIDYA 108,1_0_1_E4_35_1_3A70000_0_0_0.png,ddpmevidya108.png,93.5E,(42) 93.5E KU-band G-Sat 15/17,Missing
DD PM eVIDYA 109,1_0_1_E5_35_1_3A70000_0_0_0.png,ddpmevidya109.png,93.5E,(42) 93.5E KU-band G-Sat 15/17,Missing
DD PM eVIDYA 11,1_0_1_83_33_1_3A70000_0_0_0.png,ddpmevidya11.png,93.5E,(42) 93.5E KU-band G-Sat 15/17,Missing
DD PM eVIDYA 110,1_0_1_E6_35_1_3A70000_0_0_0.png,ddpmevidya110.png,93.5E,(42) 93.5E KU-band G-Sat 15/17,Missing
DD PM eVIDYA 111,1_0_1_E7_35_1_3A70000_0_0_0.png,ddpmevidya111.png,93.5E,(42) 93.5E KU-band G-Sat 15/17,Missing
DD PM eVIDYA 112,1_0_1_E8_35_1_3A70000_0_0_0.png,ddpmevidya112.png,93.5E,(42) 93.5E KU-band G-Sat 15/17,Missing
DD PM eVIDYA 113,1_0_1_E9_35_1_3A70000_0_0_0.png,ddpmevidya113.png,93.5E,(42) 93.5E KU-band G-Sat 15/17,Missing
DD PM eVIDYA 114,1_0_1_EA_35_1_3A70000_0_0_0.png,ddpmevidya114.png,93.5E,(42) 93.5E KU-band G-Sat 15/17,Missing
DD PM eVIDYA 115,1_0_1_EB_35_1_3A70000_0_0_0.png,ddpmevidya115.png,93.5E,(42) 93.5E KU-band G-Sat 15/17,Missing
DD PM eVIDYA 116,1_0_1_EC_35_1_3A70000_0_0_0.png,ddpmevidya116.png,93.5E,(42) 93.5E KU-band G-Sat 15/17,Missing
DD PM eVIDYA 117,1_0_1_ED_35_1_3A70000_0_0_0.png,ddpmevidya117.png,93.5E,(42) 93.5E KU-band G-Sat 15/17,Missing
DD PM eVIDYA 118,1_0_1_EE_35_1_3A70000_0_0_0.png,ddpmevidya118.png,93.5E,(42) 93.5E KU-band G-Sat 15/17,Missing
DD PM eVIDYA 119,1_0_1_EF_35_1_3A70000_0_0_0.png,ddpmevidya119.png,93.5E,(42) 93.5E KU-band G-Sat 15/17,Missing
DD PM eVIDYA 12,1_0_1_84_33_1_3A70000_0_0_0.png,ddpmevidya12.png,93.5E,(42) 93.5E KU-band G-Sat 15/17,Missing
DD PM eVIDYA 120,1_0_1_F0_35_1_3A70000_0_0_0.png,ddpmevidya120.png,93.5E,(42) 93.5E KU-band G-Sat 15/17,Missing
DD PM eVIDYA 121,1_0_1_F1_36_1_3A70000_0_0_0.png,ddpmevidya121.png,93.5E,(42) 93.5E KU-band G-Sat 15/17,Missing
DD PM eVIDYA 122,1_0_1_F2_36_1_3A70000_0_0_0.png,ddpmevidya122.png,93.5E,(42) 93.5E KU-band G-Sat 15/17,Missing
DD PM eVIDYA 123,1_0_1_F3_36_1_3A70000_0_0_0.png,ddpmevidya123.png,93.5E,(42) 93.5E KU-band G-Sat 15/17,Missing
DD PM eVIDYA 124,1_0_1_F4_36_1_3A70000_0_0_0.png,ddpmevidya124.png,93.5E,(42) 93.5E KU-band G-Sat 15/17,Missing
DD PM eVIDYA 125,1_0_1_F5_36_1_3A70000_0_0_0.png,ddpmevidya125.png,93.5E,(42) 93.5E KU-band G-Sat 15/17,Missing
DD PM eVIDYA 126,1_0_1_F6_36_1_3A70000_0_0_0.png,ddpmevidya126.png,93.5E,(42) 93.5E KU-band G-Sat 15/17,Missing
DD PM eVIDYA 127,1_0_1_F7_36_1_3A70000_0_0_0.png,ddpmevidya127.png,93.5E,(42) 93.5E KU-band G-Sat 15/17,Missing
DD PM eVIDYA 128,1_0_1_F8_36_1_3A70000_0_0_0.png,ddpmevidya128.png,93.5E,(42) 93.5E KU-band G-Sat 15/17,Missing
DD PM eVIDYA 129,1_0_1_F9_36_1_3A70000_0_0_0.png,ddpmevidya129.png,93.5E,(42) 93.5E KU-band G-Sat 15/17,Missing
DD PM eVIDYA 13,1_0_1_85_33_1_3A70000_0_0_0.png,ddpmevidya13.png,93.5E,(42) 93.5E KU-band G-Sat 15/17,Missing
DD PM eVIDYA 130,1_0_1_FA_36_1_3A70000_0_0_0.png,ddpmevidya130.png,93.5E,(42) 93.5E KU-band G-Sat 15/17,Missing
DD PM eVIDYA 131,1_0_1_FB_36_1_3A70000_0_0_0.png,ddpmevidya131.png,93.5E,(42) 93.5E KU-band G-Sat 15/17,Missing
DD PM eVIDYA 132,1_0_1_FC_36_1_3A70000_0_0_0.png,ddpmevidya132.png,93.5E,(42) 93.5E KU-band G-Sat 15/17,Missing
DD PM eVIDYA 133,1_0_1_FD_36_1_3A70000_0_0_0.png,ddpmevidya133.png,93.5E,(42) 93.5E KU-band G-Sat 15/17,Missing
DD PM eVIDYA 134,1_0_1_FE_36_1_3A70000_0_0_0.png,ddpmevidya134.png,93.5E,(42) 93.5E KU-band G-Sat 15/17,Missing
DD PM eVIDYA 135,1_0_1_FF_36_1_3A70000_0_0_0.png,ddpmevidya135.png,93.5E,(42) 93.5E KU-band G-Sat 15/17,Missing
DD PM eVIDYA 136,1_0_1_100_36_1_3A70000_0_0_0.png,ddpmevidya136.png,93.5E,(42) 93.5E KU-band G-Sat 15/17,Missing
DD PM eVIDYA 137,1_0_1_101_36_1_3A70000_0_0_0.png,ddpmevidya137.png,93.5E,(42) 93.5E KU-band G-Sat 15/17,Missing
DD PM eVIDYA 138,1_0_1_102_36_1_3A70000_0_0_0.png,ddpmevidya138.png,93.5E,(42) 93.5E KU-band G-Sat 15/17,Missing
DD PM eVIDYA 139,1_0_1_103_36_1_3A70000_0_0_0.png,ddpmevidya139.png,93.5E,(42) 93.5E KU-band G-Sat 15/17,Missing
DD PM eVIDYA 14,1_0_1_86_33_1_3A70000_0_0_0.png,ddpmevidya14.png,93.5E,(42) 93.5E KU-band G-Sat 15/17,Missing
DD PM eVIDYA 140,1_0_1_104_36_1_3A70000_0_0_0.png,ddpmevidya140.png,93.5E,(42) 93.5E KU-band G-Sat 15/17,Missing
DD PM eVIDYA 141,1_0_1_105_36_1_3A70000_0_0_0.png,ddpmevidya141.png,93.5E,(42) 93.5E KU-band G-Sat 15/17,Missing
DD PM eVIDYA 142,1_0_1_106_36_1_3A70000_0_0_0.png,ddpmevidya142.png,93.5E,(42) 93.5E KU-band G-Sat 15/17,Missing
DD PM eVIDYA 143,1_0_1_107_36_1_3A70000_0_0_0.png,ddpmevidya143.png,93.5E,(42) 93.5E KU-band G-Sat 15/17,Missing
DD PM eVIDYA 144,1_0_1_108_36_1_3A70000_0_0_0.png,ddpmevidya144.png,93.5E,(42) 93.5E KU-band G-Sat 15/17,Missing
DD PM eVIDYA 145,1_0_1_109_36_1_3A70000_0_0_0.png,ddpmevidya145.png,93.5E,(42) 93.5E KU-band G-Sat 15/17,Missing
DD PM eVIDYA 146,1_0_1_10A_36_1_3A70000_0_0_0.png,ddpmevidya146.png,93.5E,(42) 93.5E KU-band G-Sat 15/17,Missing
DD PM eVIDYA 147,1_0_1_10B_36_1_3A70000_0_0_0.png,ddpmevidya147.png,93.5E,(42) 93.5E KU-band G-Sat 15/17,Missing
DD PM eVIDYA 148,1_0_1_10C_36_1_3A70000_0_0_0.png,ddpmevidya148.png,93.5E,(42) 93.5E KU-band G-Sat 15/17,Missing
DD PM eVIDYA 149,1_0_1_10D_36_1_3A70000_0_0_0.png,ddpmevidya149.png,93.5E,(42) 93.5E KU-band G-Sat 15/17,Missing
DD PM eVIDYA 15,1_0_1_87_33_1_3A70000_0_0_0.png,ddpmevidya15.png,93.5E,(42) 93.5E KU-band G-Sat 15/17,Missing
DD PM eVIDYA 150,1_0_1_10E_36_1_3A70000_0_0_0.png,ddpmevidya150.png,93.5E,(42) 93.5E KU-band G-Sat 15/17,Missing
DD PM eVIDYA 151,1_0_1_10F_36_1_3A70000_0_0_0.png,ddpmevidya151.png,93.5E,(42) 93.5E KU-band G-Sat 15/17,Missing
DD PM eVIDYA 152,1_0_1_110_36_1_3A70000_0_0_0.png,ddpmevidya152.png,93.5E,(42) 93.5E KU-band G-Sat 15/17,Missing
DD PM eVIDYA 153,1_0_1_111_36_1_3A70000_0_0_0.png,ddpmevidya153.png,93.5E,(42) 93.5E KU-band G-Sat 15/17,Missing
DD PM eVIDYA 154,1_0_1_112_36_1_3A70000_0_0_0.png,ddpmevidya154.png,93.5E,(42) 93.5E KU-band G-Sat 15/17,Missing
DD PM eVIDYA 155,1_0_1_113_36_1_3A70000_0_0_0.png,ddpmevidya155.png,93.5E,(42) 93.5E KU-band G-Sat 15/17,Missing
DD PM eVIDYA 156,1_0_1_114_36_1_3A70000_0_0_0.png,ddpmevidya156.png,93.5E,(42) 93.5E KU-band G-Sat 15/17,Missing
DD PM eVIDYA 157,1_0_1_115_36_1_3A70000_0_0_0.png,ddpmevidya157.png,93.5E,(42) 93.5E KU-band G-Sat 15/17,Missing
DD PM eVIDYA 158,1_0_1_116_36_1_3A70000_0_0_0.png,ddpmevidya158.png,93.5E,(42) 93.5E KU-band G-Sat 15/17,Missing
DD PM eVIDYA 159,1_0_1_117_36_1_3A70000_0_0_0.png,ddpmevidya159.png,93.5E,(42) 93.5E KU-band G-Sat 15/17,Missing
DD PM eVIDYA 16,1_0_1_88_33_1_3A70000_0_0_0.png,ddpmevidya16.png,93.5E,(42) 93.5E KU-band G-Sat 15/17,Missing
DD PM eVIDYA 160,1_0_1_118_36_1_3A70000_0_0_0.png,ddpmevidya160.png,93.5E,(42) 93.5E KU-band G-Sat 15/17,Missing
DD PM eVIDYA 17,1_0_1_89_33_1_3A70000_0_0_0.png,ddpmevidya17.png,93.5E,(42) 93.5E KU-band G-Sat 15/17,Missing
DD PM eVIDYA 18,1_0_1_8A_33_1_3A70000_0_0_0.png,ddpmevidya18.png,93.5E,(42) 93.5E KU-band G-Sat 15/17,Missing
DD PM eVIDYA 19,1_0_1_8B_33_1_3A70000_0_0_0.png,ddpmevidya19.png,93.5E,(42) 93.5E KU-band G-Sat 15/17,Missing
DD PM eVIDYA 2,1_0_1_7A_33_1_3A70000_0_0_0.png,ddpmevidya2.png,93.5E,(42) 93.5E KU-band G-Sat 15/17,Missing
DD PM eVIDYA 20,1_0_1_8C_33_1_3A70000_0_0_0.png,ddpmevidya20.png,93.5E,(42) 93.5E KU-band G-Sat 15/17,Missing
DD PM eVIDYA 21,1_0_1_8D_33_1_3A70000_0_0_0.png,ddpmevidya21.png,93.5E,(42) 93.5E KU-band G-Sat 15/17,Missing
DD PM eVIDYA 22,1_0_1_8E_33_1_3A70000_0_0_0.png,ddpmevidya22.png,93.5E,(42) 93.5E KU-band G-Sat 15/17,Missing
DD PM eVIDYA 23,1_0_1_8F_33_1_3A70000_0_0_0.png,ddpmevidya23.png,93.5E,(42) 93.5E KU-band G-Sat 15/17,Missing
DD PM eVIDYA 24,1_0_1_90_33_1_3A70000_0_0_0.png,ddpmevidya24.png,93.5E,(42) 93.5E KU-band G-Sat 15/17,Missing
DD PM eVIDYA 25,1_0_1_91_33_1_3A70000_0_0_0.png,ddpmevidya25.png,93.5E,(42) 93.5E KU-band G-Sat 15/17,Missing
DD PM eVIDYA 26,1_0_1_92_33_1_3A70000_0_0_0.png,ddpmevidya26.png,93.5E,(42) 93.5E KU-band G-Sat 15/17,Missing
DD PM eVIDYA 27,1_0_1_93_33_1_3A70000_0_0_0.png,ddpmevidya27.png,93.5E,(42) 93.5E KU-band G-Sat 15/17,Missing
DD PM eVIDYA 28,1_0_1_94_33_1_3A70000_0_0_0.png,ddpmevidya28.png,93.5E,(42) 93.5E KU-band G-Sat 15/17,Missing
DD PM eVIDYA 29,1_0_1_95_33_1_3A70000_0_0_0.png,ddpmevidya29.png,93.5E,(42) 93.5E KU-band G-Sat 15/17,Missing
DD PM eVIDYA 3,1_0_1_7B_33_1_3A70000_0_0_0.png,ddpmevidya3.png,93.5E,(42) 93.5E KU-band G-Sat 15/17,Missing
DD PM eVIDYA 30,1_0_1_96_33_1_3A70000_0_0_0.png,ddpmevidya30.png,93.5E,(42) 93.5E KU-band G-Sat 15/17,Missing
DD PM eVIDYA 31,1_0_1_97_33_1_3A70000_0_0_0.png,ddpmevidya31.png,93.5E,(42) 93.5E KU-band G-Sat 15/17,Missing
DD PM eVIDYA 32,1_0_1_98_33_1_3A70000_0_0_0.png,ddpmevidya32.png,93.5E,(42) 93.5E KU-band G-Sat 15/17,Missing
DD PM eVIDYA 33,1_0_1_99_33_1_3A70000_0_0_0.png,ddpmevidya33.png,93.5E,(42) 93.5E KU-band G-Sat 15/17,Missing
DD PM eVIDYA 34,1_0_1_9A_33_1_3A70000_0_0_0.png,ddpmevidya34.png,93.5E,(42) 93.5E KU-band G-Sat 15/17,Missing
DD PM eVIDYA 35,1_0_1_9B_33_1_3A70000_0_0_0.png,ddpmevidya35.png,93.5E,(42) 93.5E KU-band G-Sat 15/17,Missing
DD PM eVIDYA 36,1_0_1_9C_33_1_3A70000_0_0_0.png,ddpmevidya36.png,93.5E,(42) 93.5E KU-band G-Sat 15/17,Missing
DD PM eVIDYA 37,1_0_1_9D_33_1_3A70000_0_0_0.png,ddpmevidya37.png,93.5E,(42) 93.5E KU-band G-Sat 15/17,Missing
DD PM eVIDYA 38,1_0_1_9E_33_1_3A70000_0_0_0.png,ddpmevidya38.png,93.5E,(42) 93.5E KU-band G-Sat 15/17,Missing
DD PM eVIDYA 39,1_0_1_9F_33_1_3A70000_0_0_0.png,ddpmevidya39.png,93.5E,(42) 93.5E KU-band G-Sat 15/17,Missing
DD PM eVIDYA 4,1_0_1_7C_33_1_3A70000_0_0_0.png,ddpmevidya4.png,93.5E,(42) 93.5E KU-band G-Sat 15/17,Missing
DD PM eVIDYA 40,1_0_1_A0_33_1_3A70000_0_0_0.png,ddpmevidya40.png,93.5E,(42) 93.5E KU-band G-Sat 15/17,Missing
DD PM eVIDYA 41,1_0_1_A1_34_1_3A70000_0_0_0.png,ddpmevidya41.png,93.5E,(42) 93.5E KU-band G-Sat 15/17,Missing
DD PM eVIDYA 42,1_0_1_A2_34_1_3A70000_0_0_0.png,ddpmevidya42.png,93.5E,(42) 93.5E KU-band G-Sat 15/17,Missing
DD PM eVIDYA 43,1_0_1_A3_34_1_3A70000_0_0_0.png,ddpmevidya43.png,93.5E,(42) 93.5E KU-band G-Sat 15/17,Missing
DD PM eVIDYA 44,1_0_1_A4_34_1_3A70000_0_0_0.png,ddpmevidya44.png,93.5E,(42) 93.5E KU-band G-Sat 15/17,Missing
DD PM eVIDYA 45,1_0_1_A5_34_1_3A70000_0_0_0.png,ddpmevidya45.png,93.5E,(42) 93.5E KU-band G-Sat 15/17,Missing
DD PM eVIDYA 46,1_0_1_A6_34_1_3A70000_0_0_0.png,ddpmevidya46.png,93.5E,(42) 93.5E KU-band G-Sat 15/17,Missing
DD PM eVIDYA 47,1_0_1_A7_34_1_3A70000_0_0_0.png,ddpmevidya47.png,93.5E,(42) 93.5E KU-band G-Sat 15/17,Missing
DD PM eVIDYA 48,1_0_1_A8_34_1_3A70000_0_0_0.png,ddpmevidya48.png,93.5E,(42) 93.5E KU-band G-Sat 15/17,Missing
DD PM eVIDYA 49,1_0_1_A9_34_1_3A70000_0_0_0.png,ddpmevidya49.png,93.5E,(42) 93.5E KU-band G-Sat 15/17,Missing
DD PM eVIDYA 5,1_0_1_7D_33_1_3A70000_0_0_0.png,ddpmevidya5.png,93.5E,(42) 93.5E KU-band G-Sat 15/17,Missing
DD PM eVIDYA 50,1_0_1_AA_34_1_3A70000_0_0_0.png,ddpmevidya50.png,93.5E,(42) 93.5E KU-band G-Sat 15/17,Missing
DD PM eVIDYA 51,1_0_1_AB_34_1_3A70000_0_0_0.png,ddpmevidya51.png,93.5E,(42) 93.5E KU-band G-Sat 15/17,Missing
DD PM eVIDYA 52,1_0_1_AC_34_1_3A70000_0_0_0.png,ddpmevidya52.png,93.5E,(42) 93.5E KU-band G-Sat 15/17,Missing
DD PM eVIDYA 53,1_0_1_AD_34_1_3A70000_0_0_0.png,ddpmevidya53.png,93.5E,(42) 93.5E KU-band G-Sat 15/17,Missing
DD PM eVIDYA 54,1_0_1_AE_34_1_3A70000_0_0_0.png,ddpmevidya54.png,93.5E,(42) 93.5E KU-band G-Sat 15/17,Missing
DD PM eVIDYA 55,1_0_1_AF_34_1_3A70000_0_0_0.png,ddpmevidya55.png,93.5E,(42) 93.5E KU-band G-Sat 15/17,Missing
DD PM eVIDYA 56,1_0_1_B0_34_1_3A70000_0_0_0.png,ddpmevidya56.png,93.5E,(42) 93.5E KU-band G-Sat 15/17,Missing
DD PM eVIDYA 57,1_0_1_B1_34_1_3A70000_0_0_0.png,ddpmevidya57.png,93.5E,(42) 93.5E KU-band G-Sat 15/17,Missing
DD PM eVIDYA 58,1_0_1_B2_34_1_3A70000_0_0_0.png,ddpmevidya58.png,93.5E,(42) 93.5E KU-band G-Sat 15/17,Missing
DD PM eVIDYA 59,1_0_1_B3_34_1_3A70000_0_0_0.png,ddpmevidya59.png,93.5E,(42) 93.5E KU-band G-Sat 15/17,Missing
DD PM eVIDYA 6,1_0_1_7E_33_1_3A70000_0_0_0.png,ddpmevidya6.png,93.5E,(42) 93.5E KU-band G-Sat 15/17,Missing
DD PM eVIDYA 60,1_0_1_B4_34_1_3A70000_0_0_0.png,ddpmevidya60.png,93.5E,(42) 93.5E KU-band G-Sat 15/17,Missing
DD PM eVIDYA 61,1_0_1_B5_34_1_3A70000_0_0_0.png,ddpmevidya61.png,93.5E,(42) 93.5E KU-band G-Sat 15/17,Missing
DD PM eVIDYA 62,1_0_1_B6_34_1_3A70000_0_0_0.png,ddpmevidya62.png,93.5E,(42) 93.5E KU-band G-Sat 15/17,Missing
DD PM eVIDYA 63,1_0_1_B7_34_1_3A70000_0_0_0.png,ddpmevidya63.png,93.5E,(42) 93.5E KU-band G-Sat 15/17,Missing
DD PM eVIDYA 64,1_0_1_B8_34_1_3A70000_0_0_0.png,ddpmevidya64.png,93.5E,(42) 93.5E KU-band G-Sat 15/17,Missing
DD PM eVIDYA 65,1_0_1_B9_34_1_3A70000_0_0_0.png,ddpmevidya65.png,93.5E,(42) 93.5E KU-band G-Sat 15/17,Missing
DD PM eVIDYA 66,1_0_1_BA_34_1_3A70000_0_0_0.png,ddpmevidya66.png,93.5E,(42) 93.5E KU-band G-Sat 15/17,Missing
DD PM eVIDYA 67,1_0_1_BB_34_1_3A70000_0_0_0.png,ddpmevidya67.png,93.5E,(42) 93.5E KU-band G-Sat 15/17,Missing
DD PM eVIDYA 68,1_0_1_BC_34_1_3A70000_0_0_0.png,ddpmevidya68.png,93.5E,(42) 93.5E KU-band G-Sat 15/17,Missing
DD PM eVIDYA 69,1_0_1_BD_34_1_3A70000_0_0_0.png,ddpmevidya69.png,93.5E,(42) 93.5E KU-band G-Sat 15/17,Missing
DD PM eVIDYA 7,1_0_1_7F_33_1_3A70000_0_0_0.png,ddpmevidya7.png,93.5E,(42) 93.5E KU-band G-Sat 15/17,Missing
DD PM eVIDYA 70,1_0_1_BE_34_1_3A70000_0_0_0.png,ddpmevidya70.png,93.5E,(42) 93.5E KU-band G-Sat 15/17,Missing
DD PM eVIDYA 71,1_0_1_BF_34_1_3A70000_0_0_0.png,ddpmevidya71.png,93.5E,(42) 93.5E KU-band G-Sat 15/17,Missing
DD PM eVIDYA 72,1_0_1_C0_34_1_3A70000_0_0_0.png,ddpmevidya72.png,93.5E,(42) 93.5E KU-band G-Sat 15/17,Missing
DD PM eVIDYA 73,1_0_1_C1_34_1_3A70000_0_0_0.png,ddpmevidya73.png,93.5E,(42) 93.5E KU-band G-Sat 15/17,Missing
DD PM eVIDYA 74,1_0_1_C2_34_1_3A70000_0_0_0.png,ddpmevidya74.png,93.5E,(42) 93.5E KU-band G-Sat 15/17,Missing
DD PM eVIDYA 75,1_0_1_C3_34_1_3A70000_0_0_0.png,ddpmevidya75.png,93.5E,(42) 93.5E KU-band G-Sat 15/17,Missing
DD PM eVIDYA 76,1_0_1_C4_34_1_3A70000_0_0_0.png,ddpmevidya76.png,93.5E,(42) 93.5E KU-band G-Sat 15/17,Missing
DD PM eVIDYA 77,1_0_1_C5_34_1_3A70000_0_0_0.png,ddpmevidya77.png,93.5E,(42) 93.5E KU-band G-Sat 15/17,Missing
DD PM eVIDYA 78,1_0_1_C6_34_1_3A70000_0_0_0.png,ddpmevidya78.png,93.5E,(42) 93.5E KU-band G-Sat 15/17,Missing
DD PM eVIDYA 79,1_0_1_C7_34_1_3A70000_0_0_0.png,ddpmevidya79.png,93.5E,(42) 93.5E KU-band G-Sat 15/17,Missing
DD PM eVIDYA 8,1_0_1_80_33_1_3A70000_0_0_0.png,ddpmevidya8.png,93.5E,(42) 93.5E KU-band G-Sat 15/17,Missing
DD PM eVIDYA 80,1_0_1_C8_34_1_3A70000_0_0_0.png,ddpmevidya80.png,93.5E,(42) 93.5E KU-band G-Sat 15/17,Missing
DD PM eVIDYA 81,1_0_1_C9_35_1_3A70000_0_0_0.png,ddpmevidya81.png,93.5E,(42) 93.5E KU-band G-Sat 15/17,Missing
DD PM eVIDYA 82,1_0_1_CA_35_1_3A70000_0_0_0.png,ddpmevidya82.png,93.5E,(42) 93.5E KU-band G-Sat 15/17,Missing
DD PM eVIDYA 83,1_0_1_CB_35_1_3A70000_0_0_0.png,ddpmevidya83.png,93.5E,(42) 93.5E KU-band G-Sat 15/17,Missing
DD PM eVIDYA 84,1_0_1_CC_35_1_3A70000_0_0_0.png,ddpmevidya84.png,93.5E,(42) 93.5E KU-band G-Sat 15/17,Missing
DD PM eVIDYA 85,1_0_1_CD_35_1_3A70000_0_0_0.png,ddpmevidya85.png,93.5E,(42) 93.5E KU-band G-Sat 15/17,Missing
DD PM eVIDYA 86,1_0_1_CE_35_1_3A70000_0_0_0.png,ddpmevidya86.png,93.5E,(42) 93.5E KU-band G-Sat 15/17,Missing
DD PM eVIDYA 87,1_0_1_CF_35_1_3A70000_0_0_0.png,ddpmevidya87.png,93.5E,(42) 93.5E KU-band G-Sat 15/17,Missing
DD PM eVIDYA 88,1_0_1_D0_35_1_3A70000_0_0_0.png,ddpmevidya88.png,93.5E,(42) 93.5E KU-band G-Sat 15/17,Missing
DD PM eVIDYA 89,1_0_1_D1_35_1_3A70000_0_0_0.png,ddpmevidya89.png,93.5E,(42) 93.5E KU-band G-Sat 15/17,Missing
DD PM eVIDYA 9,1_0_1_81_33_1_3A70000_0_0_0.png,ddpmevidya9.png,93.5E,(42) 93.5E KU-band G-Sat 15/17,Missing
DD PM eVIDYA 90,1_0_1_D2_35_1_3A70000_0_0_0.png,ddpmevidya90.png,93.5E,(42) 93.5E KU-band G-Sat 15/17,Missing
DD PM eVIDYA 91,1_0_1_D3_35_1_3A70000_0_0_0.png,ddpmevidya91.png,93.5E,(42) 93.5E KU-band G-Sat 15/17,Missing
DD PM eVIDYA 92,1_0_1_D4_35_1_3A70000_0_0_0.png,ddpmevidya92.png,93.5E,(42) 93.5E KU-band G-Sat 15/17,Missing
DD PM eVIDYA 93,1_0_1_D5_35_1_3A70000_0_0_0.png,ddpmevidya93.png,93.5E,(42) 93.5E KU-band G-Sat 15/17,Missing
DD PM eVIDYA 94,1_0_1_D6_35_1_3A70000_0_0_0.png,ddpmevidya94.png,93.5E,(42) 93.5E KU-band G-Sat 15/17,Missing
DD PM eVIDYA 95,1_0_1_D7_35_1_3A70000_0_0_0.png,ddpmevidya95.png,93.5E,(42) 93.5E KU-band G-Sat 15/17,Missing
DD PM eVIDYA 96,1_0_1_D8_35_1_3A70000_0_0_0.png,ddpmevidya96.png,93.5E,(42) 93.5E KU-band G-Sat 15/17,Missing
DD PM eVIDYA 97,1_0_1_D9_35_1_3A70000_0_0_0.png,ddpmevidya97.png,93.5E,(42) 93.5E KU-band G-Sat 15/17,Missing
DD PM eVIDYA 98,1_0_1_DA_35_1_3A70000_0_0_0.png,ddpmevidya98.png,93.5E,(42) 93.5E KU-band G-Sat 15/17,Missing
DD PM eVIDYA 99,1_0_1_DB_35_1_3A70000_0_0_0.png,ddpmevidya99.png,93.5E,(42) 93.5E KU-band G-Sat 15/17,Missing
DD PTAD,1_0_1_76_39_1_3A70000_0_0_0.png,ddptad.png,93.5E,(42) 93.5E KU-band G-Sat 15/17,Missing
DD Punjabi,1_0_1_806_2_63_3A70000_0_0_0.png,ddpunjabi.png,93.5E,(42) 93.5E KU-band G-Sat 15/17,Missing
DD RAJASTHAN,1_0_1_89C_5_63_3A70000_0_0_0.png,ddrajasthan.png,93.5E,(42) 93.5E KU-band G-Sat 15/17,Missing
DD SAHYADRI HD,1_0_19_930_8_63_3A70000_0_0_0.png,ddsahyadrihd.png,93.5E,(42) 93.5E KU-band G-Sat 15/17,Missing
DD SATHEE 1,1_0_1_51_39_1_3A70000_0_0_0.png,ddsathee1.png,93.5E,(42) 93.5E KU-band G-Sat 15/17,Missing
DD SATHEE 2,1_0_1_52_39_1_3A70000_0_0_0.png,ddsathee2.png,93.5E,(42) 93.5E KU-band G-Sat 15/17,Missing
DD SATHEE 3,1_0_1_53_39_1_3A70000_0_0_0.png,ddsathee3.png,93.5E,(42) 93.5E KU-band G-Sat 15/17,Missing
DD SATHEE 4,1_0_1_54_39_1_3A70000_0_0_0.png,ddsathee4.png,93.5E,(42) 93.5E KU-band G-Sat 15/17,Missing
DD SATHEE 5,1_0_1_55_39_1_3A70000_0_0_0.png,ddsathee5.png,93.5E,(42) 93.5E KU-band G-Sat 15/17,Missing
DD SATHEE 6,1_0_1_56_39_1_3A70000_0_0_0.png,ddsathee6.png,93.5E,(42) 93.5E KU-band G-Sat 15/17,Missing
DD SATHEE 7,1_0_1_57_39_1_3A70000_0_0_0.png,ddsathee7.png,93.5E,(42) 93.5E KU-band G-Sat 15/17,Missing
DD SPORTS,1_0_1_879_4_63_3A70000_0_0_0.png,ddsports.png,93.5E,(42) 93.5E KU-band G-Sat 15/17,Missing
DD SPORTS,1_0_1_89D_5_63_3A70000_0_0_0.png,ddsports.png,93.5E,(42) 93.5E KU-band G-Sat 15/17,Missing
DD SPORTS HD,1_0_19_909_7_63_3A70000_0_0_0.png,ddsportshd.png,93.5E,(42) 93.5E KU-band G-Sat 15/17,Missing
DD SWAYAM PRABHA 1,1_0_1_29_38_1_3A70000_0_0_0.png,ddswayamprabha1.png,93.5E,(42) 93.5E KU-band G-Sat 15/17,Missing
DD SWAYAM PRABHA 10,1_0_1_32_38_1_3A70000_0_0_0.png,ddswayamprabha10.png,93.5E,(42) 93.5E KU-band G-Sat 15/17,Missing
DD SWAYAM PRABHA 11,1_0_1_33_38_1_3A70000_0_0_0.png,ddswayamprabha11.png,93.5E,(42) 93.5E KU-band G-Sat 15/17,Missing
DD SWAYAM PRABHA 12,1_0_1_34_38_1_3A70000_0_0_0.png,ddswayamprabha12.png,93.5E,(42) 93.5E KU-band G-Sat 15/17,Missing
DD SWAYAM PRABHA 13,1_0_1_35_38_1_3A70000_0_0_0.png,ddswayamprabha13.png,93.5E,(42) 93.5E KU-band G-Sat 15/17,Missing
DD SWAYAM PRABHA 14,1_0_1_36_38_1_3A70000_0_0_0.png,ddswayamprabha14.png,93.5E,(42) 93.5E KU-band G-Sat 15/17,Missing
DD SWAYAM PRABHA 15,1_0_1_37_38_1_3A70000_0_0_0.png,ddswayamprabha15.png,93.5E,(42) 93.5E KU-band G-Sat 15/17,Missing
DD SWAYAM PRABHA 16,1_0_1_38_38_1_3A70000_0_0_0.png,ddswayamprabha16.png,93.5E,(42) 93.5E KU-band G-Sat 15/17,Missing
DD SWAYAM PRABHA 17,1_0_1_39_38_1_3A70000_0_0_0.png,ddswayamprabha17.png,93.5E,(42) 93.5E KU-band G-Sat 15/17,Missing
DD SWAYAM PRABHA 18,1_0_1_3A_38_1_3A70000_0_0_0.png,ddswayamprabha18.png,93.5E,(42) 93.5E KU-band G-Sat 15/17,Missing
DD SWAYAM PRABHA 19,1_0_1_3B_38_1_3A70000_0_0_0.png,ddswayamprabha19.png,93.5E,(42) 93.5E KU-band G-Sat 15/17,Missing
DD SWAYAM PRABHA 2,1_0_1_2A_38_1_3A70000_0_0_0.png,ddswayamprabha2.png,93.5E,(42) 93.5E KU-band G-Sat 15/17,Missing
DD SWAYAM PRABHA 20,1_0_1_3C_38_1_3A70000_0_0_0.png,ddswayamprabha20.png,93.5E,(42) 93.5E KU-band G-Sat 15/17,Missing
DD SWAYAM PRABHA 21,1_0_1_3D_38_1_3A70000_0_0_0.png,ddswayamprabha21.png,93.5E,(42) 93.5E KU-band G-Sat 15/17,Missing
DD SWAYAM PRABHA 22,1_0_1_3E_38_1_3A70000_0_0_0.png,ddswayamprabha22.png,93.5E,(42) 93.5E KU-band G-Sat 15/17,Missing
DD SWAYAM PRABHA 23,1_0_1_3F_38_1_3A70000_0_0_0.png,ddswayamprabha23.png,93.5E,(42) 93.5E KU-band G-Sat 15/17,Missing
DD SWAYAM PRABHA 24,1_0_1_40_38_1_3A70000_0_0_0.png,ddswayamprabha24.png,93.5E,(42) 93.5E KU-band G-Sat 15/17,Missing
DD SWAYAM PRABHA 25,1_0_1_41_38_1_3A70000_0_0_0.png,ddswayamprabha25.png,93.5E,(42) 93.5E KU-band G-Sat 15/17,Missing
DD SWAYAM PRABHA 26,1_0_1_42_38_1_3A70000_0_0_0.png,ddswayamprabha26.png,93.5E,(42) 93.5E KU-band G-Sat 15/17,Missing
DD SWAYAM PRABHA 27,1_0_1_43_38_1_3A70000_0_0_0.png,ddswayamprabha27.png,93.5E,(42) 93.5E KU-band G-Sat 15/17,Missing
DD SWAYAM PRABHA 28,1_0_1_44_38_1_3A70000_0_0_0.png,ddswayamprabha28.png,93.5E,(42) 93.5E KU-band G-Sat 15/17,Missing
DD SWAYAM PRABHA 29,1_0_1_45_38_1_3A70000_0_0_0.png,ddswayamprabha29.png,93.5E,(42) 93.5E KU-band G-Sat 15/17,Missing
DD SWAYAM PRABHA 3,1_0_1_2B_38_1_3A70000_0_0_0.png,ddswayamprabha3.png,93.5E,(42) 93.5E KU-band G-Sat 15/17,Missing
DD SWAYAM PRABHA 30,1_0_1_46_38_1_3A70000_0_0_0.png,ddswayamprabha30.png,93.5E,(42) 93.5E KU-band G-Sat 15/17,Missing
DD SWAYAM PRABHA 31,1_0_1_47_38_1_3A70000_0_0_0.png,ddswayamprabha31.png,93.5E,(42) 93.5E KU-band G-Sat 15/17,Missing
DD SWAYAM PRABHA 32,1_0_1_48_38_1_3A70000_0_0_0.png,ddswayamprabha32.png,93.5E,(42) 93.5E KU-band G-Sat 15/17,Missing
DD SWAYAM PRABHA 33,1_0_1_49_38_1_3A70000_0_0_0.png,ddswayamprabha33.png,93.5E,(42) 93.5E KU-band G-Sat 15/17,Missing
DD SWAYAM PRABHA 34,1_0_1_4A_38_1_3A70000_0_0_0.png,ddswayamprabha34.png,93.5E,(42) 93.5E KU-band G-Sat 15/17,Missing
DD SWAYAM PRABHA 35,1_0_1_4B_38_1_3A70000_0_0_0.png,ddswayamprabha35.png,93.5E,(42) 93.5E KU-band G-Sat 15/17,Missing
DD SWAYAM PRABHA 36,1_0_1_4C_38_1_3A70000_0_0_0.png,ddswayamprabha36.png,93.5E,(42) 93.5E KU-band G-Sat 15/17,Missing
DD SWAYAM PRABHA 37,1_0_1_4D_38_1_3A70000_0_0_0.png,ddswayamprabha37.png,93.5E,(42) 93.5E KU-band G-Sat 15/17,Missing
DD SWAYAM PRABHA 38,1_0_1_4E_38_1_3A70000_0_0_0.png,ddswayamprabha38.png,93.5E,(42) 93.5E KU-band G-Sat 15/17,Missing
DD SWAYAM PRABHA 39,1_0_1_4F_38_1_3A70000_0_0_0.png,ddswayamprabha39.png,93.5E,(42) 93.5E KU-band G-Sat 15/17,Missing
DD SWAYAM PRABHA 4,1_0_1_2C_38_1_3A70000_0_0_0.png,ddswayamprabha4.png,93.5E,(42) 93.5E KU-band G-Sat 15/17,Missing
DD SWAYAM PRABHA 40,1_0_1_50_38_1_3A70000_0_0_0.png,ddswayamprabha40.png,93.5E,(42) 93.5E KU-band G-Sat 15/17,Missing
DD SWAYAM PRABHA 5,1_0_1_2D_38_1_3A70000_0_0_0.png,ddswayamprabha5.png,93.5E,(42) 93.5E KU-band G-Sat 15/17,Missing
DD SWAYAM PRABHA 6,1_0_1_2E_38_1_3A70000_0_0_0.png,ddswayamprabha6.png,93.5E,(42) 93.5E KU-band G-Sat 15/17,Missing
DD SWAYAM PRABHA 7,1_0_1_2F_38_1_3A70000_0_0_0.png,ddswayamprabha7.png,93.5E,(42) 93.5E KU-band G-Sat 15/17,Missing
DD SWAYAM PRABHA 8,1_0_1_30_38_1_3A70000_0_0_0.png,ddswayamprabha8.png,93.5E,(42) 93.5E KU-band G-Sat 15/17,Missing
DD SWAYAM PRABHA 9,1_0_1_31_38_1_3A70000_0_0_0.png,ddswayamprabha9.png,93.5E,(42) 93.5E KU-band G-Sat 15/17,Missing
DD Sahyadri,1_0_1_807_2_63_3A70000_0_0_0.png,ddsahyadri.png,93.5E,(42) 93.5E KU-band G-Sat 15/17,Missing
DD Saptagiri,1_0_1_8A6_5_63_3A70000_0_0_0.png,ddsaptagiri.png,93.5E,(42) 93.5E KU-band G-Sat 15/17,Missing
DD TAMIL HD,1_0_19_92F_8_63_3A70000_0_0_0.png,ddtamilhd.png,93.5E,(42) 93.5E KU-band G-Sat 15/17,Missing
DD TRIPURA,1_0_1_8A1_5_63_3A70000_0_0_0.png,ddtripura.png,93.5E,(42) 93.5E KU-band G-Sat 15/17,Missing
DD Tamil,1_0_1_805_2_63_3A70000_0_0_0.png,ddtamil.png,93.5E,(42) 93.5E KU-band G-Sat 15/17,Missing
DD UP,1_0_1_89A_5_63_3A70000_0_0_0.png,ddup.png,93.5E,(42) 93.5E KU-band G-Sat 15/17,Missing
DD URDU,1_0_16_903_7_63_3A70000_0_0_0.png,ddurdu.png,93.5E,(42) 93.5E KU-band G-Sat 15/17,Missing
DD UTTARAKHAND,1_0_1_8A5_5_63_3A70000_0_0_0.png,dduttarakhand.png,93.5E,(42) 93.5E KU-band G-Sat 15/17,Missing
DD Urdu,1_0_1_8AC_5_63_3A70000_0_0_0.png,ddurdu.png,93.5E,(42) 93.5E KU-band G-Sat 15/17,Missing
DD VANDE Gujarat 1,1_0_1_1_21_1_3A70000_0_0_0.png,ddvandegujarat1.png,93.5E,(42) 93.5E KU-band G-Sat 15/17,Missing
DD VANDE Gujarat 10,1_0_1_A_21_1_3A70000_0_0_0.png,ddvandegujarat10.png,93.5E,(42) 93.5E KU-band G-Sat 15/17,Missing
DD VANDE Gujarat 11,1_0_1_B_21_1_3A70000_0_0_0.png,ddvandegujarat11.png,93.5E,(42) 93.5E KU-band G-Sat 15/17,Missing
DD VANDE Gujarat 12,1_0_1_C_21_1_3A70000_0_0_0.png,ddvandegujarat12.png,93.5E,(42) 93.5E KU-band G-Sat 15/17,Missing
DD VANDE Gujarat 13,1_0_1_D_21_1_3A70000_0_0_0.png,ddvandegujarat13.png,93.5E,(42) 93.5E KU-band G-Sat 15/17,Missing
DD VANDE Gujarat 14,1_0_1_E_21_1_3A70000_0_0_0.png,ddvandegujarat14.png,93.5E,(42) 93.5E KU-band G-Sat 15/17,Missing
DD VANDE Gujarat 15,1_0_1_F_21_1_3A70000_0_0_0.png,ddvandegujarat15.png,93.5E,(42) 93.5E KU-band G-Sat 15/17,Missing
DD VANDE Gujarat 16,1_0_1_10_21_1_3A70000_0_0_0.png,ddvandegujarat16.png,93.5E,(42) 93.5E KU-band G-Sat 15/17,Missing
DD VANDE Gujarat 2,1_0_1_2_21_1_3A70000_0_0_0.png,ddvandegujarat2.png,93.5E,(42) 93.5E KU-band G-Sat 15/17,Missing
DD VANDE Gujarat 3,1_0_1_3_21_1_3A70000_0_0_0.png,ddvandegujarat3.png,93.5E,(42) 93.5E KU-band G-Sat 15/17,Missing
DD VANDE Gujarat 4,1_0_1_4_21_1_3A70000_0_0_0.png,ddvandegujarat4.png,93.5E,(42) 93.5E KU-band G-Sat 15/17,Missing
DD VANDE Gujarat 5,1_0_1_5_21_1_3A70000_0_0_0.png,ddvandegujarat5.png,93.5E,(42) 93.5E KU-band G-Sat 15/17,Missing
DD VANDE Gujarat 6,1_0_1_6_21_1_3A70000_0_0_0.png,ddvandegujarat6.png,93.5E,(42) 93.5E KU-band G-Sat 15/17,Missing
DD VANDE Gujarat 7,1_0_1_7_21_1_3A70000_0_0_0.png,ddvandegujarat7.png,93.5E,(42) 93.5E KU-band G-Sat 15/17,Missing
DD VANDE Gujarat 8,1_0_1_8_21_1_3A70000_0_0_0.png,ddvandegujarat8.png,93.5E,(42) 93.5E KU-band G-Sat 15/17,Missing
DD VANDE Gujarat 9,1_0_1_9_21_1_3A70000_0_0_0.png,ddvandegujarat9.png,93.5E,(42) 93.5E KU-band G-Sat 15/17,Missing
DD Yadagiri,1_0_1_899_5_63_3A70000_0_0_0.png,ddyadagiri.png,93.5E,(42) 93.5E KU-band G-Sat 15/17,Missing
DIVYA- Free,1_0_16_8296_549_1_3A70000_0_0_0.png,divyafree.png,93.5E,(42) 93.5E KU-band G-Sat 15/17,Missing
Dangal 2,1_0_1_835_3_63_3A70000_0_0_0.png,dangal2.png,93.5E,(42) 93.5E KU-band G-Sat 15/17,Missing
ENTERR 10 BANGLA,1_0_16_93C_8_63_3A70000_0_0_0.png,enterr10bangla.png,93.5E,(42) 93.5E KU-band G-Sat 15/17,Missing
EPIC TV- Rs 5,1_0_16_8214_549_1_3A70000_0_0_0.png,epictvrs5.png,93.5E,(42) 93.5E KU-band G-Sat 15/17,Missing
ET NOW- Rs 2,1_0_16_8145_548_1_3A70000_0_0_0.png,etnowrs2.png,93.5E,(42) 93.5E KU-band G-Sat 15/17,Missing
ET Now Swadesh- Rs 1,1_0_16_9500_549_1_3A70000_0_0_0.png,etnowswadeshrs1.png,93.5E,(42) 93.5E KU-band G-Sat 15/17,Missing
ETV TELUGU- Rs 19,1_0_16_4F76_548_1_3A70000_0_0_0.png,etvtelugurs19.png,93.5E,(42) 93.5E KU-band G-Sat 15/17,Missing
FILAMCHI BHOJPURI,1_0_1_83E_3_63_3A70000_0_0_0.png,filamchibhojpuri.png,93.5E,(42) 93.5E KU-band G-Sat 15/17,Missing
FM Gold Delhi,1_0_2_B56_6_63_3A70000_0_0_0.png,fmgolddelhi.png,93.5E,(42) 93.5E KU-band G-Sat 15/17,Missing
FM Rainbow Delhi,1_0_2_B55_6_63_3A70000_0_0_0.png,fmrainbowdelhi.png,93.5E,(42) 93.5E KU-band G-Sat 15/17,Missing
Fakt Marathi,1_0_1_808_2_63_3A70000_0_0_0.png,faktmarathi.png,93.5E,(42) 93.5E KU-band G-Sat 15/17,Missing
GOLDMINES MOVIES,1_0_1_844_3_63_3A70000_0_0_0.png,goldminesmovies.png,93.5E,(42) 93.5E KU-band G-Sat 15/17,Missing
GOOD NEWS TODAY,1_0_1_7DD_1_63_3A70000_0_0_0.png,goodnewstoday.png,93.5E,(42) 93.5E KU-band G-Sat 15/17,Missing
GTC PUNJABI,1_0_1_878_4_63_3A70000_0_0_0.png,gtcpunjabi.png,93.5E,(42) 93.5E KU-band G-Sat 15/17,Missing
GUJARAT FIRST,1_0_16_942_8_63_3A70000_0_0_0.png,gujaratfirst.png,93.5E,(42) 93.5E KU-band G-Sat 15/17,Missing
Goldmines,1_0_1_811_2_63_3A70000_0_0_0.png,goldmines.png,93.5E,(42) 93.5E KU-band G-Sat 15/17,Missing
Goldmines Bollywood,1_0_1_814_2_63_3A70000_0_0_0.png,goldminesbollywood.png,93.5E,(42) 93.5E KU-band G-Sat 15/17,Missing
HOME CHANNEL 1,1_0_16_94DF_549_1_3A70000_0_0_0.png,homechannel1.png,93.5E,(42) 93.5E KU-band G-Sat 15/17,Missing
HOME CHANNEL 2,1_0_16_94D9_549_1_3A70000_0_0_0.png,homechannel2.png,93.5E,(42) 93.5E KU-band G-Sat 15/17,Missing
HOME HD,1_0_19_94D7_549_1_3A70000_0_0_0.png,homehd.png,93.5E,(42) 93.5E KU-band G-Sat 15/17,Missing
Hollywood Indie Act-Rs50,1_0_16_952F_549_1_3A70000_0_0_0.png,hollywoodindieactrs50.png,93.5E,(42) 93.5E KU-band G-Sat 15/17,Missing
Hungama- Rs 2,1_0_16_7D09_548_1_3A70000_0_0_0.png,hungamars2.png,93.5E,(42) 93.5E KU-band G-Sat 15/17,Missing
IBC 24- Free,1_0_16_955A_549_1_3A70000_0_0_0.png,ibc24free.png,93.5E,(42) 93.5E KU-band G-Sat 15/17,Missing
INDIA NEWS,1_0_1_86E_4_63_3A70000_0_0_0.png,indianews.png,93.5E,(42) 93.5E KU-band G-Sat 15/17,Missing
India Daily 24X7- Free,1_0_16_955D_549_1_3A70000_0_0_0.png,indiadaily24x7free.png,93.5E,(42) 93.5E KU-band G-Sat 15/17,Missing
India News Haryana-Free,1_0_16_8393_549_1_3A70000_0_0_0.png,indianewsharyanafree.png,93.5E,(42) 93.5E KU-band G-Sat 15/17,Missing
India TV,1_0_1_870_4_63_3A70000_0_0_0.png,indiatv.png,93.5E,(42) 93.5E KU-band G-Sat 15/17,Missing
Investigation Disc-Rs 1,1_0_16_81EB_548_1_3A70000_0_0_0.png,investigationdiscrs1.png,93.5E,(42) 93.5E KU-band G-Sat 15/17,Missing
Ishwar Bhakti- Free,1_0_16_83AD_549_1_3A70000_0_0_0.png,ishwarbhaktifree.png,93.5E,(42) 93.5E KU-band G-Sat 15/17,Missing
JAI MAHARASHTRA,1_0_16_8F2_6_63_3A70000_0_0_0.png,jaimaharashtra.png,93.5E,(42) 93.5E KU-band G-Sat 15/17,Missing
JINVANI- Free,1_0_16_82AB_549_1_3A70000_0_0_0.png,jinvanifree.png,93.5E,(42) 93.5E KU-band G-Sat 15/17,Missing
JONACK- Free,1_0_16_82B3_549_1_3A70000_0_0_0.png,jonackfree.png,93.5E,(42) 93.5E KU-band G-Sat 15/17,Missing
K News India,1_0_16_8F3_6_63_3A70000_0_0_0.png,knewsindia.png,93.5E,(42) 93.5E KU-band G-Sat 15/17,Missing
K News India-Free,1_0_16_968D_548_1_3A70000_0_0_0.png,knewsindiafree.png,93.5E,(42) 93.5E KU-band G-Sat 15/17,Missing
KAIRALI- Free,1_0_16_9609_548_1_3A70000_0_0_0.png,kairalifree.png,93.5E,(42) 93.5E KU-band G-Sat 15/17,Missing
KANAK NEWS,1_0_16_93E_8_63_3A70000_0_0_0.png,kanaknews.png,93.5E,(42) 93.5E KU-band G-Sat 15/17,Missing
KHUSHBOO BANGLA,1_0_16_93D_8_63_3A70000_0_0_0.png,khushboobangla.png,93.5E,(42) 93.5E KU-band G-Sat 15/17,Missing
KOLKATA TV,1_0_16_93A_8_63_3A70000_0_0_0.png,kolkatatv.png,93.5E,(42) 93.5E KU-band G-Sat 15/17,Missing
LIVE TIMES,1_0_16_8D0_6_63_3A70000_0_0_0.png,livetimes.png,93.5E,(42) 93.5E KU-band G-Sat 15/17,Missing
Live Times- Free,1_0_16_95A5_548_1_3A70000_0_0_0.png,livetimesfree.png,93.5E,(42) 93.5E KU-band G-Sat 15/17,Missing
Living India News-Free,1_0_16_968A_549_1_3A70000_0_0_0.png,livingindianewsfree.png,93.5E,(42) 93.5E KU-band G-Sat 15/17,Missing
Lokshahi- Free,1_0_16_8382_549_1_3A70000_0_0_0.png,lokshahifree.png,93.5E,(42) 93.5E KU-band G-Sat 15/17,Missing
MANORANJAN GRAND,1_0_1_803_2_63_3A70000_0_0_0.png,manoranjangrand.png,93.5E,(42) 93.5E KU-band G-Sat 15/17,Missing
MAZHAVIL MANORAMA,1_0_16_935_8_63_3A70000_0_0_0.png,mazhavilmanorama.png,93.5E,(42) 93.5E KU-band G-Sat 15/17,Missing
MH ONE,1_0_16_8D4_6_63_3A70000_0_0_0.png,mhone.png,93.5E,(42) 93.5E KU-band G-Sat 15/17,Missing
MH ONE DIL SE,1_0_16_8D6_6_63_3A70000_0_0_0.png,mhonedilse.png,93.5E,(42) 93.5E KU-band G-Sat 15/17,Missing
MH ONE NEWS,1_0_1_8D3_6_63_3A70000_0_0_0.png,mhonenews.png,93.5E,(42) 93.5E KU-band G-Sat 15/17,Missing
MIRROR NOW- Rs 0.10,1_0_16_82B8_548_1_3A70000_0_0_0.png,mirrornowrs010.png,93.5E,(42) 93.5E KU-band G-Sat 15/17,Missing
Manoranjan Movies,1_0_1_838_3_63_3A70000_0_0_0.png,manoranjanmovies.png,93.5E,(42) 93.5E KU-band G-Sat 15/17,Missing
Manoranjan TV,1_0_1_83B_3_63_3A70000_0_0_0.png,manoranjantv.png,93.5E,(42) 93.5E KU-band G-Sat 15/17,Missing
Mazhavil ManHD-Free,1_0_19_95D9_549_1_3A70000_0_0_0.png,mazhavilmanhdfree.png,93.5E,(42) 93.5E KU-band G-Sat 15/17,Missing
MoviePlex,1_0_1_875_4_63_3A70000_0_0_0.png,movieplex.png,93.5E,(42) 93.5E KU-band G-Sat 15/17,Missing
Music India- Free,1_0_16_8261_549_1_3A70000_0_0_0.png,musicindiafree.png,93.5E,(42) 93.5E KU-band G-Sat 15/17,Missing
NAZARA,1_0_1_7D5_1_63_3A70000_0_0_0.png,nazara.png,93.5E,(42) 93.5E KU-band G-Sat 15/17,Missing
NEPAL 1- Free,1_0_16_8277_549_1_3A70000_0_0_0.png,nepal1free.png,93.5E,(42) 93.5E KU-band G-Sat 15/17,Missing
NEWS STATE PB HR HP,1_0_16_943_8_63_3A70000_0_0_0.png,newsstatepbhrhp.png,93.5E,(42) 93.5E KU-band G-Sat 15/17,Missing
NFDC Cinemas-Rs 50,1_0_16_95C8_548_1_3A70000_0_0_0.png,nfdccinemasrs50.png,93.5E,(42) 93.5E KU-band G-Sat 15/17,Missing
NFDC MOD-Rs 25,1_0_16_95D6_548_1_3A70000_0_0_0.png,nfdcmodrs25.png,93.5E,(42) 93.5E KU-band G-Sat 15/17,Missing
Nat Geo Wild- Rs 2,1_0_16_8185_548_1_3A70000_0_0_0.png,natgeowildrs2.png,93.5E,(42) 93.5E KU-band G-Sat 15/17,Missing
National Geographic-Rs3,1_0_16_7D07_548_1_3A70000_0_0_0.png,nationalgeographicrs3.png,93.5E,(42) 93.5E KU-band G-Sat 15/17,Missing
News 24 Think First,1_0_1_7DE_1_63_3A70000_0_0_0.png,news24thinkfirst.png,93.5E,(42) 93.5E KU-band G-Sat 15/17,Missing
News Nation,1_0_1_871_4_63_3A70000_0_0_0.png,newsnation.png,93.5E,(42) 93.5E KU-band G-Sat 15/17,Missing
News18 Assam- Rs 0.10,1_0_16_82B1_549_1_3A70000_0_0_0.png,news18assamrs010.png,93.5E,(42) 93.5E KU-band G-Sat 15/17,Missing
News18 Bihar/Jh- Rs 0.10,1_0_16_8146_548_1_3A70000_0_0_0.png,news18biharjhrs010.png,93.5E,(42) 93.5E KU-band G-Sat 15/17,Missing
News18 Lokmat- Rs 0.10,1_0_16_8178_549_1_3A70000_0_0_0.png,news18lokmatrs010.png,93.5E,(42) 93.5E KU-band G-Sat 15/17,Missing
News18 Punjab-Rs0.10,1_0_16_82AD_549_1_3A70000_0_0_0.png,news18punjabrs010.png,93.5E,(42) 93.5E KU-band G-Sat 15/17,Missing
News18 UP/UK - Rs 0.10,1_0_16_95B5_548_1_3A70000_0_0_0.png,news18upukrs010.png,93.5E,(42) 93.5E KU-band G-Sat 15/17,Missing
North East Live,1_0_1_8CD_6_63_3A70000_0_0_0.png,northeastlive.png,93.5E,(42) 93.5E KU-band G-Sat 15/17,Missing
OSCAR MOVIES BHOJPURI,1_0_1_8E7_6_63_3A70000_0_0_0.png,oscarmoviesbhojpuri.png,93.5E,(42) 93.5E KU-band G-Sat 15/17,Missing
OTA V4003 N,1_0_81_402_549_1_3A70000_0_0_0.png,otav4003n.png,93.5E,(42) 93.5E KU-band G-Sat 15/17,Missing
OTA V4008 N,1_0_81_407_549_1_3A70000_0_0_0.png,otav4008n.png,93.5E,(42) 93.5E KU-band G-Sat 15/17,Missing
OTA V5004 HD,1_0_81_3FD_549_1_3A70000_0_0_0.png,otav5004hd.png,93.5E,(42) 93.5E KU-band G-Sat 15/17,Missing
OTA V5008 HD,1_0_81_40B_549_1_3A70000_0_0_0.png,otav5008hd.png,93.5E,(42) 93.5E KU-band G-Sat 15/17,Missing
OTA V7000 AHD,1_0_81_3F3_549_1_3A70000_0_0_0.png,otav7000ahd.png,93.5E,(42) 93.5E KU-band G-Sat 15/17,Missing
OTA V7000 HDW,1_0_81_3F8_549_1_3A70000_0_0_0.png,otav7000hdw.png,93.5E,(42) 93.5E KU-band G-Sat 15/17,Missing
PASAND,1_0_1_8E2_6_63_3A70000_0_0_0.png,pasand.png,93.5E,(42) 93.5E KU-band G-Sat 15/17,Missing
PRAG NEWS,1_0_1_8ED_6_63_3A70000_0_0_0.png,pragnews.png,93.5E,(42) 93.5E KU-band G-Sat 15/17,Missing
PUBLIC TV,1_0_16_934_8_63_3A70000_0_0_0.png,publictv.png,93.5E,(42) 93.5E KU-band G-Sat 15/17,Missing
Paras Gold One- Free,1_0_16_83D4_548_1_3A70000_0_0_0.png,parasgoldonefree.png,93.5E,(42) 93.5E KU-band G-Sat 15/17,Missing
Prameya News 7- Free,1_0_16_8231_549_1_3A70000_0_0_0.png,prameyanews7free.png,93.5E,(42) 93.5E KU-band G-Sat 15/17,Missing
Pravah Picture- Rs 6,1_0_16_9502_549_1_3A70000_0_0_0.png,pravahpicturers6.png,93.5E,(42) 93.5E KU-band G-Sat 15/17,Missing
R PLUS,1_0_16_93B_8_63_3A70000_0_0_0.png,rplus.png,93.5E,(42) 93.5E KU-band G-Sat 15/17,Missing
R PLUS GOLD,1_0_16_939_8_63_3A70000_0_0_0.png,rplusgold.png,93.5E,(42) 93.5E KU-band G-Sat 15/17,Missing
R. BANGLA,1_0_16_937_8_63_3A70000_0_0_0.png,rbangla.png,93.5E,(42) 93.5E KU-band G-Sat 15/17,Missing
RENGONI,1_0_16_8EE_6_63_3A70000_0_0_0.png,rengoni.png,93.5E,(42) 93.5E KU-band G-Sat 15/17,Missing
RajNewsKannada-Free,1_0_16_9661_549_1_3A70000_0_0_0.png,rajnewskannadafree.png,93.5E,(42) 93.5E KU-band G-Sat 15/17,Missing
RajNewsTelugu-Free,1_0_16_9663_548_1_3A70000_0_0_0.png,rajnewstelugufree.png,93.5E,(42) 93.5E KU-band G-Sat 15/17,Missing
Republic Bharat,1_0_1_873_4_63_3A70000_0_0_0.png,republicbharat.png,93.5E,(42) 93.5E KU-band G-Sat 15/17,Missing
Rupasi Bangla- Free,1_0_16_83B5_548_1_3A70000_0_0_0.png,rupasibanglafree.png,93.5E,(42) 93.5E KU-band G-Sat 15/17,Missing
SADHNA GOLD,1_0_1_86F_4_63_3A70000_0_0_0.png,sadhnagold.png,93.5E,(42) 93.5E KU-band G-Sat 15/17,Missing
SANDESH NEWS,1_0_16_8EF_6_63_3A70000_0_0_0.png,sandeshnews.png,93.5E,(42) 93.5E KU-band G-Sat 15/17,Missing
SANSAD TV,1_0_1_80A_2_63_3A70000_0_0_0.png,sansadtv.png,93.5E,(42) 93.5E KU-band G-Sat 15/17,Missing
SANSAD TV (RAJYA SABHA),1_0_1_80B_2_63_3A70000_0_0_0.png,sansadtvrajyasabha.png,93.5E,(42) 93.5E KU-band G-Sat 15/17,Missing
SANSAD TV 1 HD,1_0_19_90B_7_63_3A70000_0_0_0.png,sansadtv1hd.png,93.5E,(42) 93.5E KU-band G-Sat 15/17,Missing
SANSAD TV 2 HD,1_0_19_90C_7_63_3A70000_0_0_0.png,sansadtv2hd.png,93.5E,(42) 93.5E KU-band G-Sat 15/17,Missing
SATSANG,1_0_1_86B_4_63_3A70000_0_0_0.png,satsang.png,93.5E,(42) 93.5E KU-band G-Sat 15/17,Missing
SHEMAROO MARATHIBANA,1_0_1_876_4_63_3A70000_0_0_0.png,shemaroomarathibana.png,93.5E,(42) 93.5E KU-band G-Sat 15/17,Missing
SHEMAROO TV,1_0_1_80C_2_63_3A70000_0_0_0.png,shemarootv.png,93.5E,(42) 93.5E KU-band G-Sat 15/17,Missing
SKYAMA DAILY POST,1_0_16_8D5_6_63_3A70000_0_0_0.png,skyamadailypost.png,93.5E,(42) 93.5E KU-band G-Sat 15/17,Missing
SONY AATH- Rs 6,1_0_16_8160_549_1_3A70000_0_0_0.png,sonyaathrs6.png,93.5E,(42) 93.5E KU-band G-Sat 15/17,Missing
SONY PAL,1_0_1_837_3_63_3A70000_0_0_0.png,sonypal.png,93.5E,(42) 93.5E KU-band G-Sat 15/17,Missing
SONY PIX- Rs 10,1_0_16_7923_549_1_3A70000_0_0_0.png,sonypixrs10.png,93.5E,(42) 93.5E KU-band G-Sat 15/17,Missing
SONY YAY! -Rs 4,1_0_16_82B6_548_1_3A70000_0_0_0.png,sonyyayrs4.png,93.5E,(42) 93.5E KU-band G-Sat 15/17,Missing
STAR SPORTS 3- Rs 19,1_0_16_830B_548_1_3A70000_0_0_0.png,starsports3rs19.png,93.5E,(42) 93.5E KU-band G-Sat 15/17,Missing
STAR UTSAV MOVIES,1_0_1_804_2_63_3A70000_0_0_0.png,starutsavmovies.png,93.5E,(42) 93.5E KU-band G-Sat 15/17,Missing
SUN BANGLA- Free,1_0_16_830E_549_1_3A70000_0_0_0.png,sunbanglafree.png,93.5E,(42) 93.5E KU-band G-Sat 15/17,Missing
SUN Neo,1_0_1_810_2_63_3A70000_0_0_0.png,sunneo.png,93.5E,(42) 93.5E KU-band G-Sat 15/17,Missing
Shemaroo JOSH,1_0_1_845_3_63_3A70000_0_0_0.png,shemaroojosh.png,93.5E,(42) 93.5E KU-band G-Sat 15/17,Missing
Shemaroo Umang,1_0_1_7DF_1_63_3A70000_0_0_0.png,shemarooumang.png,93.5E,(42) 93.5E KU-band G-Sat 15/17,Missing
Showbox,1_0_1_7D7_1_63_3A70000_0_0_0.png,showbox.png,93.5E,(42) 93.5E KU-band G-Sat 15/17,Missing
Sony BBC earth-Rs3,1_0_16_82FD_548_1_3A70000_0_0_0.png,sonybbcearthrs3.png,93.5E,(42) 93.5E KU-band G-Sat 15/17,Missing
Sony Max 1- Rs 5,1_0_16_95C7_548_1_3A70000_0_0_0.png,sonymax1rs5.png,93.5E,(42) 93.5E KU-band G-Sat 15/17,Missing
Sony Wah,1_0_1_841_3_63_3A70000_0_0_0.png,sonywah.png,93.5E,(42) 93.5E KU-band G-Sat 15/17,Missing
Star Kiran- Rs 15,1_0_16_9504_549_1_3A70000_0_0_0.png,starkiranrs15.png,93.5E,(42) 93.5E KU-band G-Sat 15/17,Missing
Star Maa Movies- Rs 19,1_0_16_8176_548_1_3A70000_0_0_0.png,starmaamoviesrs19.png,93.5E,(42) 93.5E KU-band G-Sat 15/17,Missing
Star Maa- Rs 25,1_0_16_4F55_548_1_3A70000_0_0_0.png,starmaars25.png,93.5E,(42) 93.5E KU-band G-Sat 15/17,Missing
Star Sports2 Kan-Rs 19,1_0_16_836A_548_1_3A70000_0_0_0.png,starsports2kanrs19.png,93.5E,(42) 93.5E KU-band G-Sat 15/17,Missing
Star Sports2 Tel-Rs 19,1_0_16_9591_549_1_3A70000_0_0_0.png,starsports2telrs19.png,93.5E,(42) 93.5E KU-band G-Sat 15/17,Missing
StarSuvarnaHD-Rs25,1_0_19_95DA_549_1_3A70000_0_0_0.png,starsuvarnahdrs25.png,93.5E,(42) 93.5E KU-band G-Sat 15/17,Missing
StarSuvarnaPlus-Rs10,1_0_16_95FF_548_1_3A70000_0_0_0.png,starsuvarnaplusrs10.png,93.5E,(42) 93.5E KU-band G-Sat 15/17,Missing
Sudarshan News,1_0_1_8D2_6_63_3A70000_0_0_0.png,sudarshannews.png,93.5E,(42) 93.5E KU-band G-Sat 15/17,Missing
Sun Gemini Life-Rs 7,1_0_16_967E_549_1_3A70000_0_0_0.png,sungeminilifers7.png,93.5E,(42) 93.5E KU-band G-Sat 15/17,Missing
Sun Marathi,1_0_1_7D6_1_63_3A70000_0_0_0.png,sunmarathi.png,93.5E,(42) 93.5E KU-band G-Sat 15/17,Missing
Sun Surya Comedy- Rs5,1_0_16_9681_549_1_3A70000_0_0_0.png,sunsuryacomedyrs5.png,93.5E,(42) 93.5E KU-band G-Sat 15/17,Missing
TEST 717,1_0_16_90D_7_63_3A70000_0_0_0.png,test717.png,93.5E,(42) 93.5E KU-band G-Sat 15/17,Missing
THE Q,1_0_1_812_2_63_3A70000_0_0_0.png,theq.png,93.5E,(42) 93.5E KU-band G-Sat 15/17,Missing
TNP News,1_0_1_8CE_6_63_3A70000_0_0_0.png,tnpnews.png,93.5E,(42) 93.5E KU-band G-Sat 15/17,Missing
TV9 BANGLA,1_0_16_938_8_63_3A70000_0_0_0.png,tv9bangla.png,93.5E,(42) 93.5E KU-band G-Sat 15/17,Missing
TV9 Bharatvarsh,1_0_1_83C_3_63_3A70000_0_0_0.png,tv9bharatvarsh.png,93.5E,(42) 93.5E KU-band G-Sat 15/17,Missing
TV9 GUJARATI,1_0_1_8D7_6_63_3A70000_0_0_0.png,tv9gujarati.png,93.5E,(42) 93.5E KU-band G-Sat 15/17,Missing
TV9 KANNADA,1_0_16_933_8_63_3A70000_0_0_0.png,tv9kannada.png,93.5E,(42) 93.5E KU-band G-Sat 15/17,Missing
TV9 Kannada- Free,1_0_16_9666_548_1_3A70000_0_0_0.png,tv9kannadafree.png,93.5E,(42) 93.5E KU-band G-Sat 15/17,Missing
TV9 MARATHI,1_0_1_874_4_63_3A70000_0_0_0.png,tv9marathi.png,93.5E,(42) 93.5E KU-band G-Sat 15/17,Missing
TV9 TELUGU,1_0_1_8EA_6_63_3A70000_0_0_0.png,tv9telugu.png,93.5E,(42) 93.5E KU-band G-Sat 15/17,Missing
Tabbar Hits,1_0_16_8F0_6_63_3A70000_0_0_0.png,tabbarhits.png,93.5E,(42) 93.5E KU-band G-Sat 15/17,Missing
Tabbar Hits- Free,1_0_16_968E_549_1_3A70000_0_0_0.png,tabbarhitsfree.png,93.5E,(42) 93.5E KU-band G-Sat 15/17,Missing
Times Now Navbharat,1_0_1_86A_4_63_3A70000_0_0_0.png,timesnownavbharat.png,93.5E,(42) 93.5E KU-band G-Sat 15/17,Missing
UNIQUE TV,1_0_1_83F_3_63_3A70000_0_0_0.png,uniquetv.png,93.5E,(42) 93.5E KU-band G-Sat 15/17,Missing
VTV News,1_0_1_8E0_6_63_3A70000_0_0_0.png,vtvnews.png,93.5E,(42) 93.5E KU-band G-Sat 15/17,Missing
Vividh Bharati,1_0_2_AF5_1_63_3A70000_0_0_0.png,vividhbharati.png,93.5E,(42) 93.5E KU-band G-Sat 15/17,Missing
ZEE 24 KALAK,1_0_1_8D8_6_63_3A70000_0_0_0.png,zee24kalak.png,93.5E,(42) 93.5E KU-band G-Sat 15/17,Missing
ZEE ANMOL,1_0_1_7E2_1_63_3A70000_0_0_0.png,zeeanmol.png,93.5E,(42) 93.5E KU-band G-Sat 15/17,Missing
ZEE ANMOL CINEMA,1_0_1_840_3_63_3A70000_0_0_0.png,zeeanmolcinema.png,93.5E,(42) 93.5E KU-band G-Sat 15/17,Missing
ZEE ANMOL CINEMA 2,1_0_1_869_4_63_3A70000_0_0_0.png,zeeanmolcinema2.png,93.5E,(42) 93.5E KU-band G-Sat 15/17,Missing
ZEE Chitra Mandir,1_0_1_877_4_63_3A70000_0_0_0.png,zeechitramandir.png,93.5E,(42) 93.5E KU-band G-Sat 15/17,Missing
ZEE KANNADA- Rs 19,1_0_16_4FAE_548_1_3A70000_0_0_0.png,zeekannadars19.png,93.5E,(42) 93.5E KU-band G-Sat 15/17,Missing
ZEE NEWS - Free,1_0_16_95AC_549_1_3A70000_0_0_0.png,zeenewsfree.png,93.5E,(42) 93.5E KU-band G-Sat 15/17,Missing
ZEE Punjabi- Rs 10,1_0_16_95B0_548_1_3A70000_0_0_0.png,zeepunjabirs10.png,93.5E,(42) 93.5E KU-band G-Sat 15/17,Missing
ZEE TELUGU- Rs 19,1_0_16_578A_548_1_3A70000_0_0_0.png,zeetelugurs19.png,93.5E,(42) 93.5E KU-band G-Sat 15/17,Missing
ZEE Zest- Rs 1,1_0_16_8169_548_1_3A70000_0_0_0.png,zeezestrs1.png,93.5E,(42) 93.5E KU-band G-Sat 15/17,Missing
Zee Biskope,1_0_1_80F_2_63_3A70000_0_0_0.png,zeebiskope.png,93.5E,(42) 93.5E KU-band G-Sat 15/17,Missing
Zindagi Active- Rs 70.35,1_0_16_9501_549_1_3A70000_0_0_0.png,zindagiactivers7035.png,93.5E,(42) 93.5E KU-band G-Sat 15/17,Missing
Zing Recharge Reminder,1_0_16_95B6_548_1_3A70000_0_0_0.png,zingrechargereminder.png,93.5E,(42) 93.5E KU-band G-Sat 15/17,Missing
colors Guj Cinema-Rs3,1_0_16_8315_548_1_3A70000_0_0_0.png,colorsgujcinemars3.png,93.5E,(42) 93.5E KU-band G-Sat 15/17,Missing
colors INFINITY- Rs 10,1_0_16_821D_549_1_3A70000_0_0_0.png,colorsinfinityrs10.png,93.5E,(42) 93.5E KU-band G-Sat 15/17,Missing
hm tv-Free,1_0_16_964F_548_1_3A70000_0_0_0.png,hmtvfree.png,93.5E,(42) 93.5E KU-band G-Sat 15/17,Missing
manorama News- Free,1_0_16_9654_548_1_3A70000_0_0_0.png,manoramanewsfree.png,93.5E,(42) 93.5E KU-band G-Sat 15/17,Missing
AIR BANGLA,1_0_2_10_1_1_3A80F55_0_0_0.png,airbangla.png,93.6E,(123) 93.5E C-band G-Sat 15/17,Missing
AIR HINDI,1_0_2_E_1_1_3A80F55_0_0_0.png,airhindi.png,93.6E,(123) 93.5E C-band G-Sat 15/17,Missing
AIR PORT BLAIR,1_0_2_11_1_1_3A80F55_0_0_0.png,airportblair.png,93.6E,(123) 93.5E C-band G-Sat 15/17,Missing
AIR RAINBOW,1_0_2_D_1_1_3A80F55_0_0_0.png,airrainbow.png,93.6E,(123) 93.5E C-band G-Sat 15/17,Missing
AIR TAMIL,1_0_2_F_1_1_3A80F55_0_0_0.png,airtamil.png,93.6E,(123) 93.5E C-band G-Sat 15/17,Missing
AIR VBS,1_0_2_C_1_1_3A80F55_0_0_0.png,airvbs.png,93.6E,(123) 93.5E C-band G-Sat 15/17,Missing
AND PRIVE HD,1_0_1_7546_2C_1_3A80000_0_0_0.png,andprivehd.png,93.6E,(123) 93.5E C-band G-Sat 15/17,Missing
AND XPLORE HD,1_0_1_7549_2C_1_3A80000_0_0_0.png,andxplorehd.png,93.6E,(123) 93.5E C-band G-Sat 15/17,Missing
CNN International SD,1_0_1_214_1_1_3A88F37_0_0_0.png,cnninternationalsd.png,93.6E,(123) 93.5E C-band G-Sat 15/17,Missing
CPC DSNG,1_0_1_1_1_FFFF_3A80EA6_0_0_0.png,cpcdsng.png,93.6E,(123) 93.5E C-band G-Sat 15/17,Missing
Cartoon Network India HD,1_0_1_213_1_1_3A88F37_0_0_0.png,cartoonnetworkindiahd.png,93.6E,(123) 93.5E C-band G-Sat 15/17,Missing
Colors Marathi,1_0_1_89D_28_A4_3A80000_0_0_0.png,colorsmarathi.png,93.6E,(123) 93.5E C-band G-Sat 15/17,Missing
Colors Marathi HD,1_0_1_89E_28_A4_3A80000_0_0_0.png,colorsmarathihd.png,93.6E,(123) 93.5E C-band G-Sat 15/17,Missing
Colors Super,1_0_1_89F_28_A4_3A80000_0_0_0.png,colorssuper.png,93.6E,(123) 93.5E C-band G-Sat 15/17,Missing
DD BANGLA,1_0_0_7_1_0_3A80F6D_0_0_0.png,ddbangla.png,93.6E,(123) 93.5E C-band G-Sat 15/17,Missing
DD BANGLA,1_0_0_7_1_0_3A80F71_0_0_0.png,ddbangla.png,93.6E,(123) 93.5E C-band G-Sat 15/17,Missing
DD BANGLA,1_0_1_5_1_1_3A80F55_0_0_0.png,ddbangla.png,93.6E,(123) 93.5E C-band G-Sat 15/17,Missing
DD BHARATI,1_0_1_4_1_1_3A80F55_0_0_0.png,ddbharati.png,93.6E,(123) 93.5E C-band G-Sat 15/17,Missing
DD BIHAR,1_0_1_1_1_FFFF_3A80EF6_0_0_0.png,ddbihar.png,93.6E,(123) 93.5E C-band G-Sat 15/17,Missing
DD Girnar,1_0_0_33_0_0_3A80F75_0_0_0.png,ddgirnar.png,93.6E,(123) 93.5E C-band G-Sat 15/17,Missing
DD Girnar,1_0_0_33_0_0_3A80F79_0_0_0.png,ddgirnar.png,93.6E,(123) 93.5E C-band G-Sat 15/17,Missing
DD Goa,1_0_1_1_1_FFFF_3A80F14_0_0_0.png,ddgoa.png,93.6E,(123) 93.5E C-band G-Sat 15/17,Missing
DD INDIA,1_0_1_3_1_1_3A80F55_0_0_0.png,ddindia.png,93.6E,(123) 93.5E C-band G-Sat 15/17,Missing
DD JAMMU,1_0_1_1_1_1_3A80FD8_0_0_0.png,ddjammu.png,93.6E,(123) 93.5E C-band G-Sat 15/17,Missing
DD JAMMU,1_0_1_1_1_1_3A80FDC_0_0_0.png,ddjammu.png,93.6E,(123) 93.5E C-band G-Sat 15/17,Missing
DD KASHIR,1_0_1_1_1_FFFF_3A80F89_0_0_0.png,ddkashir.png,93.6E,(123) 93.5E C-band G-Sat 15/17,Missing
DD KERALA,1_0_1_9_1_1_3A80F55_0_0_0.png,ddkerala.png,93.6E,(123) 93.5E C-band G-Sat 15/17,Missing
DD Malayalam,1_0_0_1_0_1_3A80F94_0_0_0.png,ddmalayalam.png,93.6E,(123) 93.5E C-band G-Sat 15/17,Missing
DD NATIONAL,1_0_1_1_1_1_3A80F55_0_0_0.png,ddnational.png,93.6E,(123) 93.5E C-band G-Sat 15/17,Missing
DD NEWS,1_0_1_2_1_1_3A80F55_0_0_0.png,ddnews.png,93.6E,(123) 93.5E C-band G-Sat 15/17,Missing
DD ODIYA,1_0_1_6_1_1_3A80F7D_0_0_0.png,ddodiya.png,93.6E,(123) 93.5E C-band G-Sat 15/17,Missing
DD Odia HD,1_0_19_37_0_0_3A80F8D_0_0_0.png,ddodiahd.png,93.6E,(123) 93.5E C-band G-Sat 15/17,Missing
DD PORTBLAIR,1_0_1_8_1_1_3A80F55_0_0_0.png,ddportblair.png,93.6E,(123) 93.5E C-band G-Sat 15/17,Missing
DD PUDUCHERRY,1_0_16_33_0_0_3A80FCD_0_0_0.png,ddpuducherry.png,93.6E,(123) 93.5E C-band G-Sat 15/17,Missing
DD SAHYADRI,1_0_1_A_2_2_3A80000_0_0_0.png,ddsahyadri.png,93.6E,(123) 93.5E C-band G-Sat 15/17,Missing
DD SAPTAGIRI,1_0_1_1_1_FFFF_3A80FD4_0_0_0.png,ddsaptagiri.png,93.6E,(123) 93.5E C-band G-Sat 15/17,Missing
DD TAMIL,1_0_1_1_0_0_3A80FCD_0_0_0.png,ddtamil.png,93.6E,(123) 93.5E C-band G-Sat 15/17,Missing
DD TAMIL,1_0_1_6_1_1_3A80F55_0_0_0.png,ddtamil.png,93.6E,(123) 93.5E C-band G-Sat 15/17,Missing
DD TELANGANA,1_0_1_7_1_1_3A80F55_0_0_0.png,ddtelangana.png,93.6E,(123) 93.5E C-band G-Sat 15/17,Missing
DD URDU,1_0_1_A_1_1_3A80F55_0_0_0.png,ddurdu.png,93.6E,(123) 93.5E C-band G-Sat 15/17,Missing
DD-LUCKNOW FEED 181,1_0_1_2_71A_1_3A80000_0_0_0.png,ddlucknowfeed181.png,93.6E,(123) 93.5E C-band G-Sat 15/17,Missing
DD-Lucknow:18,1_0_0_1_71A_1_3A80000_0_0_0.png,ddlucknow18.png,93.6E,(123) 93.5E C-band G-Sat 15/17,Missing
DDK AIZAWL,1_0_1_2_1_1111_3A80000_0_0_0.png,ddkaizawl.png,93.6E,(123) 93.5E C-band G-Sat 15/17,Missing
DDK ITANAGAR,1_0_1_1_1_FFFF_3A80E96_0_0_0.png,ddkitanagar.png,93.6E,(123) 93.5E C-band G-Sat 15/17,Missing
DDK KOHIMA,1_0_1_1_1_FFFF_3A80E9C_0_0_0.png,ddkkohima.png,93.6E,(123) 93.5E C-band G-Sat 15/17,Missing
DDK- BHOPAL,1_0_0_11_1_AB_3A80000_0_0_0.png,ddkbhopal.png,93.6E,(123) 93.5E C-band G-Sat 15/17,Missing
DDK-Portblair Ser.1,1_0_1_1_1_FFFF_3A8102C_0_0_0.png,ddkportblairser1.png,93.6E,(123) 93.5E C-band G-Sat 15/17,Missing
DDMEGHALAYA,1_0_1_1_1_1111_3A80000_0_0_0.png,ddmeghalaya.png,93.6E,(123) 93.5E C-band G-Sat 15/17,Missing
Disney INT HD,1_0_1_8A0_28_A4_3A80000_0_0_0.png,disneyinthd.png,93.6E,(123) 93.5E C-band G-Sat 15/17,Missing
ETV BAL ABHARAT-HINDI,1_0_1_3_1_1_33F0FA5_0_0_0.png,etvbalabharathindi.png,93.6E,(123) 93.5E C-band G-Sat 15/17,Missing
ETV BAL BHARAT-ENGLISH,1_0_1_2_1_1_33F0FA5_0_0_0.png,etvbalbharatenglish.png,93.6E,(123) 93.5E C-band G-Sat 15/17,Missing
ETV BALABHARAT HD,1_0_1_15_1_1_33F0FA5_0_0_0.png,etvbalabharathd.png,93.6E,(123) 93.5E C-band G-Sat 15/17,Missing
ETV BALABHARAT SD,1_0_1_18_1_1_33F0FA5_0_0_0.png,etvbalabharatsd.png,93.6E,(123) 93.5E C-band G-Sat 15/17,Missing
ETV Cinema HD,1_0_1_12_1_1_33F0FA5_0_0_0.png,etvcinemahd.png,93.6E,(123) 93.5E C-band G-Sat 15/17,Missing
ETV HD,1_0_1_14_1_1_33F0FA5_0_0_0.png,etvhd.png,93.6E,(123) 93.5E C-band G-Sat 15/17,Missing
ETV Plus HD,1_0_1_13_1_1_33F0FA5_0_0_0.png,etvplushd.png,93.6E,(123) 93.5E C-band G-Sat 15/17,Missing
ETV-ABHIRUCHI,1_0_1_11_1_1_33F0FA5_0_0_0.png,etvabhiruchi.png,93.6E,(123) 93.5E C-band G-Sat 15/17,Missing
ETV-AP,1_0_1_8_1_1_33F0FA5_0_0_0.png,etvap.png,93.6E,(123) 93.5E C-band G-Sat 15/17,Missing
ETV-CINEMA,1_0_1_E_1_1_33F0FA5_0_0_0.png,etvcinema.png,93.6E,(123) 93.5E C-band G-Sat 15/17,Missing
ETV-LIFE,1_0_1_10_1_1_33F0FA5_0_0_0.png,etvlife.png,93.6E,(123) 93.5E C-band G-Sat 15/17,Missing
ETV-TELUGU,1_0_1_1_1_1_33F0FA5_0_0_0.png,etvtelugu.png,93.6E,(123) 93.5E C-band G-Sat 15/17,Missing
ETV-TG,1_0_1_D_1_1_33F0FA5_0_0_0.png,etvtg.png,93.6E,(123) 93.5E C-band G-Sat 15/17,Missing
Eurosport-SD,1_0_1_191_1_1_3A88F37_0_0_0.png,eurosportsd.png,93.6E,(123) 93.5E C-band G-Sat 15/17,Missing
FEED DD TRIPURA,1_0_1_1_1_FFFF_3A80E90_0_0_0.png,feedddtripura.png,93.6E,(123) 93.5E C-band G-Sat 15/17,Missing
Hungama,1_0_1_89C_28_A4_3A80000_0_0_0.png,hungama.png,93.6E,(123) 93.5E C-band G-Sat 15/17,Missing
Jalsha Movies,1_0_1_89B_28_A4_3A80000_0_0_0.png,jalshamovies.png,93.6E,(123) 93.5E C-band G-Sat 15/17,Missing
Sports 18 2 HD,1_0_1_8A5_28_A4_3A80000_0_0_0.png,sports182hd.png,93.6E,(123) 93.5E C-band G-Sat 15/17,Missing
Sports 18 Hindi HD,1_0_1_8A7_28_A4_3A80000_0_0_0.png,sports18hindihd.png,93.6E,(123) 93.5E C-band G-Sat 15/17,Missing
Sports 18 Hindi SD,1_0_1_8A6_28_A4_3A80000_0_0_0.png,sports18hindisd.png,93.6E,(123) 93.5E C-band G-Sat 15/17,Missing
Star Jalsha Movies HD,1_0_1_899_28_A4_3A80000_0_0_0.png,starjalshamovieshd.png,93.6E,(123) 93.5E C-band G-Sat 15/17,Missing
Super Hungama,1_0_1_89A_28_A4_3A80000_0_0_0.png,superhungama.png,93.6E,(123) 93.5E C-band G-Sat 15/17,Missing
YADAGIRI,1_0_1_1_1_FFFF_3A80F99_0_0_0.png,yadagiri.png,93.6E,(123) 93.5E C-band G-Sat 15/17,Missing
ZEE CAFE HD,1_0_1_7548_2C_1_3A80000_0_0_0.png,zeecafehd.png,93.6E,(123) 93.5E C-band G-Sat 15/17,Missing
ZEE CINEMALU HD,1_0_1_754E_2C_1_3A80000_0_0_0.png,zeecinemaluhd.png,93.6E,(123) 93.5E C-band G-Sat 15/17,Missing
ZEE KANNADA HD,1_0_1_754F_2C_1_3A80000_0_0_0.png,zeekannadahd.png,93.6E,(123) 93.5E C-band G-Sat 15/17,Missing
ZEE KERALAM HD,1_0_1_7547_2C_1_3A80000_0_0_0.png,zeekeralamhd.png,93.6E,(123) 93.5E C-band G-Sat 15/17,Missing
ZEE MARATHI HD,1_0_1_754D_2C_1_3A80000_0_0_0.png,zeemarathihd.png,93.6E,(123) 93.5E C-band G-Sat 15/17,Missing
ZEE POWER HD,1_0_1_754A_2C_1_3A80000_0_0_0.png,zeepowerhd.png,93.6E,(123) 93.5E C-band G-Sat 15/17,Missing
ZEE TALKIES HD,1_0_1_754B_2C_1_3A80000_0_0_0.png,zeetalkieshd.png,93.6E,(123) 93.5E C-band G-Sat 15/17,Missing
ZEE TAMIL HD,1_0_1_754C_2C_1_3A80000_0_0_0.png,zeetamilhd.png,93.6E,(123) 93.5E C-band G-Sat 15/17,Missing
ZEE THIRAI HD,1_0_1_7545_2C_1_3A80000_0_0_0.png,zeethiraihd.png,93.6E,(123) 93.5E C-band G-Sat 15/17,Missing
ADMS_ADD,1_0_81_686_2BC_1_3B60000_0_0_0.png,admsadd.png,95.0E,(43) 95.0E KU-band SES 8 / SES 12,Missing
DD MP - Free,1_0_16_956B_2BC_1_3B60000_0_0_0.png,ddmpfree.png,95.0E,(43) 95.0E KU-band SES 8 / SES 12,Missing
DEFAULT PLATE,1_0_81_814E_2BC_1_3B60000_0_0_0.png,defaultplate.png,95.0E,(43) 95.0E KU-band SES 8 / SES 12,Missing
DFmessaging,1_0_81_F2_2BC_1_3B60000_0_0_0.png,dfmessaging.png,95.0E,(43) 95.0E KU-band SES 8 / SES 12,Missing
DISH BUZZ,1_0_1_8399_2BC_1_3B60000_0_0_0.png,dishbuzz.png,95.0E,(43) 95.0E KU-band SES 8 / SES 12,Missing
DISH BUZZ,1_0_1_839A_2BC_1_3B60000_0_0_0.png,dishbuzz.png,95.0E,(43) 95.0E KU-band SES 8 / SES 12,Missing
DISH BUZZ,1_0_1_57EC_2BC_1_3B60000_0_0_0.png,dishbuzz.png,95.0E,(43) 95.0E KU-band SES 8 / SES 12,Missing
EFDish Information,1_0_81_F4_2BC_1_3B60000_0_0_0.png,efdishinformation.png,95.0E,(43) 95.0E KU-band SES 8 / SES 12,Missing
EURO,1_0_81_E6_2BC_1_3B60000_0_0_0.png,euro.png,95.0E,(43) 95.0E KU-band SES 8 / SES 12,Missing
FF HELP,1_0_81_EA_2BC_1_3B60000_0_0_0.png,ffhelp.png,95.0E,(43) 95.0E KU-band SES 8 / SES 12,Missing
FTA BLOCK,1_0_81_FC_2BC_1_3B60000_0_0_0.png,ftablock.png,95.0E,(43) 95.0E KU-band SES 8 / SES 12,Missing
FTA BLOCK AUDIO,1_0_81_FD_2BC_1_3B60000_0_0_0.png,ftablockaudio.png,95.0E,(43) 95.0E KU-band SES 8 / SES 12,Missing
HD PVR_Rel3_EPG V309,1_0_81_138_2BC_1_3B60000_0_0_0.png,hdpvrrel3epgv309.png,95.0E,(43) 95.0E KU-band SES 8 / SES 12,Missing
HD UI EPG_V623,1_0_81_D1_2BC_1_3B60000_0_0_0.png,hduiepgv623.png,95.0E,(43) 95.0E KU-band SES 8 / SES 12,Missing
MINIKIDS,1_0_81_F5_2BC_1_3B60000_0_0_0.png,minikids.png,95.0E,(43) 95.0E KU-band SES 8 / SES 12,Missing
OTA (CD1004is),1_0_81_E1_2BC_1_3B60000_0_0_0.png,otacd1004is.png,95.0E,(43) 95.0E KU-band SES 8 / SES 12,Missing
OTA (D7000),1_0_81_E7_2BC_1_3B60000_0_0_0.png,otad7000.png,95.0E,(43) 95.0E KU-band SES 8 / SES 12,Missing
OTA 5S-6S,1_0_81_CC_2BC_1_3B60000_0_0_0.png,ota5s6s.png,95.0E,(43) 95.0E KU-band SES 8 / SES 12,Missing
OTA CD-1002S-5S,1_0_81_EF_2BC_1_3B60000_0_0_0.png,otacd1002s5s.png,95.0E,(43) 95.0E KU-band SES 8 / SES 12,Missing
OTA DZ6700 HD,1_0_81_105_2BC_1_3B60000_0_0_0.png,otadz6700hd.png,95.0E,(43) 95.0E KU-band SES 8 / SES 12,Missing
OTA UNIFIED D5009HD HTL,1_0_81_10A_2BC_1_3B60000_0_0_0.png,otaunifiedd5009hdhtl.png,95.0E,(43) 95.0E KU-band SES 8 / SES 12,Missing
OTA UNIFIED D5510 HD,1_0_81_514_2BC_1_3B60000_0_0_0.png,otaunifiedd5510hd.png,95.0E,(43) 95.0E KU-band SES 8 / SES 12,Missing
OTA UNIFIED D5710 HD,1_0_81_FE_2BC_1_3B60000_0_0_0.png,otaunifiedd5710hd.png,95.0E,(43) 95.0E KU-band SES 8 / SES 12,Missing
OTA UNIFIED D5810 HD,1_0_81_103_2BC_1_3B60000_0_0_0.png,otaunifiedd5810hd.png,95.0E,(43) 95.0E KU-band SES 8 / SES 12,Missing
OTA UNIFIED D6500 HD,1_0_81_106_2BC_1_3B60000_0_0_0.png,otaunifiedd6500hd.png,95.0E,(43) 95.0E KU-band SES 8 / SES 12,Missing
OTA UNIFIED V5009HD HTL,1_0_81_109_2BC_1_3B60000_0_0_0.png,otaunifiedv5009hdhtl.png,95.0E,(43) 95.0E KU-band SES 8 / SES 12,Missing
OTA UNIFIED V5510 HD,1_0_81_517_2BC_1_3B60000_0_0_0.png,otaunifiedv5510hd.png,95.0E,(43) 95.0E KU-band SES 8 / SES 12,Missing
OTA UNIFIED V5710 HD,1_0_81_FF_2BC_1_3B60000_0_0_0.png,otaunifiedv5710hd.png,95.0E,(43) 95.0E KU-band SES 8 / SES 12,Missing
OTA UNIFIED V5810 HD,1_0_81_104_2BC_1_3B60000_0_0_0.png,otaunifiedv5810hd.png,95.0E,(43) 95.0E KU-band SES 8 / SES 12,Missing
OTA UNIFIED V6500 HD,1_0_81_107_2BC_1_3B60000_0_0_0.png,otaunifiedv6500hd.png,95.0E,(43) 95.0E KU-band SES 8 / SES 12,Missing
OTA ZING DZ3500 HD,1_0_81_101_2BC_1_3B60000_0_0_0.png,otazingdz3500hd.png,95.0E,(43) 95.0E KU-band SES 8 / SES 12,Missing
OTA(CD1004S),1_0_81_CB_2BC_1_3B60000_0_0_0.png,otacd1004s.png,95.0E,(43) 95.0E KU-band SES 8 / SES 12,Missing
RECHARGE REMINDER,1_0_1_830F_2BC_1_3B60000_0_0_0.png,rechargereminder.png,95.0E,(43) 95.0E KU-band SES 8 / SES 12,Missing
SD PVR_Rel3_EPG V310,1_0_81_108_2BC_1_3B60000_0_0_0.png,sdpvrrel3epgv310.png,95.0E,(43) 95.0E KU-band SES 8 / SES 12,Missing
SD_EPG_CD1004is_v526,1_0_81_EE_2BC_1_3B60000_0_0_0.png,sdepgcd1004isv526.png,95.0E,(43) 95.0E KU-band SES 8 / SES 12,Missing
SD_EPG_PVR_V623,1_0_81_D0_2BC_1_3B60000_0_0_0.png,sdepgpvrv623.png,95.0E,(43) 95.0E KU-band SES 8 / SES 12,Missing
SD_Zapper_Rel2_EPG V278,1_0_81_137_2BC_1_3B60000_0_0_0.png,sdzapperrel2epgv278.png,95.0E,(43) 95.0E KU-band SES 8 / SES 12,Missing
ZERO DAY FS,1_0_81_81F8_2BC_1_3B60000_0_0_0.png,zerodayfs.png,95.0E,(43) 95.0E KU-band SES 8 / SES 12,Missing
ZING HOME,1_0_1_8218_2BC_1_3B60000_0_0_0.png,zinghome.png,95.0E,(43) 95.0E KU-band SES 8 / SES 12,Missing
ZING_ADMS_ADD,1_0_81_102_2BC_1_3B60000_0_0_0.png,zingadmsadd.png,95.0E,(43) 95.0E KU-band SES 8 / SES 12,Missing
ZING_SVL,1_0_81_C9_2BC_1_3B60000_0_0_0.png,zingsvl.png,95.0E,(43) 95.0E KU-band SES 8 / SES 12,Missing
Madani Tv-Ku,1_0_1_101_E0_1_3ED0000_0_0_0.png,madanitvku.png,100.5E,(45) 100.5E KU-band AsiaSat 5,Missing
3992H SID 0x01,1_0_1_1_32_0_3EE0F98_0_0_0.png,3992hsid0x01.png,100.6E,(126) 100.5E C-band AsiaSat 5,Missing
BBC Afghan,1_0_2_3677_13C_1_3EE0000_0_0_0.png,bbcafghan.png,100.6E,(126) 100.5E C-band AsiaSat 5,Missing
BBC Afghan (P),1_0_2_3679_13C_1_3EE0000_0_0_0.png,bbcafghanp.png,100.6E,(126) 100.5E C-band AsiaSat 5,Missing
BBC Asia Feed 1,1_0_2_3699_13C_1_3EE0000_0_0_0.png,bbcasiafeed1.png,100.6E,(126) 100.5E C-band AsiaSat 5,Missing
BBC Asia Feed 2,1_0_2_369A_13C_1_3EE0000_0_0_0.png,bbcasiafeed2.png,100.6E,(126) 100.5E C-band AsiaSat 5,Missing
BBC Asia Feed 3,1_0_2_369B_13C_1_3EE0000_0_0_0.png,bbcasiafeed3.png,100.6E,(126) 100.5E C-band AsiaSat 5,Missing
BBC Asia Feed 4,1_0_2_369C_13C_1_3EE0000_0_0_0.png,bbcasiafeed4.png,100.6E,(126) 100.5E C-band AsiaSat 5,Missing
BBC Asia Feed 5,1_0_2_369D_13C_1_3EE0000_0_0_0.png,bbcasiafeed5.png,100.6E,(126) 100.5E C-band AsiaSat 5,Missing
BBC Asia Feed 6,1_0_2_369E_13C_1_3EE0000_0_0_0.png,bbcasiafeed6.png,100.6E,(126) 100.5E C-band AsiaSat 5,Missing
BBC Asia Feed 7,1_0_2_36AF_13C_1_3EE0000_0_0_0.png,bbcasiafeed7.png,100.6E,(126) 100.5E C-band AsiaSat 5,Missing
BBC Burmese,1_0_2_3666_13C_1_3EE0000_0_0_0.png,bbcburmese.png,100.6E,(126) 100.5E C-band AsiaSat 5,Missing
BBC Dari,1_0_2_3668_13C_1_3EE0000_0_0_0.png,bbcdari.png,100.6E,(126) 100.5E C-band AsiaSat 5,Missing
BBC English (E Af.),1_0_2_364D_13C_1_3EE0000_0_0_0.png,bbcenglisheaf.png,100.6E,(126) 100.5E C-band AsiaSat 5,Missing
BBC English (E Asia),1_0_2_3650_13C_1_3EE0000_0_0_0.png,bbcenglisheasia.png,100.6E,(126) 100.5E C-band AsiaSat 5,Missing
BBC English (Europe),1_0_2_3653_13C_1_3EE0000_0_0_0.png,bbcenglisheurope.png,100.6E,(126) 100.5E C-band AsiaSat 5,Missing
BBC English (S Asia),1_0_2_3651_13C_1_3EE0000_0_0_0.png,bbcenglishsasia.png,100.6E,(126) 100.5E C-band AsiaSat 5,Missing
BBC English Mid-East,1_0_2_3654_13C_1_3EE0000_0_0_0.png,bbcenglishmideast.png,100.6E,(126) 100.5E C-band AsiaSat 5,Missing
BBC English News,1_0_2_3656_13C_1_3EE0000_0_0_0.png,bbcenglishnews.png,100.6E,(126) 100.5E C-band AsiaSat 5,Missing
BBC French (Africa),1_0_2_366A_13C_1_3EE0000_0_0_0.png,bbcfrenchafrica.png,100.6E,(126) 100.5E C-band AsiaSat 5,Missing
BBC Gahuza,1_0_2_366B_13C_1_3EE0000_0_0_0.png,bbcgahuza.png,100.6E,(126) 100.5E C-band AsiaSat 5,Missing
BBC Nepali,1_0_2_3675_13C_1_3EE0000_0_0_0.png,bbcnepali.png,100.6E,(126) 100.5E C-band AsiaSat 5,Missing
BBC Pashto,1_0_2_3676_13C_1_3EE0000_0_0_0.png,bbcpashto.png,100.6E,(126) 100.5E C-band AsiaSat 5,Missing
BBC Somali,1_0_2_3683_13C_1_3EE0000_0_0_0.png,bbcsomali.png,100.6E,(126) 100.5E C-band AsiaSat 5,Missing
BBC Uzbek,1_0_2_3690_13C_1_3EE0000_0_0_0.png,bbcuzbek.png,100.6E,(126) 100.5E C-band AsiaSat 5,Missing
CNBRTV-001M,1_0_1_1_1_FFFF_3EE0EE0_0_0_0.png,cnbrtv001m.png,100.6E,(126) 100.5E C-band AsiaSat 5,Missing
CSL,1_0_1_26_8_FFFF_3EE0F00_0_0_0.png,csl.png,100.6E,(126) 100.5E C-band AsiaSat 5,Missing
Ekhbariya TV,1_0_1_50_1_1_3EE0FF0_0_0_0.png,ekhbariyatv.png,100.6E,(126) 100.5E C-band AsiaSat 5,Missing
European Program,1_0_2_60_1_1_3EE0FF0_0_0_0.png,europeanprogram.png,100.6E,(126) 100.5E C-band AsiaSat 5,Missing
FM100,1_0_2_5C_1_1_3EE0FF0_0_0_0.png,fm100.png,100.6E,(126) 100.5E C-band AsiaSat 5,Missing
GEBA TV,1_0_1_130_1_1_3EE0FF0_0_0_0.png,gebatv.png,100.6E,(126) 100.5E C-band AsiaSat 5,Missing
Kuwait Radio 1,1_0_2_5D_1_1_3EE0FF0_0_0_0.png,kuwaitradio1.png,100.6E,(126) 100.5E C-band AsiaSat 5,Missing
Kuwait Radio 2,1_0_2_5E_1_1_3EE0FF0_0_0_0.png,kuwaitradio2.png,100.6E,(126) 100.5E C-band AsiaSat 5,Missing
Kuwait TV,1_0_1_51_1_1_3EE0FF0_0_0_0.png,kuwaittv.png,100.6E,(126) 100.5E C-band AsiaSat 5,Missing
LK ENC 09,1_0_19_B_0_0_3EE8F14_0_0_0.png,lkenc09.png,100.6E,(126) 100.5E C-band AsiaSat 5,Missing
OCC 1,1_0_1_2F_8_FFFF_3EE0F00_0_0_0.png,occ1.png,100.6E,(126) 100.5E C-band AsiaSat 5,Missing
OCC 2,1_0_1_30_8_FFFF_3EE0F00_0_0_0.png,occ2.png,100.6E,(126) 100.5E C-band AsiaSat 5,Missing
OCC 3,1_0_1_31_8_FFFF_3EE0F00_0_0_0.png,occ3.png,100.6E,(126) 100.5E C-band AsiaSat 5,Missing
OCC 4,1_0_1_32_8_FFFF_3EE0F00_0_0_0.png,occ4.png,100.6E,(126) 100.5E C-band AsiaSat 5,Missing
OVERON 4,1_0_1_2E_8_FFFF_3EE0F00_0_0_0.png,overon4.png,100.6E,(126) 100.5E C-band AsiaSat 5,Missing
Oman Holy Quran,1_0_2_6_1_1_3EE0FF0_0_0_0.png,omanholyquran.png,100.6E,(126) 100.5E C-band AsiaSat 5,Missing
PLCS EUAS GV,1_0_1F_2_0_0_3EE8F14_0_0_0.png,plcseuasgv.png,100.6E,(126) 100.5E C-band AsiaSat 5,Missing
Program One,1_0_2_57_1_1_3EE0FF0_0_0_0.png,programone.png,100.6E,(126) 100.5E C-band AsiaSat 5,Missing
RDPi,1_0_2_56_0_0_3EE8F14_0_0_0.png,rdpi.png,100.6E,(126) 100.5E C-band AsiaSat 5,Missing
RTP_ASIA,1_0_16_4C_0_0_3EE8F14_0_0_0.png,rtpasia.png,100.6E,(126) 100.5E C-band AsiaSat 5,Missing
Radio Oman,1_0_2_7_1_1_3EE0FF0_0_0_0.png,radiooman.png,100.6E,(126) 100.5E C-band AsiaSat 5,Missing
Radio Quran,1_0_2_58_1_1_3EE0FF0_0_0_0.png,radioquran.png,100.6E,(126) 100.5E C-band AsiaSat 5,Missing
Radio Umdurman Holy Quran,1_0_2_5B_1_1_3EE0FF0_0_0_0.png,radioumdurmanholyquran.png,100.6E,(126) 100.5E C-band AsiaSat 5,Missing
Rai Italia Asia,1_0_16_4_0_0_3EE8F14_0_0_0.png,raiitaliaasia.png,100.6E,(126) 100.5E C-band AsiaSat 5,Missing
Saudi Radio 2,1_0_2_5F_1_1_3EE0FF0_0_0_0.png,saudiradio2.png,100.6E,(126) 100.5E C-band AsiaSat 5,Missing
Saudi TV1 HD,1_0_19_4_1_1_3EE0FF0_0_0_0.png,sauditv1hd.png,100.6E,(126) 100.5E C-band AsiaSat 5,Missing
Sharjah FM,1_0_2_59_1_1_3EE0FF0_0_0_0.png,sharjahfm.png,100.6E,(126) 100.5E C-band AsiaSat 5,Missing
TDM Macau Satellite,1_0_1_1_1_FFFF_3EE0EE8_0_0_0.png,tdmmacausatellite.png,100.6E,(126) 100.5E C-band AsiaSat 5,Missing
TDM Ou Mun,1_0_1_2_1_FFFF_3EE0EE8_0_0_0.png,tdmoumun.png,100.6E,(126) 100.5E C-band AsiaSat 5,Missing
Umdurman Radio (Sudan Radio),1_0_2_5A_1_1_3EE0FF0_0_0_0.png,umdurmanradiosudanradio.png,100.6E,(126) 100.5E C-band AsiaSat 5,Missing
47 NEWS HD,1_0_1_48_9_FFFF_41F0F28_0_0_0.png,47newshd.png,105.5E,(128) 105.4E C-band AsiaSat 7/8,Missing
Barkat TV,1_0_1_3A_9_FFFF_41F0F28_0_0_0.png,barkattv.png,105.5E,(128) 105.4E C-band AsiaSat 7/8,Missing
Bloomberg Original,1_0_19_12_A_FFFF_3EE0FC8_0_0_0.png,bloombergoriginal.png,105.5E,(128) 105.4E C-band AsiaSat 7/8,Missing
CNAI HD 1080i 25,1_0_1_1_1_1_41F0E96_0_0_0.png,cnaihd1080i25.png,105.5E,(128) 105.4E C-band AsiaSat 7/8,Missing
CNNI Asia SD,1_0_1F_63_9_FFFF_41F0F28_0_0_0.png,cnniasiasd.png,105.5E,(128) 105.4E C-band AsiaSat 7/8,Missing
Cartoon Network Pakistan,1_0_16_62_9_FFFF_41F0F28_0_0_0.png,cartoonnetworkpakistan.png,105.5E,(128) 105.4E C-band AsiaSat 7/8,Missing
Euronews Asia,1_0_1_1F_A_FFFF_3EE0FC8_0_0_0.png,euronewsasia.png,105.5E,(128) 105.4E C-band AsiaSat 7/8,Missing
Gawahi TV,1_0_1_39_9_FFFF_41F0F28_0_0_0.png,gawahitv.png,105.5E,(128) 105.4E C-band AsiaSat 7/8,Missing
Grace Network,1_0_1_5B_9_FFFF_41F0F28_0_0_0.png,gracenetwork.png,105.5E,(128) 105.4E C-band AsiaSat 7/8,Missing
HD Phx Chinese Channel,1_0_1_2_5_1_41F0000_0_0_0.png,hdphxchinesechannel.png,105.5E,(128) 105.4E C-band AsiaSat 7/8,Missing
HD Phx HK Channel,1_0_1_3_5_1_41F0000_0_0_0.png,hdphxhkchannel.png,105.5E,(128) 105.4E C-band AsiaSat 7/8,Missing
HD Phx InfoNews Channel,1_0_1_1_5_1_41F0000_0_0_0.png,hdphxinfonewschannel.png,105.5E,(128) 105.4E C-band AsiaSat 7/8,Missing
HK TV,1_0_1_4D_9_FFFF_41F0F28_0_0_0.png,hktv.png,105.5E,(128) 105.4E C-band AsiaSat 7/8,Missing
Hoshanna Tv,1_0_1_4C_9_FFFF_41F0F28_0_0_0.png,hoshannatv.png,105.5E,(128) 105.4E C-band AsiaSat 7/8,Missing
Isaac TV,1_0_1_4E_9_FFFF_41F0F28_0_0_0.png,isaactv.png,105.5E,(128) 105.4E C-band AsiaSat 7/8,Missing
JOO Music,1_0_1_4F_9_FFFF_41F0F28_0_0_0.png,joomusic.png,105.5E,(128) 105.4E C-band AsiaSat 7/8,Missing
Joshua TV,1_0_1_49_9_FFFF_41F0F28_0_0_0.png,joshuatv.png,105.5E,(128) 105.4E C-band AsiaSat 7/8,Missing
King TV,1_0_1_4B_9_FFFF_41F0F28_0_0_0.png,kingtv.png,105.5E,(128) 105.4E C-band AsiaSat 7/8,Missing
LAMP TV,1_0_1_47_9_FFFF_41F0F28_0_0_0.png,lamptv.png,105.5E,(128) 105.4E C-band AsiaSat 7/8,Missing
Mission Asia,1_0_1_46_9_FFFF_41F0F28_0_0_0.png,missionasia.png,105.5E,(128) 105.4E C-band AsiaSat 7/8,Missing
Ocean News,1_0_1_50_9_FFFF_41F0F28_0_0_0.png,oceannews.png,105.5E,(128) 105.4E C-band AsiaSat 7/8,Missing
PAK7,1_0_1_18_9_FFFF_41F0F28_0_0_0.png,pak7.png,105.5E,(128) 105.4E C-band AsiaSat 7/8,Missing
PMI TV,1_0_1_3B_9_FFFF_41F0F28_0_0_0.png,pmitv.png,105.5E,(128) 105.4E C-band AsiaSat 7/8,Missing
Pet Club TV,1_0_19_38_9_FFFF_41F0F28_0_0_0.png,petclubtv.png,105.5E,(128) 105.4E C-band AsiaSat 7/8,Missing
Phx Chinese Channel,1_0_1_5_5_1_41F0000_0_0_0.png,phxchinesechannel.png,105.5E,(128) 105.4E C-band AsiaSat 7/8,Missing
Phx InfoNews Channel,1_0_1_4_5_1_41F0000_0_0_0.png,phxinfonewschannel.png,105.5E,(128) 105.4E C-band AsiaSat 7/8,Missing
Phx Movies Channel,1_0_1_6_5_1_41F0000_0_0_0.png,phxmovieschannel.png,105.5E,(128) 105.4E C-band AsiaSat 7/8,Missing
RADIO EXTERIOR,1_0_2_36_A_FFFF_3EE0FC8_0_0_0.png,radioexterior.png,105.5E,(128) 105.4E C-band AsiaSat 7/8,Missing
RFI Francais,1_0_2_28_A_FFFF_3EE0FC8_0_0_0.png,rfifrancais.png,105.5E,(128) 105.4E C-band AsiaSat 7/8,Missing
Shine Star TV,1_0_1_4A_9_FFFF_41F0F28_0_0_0.png,shinestartv.png,105.5E,(128) 105.4E C-band AsiaSat 7/8,Missing
TBN Asia,1_0_1_42_9_FFFF_41F0F28_0_0_0.png,tbnasia.png,105.5E,(128) 105.4E C-band AsiaSat 7/8,Missing
TV5MONDE ASIE SE,1_0_19_D_A_FFFF_3EE0FC8_0_0_0.png,tv5mondeasiese.png,105.5E,(128) 105.4E C-band AsiaSat 7/8,Missing
TV5MONDE PACIFIQUE HD,1_0_19_16_A_FFFF_3EE0FC8_0_0_0.png,tv5mondepacifiquehd.png,105.5E,(128) 105.4E C-band AsiaSat 7/8,Missing
TVE INT ASIA,1_0_1_35_A_FFFF_3EE0FC8_0_0_0.png,tveintasia.png,105.5E,(128) 105.4E C-band AsiaSat 7/8,Missing
Thrill,1_0_19_20_9_FFFF_41F0F28_0_0_0.png,thrill.png,105.5E,(128) 105.4E C-band AsiaSat 7/8,Missing
Vatican Media Asia,1_0_19_2A_A_FFFF_3EE0FC8_0_0_0.png,vaticanmediaasia.png,105.5E,(128) 105.4E C-band AsiaSat 7/8,Missing
Zindagi TV,1_0_1_5C_9_FFFF_41F0F28_0_0_0.png,zindagitv.png,105.5E,(128) 105.4E C-band AsiaSat 7/8,Missing
& Pictures HD @ Rs 19,1_0_19_2FAB_D_AC_4390000_0_0_0.png,pictureshdrs19.png,108.1E,(49) 108.1E KU-band SES 7/9 & Merah Putih,Missing
&Pictures @ Rs 15,1_0_1_2F63_10_AC_4390000_0_0_0.png,picturesrs15.png,108.1E,(49) 108.1E KU-band SES 7/9 & Merah Putih,Missing
&Xplor HD @ Rs 4,1_0_19_34EE_F_AC_4390000_0_0_0.png,xplorhdrs4.png,108.1E,(49) 108.1E KU-band SES 7/9 & Merah Putih,Missing
12281H SID 0x01,1_0_C_1_15_AC_4390000_0_0_0.png,12281hsid0x01.png,108.1E,(49) 108.1E KU-band SES 7/9 & Merah Putih,Missing
12281H SID 0x02,1_0_1_2_15_AC_4390000_0_0_0.png,12281hsid0x02.png,108.1E,(49) 108.1E KU-band SES 7/9 & Merah Putih,Missing
12281H SID 0x4e,1_0_1_4E_15_AC_4390000_0_0_0.png,12281hsid0x4e.png,108.1E,(49) 108.1E KU-band SES 7/9 & Merah Putih,Missing
12281V SID 0x01,1_0_C_1_10_AC_4390000_0_0_0.png,12281vsid0x01.png,108.1E,(49) 108.1E KU-band SES 7/9 & Merah Putih,Missing
12341H SID 0x01,1_0_C_1_13_AC_4390000_0_0_0.png,12341hsid0x01.png,108.1E,(49) 108.1E KU-band SES 7/9 & Merah Putih,Missing
12341V SID 0x01,1_0_C_1_F_AC_4390000_0_0_0.png,12341vsid0x01.png,108.1E,(49) 108.1E KU-band SES 7/9 & Merah Putih,Missing
12401V SID 0x01,1_0_C_1_14_AC_4390000_0_0_0.png,12401vsid0x01.png,108.1E,(49) 108.1E KU-band SES 7/9 & Merah Putih,Missing
12591V SID 0x01,1_0_C_1_E_AC_4390000_0_0_0.png,12591vsid0x01.png,108.1E,(49) 108.1E KU-band SES 7/9 & Merah Putih,Missing
12651V SID 0x01,1_0_C_1_11_AC_4390000_0_0_0.png,12651vsid0x01.png,108.1E,(49) 108.1E KU-band SES 7/9 & Merah Putih,Missing
12711H SID 0x01,1_0_C_1_D_AC_4390000_0_0_0.png,12711hsid0x01.png,108.1E,(49) 108.1E KU-band SES 7/9 & Merah Putih,Missing
12711H SID 0x3e8,1_0_1_3E8_D_AC_4390000_0_0_0.png,12711hsid0x3e8.png,108.1E,(49) 108.1E KU-band SES 7/9 & Merah Putih,Missing
12711V SID 0x01,1_0_C_1_12_AC_4390000_0_0_0.png,12711vsid0x01.png,108.1E,(49) 108.1E KU-band SES 7/9 & Merah Putih,Missing
1Sports @ Rs 4,1_0_1_3598_10_AC_4390000_0_0_0.png,1sportsrs4.png,108.1E,(49) 108.1E KU-band SES 7/9 & Merah Putih,Missing
7S Music @ FREE,1_0_1_33DD_11_AC_4390000_0_0_0.png,7smusicfree.png,108.1E,(49) 108.1E KU-band SES 7/9 & Merah Putih,Missing
99 % @ FREE,1_0_1_34BE_12_AC_4390000_0_0_0.png,99free.png,108.1E,(49) 108.1E KU-band SES 7/9 & Merah Putih,Missing
9XO @ FREE,1_0_1_2FB0_10_AC_4390000_0_0_0.png,9xofree.png,108.1E,(49) 108.1E KU-band SES 7/9 & Merah Putih,Missing
A1 TV @ FREE,1_0_1_3652_12_AC_4390000_0_0_0.png,a1tvfree.png,108.1E,(49) 108.1E KU-band SES 7/9 & Merah Putih,Missing
A1 TV @ FREE,1_0_1_355F_11_AC_4390000_0_0_0.png,a1tvfree.png,108.1E,(49) 108.1E KU-band SES 7/9 & Merah Putih,Missing
AALAMI SAMAY @ FREE,1_0_1_35B3_14_AC_4390000_0_0_0.png,aalamisamayfree.png,108.1E,(49) 108.1E KU-band SES 7/9 & Merah Putih,Missing
ABP Asmita @ FREE,1_0_1_33FB_10_AC_4390000_0_0_0.png,abpasmitafree.png,108.1E,(49) 108.1E KU-band SES 7/9 & Merah Putih,Missing
ABP Ganga @ FREE,1_0_1_34F3_10_AC_4390000_0_0_0.png,abpgangafree.png,108.1E,(49) 108.1E KU-band SES 7/9 & Merah Putih,Missing
ABP News @ FREE,1_0_1_1883_10_AC_4390000_0_0_0.png,abpnewsfree.png,108.1E,(49) 108.1E KU-band SES 7/9 & Merah Putih,Missing
ABP Sanjha @ FREE,1_0_1_361A_F_AC_4390000_0_0_0.png,abpsanjhafree.png,108.1E,(49) 108.1E KU-band SES 7/9 & Merah Putih,Missing
AIRTEL KIDS JUNIOR @Rs 50,1_0_1_369F_15_AC_4390000_0_0_0.png,airtelkidsjuniorrs50.png,108.1E,(49) 108.1E KU-band SES 7/9 & Merah Putih,Missing
AIRTEL TEST REPLICA,1_0_1_36A8_14_AC_4390000_0_0_0.png,airteltestreplica.png,108.1E,(49) 108.1E KU-band SES 7/9 & Merah Putih,Missing
ALL TIME MOVIES @ FREE,1_0_1_3608_F_AC_4390000_0_0_0.png,alltimemoviesfree.png,108.1E,(49) 108.1E KU-band SES 7/9 & Merah Putih,Missing
AMV Network @ FREE,1_0_1_3614_F_AC_4390000_0_0_0.png,amvnetworkfree.png,108.1E,(49) 108.1E KU-band SES 7/9 & Merah Putih,Missing
ATRANGII @ FREE,1_0_1_34E8_14_AC_4390000_0_0_0.png,atrangiifree.png,108.1E,(49) 108.1E KU-band SES 7/9 & Merah Putih,Missing
AXN HD @ Rs 7,1_0_19_32C9_D_AC_4390000_0_0_0.png,axnhdrs7.png,108.1E,(49) 108.1E KU-band SES 7/9 & Merah Putih,Missing
Aaj Tak @ Rs 0,1_0_1_1885_12_AC_4390000_0_0_0.png,aajtakrs0.png,108.1E,(49) 108.1E KU-band SES 7/9 & Merah Putih,Missing
Aaj Tak HD @ Rs 2.5,1_0_19_34C0_12_AC_4390000_0_0_0.png,aajtakhdrs25.png,108.1E,(49) 108.1E KU-band SES 7/9 & Merah Putih,Missing
Aapki Rasoi,1_0_1_3473_F_AC_4390000_0_0_0.png,aapkirasoi.png,108.1E,(49) 108.1E KU-band SES 7/9 & Merah Putih,Missing
Aapki Rasoi,1_0_1_3476_F_AC_4390000_0_0_0.png,aapkirasoi.png,108.1E,(49) 108.1E KU-band SES 7/9 & Merah Putih,Missing
Aastha @ FREE,1_0_1_E6A_11_AC_4390000_0_0_0.png,aasthafree.png,108.1E,(49) 108.1E KU-band SES 7/9 & Merah Putih,Missing
Aastha Bhajan @ FREE,1_0_1_3467_E_AC_4390000_0_0_0.png,aasthabhajanfree.png,108.1E,(49) 108.1E KU-band SES 7/9 & Merah Putih,Missing
Action Cinema @ Rs 0,1_0_1_2F02_10_AC_4390000_0_0_0.png,actioncinemars0.png,108.1E,(49) 108.1E KU-band SES 7/9 & Merah Putih,Missing
Airtel 90s Bollywood @ Rs 42,1_0_1_33B6_10_AC_4390000_0_0_0.png,airtel90sbollywoodrs42.png,108.1E,(49) 108.1E KU-band SES 7/9 & Merah Putih,Missing
Airtel Aakash EduTV - JEE @ Rs 209.32,1_0_1_3582_E_AC_4390000_0_0_0.png,airtelaakashedutvjeers20932.png,108.1E,(49) 108.1E KU-band SES 7/9 & Merah Putih,Missing
Airtel Aakash EduTV - NEET @ Rs 209.32,1_0_1_3583_E_AC_4390000_0_0_0.png,airtelaakashedutvneetrs20932.png,108.1E,(49) 108.1E KU-band SES 7/9 & Merah Putih,Missing
Airtel Astrovaani @ Rs 50,1_0_1_33CC_E_AC_4390000_0_0_0.png,airtelastrovaanirs50.png,108.1E,(49) 108.1E KU-band SES 7/9 & Merah Putih,Missing
Airtel Bengal Info,1_0_1_35CB_13_AC_4390000_0_0_0.png,airtelbengalinfo.png,108.1E,(49) 108.1E KU-band SES 7/9 & Merah Putih,Missing
Airtel Bhakti @ Rs 50,1_0_1_1254_D_AC_4390000_0_0_0.png,airtelbhaktirs50.png,108.1E,(49) 108.1E KU-band SES 7/9 & Merah Putih,Missing
Airtel Bollywood Hungama @ Rs 50,1_0_1_3662_E_AC_4390000_0_0_0.png,airtelbollywoodhungamars50.png,108.1E,(49) 108.1E KU-band SES 7/9 & Merah Putih,Missing
Airtel CN Classics @ Rs 59,1_0_1_36B9_10_AC_4390000_0_0_0.png,airtelcnclassicsrs59.png,108.1E,(49) 108.1E KU-band SES 7/9 & Merah Putih,Missing
Airtel Comedy Masala @ Rs 50,1_0_1_33CE_E_AC_4390000_0_0_0.png,airtelcomedymasalars50.png,108.1E,(49) 108.1E KU-band SES 7/9 & Merah Putih,Missing
Airtel Confluence 2018,1_0_1_3474_F_AC_4390000_0_0_0.png,airtelconfluence2018.png,108.1E,(49) 108.1E KU-band SES 7/9 & Merah Putih,Missing
Airtel Confluence 2019,1_0_1_350F_F_AC_4390000_0_0_0.png,airtelconfluence2019.png,108.1E,(49) 108.1E KU-band SES 7/9 & Merah Putih,Missing
Airtel Customer Care 2,1_0_1_3484_13_AC_4390000_0_0_0.png,airtelcustomercare2.png,108.1E,(49) 108.1E KU-band SES 7/9 & Merah Putih,Missing
Airtel Divya Darshan @ Rs 50,1_0_1_3653_15_AC_4390000_0_0_0.png,airteldivyadarshanrs50.png,108.1E,(49) 108.1E KU-band SES 7/9 & Merah Putih,Missing
Airtel Divya Darshan @ Rs 50,1_0_1_3654_15_AC_4390000_0_0_0.png,airteldivyadarshanrs50.png,108.1E,(49) 108.1E KU-band SES 7/9 & Merah Putih,Missing
Airtel Divya Darshan @ Rs 50,1_0_1_3655_15_AC_4390000_0_0_0.png,airteldivyadarshanrs50.png,108.1E,(49) 108.1E KU-band SES 7/9 & Merah Putih,Missing
Airtel Divya Darshan @ Rs 50,1_0_1_3656_15_AC_4390000_0_0_0.png,airteldivyadarshanrs50.png,108.1E,(49) 108.1E KU-band SES 7/9 & Merah Putih,Missing
Airtel Divya Darshan @ Rs 50,1_0_1_3657_15_AC_4390000_0_0_0.png,airteldivyadarshanrs50.png,108.1E,(49) 108.1E KU-band SES 7/9 & Merah Putih,Missing
Airtel Divya Darshan @ Rs 50,1_0_1_3658_15_AC_4390000_0_0_0.png,airteldivyadarshanrs50.png,108.1E,(49) 108.1E KU-band SES 7/9 & Merah Putih,Missing
Airtel Divya Darshan @ Rs 50,1_0_1_3659_15_AC_4390000_0_0_0.png,airteldivyadarshanrs50.png,108.1E,(49) 108.1E KU-band SES 7/9 & Merah Putih,Missing
Airtel Entertainment Home,1_0_1_3557_10_AC_4390000_0_0_0.png,airtelentertainmenthome.png,108.1E,(49) 108.1E KU-band SES 7/9 & Merah Putih,Missing
Airtel Entertainment Home,1_0_1_33C2_10_AC_4390000_0_0_0.png,airtelentertainmenthome.png,108.1E,(49) 108.1E KU-band SES 7/9 & Merah Putih,Missing
Airtel Entertainment Home 1,1_0_1_355D_15_AC_4390000_0_0_0.png,airtelentertainmenthome1.png,108.1E,(49) 108.1E KU-band SES 7/9 & Merah Putih,Missing
Airtel Entertainment Home 1,1_0_1_33B7_E_AC_4390000_0_0_0.png,airtelentertainmenthome1.png,108.1E,(49) 108.1E KU-band SES 7/9 & Merah Putih,Missing
Airtel Entertainment Home 2,1_0_1_3447_10_AC_4390000_0_0_0.png,airtelentertainmenthome2.png,108.1E,(49) 108.1E KU-band SES 7/9 & Merah Putih,Missing
Airtel Entertainment Home 2,1_0_1_35A4_F_AC_4390000_0_0_0.png,airtelentertainmenthome2.png,108.1E,(49) 108.1E KU-band SES 7/9 & Merah Putih,Missing
Airtel Entertainment Home 2,1_0_1_33E8_10_AC_4390000_0_0_0.png,airtelentertainmenthome2.png,108.1E,(49) 108.1E KU-band SES 7/9 & Merah Putih,Missing
Airtel Fitness Studio @ Rs 50,1_0_1_3403_10_AC_4390000_0_0_0.png,airtelfitnessstudiors50.png,108.1E,(49) 108.1E KU-band SES 7/9 & Merah Putih,Missing
Airtel Gujarati Home,1_0_1_34FE_10_AC_4390000_0_0_0.png,airtelgujaratihome.png,108.1E,(49) 108.1E KU-band SES 7/9 & Merah Putih,Missing
Airtel HD Home 99,1_0_1_1F3F_F_AC_4390000_0_0_0.png,airtelhdhome99.png,108.1E,(49) 108.1E KU-band SES 7/9 & Merah Putih,Missing
Airtel HD Offers,1_0_1_336E_10_AC_4390000_0_0_0.png,airtelhdoffers.png,108.1E,(49) 108.1E KU-band SES 7/9 & Merah Putih,Missing
Airtel Hits @ Rs 75,1_0_1_35FE_13_AC_4390000_0_0_0.png,airtelhitsrs75.png,108.1E,(49) 108.1E KU-band SES 7/9 & Merah Putih,Missing
Airtel Hollywood Masala @ Rs 50,1_0_1_3472_F_AC_4390000_0_0_0.png,airtelhollywoodmasalars50.png,108.1E,(49) 108.1E KU-band SES 7/9 & Merah Putih,Missing
Airtel Iltija @ Rs 50,1_0_1_32D0_14_AC_4390000_0_0_0.png,airteliltijars50.png,108.1E,(49) 108.1E KU-band SES 7/9 & Merah Putih,Missing
Airtel Info Home 2,1_0_1_3574_15_AC_4390000_0_0_0.png,airtelinfohome2.png,108.1E,(49) 108.1E KU-band SES 7/9 & Merah Putih,Missing
Airtel Internet TV Home,1_0_1_343A_10_AC_4390000_0_0_0.png,airtelinternettvhome.png,108.1E,(49) 108.1E KU-band SES 7/9 & Merah Putih,Missing
Airtel Kannada Info 1,1_0_1_361C_D_AC_4390000_0_0_0.png,airtelkannadainfo1.png,108.1E,(49) 108.1E KU-band SES 7/9 & Merah Putih,Missing
Airtel Kannada Info 2,1_0_1_3644_D_AC_4390000_0_0_0.png,airtelkannadainfo2.png,108.1E,(49) 108.1E KU-band SES 7/9 & Merah Putih,Missing
Airtel Kannada Info 6,1_0_1_3680_15_AC_4390000_0_0_0.png,airtelkannadainfo6.png,108.1E,(49) 108.1E KU-band SES 7/9 & Merah Putih,Missing
Airtel Korean TV+ @ Rs 50.85,1_0_1_357E_E_AC_4390000_0_0_0.png,airtelkoreantvrs5085.png,108.1E,(49) 108.1E KU-band SES 7/9 & Merah Putih,Missing
Airtel Long Duration Packs,1_0_1_3439_10_AC_4390000_0_0_0.png,airtellongdurationpacks.png,108.1E,(49) 108.1E KU-band SES 7/9 & Merah Putih,Missing
Airtel Marathi Home,1_0_1_34D4_F_AC_4390000_0_0_0.png,airtelmarathihome.png,108.1E,(49) 108.1E KU-band SES 7/9 & Merah Putih,Missing
Airtel Marathi Home,1_0_1_34DA_F_AC_4390000_0_0_0.png,airtelmarathihome.png,108.1E,(49) 108.1E KU-band SES 7/9 & Merah Putih,Missing
Airtel Movies Home,1_0_1_3558_15_AC_4390000_0_0_0.png,airtelmovieshome.png,108.1E,(49) 108.1E KU-band SES 7/9 & Merah Putih,Missing
Airtel Movies Home,1_0_1_3394_E_AC_4390000_0_0_0.png,airtelmovieshome.png,108.1E,(49) 108.1E KU-band SES 7/9 & Merah Putih,Missing
Airtel Movies Home 1,1_0_1_33D1_D_AC_4390000_0_0_0.png,airtelmovieshome1.png,108.1E,(49) 108.1E KU-band SES 7/9 & Merah Putih,Missing
Airtel Movies Home 2,1_0_1_3401_E_AC_4390000_0_0_0.png,airtelmovieshome2.png,108.1E,(49) 108.1E KU-band SES 7/9 & Merah Putih,Missing
Airtel Movies Home 2,1_0_1_33B3_E_AC_4390000_0_0_0.png,airtelmovieshome2.png,108.1E,(49) 108.1E KU-band SES 7/9 & Merah Putih,Missing
Airtel Movies Home 2,1_0_1_34C5_F_AC_4390000_0_0_0.png,airtelmovieshome2.png,108.1E,(49) 108.1E KU-band SES 7/9 & Merah Putih,Missing
Airtel Movies Home 3,1_0_1_33B8_E_AC_4390000_0_0_0.png,airtelmovieshome3.png,108.1E,(49) 108.1E KU-band SES 7/9 & Merah Putih,Missing
Airtel Movies Home 3,1_0_1_33E9_10_AC_4390000_0_0_0.png,airtelmovieshome3.png,108.1E,(49) 108.1E KU-band SES 7/9 & Merah Putih,Missing
Airtel NESA Info 1,1_0_1_359E_E_AC_4390000_0_0_0.png,airtelnesainfo1.png,108.1E,(49) 108.1E KU-band SES 7/9 & Merah Putih,Missing
Airtel News Home 1,1_0_1_3559_13_AC_4390000_0_0_0.png,airtelnewshome1.png,108.1E,(49) 108.1E KU-band SES 7/9 & Merah Putih,Missing
Airtel News Home 1,1_0_1_3563_13_AC_4390000_0_0_0.png,airtelnewshome1.png,108.1E,(49) 108.1E KU-band SES 7/9 & Merah Putih,Missing
Airtel News Home 2,1_0_1_33B9_E_AC_4390000_0_0_0.png,airtelnewshome2.png,108.1E,(49) 108.1E KU-band SES 7/9 & Merah Putih,Missing
Airtel News Home 3,1_0_1_3515_10_AC_4390000_0_0_0.png,airtelnewshome3.png,108.1E,(49) 108.1E KU-band SES 7/9 & Merah Putih,Missing
Airtel News Home 3,1_0_1_34C6_F_AC_4390000_0_0_0.png,airtelnewshome3.png,108.1E,(49) 108.1E KU-band SES 7/9 & Merah Putih,Missing
Airtel News Home 3,1_0_1_33EF_10_AC_4390000_0_0_0.png,airtelnewshome3.png,108.1E,(49) 108.1E KU-band SES 7/9 & Merah Putih,Missing
Airtel Oriya Info,1_0_1_3645_13_AC_4390000_0_0_0.png,airteloriyainfo.png,108.1E,(49) 108.1E KU-band SES 7/9 & Merah Putih,Missing
Airtel Promo Home,1_0_1_347E_F_AC_4390000_0_0_0.png,airtelpromohome.png,108.1E,(49) 108.1E KU-band SES 7/9 & Merah Putih,Missing
Airtel Promo Home,1_0_1_34CE_F_AC_4390000_0_0_0.png,airtelpromohome.png,108.1E,(49) 108.1E KU-band SES 7/9 & Merah Putih,Missing
Airtel Promo Home,1_0_1_34CF_F_AC_4390000_0_0_0.png,airtelpromohome.png,108.1E,(49) 108.1E KU-band SES 7/9 & Merah Putih,Missing
Airtel Promos,1_0_1_33EE_10_AC_4390000_0_0_0.png,airtelpromos.png,108.1E,(49) 108.1E KU-band SES 7/9 & Merah Putih,Missing
Airtel Punjabi Cinema @ Rs 50,1_0_1_334C_10_AC_4390000_0_0_0.png,airtelpunjabicinemars50.png,108.1E,(49) 108.1E KU-band SES 7/9 & Merah Putih,Missing
Airtel Punjabi Home,1_0_1_347C_F_AC_4390000_0_0_0.png,airtelpunjabihome.png,108.1E,(49) 108.1E KU-band SES 7/9 & Merah Putih,Missing
Airtel Punjabi Home,1_0_1_35BC_F_AC_4390000_0_0_0.png,airtelpunjabihome.png,108.1E,(49) 108.1E KU-band SES 7/9 & Merah Putih,Missing
Airtel Punjabi Home,1_0_1_35BD_F_AC_4390000_0_0_0.png,airtelpunjabihome.png,108.1E,(49) 108.1E KU-band SES 7/9 & Merah Putih,Missing
Airtel Punjabi Home,1_0_1_34D5_F_AC_4390000_0_0_0.png,airtelpunjabihome.png,108.1E,(49) 108.1E KU-band SES 7/9 & Merah Putih,Missing
Airtel Rahasyamaya Kahaniya @ Rs 50,1_0_1_34D1_F_AC_4390000_0_0_0.png,airtelrahasyamayakahaniyars50.png,108.1E,(49) 108.1E KU-band SES 7/9 & Merah Putih,Missing
Airtel Sadabahar Cinema @ Rs 50,1_0_1_331B_10_AC_4390000_0_0_0.png,airtelsadabaharcinemars50.png,108.1E,(49) 108.1E KU-band SES 7/9 & Merah Putih,Missing
Airtel Seniors TV,1_0_1_3546_F_AC_4390000_0_0_0.png,airtelseniorstv.png,108.1E,(49) 108.1E KU-band SES 7/9 & Merah Putih,Missing
Airtel Shorts TV Play @ Rs 50.85,1_0_1_3505_D_AC_4390000_0_0_0.png,airtelshortstvplayrs5085.png,108.1E,(49) 108.1E KU-band SES 7/9 & Merah Putih,Missing
Airtel Shorts TV Play @ Rs 50.85,1_0_1_3506_D_AC_4390000_0_0_0.png,airtelshortstvplayrs5085.png,108.1E,(49) 108.1E KU-band SES 7/9 & Merah Putih,Missing
Airtel Special Offers,1_0_1_34C4_F_AC_4390000_0_0_0.png,airtelspecialoffers.png,108.1E,(49) 108.1E KU-band SES 7/9 & Merah Putih,Missing
Airtel Special Offers,1_0_1_34DB_F_AC_4390000_0_0_0.png,airtelspecialoffers.png,108.1E,(49) 108.1E KU-band SES 7/9 & Merah Putih,Missing
Airtel Special offers,1_0_1_354D_D_AC_4390000_0_0_0.png,airtelspecialoffers.png,108.1E,(49) 108.1E KU-band SES 7/9 & Merah Putih,Missing
Airtel Sports Home,1_0_1_33A5_E_AC_4390000_0_0_0.png,airtelsportshome.png,108.1E,(49) 108.1E KU-band SES 7/9 & Merah Putih,Missing
Airtel Star Promo Home,1_0_1_352F_F_AC_4390000_0_0_0.png,airtelstarpromohome.png,108.1E,(49) 108.1E KU-band SES 7/9 & Merah Putih,Missing
Airtel Star Promo Home,1_0_1_35C2_13_AC_4390000_0_0_0.png,airtelstarpromohome.png,108.1E,(49) 108.1E KU-band SES 7/9 & Merah Putih,Missing
Airtel Star Promo Home,1_0_1_35CC_13_AC_4390000_0_0_0.png,airtelstarpromohome.png,108.1E,(49) 108.1E KU-band SES 7/9 & Merah Putih,Missing
Airtel Star Promo Home 2,1_0_1_3624_10_AC_4390000_0_0_0.png,airtelstarpromohome2.png,108.1E,(49) 108.1E KU-band SES 7/9 & Merah Putih,Missing
Airtel Star Promo Home 2,1_0_1_3578_F_AC_4390000_0_0_0.png,airtelstarpromohome2.png,108.1E,(49) 108.1E KU-band SES 7/9 & Merah Putih,Missing
Airtel Star Promo Home 2,1_0_1_3591_10_AC_4390000_0_0_0.png,airtelstarpromohome2.png,108.1E,(49) 108.1E KU-band SES 7/9 & Merah Putih,Missing
Airtel Sunehre Pal @ Rs 55.08,1_0_1_35E8_E_AC_4390000_0_0_0.png,airtelsunehrepalrs5508.png,108.1E,(49) 108.1E KU-band SES 7/9 & Merah Putih,Missing
Airtel TEST,1_0_1_34AA_12_AC_4390000_0_0_0.png,airteltest.png,108.1E,(49) 108.1E KU-band SES 7/9 & Merah Putih,Missing
Airtel Telugu Cinema @ Rs 45,1_0_1_34FB_10_AC_4390000_0_0_0.png,airteltelugucinemars45.png,108.1E,(49) 108.1E KU-band SES 7/9 & Merah Putih,Missing
Airtel Telugu Cinema @ Rs 50,1_0_1_34F9_10_AC_4390000_0_0_0.png,airteltelugucinemars50.png,108.1E,(49) 108.1E KU-band SES 7/9 & Merah Putih,Missing
Airtel Telugu Home,1_0_1_34FC_10_AC_4390000_0_0_0.png,airtelteluguhome.png,108.1E,(49) 108.1E KU-band SES 7/9 & Merah Putih,Missing
Airtel Telugu Home,1_0_1_34FD_10_AC_4390000_0_0_0.png,airtelteluguhome.png,108.1E,(49) 108.1E KU-band SES 7/9 & Merah Putih,Missing
Airtel Telugu Info 2,1_0_1_35F5_13_AC_4390000_0_0_0.png,airtelteluguinfo2.png,108.1E,(49) 108.1E KU-band SES 7/9 & Merah Putih,Missing
Airtel Xstream,1_0_1_356D_13_AC_4390000_0_0_0.png,airtelxstream.png,108.1E,(49) 108.1E KU-band SES 7/9 & Merah Putih,Missing
Airtel Zindagi Special @ Rs 63.56,1_0_1_3619_10_AC_4390000_0_0_0.png,airtelzindagispecialrs6356.png,108.1E,(49) 108.1E KU-band SES 7/9 & Merah Putih,Missing
AirtelTest,1_0_1_3668_14_AC_4390000_0_0_0.png,airteltest.png,108.1E,(49) 108.1E KU-band SES 7/9 & Merah Putih,Missing
Alankar @ Rs 4,1_0_1_3380_13_AC_4390000_0_0_0.png,alankarrs4.png,108.1E,(49) 108.1E KU-band SES 7/9 & Merah Putih,Missing
Animal Planet HD @ Rs 5,1_0_19_3374_D_AC_4390000_0_0_0.png,animalplanethdrs5.png,108.1E,(49) 108.1E KU-band SES 7/9 & Merah Putih,Missing
Anime Booth by Airtel @ Rs 46.61,1_0_1_368D_15_AC_4390000_0_0_0.png,animeboothbyairtelrs4661.png,108.1E,(49) 108.1E KU-band SES 7/9 & Merah Putih,Missing
Anjan TV @ FREE,1_0_1_33CA_E_AC_4390000_0_0_0.png,anjantvfree.png,108.1E,(49) 108.1E KU-band SES 7/9 & Merah Putih,Missing
Anmol Cinema @ Rs 0,1_0_1_34B9_F_AC_4390000_0_0_0.png,anmolcinemars0.png,108.1E,(49) 108.1E KU-band SES 7/9 & Merah Putih,Missing
Anmol TV @ Rs 0,1_0_1_2F62_D_AC_4390000_0_0_0.png,anmoltvrs0.png,108.1E,(49) 108.1E KU-band SES 7/9 & Merah Putih,Missing
Aradana TV @ FREE,1_0_1_337D_13_AC_4390000_0_0_0.png,aradanatvfree.png,108.1E,(49) 108.1E KU-band SES 7/9 & Merah Putih,Missing
Aryan News,1_0_1_3446_F_AC_4390000_0_0_0.png,aryannews.png,108.1E,(49) 108.1E KU-band SES 7/9 & Merah Putih,Missing
Asianet @ Rs 19,1_0_1_A0A_F_AC_4390000_0_0_0.png,asianetrs19.png,108.1E,(49) 108.1E KU-band SES 7/9 & Merah Putih,Missing
Asianet Movies HD @ Rs 19,1_0_19_3686_15_AC_4390000_0_0_0.png,asianetmovieshdrs19.png,108.1E,(49) 108.1E KU-band SES 7/9 & Merah Putih,Missing
Asianet Plus @ Rs 7,1_0_1_DF7_E_AC_4390000_0_0_0.png,asianetplusrs7.png,108.1E,(49) 108.1E KU-band SES 7/9 & Merah Putih,Missing
Assam Talks @ FREE,1_0_1_32CA_12_AC_4390000_0_0_0.png,assamtalksfree.png,108.1E,(49) 108.1E KU-band SES 7/9 & Merah Putih,Missing
Astrovaani,1_0_1_33CD_E_AC_4390000_0_0_0.png,astrovaani.png,108.1E,(49) 108.1E KU-band SES 7/9 & Merah Putih,Missing
B4U Bhojpuri @ FREE,1_0_1_34EA_12_AC_4390000_0_0_0.png,b4ubhojpurifree.png,108.1E,(49) 108.1E KU-band SES 7/9 & Merah Putih,Missing
B4U Kadak @ FREE,1_0_1_3463_11_AC_4390000_0_0_0.png,b4ukadakfree.png,108.1E,(49) 108.1E KU-band SES 7/9 & Merah Putih,Missing
B4U Movies @ FREE,1_0_1_359F_11_AC_4390000_0_0_0.png,b4umoviesfree.png,108.1E,(49) 108.1E KU-band SES 7/9 & Merah Putih,Missing
B4U Movies @ FREE,1_0_1_33F5_E_AC_4390000_0_0_0.png,b4umoviesfree.png,108.1E,(49) 108.1E KU-band SES 7/9 & Merah Putih,Missing
B4U Music @ FREE,1_0_1_18EF_15_AC_4390000_0_0_0.png,b4umusicfree.png,108.1E,(49) 108.1E KU-band SES 7/9 & Merah Putih,Missing
BADA KHABAR @ FREE,1_0_1_35B0_14_AC_4390000_0_0_0.png,badakhabarfree.png,108.1E,(49) 108.1E KU-band SES 7/9 & Merah Putih,Missing
BHARAT UPDATE @ FREE,1_0_1_339D_11_AC_4390000_0_0_0.png,bharatupdatefree.png,108.1E,(49) 108.1E KU-band SES 7/9 & Merah Putih,Missing
BHOJPURI CINEMA @ FREE,1_0_1_330A_15_AC_4390000_0_0_0.png,bhojpuricinemafree.png,108.1E,(49) 108.1E KU-band SES 7/9 & Merah Putih,Missing
BOLLYWOOD HITS,1_0_1_35D0_F_AC_4390000_0_0_0.png,bollywoodhits.png,108.1E,(49) 108.1E KU-band SES 7/9 & Merah Putih,Missing
Bangla Naaptol @ FREE,1_0_1_336A_10_AC_4390000_0_0_0.png,banglanaaptolfree.png,108.1E,(49) 108.1E KU-band SES 7/9 & Merah Putih,Missing
Bansal News @ FREE,1_0_1_33D3_11_AC_4390000_0_0_0.png,bansalnewsfree.png,108.1E,(49) 108.1E KU-band SES 7/9 & Merah Putih,Missing
BhaktiTv,1_0_1_3480_F_AC_4390000_0_0_0.png,bhaktitv.png,108.1E,(49) 108.1E KU-band SES 7/9 & Merah Putih,Missing
Bharat Express @ FREE,1_0_1_3632_E_AC_4390000_0_0_0.png,bharatexpressfree.png,108.1E,(49) 108.1E KU-band SES 7/9 & Merah Putih,Missing
Bharat Samachar @ FREE,1_0_1_33EA_10_AC_4390000_0_0_0.png,bharatsamacharfree.png,108.1E,(49) 108.1E KU-band SES 7/9 & Merah Putih,Missing
Big Magic @ Rs 0,1_0_1_2F25_13_AC_4390000_0_0_0.png,bigmagicrs0.png,108.1E,(49) 108.1E KU-band SES 7/9 & Merah Putih,Missing
Big Tv @ FREE,1_0_1_35A8_12_AC_4390000_0_0_0.png,bigtvfree.png,108.1E,(49) 108.1E KU-band SES 7/9 & Merah Putih,Missing
Bindass play,1_0_1_32DD_10_AC_4390000_0_0_0.png,bindassplay.png,108.1E,(49) 108.1E KU-band SES 7/9 & Merah Putih,Missing
Bol Hadippa,1_0_1_348F_F_AC_4390000_0_0_0.png,bolhadippa.png,108.1E,(49) 108.1E KU-band SES 7/9 & Merah Putih,Missing
CARTOON NETWORK HD+ @ Rs 7,1_0_19_35BB_13_AC_4390000_0_0_0.png,cartoonnetworkhdrs7.png,108.1E,(49) 108.1E KU-band SES 7/9 & Merah Putih,Missing
CBeebies @ Rs 3,1_0_1_3567_13_AC_4390000_0_0_0.png,cbeebiesrs3.png,108.1E,(49) 108.1E KU-band SES 7/9 & Merah Putih,Missing
CNBC AWAAZ @ Rs 0.1,1_0_1_188D_F_AC_4390000_0_0_0.png,cnbcawaazrs01.png,108.1E,(49) 108.1E KU-band SES 7/9 & Merah Putih,Missing
CNBC TV18 PRIME HD @ RS 1,1_0_19_36AC_15_AC_4390000_0_0_0.png,cnbctv18primehdrs1.png,108.1E,(49) 108.1E KU-band SES 7/9 & Merah Putih,Missing
COLORS CINEPLEX BOLLYWOOD @ Rs 0,1_0_1_35BE_14_AC_4390000_0_0_0.png,colorscineplexbollywoodrs0.png,108.1E,(49) 108.1E KU-band SES 7/9 & Merah Putih,Missing
COLORS INFINITY HD @ Rs 15,1_0_19_3307_12_AC_4390000_0_0_0.png,colorsinfinityhdrs15.png,108.1E,(49) 108.1E KU-band SES 7/9 & Merah Putih,Missing
CTVN AKD Plus @ FREE,1_0_1_339A_F_AC_4390000_0_0_0.png,ctvnakdplusfree.png,108.1E,(49) 108.1E KU-band SES 7/9 & Merah Putih,Missing
CVR English News @ FREE,1_0_1_33AA_F_AC_4390000_0_0_0.png,cvrenglishnewsfree.png,108.1E,(49) 108.1E KU-band SES 7/9 & Merah Putih,Missing
CVR Health @ FREE,1_0_1_33A8_F_AC_4390000_0_0_0.png,cvrhealthfree.png,108.1E,(49) 108.1E KU-band SES 7/9 & Merah Putih,Missing
CVR News @ FREE,1_0_1_33A9_F_AC_4390000_0_0_0.png,cvrnewsfree.png,108.1E,(49) 108.1E KU-band SES 7/9 & Merah Putih,Missing
CVR OM @ FREE,1_0_1_33AB_F_AC_4390000_0_0_0.png,cvromfree.png,108.1E,(49) 108.1E KU-band SES 7/9 & Merah Putih,Missing
Care World,1_0_1_341A_F_AC_4390000_0_0_0.png,careworld.png,108.1E,(49) 108.1E KU-band SES 7/9 & Merah Putih,Missing
Care World @ FREE,1_0_1_3530_E_AC_4390000_0_0_0.png,careworldfree.png,108.1E,(49) 108.1E KU-band SES 7/9 & Merah Putih,Missing
Cartoon Network @ Rs 5,1_0_1_933_11_AC_4390000_0_0_0.png,cartoonnetworkrs5.png,108.1E,(49) 108.1E KU-band SES 7/9 & Merah Putih,Missing
Cauvery News @ FREE,1_0_1_33F3_10_AC_4390000_0_0_0.png,cauverynewsfree.png,108.1E,(49) 108.1E KU-band SES 7/9 & Merah Putih,Missing
Colors @ Rs 19,1_0_1_13FA_E_AC_4390000_0_0_0.png,colorsrs19.png,108.1E,(49) 108.1E KU-band SES 7/9 & Merah Putih,Missing
Colors Cineplex @ Rs 15,1_0_1_3319_11_AC_4390000_0_0_0.png,colorscineplexrs15.png,108.1E,(49) 108.1E KU-band SES 7/9 & Merah Putih,Missing
Colors Cineplex Superhits @ Rs 0,1_0_1_3597_13_AC_4390000_0_0_0.png,colorscineplexsuperhitsrs0.png,108.1E,(49) 108.1E KU-band SES 7/9 & Merah Putih,Missing
Colors Gujarati Cinema @ Rs 3,1_0_1_34B7_11_AC_4390000_0_0_0.png,colorsgujaraticinemars3.png,108.1E,(49) 108.1E KU-band SES 7/9 & Merah Putih,Missing
Colors Kannada Cinema @ Rs 7,1_0_1_3461_10_AC_4390000_0_0_0.png,colorskannadacinemars7.png,108.1E,(49) 108.1E KU-band SES 7/9 & Merah Putih,Missing
Colors Rishtey @ Rs 0,1_0_1_2F60_11_AC_4390000_0_0_0.png,colorsrishteyrs0.png,108.1E,(49) 108.1E KU-band SES 7/9 & Merah Putih,Missing
Colors Tamil @ Rs 5,1_0_1_33E0_E_AC_4390000_0_0_0.png,colorstamilrs5.png,108.1E,(49) 108.1E KU-band SES 7/9 & Merah Putih,Missing
Colors Tamil HD @ Rs 10,1_0_19_34EF_13_AC_4390000_0_0_0.png,colorstamilhdrs10.png,108.1E,(49) 108.1E KU-band SES 7/9 & Merah Putih,Missing
Colors kannada @ Rs 25,1_0_1_619_15_AC_4390000_0_0_0.png,colorskannadars25.png,108.1E,(49) 108.1E KU-band SES 7/9 & Merah Putih,Missing
DA News Plus @ FREE,1_0_1_35B9_14_AC_4390000_0_0_0.png,danewsplusfree.png,108.1E,(49) 108.1E KU-band SES 7/9 & Merah Putih,Missing
DD Arunprabha @ FREE,1_0_1_355E_13_AC_4390000_0_0_0.png,ddarunprabhafree.png,108.1E,(49) 108.1E KU-band SES 7/9 & Merah Putih,Missing
DD Himachal @ FREE,1_0_1_3550_13_AC_4390000_0_0_0.png,ddhimachalfree.png,108.1E,(49) 108.1E KU-band SES 7/9 & Merah Putih,Missing
DD INDIA @ FREE,1_0_1_352D_13_AC_4390000_0_0_0.png,ddindiafree.png,108.1E,(49) 108.1E KU-band SES 7/9 & Merah Putih,Missing
DD KISHORE MANCH @ FREE,1_0_1_354A_13_AC_4390000_0_0_0.png,ddkishoremanchfree.png,108.1E,(49) 108.1E KU-band SES 7/9 & Merah Putih,Missing
DD Manipur @ FREE,1_0_1_3405_10_AC_4390000_0_0_0.png,ddmanipurfree.png,108.1E,(49) 108.1E KU-band SES 7/9 & Merah Putih,Missing
DD Meghalaya @ FREE,1_0_1_34D3_F_AC_4390000_0_0_0.png,ddmeghalayafree.png,108.1E,(49) 108.1E KU-band SES 7/9 & Merah Putih,Missing
DD National HD @ FREE,1_0_19_36A3_11_AC_4390000_0_0_0.png,ddnationalhdfree.png,108.1E,(49) 108.1E KU-band SES 7/9 & Merah Putih,Missing
DD PANINI @ FREE,1_0_1_3548_13_AC_4390000_0_0_0.png,ddpaninifree.png,108.1E,(49) 108.1E KU-band SES 7/9 & Merah Putih,Missing
DD SHARDA @ FREE,1_0_1_3549_13_AC_4390000_0_0_0.png,ddshardafree.png,108.1E,(49) 108.1E KU-band SES 7/9 & Merah Putih,Missing
DD SPORTS 1 @ FREE,1_0_1_3623_E_AC_4390000_0_0_0.png,ddsports1free.png,108.1E,(49) 108.1E KU-band SES 7/9 & Merah Putih,Missing
DD Tripura @ FREE,1_0_1_3603_13_AC_4390000_0_0_0.png,ddtripurafree.png,108.1E,(49) 108.1E KU-band SES 7/9 & Merah Putih,Missing
Dangal 2 @ FREE,1_0_1_35A9_11_AC_4390000_0_0_0.png,dangal2free.png,108.1E,(49) 108.1E KU-band SES 7/9 & Merah Putih,Missing
Dangal @ FREE,1_0_1_2D71_15_AC_4390000_0_0_0.png,dangalfree.png,108.1E,(49) 108.1E KU-band SES 7/9 & Merah Putih,Missing
Darshana TV,1_0_1_3566_12_AC_4390000_0_0_0.png,darshanatv.png,108.1E,(49) 108.1E KU-band SES 7/9 & Merah Putih,Missing
Darshana TV @ FREE,1_0_1_355A_12_AC_4390000_0_0_0.png,darshanatvfree.png,108.1E,(49) 108.1E KU-band SES 7/9 & Merah Putih,Missing
Devam @ FREE,1_0_1_35B4_13_AC_4390000_0_0_0.png,devamfree.png,108.1E,(49) 108.1E KU-band SES 7/9 & Merah Putih,Missing
Dil Punjabi,1_0_1_3538_10_AC_4390000_0_0_0.png,dilpunjabi.png,108.1E,(49) 108.1E KU-band SES 7/9 & Merah Putih,Missing
Discovery Kids @ Rs 4,1_0_1_2F0C_15_AC_4390000_0_0_0.png,discoverykidsrs4.png,108.1E,(49) 108.1E KU-band SES 7/9 & Merah Putih,Missing
Disha TV @ FREE,1_0_1_343B_12_AC_4390000_0_0_0.png,dishatvfree.png,108.1E,(49) 108.1E KU-band SES 7/9 & Merah Putih,Missing
Dishum @ FREE,1_0_1_33EB_10_AC_4390000_0_0_0.png,dishumfree.png,108.1E,(49) 108.1E KU-band SES 7/9 & Merah Putih,Missing
Disney Channel @ Rs 12,1_0_1_938_F_AC_4390000_0_0_0.png,disneychannelrs12.png,108.1E,(49) 108.1E KU-band SES 7/9 & Merah Putih,Missing
Disney Junior @ Rs 4,1_0_1_32DC_F_AC_4390000_0_0_0.png,disneyjuniorrs4.png,108.1E,(49) 108.1E KU-band SES 7/9 & Merah Putih,Missing
Disney Stories @ Rs 50,1_0_1_33A3_10_AC_4390000_0_0_0.png,disneystoriesrs50.png,108.1E,(49) 108.1E KU-band SES 7/9 & Merah Putih,Missing
Divyavani TV,1_0_1_3376_E_AC_4390000_0_0_0.png,divyavanitv.png,108.1E,(49) 108.1E KU-band SES 7/9 & Merah Putih,Missing
Dum TV Kannada @ FREE,1_0_1_357D_10_AC_4390000_0_0_0.png,dumtvkannadafree.png,108.1E,(49) 108.1E KU-band SES 7/9 & Merah Putih,Missing
ENTERR10 @ FREE,1_0_1_3525_10_AC_4390000_0_0_0.png,enterr10free.png,108.1E,(49) 108.1E KU-band SES 7/9 & Merah Putih,Missing
ET NOW SWADESH @ Rs 1,1_0_1_35D3_14_AC_4390000_0_0_0.png,etnowswadeshrs1.png,108.1E,(49) 108.1E KU-band SES 7/9 & Merah Putih,Missing
ETV Abhiruchi @ Rs 3,1_0_1_3377_E_AC_4390000_0_0_0.png,etvabhiruchirs3.png,108.1E,(49) 108.1E KU-band SES 7/9 & Merah Putih,Missing
ETV Bal Bharat @ Rs 4,1_0_1_35B8_12_AC_4390000_0_0_0.png,etvbalbharatrs4.png,108.1E,(49) 108.1E KU-band SES 7/9 & Merah Putih,Missing
ETV Cinema @ Rs 17,1_0_1_3315_11_AC_4390000_0_0_0.png,etvcinemars17.png,108.1E,(49) 108.1E KU-band SES 7/9 & Merah Putih,Missing
ETV HD @ Rs 19,1_0_19_3379_13_AC_4390000_0_0_0.png,etvhdrs19.png,108.1E,(49) 108.1E KU-band SES 7/9 & Merah Putih,Missing
ETV Telugu @ Rs 19,1_0_1_1D61_11_AC_4390000_0_0_0.png,etvtelugurs19.png,108.1E,(49) 108.1E KU-band SES 7/9 & Merah Putih,Missing
EZ Mall @ FREE,1_0_1_344C_13_AC_4390000_0_0_0.png,ezmallfree.png,108.1E,(49) 108.1E KU-band SES 7/9 & Merah Putih,Missing
English Movies Home,1_0_1_34D6_F_AC_4390000_0_0_0.png,englishmovieshome.png,108.1E,(49) 108.1E KU-band SES 7/9 & Merah Putih,Missing
English Movies Home,1_0_1_34D7_F_AC_4390000_0_0_0.png,englishmovieshome.png,108.1E,(49) 108.1E KU-band SES 7/9 & Merah Putih,Missing
English Movies Home,1_0_1_34D8_F_AC_4390000_0_0_0.png,englishmovieshome.png,108.1E,(49) 108.1E KU-band SES 7/9 & Merah Putih,Missing
English Movies Home,1_0_1_34D9_F_AC_4390000_0_0_0.png,englishmovieshome.png,108.1E,(49) 108.1E KU-band SES 7/9 & Merah Putih,Missing
Enterr10 Bangla @ FREE,1_0_1_34C8_12_AC_4390000_0_0_0.png,enterr10banglafree.png,108.1E,(49) 108.1E KU-band SES 7/9 & Merah Putih,Missing
Eurosport @ Rs 5,1_0_1_33FD_E_AC_4390000_0_0_0.png,eurosportrs5.png,108.1E,(49) 108.1E KU-band SES 7/9 & Merah Putih,Missing
FM News @ FREE,1_0_1_3450_11_AC_4390000_0_0_0.png,fmnewsfree.png,108.1E,(49) 108.1E KU-band SES 7/9 & Merah Putih,Missing
FOOD FOOD @ FREE,1_0_1_3514_10_AC_4390000_0_0_0.png,foodfoodfree.png,108.1E,(49) 108.1E KU-band SES 7/9 & Merah Putih,Missing
FTV @ FREE,1_0_1_32FC_10_AC_4390000_0_0_0.png,ftvfree.png,108.1E,(49) 108.1E KU-band SES 7/9 & Merah Putih,Missing
First India News Rajasthan @ FREE,1_0_1_3438_10_AC_4390000_0_0_0.png,firstindianewsrajasthanfree.png,108.1E,(49) 108.1E KU-band SES 7/9 & Merah Putih,Missing
France 24 @ FREE,1_0_1_35A6_15_AC_4390000_0_0_0.png,france24free.png,108.1E,(49) 108.1E KU-band SES 7/9 & Merah Putih,Missing
Frontier @ FREE,1_0_1_3470_11_AC_4390000_0_0_0.png,frontierfree.png,108.1E,(49) 108.1E KU-band SES 7/9 & Merah Putih,Missing
GS TV @ FREE,1_0_1_361B_F_AC_4390000_0_0_0.png,gstvfree.png,108.1E,(49) 108.1E KU-band SES 7/9 & Merah Putih,Missing
GTC PUNJABI @ FREE,1_0_1_2FC5_15_AC_4390000_0_0_0.png,gtcpunjabifree.png,108.1E,(49) 108.1E KU-band SES 7/9 & Merah Putih,Missing
GULISTAN NEWS,1_0_1_338E_10_AC_4390000_0_0_0.png,gulistannews.png,108.1E,(49) 108.1E KU-band SES 7/9 & Merah Putih,Missing
Gemini Movies @ Rs 19,1_0_1_1D6D_11_AC_4390000_0_0_0.png,geminimoviesrs19.png,108.1E,(49) 108.1E KU-band SES 7/9 & Merah Putih,Missing
Gemini Movies HD @ Rs 19,1_0_19_3516_F_AC_4390000_0_0_0.png,geminimovieshdrs19.png,108.1E,(49) 108.1E KU-band SES 7/9 & Merah Putih,Missing
Gemini Music HD @ Rs 19,1_0_19_351D_11_AC_4390000_0_0_0.png,geminimusichdrs19.png,108.1E,(49) 108.1E KU-band SES 7/9 & Merah Putih,Missing
Gemini TV @ Rs 19,1_0_1_1D60_11_AC_4390000_0_0_0.png,geminitvrs19.png,108.1E,(49) 108.1E KU-band SES 7/9 & Merah Putih,Missing
Goldmines @ FREE,1_0_1_3561_11_AC_4390000_0_0_0.png,goldminesfree.png,108.1E,(49) 108.1E KU-band SES 7/9 & Merah Putih,Missing
Goldmines Bollywood @ FREE,1_0_1_3618_D_AC_4390000_0_0_0.png,goldminesbollywoodfree.png,108.1E,(49) 108.1E KU-band SES 7/9 & Merah Putih,Missing
Good Life,1_0_1_3500_E_AC_4390000_0_0_0.png,goodlife.png,108.1E,(49) 108.1E KU-band SES 7/9 & Merah Putih,Missing
Good Life,1_0_1_3511_E_AC_4390000_0_0_0.png,goodlife.png,108.1E,(49) 108.1E KU-band SES 7/9 & Merah Putih,Missing
Goodness TV @ FREE,1_0_1_2FCC_11_AC_4390000_0_0_0.png,goodnesstvfree.png,108.1E,(49) 108.1E KU-band SES 7/9 & Merah Putih,Missing
Green TV,1_0_1_33A6_E_AC_4390000_0_0_0.png,greentv.png,108.1E,(49) 108.1E KU-band SES 7/9 & Merah Putih,Missing
Gubbare @ Rs 5,1_0_1_3587_13_AC_4390000_0_0_0.png,gubbarers5.png,108.1E,(49) 108.1E KU-band SES 7/9 & Merah Putih,Missing
Gyana Yogi,1_0_1_338F_F_AC_4390000_0_0_0.png,gyanayogi.png,108.1E,(49) 108.1E KU-band SES 7/9 & Merah Putih,Missing
Gyandarshan @ FREE,1_0_1_343D_E_AC_4390000_0_0_0.png,gyandarshanfree.png,108.1E,(49) 108.1E KU-band SES 7/9 & Merah Putih,Missing
HOTELAPPTS15,1_0_1_353B_F_AC_4390000_0_0_0.png,hotelappts15.png,108.1E,(49) 108.1E KU-band SES 7/9 & Merah Putih,Missing
HUNGAMA @ Rs 2,1_0_1_935_10_AC_4390000_0_0_0.png,hungamars2.png,108.1E,(49) 108.1E KU-band SES 7/9 & Merah Putih,Missing
Harvest TV 24x7 @ FREE,1_0_1_3382_14_AC_4390000_0_0_0.png,harvesttv24x7free.png,108.1E,(49) 108.1E KU-band SES 7/9 & Merah Putih,Missing
Hindi Khabar @ FREE,1_0_1_33B5_F_AC_4390000_0_0_0.png,hindikhabarfree.png,108.1E,(49) 108.1E KU-band SES 7/9 & Merah Putih,Missing
Hindi Khabar @ FREE,1_0_1_35C1_14_AC_4390000_0_0_0.png,hindikhabarfree.png,108.1E,(49) 108.1E KU-band SES 7/9 & Merah Putih,Missing
History TV18 HD @ Rs 7,1_0_19_859_12_AC_4390000_0_0_0.png,historytv18hdrs7.png,108.1E,(49) 108.1E KU-band SES 7/9 & Merah Putih,Missing
Hollywood Masala @ Rs 45,1_0_1_3475_F_AC_4390000_0_0_0.png,hollywoodmasalars45.png,108.1E,(49) 108.1E KU-band SES 7/9 & Merah Putih,Missing
I LOVE PEN STUDIOS @ FREE,1_0_1_3419_11_AC_4390000_0_0_0.png,ilovepenstudiosfree.png,108.1E,(49) 108.1E KU-band SES 7/9 & Merah Putih,Missing
IKIDS WORLD PORTAL,1_0_1_369C_15_AC_4390000_0_0_0.png,ikidsworldportal.png,108.1E,(49) 108.1E KU-band SES 7/9 & Merah Putih,Missing
IKIDSTEST @ Rs 0,1_0_1_3568_15_AC_4390000_0_0_0.png,ikidstestrs0.png,108.1E,(49) 108.1E KU-band SES 7/9 & Merah Putih,Missing
IKIDSWORLDTEST NEW,1_0_1_3494_15_AC_4390000_0_0_0.png,ikidsworldtestnew.png,108.1E,(49) 108.1E KU-band SES 7/9 & Merah Putih,Missing
IMC 2019,1_0_1_3510_F_AC_4390000_0_0_0.png,imc2019.png,108.1E,(49) 108.1E KU-band SES 7/9 & Merah Putih,Missing
INDIA TV SPEED NEWS @ Rs 1,1_0_1_36AB_E_AC_4390000_0_0_0.png,indiatvspeednewsrs1.png,108.1E,(49) 108.1E KU-band SES 7/9 & Merah Putih,Missing
INH 24X7 @ FREE,1_0_1_353E_11_AC_4390000_0_0_0.png,inh24x7free.png,108.1E,(49) 108.1E KU-band SES 7/9 & Merah Putih,Missing
IRDETO EPG TS12,1_0_A0_7CDB_D_AC_4390000_0_0_0.png,irdetoepgts12.png,108.1E,(49) 108.1E KU-band SES 7/9 & Merah Putih,Missing
IRDETO EPG TS14,1_0_A0_7CDC_E_AC_4390000_0_0_0.png,irdetoepgts14.png,108.1E,(49) 108.1E KU-band SES 7/9 & Merah Putih,Missing
IRDETO EPG TS15,1_0_A0_7CDD_F_AC_4390000_0_0_0.png,irdetoepgts15.png,108.1E,(49) 108.1E KU-band SES 7/9 & Merah Putih,Missing
IRDETO EPG TS16,1_0_A0_7CDE_10_AC_4390000_0_0_0.png,irdetoepgts16.png,108.1E,(49) 108.1E KU-band SES 7/9 & Merah Putih,Missing
IRDETO EPG TS17,1_0_A0_7CDF_11_AC_4390000_0_0_0.png,irdetoepgts17.png,108.1E,(49) 108.1E KU-band SES 7/9 & Merah Putih,Missing
IRDETO EPG TS18,1_0_A0_7CE0_12_AC_4390000_0_0_0.png,irdetoepgts18.png,108.1E,(49) 108.1E KU-band SES 7/9 & Merah Putih,Missing
IRDETO EPG TS19,1_0_A0_7CE1_13_AC_4390000_0_0_0.png,irdetoepgts19.png,108.1E,(49) 108.1E KU-band SES 7/9 & Merah Putih,Missing
IRDETO EPG TS20,1_0_A0_7CE2_14_AC_4390000_0_0_0.png,irdetoepgts20.png,108.1E,(49) 108.1E KU-band SES 7/9 & Merah Putih,Missing
IRDETO EPG TS21,1_0_A0_7CE3_15_AC_4390000_0_0_0.png,irdetoepgts21.png,108.1E,(49) 108.1E KU-band SES 7/9 & Merah Putih,Missing
India Ahead @ FREE,1_0_1_367E_15_AC_4390000_0_0_0.png,indiaaheadfree.png,108.1E,(49) 108.1E KU-band SES 7/9 & Merah Putih,Missing
India Ahead News @ FREE,1_0_1_345A_E_AC_4390000_0_0_0.png,indiaaheadnewsfree.png,108.1E,(49) 108.1E KU-band SES 7/9 & Merah Putih,Missing
India News Punjab @ FREE,1_0_1_3487_11_AC_4390000_0_0_0.png,indianewspunjabfree.png,108.1E,(49) 108.1E KU-band SES 7/9 & Merah Putih,Missing
India Voice @ FREE,1_0_1_3432_10_AC_4390000_0_0_0.png,indiavoicefree.png,108.1E,(49) 108.1E KU-band SES 7/9 & Merah Putih,Missing
India Watch @ FREE,1_0_1_345B_E_AC_4390000_0_0_0.png,indiawatchfree.png,108.1E,(49) 108.1E KU-band SES 7/9 & Merah Putih,Missing
Indology @ FREE,1_0_1_3341_10_AC_4390000_0_0_0.png,indologyfree.png,108.1E,(49) 108.1E KU-band SES 7/9 & Merah Putih,Missing
Investigation Discovery HD @ Rs 2,1_0_19_3418_13_AC_4390000_0_0_0.png,investigationdiscoveryhdrs2.png,108.1E,(49) 108.1E KU-band SES 7/9 & Merah Putih,Missing
Isai Aruvi @ Rs 4,1_0_1_5E6_15_AC_4390000_0_0_0.png,isaiaruvirs4.png,108.1E,(49) 108.1E KU-band SES 7/9 & Merah Putih,Missing
Ishara TV @ Rs 5,1_0_1_35A1_15_AC_4390000_0_0_0.png,isharatvrs5.png,108.1E,(49) 108.1E KU-band SES 7/9 & Merah Putih,Missing
Ishwar TV,1_0_1_33A2_F_AC_4390000_0_0_0.png,ishwartv.png,108.1E,(49) 108.1E KU-band SES 7/9 & Merah Putih,Missing
JALSHA MOVIES HD @ Rs 19,1_0_19_331F_14_AC_4390000_0_0_0.png,jalshamovieshdrs19.png,108.1E,(49) 108.1E KU-band SES 7/9 & Merah Putih,Missing
JAN TV @ FREE,1_0_1_352B_10_AC_4390000_0_0_0.png,jantvfree.png,108.1E,(49) 108.1E KU-band SES 7/9 & Merah Putih,Missing
JK 24x7 News @ FREE,1_0_1_343F_11_AC_4390000_0_0_0.png,jk24x7newsfree.png,108.1E,(49) 108.1E KU-band SES 7/9 & Merah Putih,Missing
Janasri News,1_0_1_339C_10_AC_4390000_0_0_0.png,janasrinews.png,108.1E,(49) 108.1E KU-band SES 7/9 & Merah Putih,Missing
Jano Duniya @ FREE,1_0_1_34A5_11_AC_4390000_0_0_0.png,janoduniyafree.png,108.1E,(49) 108.1E KU-band SES 7/9 & Merah Putih,Missing
Jantantra TV @ FREE,1_0_1_3493_11_AC_4390000_0_0_0.png,jantantratvfree.png,108.1E,(49) 108.1E KU-band SES 7/9 & Merah Putih,Missing
Jantantra TV @ FREE,1_0_1_35BF_14_AC_4390000_0_0_0.png,jantantratvfree.png,108.1E,(49) 108.1E KU-band SES 7/9 & Merah Putih,Missing
Jay JAGANNATH @ Rs 5,1_0_1_3646_14_AC_4390000_0_0_0.png,jayjagannathrs5.png,108.1E,(49) 108.1E KU-band SES 7/9 & Merah Putih,Missing
KITE VICTERS @ FREE,1_0_1_3555_13_AC_4390000_0_0_0.png,kitevictersfree.png,108.1E,(49) 108.1E KU-band SES 7/9 & Merah Putih,Missing
KTV @ Rs 19,1_0_1_1D4D_11_AC_4390000_0_0_0.png,ktvrs19.png,108.1E,(49) 108.1E KU-band SES 7/9 & Merah Putih,Missing
KTV HD @ Rs 19,1_0_19_33F0_11_AC_4390000_0_0_0.png,ktvhdrs19.png,108.1E,(49) 108.1E KU-band SES 7/9 & Merah Putih,Missing
Kaatyayani TV @ FREE,1_0_1_33F1_10_AC_4390000_0_0_0.png,kaatyayanitvfree.png,108.1E,(49) 108.1E KU-band SES 7/9 & Merah Putih,Missing
Kalaignar TV @ Rs 19,1_0_1_157F_D_AC_4390000_0_0_0.png,kalaignartvrs19.png,108.1E,(49) 108.1E KU-band SES 7/9 & Merah Putih,Missing
Kalinga TV @ FREE,1_0_1_32CB_F_AC_4390000_0_0_0.png,kalingatvfree.png,108.1E,(49) 108.1E KU-band SES 7/9 & Merah Putih,Missing
Kalvi,1_0_1_3572_13_AC_4390000_0_0_0.png,kalvi.png,108.1E,(49) 108.1E KU-band SES 7/9 & Merah Putih,Missing
Khabrain Abhi Tak @ FREE,1_0_1_33BC_12_AC_4390000_0_0_0.png,khabrainabhitakfree.png,108.1E,(49) 108.1E KU-band SES 7/9 & Merah Putih,Missing
Khushi TV @ FREE,1_0_1_34A4_11_AC_4390000_0_0_0.png,khushitvfree.png,108.1E,(49) 108.1E KU-band SES 7/9 & Merah Putih,Missing
LIVE Dagduseth Halwai,1_0_1_345E_E_AC_4390000_0_0_0.png,livedagdusethhalwai.png,108.1E,(49) 108.1E KU-band SES 7/9 & Merah Putih,Missing
LOVE WORLD @ FREE,1_0_1_3547_F_AC_4390000_0_0_0.png,loveworldfree.png,108.1E,(49) 108.1E KU-band SES 7/9 & Merah Putih,Missing
Let's Dance @ Rs 45,1_0_1_346C_10_AC_4390000_0_0_0.png,letsdancers45.png,108.1E,(49) 108.1E KU-band SES 7/9 & Merah Putih,Missing
Living Foodz HD @ Rs 10,1_0_19_33F9_F_AC_4390000_0_0_0.png,livingfoodzhdrs10.png,108.1E,(49) 108.1E KU-band SES 7/9 & Merah Putih,Missing
Living India News @ FREE,1_0_1_350E_E_AC_4390000_0_0_0.png,livingindianewsfree.png,108.1E,(49) 108.1E KU-band SES 7/9 & Merah Putih,Missing
MALAI MURASU SEITHIKAL @ FREE,1_0_1_366A_12_AC_4390000_0_0_0.png,malaimurasuseithikalfree.png,108.1E,(49) 108.1E KU-band SES 7/9 & Merah Putih,Missing
MBC TV @ FREE,1_0_1_2F53_E_AC_4390000_0_0_0.png,mbctvfree.png,108.1E,(49) 108.1E KU-band SES 7/9 & Merah Putih,Missing
MH ONE NEWS @ FREE,1_0_1_369B_11_AC_4390000_0_0_0.png,mhonenewsfree.png,108.1E,(49) 108.1E KU-band SES 7/9 & Merah Putih,Missing
MH One Shraddha @ FREE,1_0_1_A85_12_AC_4390000_0_0_0.png,mhoneshraddhafree.png,108.1E,(49) 108.1E KU-band SES 7/9 & Merah Putih,Missing
MK Six,1_0_1_3387_F_AC_4390000_0_0_0.png,mksix.png,108.1E,(49) 108.1E KU-band SES 7/9 & Merah Putih,Missing
MK Tunes,1_0_1_3386_E_AC_4390000_0_0_0.png,mktunes.png,108.1E,(49) 108.1E KU-band SES 7/9 & Merah Putih,Missing
MN+ @ Rs 10,1_0_19_23EE_12_AC_4390000_0_0_0.png,mnrs10.png,108.1E,(49) 108.1E KU-band SES 7/9 & Merah Putih,Missing
MOVIE MANIA,1_0_1_103E_E_AC_4390000_0_0_0.png,moviemania.png,108.1E,(49) 108.1E KU-band SES 7/9 & Merah Putih,Missing
MOVIES NOW HD @ Rs 16,1_0_19_3320_11_AC_4390000_0_0_0.png,moviesnowhdrs16.png,108.1E,(49) 108.1E KU-band SES 7/9 & Merah Putih,Missing
Maha Cartoon TV,1_0_1_33BE_F_AC_4390000_0_0_0.png,mahacartoontv.png,108.1E,(49) 108.1E KU-band SES 7/9 & Merah Putih,Missing
Maha Movie,1_0_1_33BF_E_AC_4390000_0_0_0.png,mahamovie.png,108.1E,(49) 108.1E KU-band SES 7/9 & Merah Putih,Missing
Malai Murasu @ FREE,1_0_1_3440_D_AC_4390000_0_0_0.png,malaimurasufree.png,108.1E,(49) 108.1E KU-band SES 7/9 & Merah Putih,Missing
Malai Murasu Seithikal @ FREE,1_0_1_3553_D_AC_4390000_0_0_0.png,malaimurasuseithikalfree.png,108.1E,(49) 108.1E KU-band SES 7/9 & Merah Putih,Missing
Malgudi Days,1_0_1_33ED_F_AC_4390000_0_0_0.png,malgudidays.png,108.1E,(49) 108.1E KU-band SES 7/9 & Merah Putih,Missing
Manjari @ FREE,1_0_1_3539_10_AC_4390000_0_0_0.png,manjarifree.png,108.1E,(49) 108.1E KU-band SES 7/9 & Merah Putih,Missing
Manoranjan Movies,1_0_1_33C6_E_AC_4390000_0_0_0.png,manoranjanmovies.png,108.1E,(49) 108.1E KU-band SES 7/9 & Merah Putih,Missing
Manoranjan TV,1_0_1_33D6_E_AC_4390000_0_0_0.png,manoranjantv.png,108.1E,(49) 108.1E KU-band SES 7/9 & Merah Putih,Missing
Manoranjan Tv @ FREE,1_0_1_364C_12_AC_4390000_0_0_0.png,manoranjantvfree.png,108.1E,(49) 108.1E KU-band SES 7/9 & Merah Putih,Missing
Mazhavil Manorama HD @ FREE,1_0_19_32EC_11_AC_4390000_0_0_0.png,mazhavilmanoramahdfree.png,108.1E,(49) 108.1E KU-band SES 7/9 & Merah Putih,Missing
MovieTime,1_0_1_3481_F_AC_4390000_0_0_0.png,movietime.png,108.1E,(49) 108.1E KU-band SES 7/9 & Merah Putih,Missing
Mubu TV,1_0_1_3395_E_AC_4390000_0_0_0.png,mubutv.png,108.1E,(49) 108.1E KU-band SES 7/9 & Merah Putih,Missing
Mubu TV @ FREE,1_0_1_344A_F_AC_4390000_0_0_0.png,mubutvfree.png,108.1E,(49) 108.1E KU-band SES 7/9 & Merah Putih,Missing
Multiplex,1_0_1_3304_10_AC_4390000_0_0_0.png,multiplex.png,108.1E,(49) 108.1E KU-band SES 7/9 & Merah Putih,Missing
Munsif TV,1_0_1_3383_10_AC_4390000_0_0_0.png,munsiftv.png,108.1E,(49) 108.1E KU-band SES 7/9 & Merah Putih,Missing
Murasu @ Rs 12,1_0_1_2F18_11_AC_4390000_0_0_0.png,murasurs12.png,108.1E,(49) 108.1E KU-band SES 7/9 & Merah Putih,Missing
Music Zone,1_0_1_3581_11_AC_4390000_0_0_0.png,musiczone.png,108.1E,(49) 108.1E KU-band SES 7/9 & Merah Putih,Missing
NDTV MPCG @ FREE,1_0_1_3660_15_AC_4390000_0_0_0.png,ndtvmpcgfree.png,108.1E,(49) 108.1E KU-band SES 7/9 & Merah Putih,Missing
NDTV Rajasthan @ FREE,1_0_1_3665_11_AC_4390000_0_0_0.png,ndtvrajasthanfree.png,108.1E,(49) 108.1E KU-band SES 7/9 & Merah Putih,Missing
NEWS MALAYALAM 24 X 7 @ FREE,1_0_1_3640_11_AC_4390000_0_0_0.png,newsmalayalam24x7free.png,108.1E,(49) 108.1E KU-band SES 7/9 & Merah Putih,Missing
NICK HD+ @ Rs 10,1_0_19_330E_12_AC_4390000_0_0_0.png,nickhdrs10.png,108.1E,(49) 108.1E KU-band SES 7/9 & Merah Putih,Missing
NT 7 @ FREE,1_0_1_2FE2_10_AC_4390000_0_0_0.png,nt7free.png,108.1E,(49) 108.1E KU-band SES 7/9 & Merah Putih,Missing
Naaptol @ FREE,1_0_1_3441_F_AC_4390000_0_0_0.png,naaptolfree.png,108.1E,(49) 108.1E KU-band SES 7/9 & Merah Putih,Missing
Naaptol Blue,1_0_1_3399_10_AC_4390000_0_0_0.png,naaptolblue.png,108.1E,(49) 108.1E KU-band SES 7/9 & Merah Putih,Missing
Naaptol Blue,1_0_1_2FA0_10_AC_4390000_0_0_0.png,naaptolblue.png,108.1E,(49) 108.1E KU-band SES 7/9 & Merah Putih,Missing
Nat Geo Wild HD @ Rs 8,1_0_19_34ED_13_AC_4390000_0_0_0.png,natgeowildhdrs8.png,108.1E,(49) 108.1E KU-band SES 7/9 & Merah Putih,Missing
Nation Live,1_0_1_33AD_E_AC_4390000_0_0_0.png,nationlive.png,108.1E,(49) 108.1E KU-band SES 7/9 & Merah Putih,Missing
National Geographic Channel @ Rs 3,1_0_1_14DD_F_AC_4390000_0_0_0.png,nationalgeographicchannelrs3.png,108.1E,(49) 108.1E KU-band SES 7/9 & Merah Putih,Missing
National Voice @ FREE,1_0_1_33F7_E_AC_4390000_0_0_0.png,nationalvoicefree.png,108.1E,(49) 108.1E KU-band SES 7/9 & Merah Putih,Missing
Navgrah,1_0_1_33FE_10_AC_4390000_0_0_0.png,navgrah.png,108.1E,(49) 108.1E KU-band SES 7/9 & Merah Putih,Missing
Navtej 24X7 TV @ FREE,1_0_1_353A_F_AC_4390000_0_0_0.png,navtej24x7tvfree.png,108.1E,(49) 108.1E KU-band SES 7/9 & Merah Putih,Missing
News India 24x7 @ FREE,1_0_1_3673_11_AC_4390000_0_0_0.png,newsindia24x7free.png,108.1E,(49) 108.1E KU-band SES 7/9 & Merah Putih,Missing
News India 24x7 @ FREE,1_0_1_35CD_10_AC_4390000_0_0_0.png,newsindia24x7free.png,108.1E,(49) 108.1E KU-band SES 7/9 & Merah Putih,Missing
News Nation @ FREE,1_0_1_2F21_15_AC_4390000_0_0_0.png,newsnationfree.png,108.1E,(49) 108.1E KU-band SES 7/9 & Merah Putih,Missing
News State Bihar Jharkhand @ FREE,1_0_1_3620_E_AC_4390000_0_0_0.png,newsstatebiharjharkhandfree.png,108.1E,(49) 108.1E KU-band SES 7/9 & Merah Putih,Missing
News Tamil 24X7 @ FREE,1_0_1_35EA_E_AC_4390000_0_0_0.png,newstamil24x7free.png,108.1E,(49) 108.1E KU-band SES 7/9 & Merah Putih,Missing
News World India @ FREE,1_0_1_345F_10_AC_4390000_0_0_0.png,newsworldindiafree.png,108.1E,(49) 108.1E KU-band SES 7/9 & Merah Putih,Missing
News X Kannada @ FREE,1_0_1_3488_F_AC_4390000_0_0_0.png,newsxkannadafree.png,108.1E,(49) 108.1E KU-band SES 7/9 & Merah Putih,Missing
News18 Assam North-East @ Rs 0.1,1_0_1_2FDF_12_AC_4390000_0_0_0.png,news18assamnortheastrs01.png,108.1E,(49) 108.1E KU-band SES 7/9 & Merah Putih,Missing
News18 Bihar Jharkhand @ Rs 0.1,1_0_1_205F_12_AC_4390000_0_0_0.png,news18biharjharkhandrs01.png,108.1E,(49) 108.1E KU-band SES 7/9 & Merah Putih,Missing
News18 India @ Rs 0,1_0_1_CD1_11_AC_4390000_0_0_0.png,news18indiars0.png,108.1E,(49) 108.1E KU-band SES 7/9 & Merah Putih,Missing
News18 JK LA HP @ Rs 0.1,1_0_1_64A_12_AC_4390000_0_0_0.png,news18jklahprs01.png,108.1E,(49) 108.1E KU-band SES 7/9 & Merah Putih,Missing
News18 Madhya Pradesh Chhattisgarh @ Rs 0.1,1_0_1_2064_E_AC_4390000_0_0_0.png,news18madhyapradeshchhattisgarhrs01.png,108.1E,(49) 108.1E KU-band SES 7/9 & Merah Putih,Missing
News18 Odia @ Rs 0.1,1_0_1_2FD6_15_AC_4390000_0_0_0.png,news18odiars01.png,108.1E,(49) 108.1E KU-band SES 7/9 & Merah Putih,Missing
News18 Rajasthan @ Rs 0.1,1_0_1_2060_12_AC_4390000_0_0_0.png,news18rajasthanrs01.png,108.1E,(49) 108.1E KU-band SES 7/9 & Merah Putih,Missing
News18 Uttar Pradesh Uttarakhand @ Rs 0.1,1_0_1_14A9_12_AC_4390000_0_0_0.png,news18uttarpradeshuttarakhandrs01.png,108.1E,(49) 108.1E KU-band SES 7/9 & Merah Putih,Missing
News24 MPCG @ FREE,1_0_1_3611_14_AC_4390000_0_0_0.png,news24mpcgfree.png,108.1E,(49) 108.1E KU-band SES 7/9 & Merah Putih,Missing
News7 @ Free,1_0_1_35C6_13_AC_4390000_0_0_0.png,news7free.png,108.1E,(49) 108.1E KU-band SES 7/9 & Merah Putih,Missing
Nick @ Rs 7,1_0_1_937_11_AC_4390000_0_0_0.png,nickrs7.png,108.1E,(49) 108.1E KU-band SES 7/9 & Merah Putih,Missing
Nick Junior @ Rs 1,1_0_1_2F14_15_AC_4390000_0_0_0.png,nickjuniorrs1.png,108.1E,(49) 108.1E KU-band SES 7/9 & Merah Putih,Missing
Nipuna,1_0_1_3571_13_AC_4390000_0_0_0.png,nipuna.png,108.1E,(49) 108.1E KU-band SES 7/9 & Merah Putih,Missing
North East Live @ FREE,1_0_1_3406_10_AC_4390000_0_0_0.png,northeastlivefree.png,108.1E,(49) 108.1E KU-band SES 7/9 & Merah Putih,Missing
OK India @ FREE,1_0_1_33BB_F_AC_4390000_0_0_0.png,okindiafree.png,108.1E,(49) 108.1E KU-band SES 7/9 & Merah Putih,Missing
Oscar Movies,1_0_1_32E9_E_AC_4390000_0_0_0.png,oscarmovies.png,108.1E,(49) 108.1E KU-band SES 7/9 & Merah Putih,Missing
POP CORN MOVIES @ FREE,1_0_1_35B1_14_AC_4390000_0_0_0.png,popcornmoviesfree.png,108.1E,(49) 108.1E KU-band SES 7/9 & Merah Putih,Missing
PTC Music @ FREE,1_0_1_34F4_12_AC_4390000_0_0_0.png,ptcmusicfree.png,108.1E,(49) 108.1E KU-band SES 7/9 & Merah Putih,Missing
PTC Simran @ FREE,1_0_1_34F5_14_AC_4390000_0_0_0.png,ptcsimranfree.png,108.1E,(49) 108.1E KU-band SES 7/9 & Merah Putih,Missing
PUBLIC MOVIES @ FREE,1_0_1_3526_10_AC_4390000_0_0_0.png,publicmoviesfree.png,108.1E,(49) 108.1E KU-band SES 7/9 & Merah Putih,Missing
PUNJABI HITS @ FREE,1_0_1_35B5_14_AC_4390000_0_0_0.png,punjabihitsfree.png,108.1E,(49) 108.1E KU-band SES 7/9 & Merah Putih,Missing
Peace of Mind @ FREE,1_0_1_2F88_10_AC_4390000_0_0_0.png,peaceofmindfree.png,108.1E,(49) 108.1E KU-band SES 7/9 & Merah Putih,Missing
Pitaara @ FREE,1_0_1_33F4_10_AC_4390000_0_0_0.png,pitaarafree.png,108.1E,(49) 108.1E KU-band SES 7/9 & Merah Putih,Missing
Pogo @ Rs 5,1_0_1_934_15_AC_4390000_0_0_0.png,pogors5.png,108.1E,(49) 108.1E KU-band SES 7/9 & Merah Putih,Missing
Power TV @ FREE,1_0_1_3602_13_AC_4390000_0_0_0.png,powertvfree.png,108.1E,(49) 108.1E KU-band SES 7/9 & Merah Putih,Missing
Power TV @ FREE,1_0_1_3486_11_AC_4390000_0_0_0.png,powertvfree.png,108.1E,(49) 108.1E KU-band SES 7/9 & Merah Putih,Missing
Prajaa TV,1_0_1_337F_E_AC_4390000_0_0_0.png,prajaatv.png,108.1E,(49) 108.1E KU-band SES 7/9 & Merah Putih,Missing
Prameya news 7 @ FREE,1_0_1_2FD4_12_AC_4390000_0_0_0.png,prameyanews7free.png,108.1E,(49) 108.1E KU-band SES 7/9 & Merah Putih,Missing
Pravah Picture @ Rs 6,1_0_1_35FD_13_AC_4390000_0_0_0.png,pravahpicturers6.png,108.1E,(49) 108.1E KU-band SES 7/9 & Merah Putih,Missing
Pravah Picture HD @ Rs 10,1_0_19_3689_14_AC_4390000_0_0_0.png,pravahpicturehdrs10.png,108.1E,(49) 108.1E KU-band SES 7/9 & Merah Putih,Missing
Public First @ FREE,1_0_1_3683_15_AC_4390000_0_0_0.png,publicfirstfree.png,108.1E,(49) 108.1E KU-band SES 7/9 & Merah Putih,Missing
Pudhari News @ FREE,1_0_1_3664_15_AC_4390000_0_0_0.png,pudharinewsfree.png,108.1E,(49) 108.1E KU-band SES 7/9 & Merah Putih,Missing
R Bharat @ FREE,1_0_1_3490_E_AC_4390000_0_0_0.png,rbharatfree.png,108.1E,(49) 108.1E KU-band SES 7/9 & Merah Putih,Missing
R.Kannada @ FREE,1_0_1_33A1_F_AC_4390000_0_0_0.png,rkannadafree.png,108.1E,(49) 108.1E KU-band SES 7/9 & Merah Putih,Missing
R9 @ FREE,1_0_1_3504_11_AC_4390000_0_0_0.png,r9free.png,108.1E,(49) 108.1E KU-band SES 7/9 & Merah Putih,Missing
RT @ FREE,1_0_1_1C8F_15_AC_4390000_0_0_0.png,rtfree.png,108.1E,(49) 108.1E KU-band SES 7/9 & Merah Putih,Missing
Raj Musix Malayalam @ FREE,1_0_1_3392_F_AC_4390000_0_0_0.png,rajmusixmalayalamfree.png,108.1E,(49) 108.1E KU-band SES 7/9 & Merah Putih,Missing
Raj Musix Tamil @ Rs 1.39,1_0_1_339F_F_AC_4390000_0_0_0.png,rajmusixtamilrs139.png,108.1E,(49) 108.1E KU-band SES 7/9 & Merah Putih,Missing
Raj Musix Telugu @ FREE,1_0_1_338D_F_AC_4390000_0_0_0.png,rajmusixtelugufree.png,108.1E,(49) 108.1E KU-band SES 7/9 & Merah Putih,Missing
Raj News Kannada @ FREE,1_0_1_3389_F_AC_4390000_0_0_0.png,rajnewskannadafree.png,108.1E,(49) 108.1E KU-band SES 7/9 & Merah Putih,Missing
Raj News Malayalam @ FREE,1_0_1_3391_F_AC_4390000_0_0_0.png,rajnewsmalayalamfree.png,108.1E,(49) 108.1E KU-band SES 7/9 & Merah Putih,Missing
Raj News Tamil @ Rs 0.27,1_0_1_339E_F_AC_4390000_0_0_0.png,rajnewstamilrs027.png,108.1E,(49) 108.1E KU-band SES 7/9 & Merah Putih,Missing
Raj News Telugu @ FREE,1_0_1_338B_F_AC_4390000_0_0_0.png,rajnewstelugufree.png,108.1E,(49) 108.1E KU-band SES 7/9 & Merah Putih,Missing
Republic TV @ FREE,1_0_1_33BD_10_AC_4390000_0_0_0.png,republictvfree.png,108.1E,(49) 108.1E KU-band SES 7/9 & Merah Putih,Missing
Rishu Movies @ FREE,1_0_1_35D1_F_AC_4390000_0_0_0.png,rishumoviesfree.png,108.1E,(49) 108.1E KU-band SES 7/9 & Merah Putih,Missing
Rongeen Tv @ Free,1_0_1_3634_F_AC_4390000_0_0_0.png,rongeentvfree.png,108.1E,(49) 108.1E KU-band SES 7/9 & Merah Putih,Missing
SET @ Rs 19,1_0_1_44F_11_AC_4390000_0_0_0.png,setrs19.png,108.1E,(49) 108.1E KU-band SES 7/9 & Merah Putih,Missing
SHEMAROO JOSH @ FREE,1_0_1_366F_11_AC_4390000_0_0_0.png,shemaroojoshfree.png,108.1E,(49) 108.1E KU-band SES 7/9 & Merah Putih,Missing
SIDHARTH TV @ Rs 14,1_0_1_35F9_10_AC_4390000_0_0_0.png,sidharthtvrs14.png,108.1E,(49) 108.1E KU-band SES 7/9 & Merah Putih,Missing
SIDHARTH UTSAV @ Rs 3.46,1_0_1_35FA_15_AC_4390000_0_0_0.png,sidharthutsavrs346.png,108.1E,(49) 108.1E KU-band SES 7/9 & Merah Putih,Missing
SONY MAX 1 @ Rs 5,1_0_1_3631_15_AC_4390000_0_0_0.png,sonymax1rs5.png,108.1E,(49) 108.1E KU-band SES 7/9 & Merah Putih,Missing
SONY Max @ Rs 19,1_0_1_488_11_AC_4390000_0_0_0.png,sonymaxrs19.png,108.1E,(49) 108.1E KU-band SES 7/9 & Merah Putih,Missing
SONY SAB @ Rs 19,1_0_1_455_D_AC_4390000_0_0_0.png,sonysabrs19.png,108.1E,(49) 108.1E KU-band SES 7/9 & Merah Putih,Missing
SONY SPORTS TEN 2 @ Rs 19,1_0_1_8B7_D_AC_4390000_0_0_0.png,sonysportsten2rs19.png,108.1E,(49) 108.1E KU-band SES 7/9 & Merah Putih,Missing
SONY SPORTS TEN 2 HD @ Rs 25,1_0_19_33E1_D_AC_4390000_0_0_0.png,sonysportsten2hdrs25.png,108.1E,(49) 108.1E KU-band SES 7/9 & Merah Putih,Missing
STAR GOLD @ Rs 19,1_0_1_48A_E_AC_4390000_0_0_0.png,stargoldrs19.png,108.1E,(49) 108.1E KU-band SES 7/9 & Merah Putih,Missing
STAR JALSHA HD @ Rs 19,1_0_19_331E_14_AC_4390000_0_0_0.png,starjalshahdrs19.png,108.1E,(49) 108.1E KU-band SES 7/9 & Merah Putih,Missing
STAR MAA GOLD @ Rs 9,1_0_1_2F39_F_AC_4390000_0_0_0.png,starmaagoldrs9.png,108.1E,(49) 108.1E KU-band SES 7/9 & Merah Putih,Missing
STAR MOVIES @ Rs 19,1_0_1_4A6_E_AC_4390000_0_0_0.png,starmoviesrs19.png,108.1E,(49) 108.1E KU-band SES 7/9 & Merah Putih,Missing
STAR MOVIES SELECT @Rs 10,1_0_1_3696_15_AC_4390000_0_0_0.png,starmoviesselectrs10.png,108.1E,(49) 108.1E KU-band SES 7/9 & Merah Putih,Missing
STAR Maa Movies @ Rs 19,1_0_1_2541_10_AC_4390000_0_0_0.png,starmaamoviesrs19.png,108.1E,(49) 108.1E KU-band SES 7/9 & Merah Putih,Missing
STAR Maa Music @ Rs 5,1_0_1_2542_10_AC_4390000_0_0_0.png,starmaamusicrs5.png,108.1E,(49) 108.1E KU-band SES 7/9 & Merah Putih,Missing
STAR PRAVAH @ Rs 19,1_0_1_216B_13_AC_4390000_0_0_0.png,starpravahrs19.png,108.1E,(49) 108.1E KU-band SES 7/9 & Merah Putih,Missing
STAR PRAVAH HD @ Rs 19,1_0_19_3323_14_AC_4390000_0_0_0.png,starpravahhdrs19.png,108.1E,(49) 108.1E KU-band SES 7/9 & Merah Putih,Missing
STAR SPORTS KHEL @ RS 1,1_0_1_34C9_E_AC_4390000_0_0_0.png,starsportskhelrs1.png,108.1E,(49) 108.1E KU-band SES 7/9 & Merah Putih,Missing
STAR SUVARNA @ Rs 19,1_0_1_A05_14_AC_4390000_0_0_0.png,starsuvarnars19.png,108.1E,(49) 108.1E KU-band SES 7/9 & Merah Putih,Missing
STAR Suvarna Plus @ Rs 10,1_0_1_2F90_14_AC_4390000_0_0_0.png,starsuvarnaplusrs10.png,108.1E,(49) 108.1E KU-band SES 7/9 & Merah Putih,Missing
STAR UTSAV @ Rs 0,1_0_1_13F7_15_AC_4390000_0_0_0.png,starutsavrs0.png,108.1E,(49) 108.1E KU-band SES 7/9 & Merah Putih,Missing
STAR UTSAV MOVIES @ Rs 0,1_0_1_3393_E_AC_4390000_0_0_0.png,starutsavmoviesrs0.png,108.1E,(49) 108.1E KU-band SES 7/9 & Merah Putih,Missing
STAR VIJAY @ Rs 19,1_0_1_157E_14_AC_4390000_0_0_0.png,starvijayrs19.png,108.1E,(49) 108.1E KU-band SES 7/9 & Merah Putih,Missing
SUN MARATHI @ FREE,1_0_1_35D5_15_AC_4390000_0_0_0.png,sunmarathifree.png,108.1E,(49) 108.1E KU-band SES 7/9 & Merah Putih,Missing
SUN NEO @ FREE,1_0_1_3698_15_AC_4390000_0_0_0.png,sunneofree.png,108.1E,(49) 108.1E KU-band SES 7/9 & Merah Putih,Missing
SVBC2 @ FREE,1_0_1_35C8_E_AC_4390000_0_0_0.png,svbc2free.png,108.1E,(49) 108.1E KU-band SES 7/9 & Merah Putih,Missing
Sadhna Prime News @ FREE,1_0_1_3524_11_AC_4390000_0_0_0.png,sadhnaprimenewsfree.png,108.1E,(49) 108.1E KU-band SES 7/9 & Merah Putih,Missing
Sahara Samay @ FREE,1_0_1_358A_D_AC_4390000_0_0_0.png,saharasamayfree.png,108.1E,(49) 108.1E KU-band SES 7/9 & Merah Putih,Missing
Sahara Samay @ FREE,1_0_1_34AB_11_AC_4390000_0_0_0.png,saharasamayfree.png,108.1E,(49) 108.1E KU-band SES 7/9 & Merah Putih,Missing
Sahara Samay Bihar @ FREE,1_0_1_358B_11_AC_4390000_0_0_0.png,saharasamaybiharfree.png,108.1E,(49) 108.1E KU-band SES 7/9 & Merah Putih,Missing
Sahara Samay Bihar @ FREE,1_0_1_34AE_11_AC_4390000_0_0_0.png,saharasamaybiharfree.png,108.1E,(49) 108.1E KU-band SES 7/9 & Merah Putih,Missing
Sahara Samay MP @ FREE,1_0_1_358C_11_AC_4390000_0_0_0.png,saharasamaympfree.png,108.1E,(49) 108.1E KU-band SES 7/9 & Merah Putih,Missing
Sahara Samay MP @ FREE,1_0_1_34B5_11_AC_4390000_0_0_0.png,saharasamaympfree.png,108.1E,(49) 108.1E KU-band SES 7/9 & Merah Putih,Missing
Sahara Samay Rajasthan @ FREE,1_0_1_358D_11_AC_4390000_0_0_0.png,saharasamayrajasthanfree.png,108.1E,(49) 108.1E KU-band SES 7/9 & Merah Putih,Missing
Sahara Samay Rajasthan @ FREE,1_0_1_34AC_11_AC_4390000_0_0_0.png,saharasamayrajasthanfree.png,108.1E,(49) 108.1E KU-band SES 7/9 & Merah Putih,Missing
Sahara Samay UP @ FREE,1_0_1_358E_E_AC_4390000_0_0_0.png,saharasamayupfree.png,108.1E,(49) 108.1E KU-band SES 7/9 & Merah Putih,Missing
Sahara Samay UP @ FREE,1_0_1_34AD_11_AC_4390000_0_0_0.png,saharasamayupfree.png,108.1E,(49) 108.1E KU-band SES 7/9 & Merah Putih,Missing
Samaya Karnataka @ FREE,1_0_1_34A9_11_AC_4390000_0_0_0.png,samayakarnatakafree.png,108.1E,(49) 108.1E KU-band SES 7/9 & Merah Putih,Missing
Sangeet Bangla @ FREE,1_0_1_3613_D_AC_4390000_0_0_0.png,sangeetbanglafree.png,108.1E,(49) 108.1E KU-band SES 7/9 & Merah Putih,Missing
Sansad TV - 1 HD @ FREE,1_0_19_3622_11_AC_4390000_0_0_0.png,sansadtv1hdfree.png,108.1E,(49) 108.1E KU-band SES 7/9 & Merah Putih,Missing
Sanskriti 24X7 @ FREE,1_0_1_35D9_11_AC_4390000_0_0_0.png,sanskriti24x7free.png,108.1E,(49) 108.1E KU-band SES 7/9 & Merah Putih,Missing
Santvani @ FREE,1_0_1_3556_10_AC_4390000_0_0_0.png,santvanifree.png,108.1E,(49) 108.1E KU-band SES 7/9 & Merah Putih,Missing
Saral Jeevan @ FREE,1_0_1_33FF_E_AC_4390000_0_0_0.png,saraljeevanfree.png,108.1E,(49) 108.1E KU-band SES 7/9 & Merah Putih,Missing
Sarthi @ FREE,1_0_1_33AF_E_AC_4390000_0_0_0.png,sarthifree.png,108.1E,(49) 108.1E KU-band SES 7/9 & Merah Putih,Missing
Satsang @ FREE,1_0_1_3464_F_AC_4390000_0_0_0.png,satsangfree.png,108.1E,(49) 108.1E KU-band SES 7/9 & Merah Putih,Missing
Shagun TV @ FREE,1_0_1_3443_10_AC_4390000_0_0_0.png,shaguntvfree.png,108.1E,(49) 108.1E KU-band SES 7/9 & Merah Putih,Missing
Sharnam TV @ FREE,1_0_1_35B7_14_AC_4390000_0_0_0.png,sharnamtvfree.png,108.1E,(49) 108.1E KU-band SES 7/9 & Merah Putih,Missing
Shemaroo TV @ FREE,1_0_1_3554_12_AC_4390000_0_0_0.png,shemarootvfree.png,108.1E,(49) 108.1E KU-band SES 7/9 & Merah Putih,Missing
Shemaroo Umang @ FREE,1_0_1_3642_11_AC_4390000_0_0_0.png,shemarooumangfree.png,108.1E,(49) 108.1E KU-band SES 7/9 & Merah Putih,Missing
Shiva Shakthi Sai TV,1_0_1_33D5_E_AC_4390000_0_0_0.png,shivashakthisaitv.png,108.1E,(49) 108.1E KU-band SES 7/9 & Merah Putih,Missing
Shop CJ @ FREE,1_0_1_2F28_10_AC_4390000_0_0_0.png,shopcjfree.png,108.1E,(49) 108.1E KU-band SES 7/9 & Merah Putih,Missing
Showbox @ Rs 0,1_0_1_34F8_10_AC_4390000_0_0_0.png,showboxrs0.png,108.1E,(49) 108.1E KU-band SES 7/9 & Merah Putih,Missing
Shubh TV,1_0_1_3378_E_AC_4390000_0_0_0.png,shubhtv.png,108.1E,(49) 108.1E KU-band SES 7/9 & Merah Putih,Missing
Skystar Movies,1_0_1_33B2_E_AC_4390000_0_0_0.png,skystarmovies.png,108.1E,(49) 108.1E KU-band SES 7/9 & Merah Putih,Missing
Sonic @ Rs 2,1_0_1_2C62_11_AC_4390000_0_0_0.png,sonicrs2.png,108.1E,(49) 108.1E KU-band SES 7/9 & Merah Putih,Missing
Sony BBC earth HD @ Rs 19,1_0_19_337B_D_AC_4390000_0_0_0.png,sonybbcearthhdrs19.png,108.1E,(49) 108.1E KU-band SES 7/9 & Merah Putih,Missing
Sony Marathi @ Rs 6,1_0_1_3456_E_AC_4390000_0_0_0.png,sonymarathirs6.png,108.1E,(49) 108.1E KU-band SES 7/9 & Merah Putih,Missing
Sony Max 2 @ Rs 2,1_0_1_2F7C_14_AC_4390000_0_0_0.png,sonymax2rs2.png,108.1E,(49) 108.1E KU-band SES 7/9 & Merah Putih,Missing
Sony Pal @ Rs 0,1_0_1_2F97_11_AC_4390000_0_0_0.png,sonypalrs0.png,108.1E,(49) 108.1E KU-band SES 7/9 & Merah Putih,Missing
Sony SAB HD @ Rs 25,1_0_19_3370_D_AC_4390000_0_0_0.png,sonysabhdrs25.png,108.1E,(49) 108.1E KU-band SES 7/9 & Merah Putih,Missing
Sony Sports Ten 3 Hindi HD @ Rs 25,1_0_19_33E2_D_AC_4390000_0_0_0.png,sonysportsten3hindihdrs25.png,108.1E,(49) 108.1E KU-band SES 7/9 & Merah Putih,Missing
Sony Sports Ten 4 Tamil @ Rs 19,1_0_1_35C7_13_AC_4390000_0_0_0.png,sonysportsten4tamilrs19.png,108.1E,(49) 108.1E KU-band SES 7/9 & Merah Putih,Missing
Sony Sports Ten 4 Telugu @ Rs 19,1_0_19_3688_15_AC_4390000_0_0_0.png,sonysportsten4telugurs19.png,108.1E,(49) 108.1E KU-band SES 7/9 & Merah Putih,Missing
Sony Wah @ Rs 0,1_0_1_3388_E_AC_4390000_0_0_0.png,sonywahrs0.png,108.1E,(49) 108.1E KU-band SES 7/9 & Merah Putih,Missing
Sony Yay @ Rs 4,1_0_1_33B1_D_AC_4390000_0_0_0.png,sonyyayrs4.png,108.1E,(49) 108.1E KU-band SES 7/9 & Merah Putih,Missing
Spotlight,1_0_1_34CA_E_AC_4390000_0_0_0.png,spotlight.png,108.1E,(49) 108.1E KU-band SES 7/9 & Merah Putih,Missing
Star 4K@ Rs.83.90,1_0_19_368E_15_AC_4390000_0_0_0.png,star4krs8390.png,108.1E,(49) 108.1E KU-band SES 7/9 & Merah Putih,Missing
Star Bharat @ Rs 15,1_0_1_450_14_AC_4390000_0_0_0.png,starbharatrs15.png,108.1E,(49) 108.1E KU-band SES 7/9 & Merah Putih,Missing
Star Gold 2 @ Rs 5,1_0_1_2EE9_13_AC_4390000_0_0_0.png,stargold2rs5.png,108.1E,(49) 108.1E KU-band SES 7/9 & Merah Putih,Missing
Star Gold 2 HD @ Rs 8,1_0_19_3465_13_AC_4390000_0_0_0.png,stargold2hdrs8.png,108.1E,(49) 108.1E KU-band SES 7/9 & Merah Putih,Missing
Star Gold Romance @ Rs 3,1_0_1_48D_E_AC_4390000_0_0_0.png,stargoldromancers3.png,108.1E,(49) 108.1E KU-band SES 7/9 & Merah Putih,Missing
Star Gold Select @ 7,1_0_1_34E4_E_AC_4390000_0_0_0.png,stargoldselect7.png,108.1E,(49) 108.1E KU-band SES 7/9 & Merah Putih,Missing
Star Gold Select @ Rs 7,1_0_1_34E6_E_AC_4390000_0_0_0.png,stargoldselectrs7.png,108.1E,(49) 108.1E KU-band SES 7/9 & Merah Putih,Missing
Star Gold Select HD @ Rs 8,1_0_19_3381_D_AC_4390000_0_0_0.png,stargoldselecthdrs8.png,108.1E,(49) 108.1E KU-band SES 7/9 & Merah Putih,Missing
Star Gold Thrills @ Rs 2,1_0_1_32DB_14_AC_4390000_0_0_0.png,stargoldthrillsrs2.png,108.1E,(49) 108.1E KU-band SES 7/9 & Merah Putih,Missing
Star Jalsha @ Rs 19,1_0_1_DD9_14_AC_4390000_0_0_0.png,starjalshars19.png,108.1E,(49) 108.1E KU-band SES 7/9 & Merah Putih,Missing
Star Life @ Rs 1,1_0_1_14DE_14_AC_4390000_0_0_0.png,starlifers1.png,108.1E,(49) 108.1E KU-band SES 7/9 & Merah Putih,Missing
Star MAA HD @ Rs 25,1_0_19_3350_13_AC_4390000_0_0_0.png,starmaahdrs25.png,108.1E,(49) 108.1E KU-band SES 7/9 & Merah Putih,Missing
Star Maa @ Rs 25,1_0_1_1593_10_AC_4390000_0_0_0.png,starmaars25.png,108.1E,(49) 108.1E KU-band SES 7/9 & Merah Putih,Missing
Star Maa Movies HD @ Rs 19,1_0_19_33DB_13_AC_4390000_0_0_0.png,starmaamovieshdrs19.png,108.1E,(49) 108.1E KU-band SES 7/9 & Merah Putih,Missing
Star Movies Select HD @ Rs 19,1_0_19_2FD9_14_AC_4390000_0_0_0.png,starmoviesselecthdrs19.png,108.1E,(49) 108.1E KU-band SES 7/9 & Merah Putih,Missing
Star Plus @ Rs 19,1_0_1_44D_F_AC_4390000_0_0_0.png,starplusrs19.png,108.1E,(49) 108.1E KU-band SES 7/9 & Merah Putih,Missing
Star Sports 1 @ Rs 19,1_0_1_8B2_E_AC_4390000_0_0_0.png,starsports1rs19.png,108.1E,(49) 108.1E KU-band SES 7/9 & Merah Putih,Missing
Star Sports 1 Bangla @ Rs 19,1_0_1_34C1_E_AC_4390000_0_0_0.png,starsports1banglars19.png,108.1E,(49) 108.1E KU-band SES 7/9 & Merah Putih,Missing
Star Sports 1 HD Hindi @ Rs 19,1_0_19_359C_D_AC_4390000_0_0_0.png,starsports1hdhindirs19.png,108.1E,(49) 108.1E KU-band SES 7/9 & Merah Putih,Missing
Star Sports 1 Hindi @ Rs 19,1_0_1_8B3_10_AC_4390000_0_0_0.png,starsports1hindirs19.png,108.1E,(49) 108.1E KU-band SES 7/9 & Merah Putih,Missing
Star Sports 1 Kannada @ Rs 19,1_0_1_34A6_F_AC_4390000_0_0_0.png,starsports1kannadars19.png,108.1E,(49) 108.1E KU-band SES 7/9 & Merah Putih,Missing
Star Sports 1 Tamil @ Rs 19,1_0_1_8B1_10_AC_4390000_0_0_0.png,starsports1tamilrs19.png,108.1E,(49) 108.1E KU-band SES 7/9 & Merah Putih,Missing
Star Sports 1 Telugu @ Rs 19,1_0_1_34A8_10_AC_4390000_0_0_0.png,starsports1telugurs19.png,108.1E,(49) 108.1E KU-band SES 7/9 & Merah Putih,Missing
Star Sports 2 @ Rs 19,1_0_1_2F22_10_AC_4390000_0_0_0.png,starsports2rs19.png,108.1E,(49) 108.1E KU-band SES 7/9 & Merah Putih,Missing
Star Sports 2 Hindi @ Rs 19,1_0_1_35F7_14_AC_4390000_0_0_0.png,starsports2hindirs19.png,108.1E,(49) 108.1E KU-band SES 7/9 & Merah Putih,Missing
Star Sports 2 Kannada @ Rs 19,1_0_1_33E4_F_AC_4390000_0_0_0.png,starsports2kannadars19.png,108.1E,(49) 108.1E KU-band SES 7/9 & Merah Putih,Missing
Star Sports 2 Tamil @ Rs 19,1_0_1_3672_15_AC_4390000_0_0_0.png,starsports2tamilrs19.png,108.1E,(49) 108.1E KU-band SES 7/9 & Merah Putih,Missing
Star Sports 2 Telugu HD @ RS 19,1_0_19_368F_15_AC_4390000_0_0_0.png,starsports2teluguhdrs19.png,108.1E,(49) 108.1E KU-band SES 7/9 & Merah Putih,Missing
Star Sports 3 @ Rs 19,1_0_1_359B_F_AC_4390000_0_0_0.png,starsports3rs19.png,108.1E,(49) 108.1E KU-band SES 7/9 & Merah Putih,Missing
Star Sports 4K,1_0_19_3636_15_AC_4390000_0_0_0.png,starsports4k.png,108.1E,(49) 108.1E KU-band SES 7/9 & Merah Putih,Missing
Sun Bangla @ FREE,1_0_1_34C2_12_AC_4390000_0_0_0.png,sunbanglafree.png,108.1E,(49) 108.1E KU-band SES 7/9 & Merah Putih,Missing
Sun Marathi HD @ FREE,1_0_19_368A_15_AC_4390000_0_0_0.png,sunmarathihdfree.png,108.1E,(49) 108.1E KU-band SES 7/9 & Merah Putih,Missing
Sun News @ Rs 1,1_0_1_1D54_14_AC_4390000_0_0_0.png,sunnewsrs1.png,108.1E,(49) 108.1E KU-band SES 7/9 & Merah Putih,Missing
Sun TV @ Rs 19,1_0_1_1D4C_15_AC_4390000_0_0_0.png,suntvrs19.png,108.1E,(49) 108.1E KU-band SES 7/9 & Merah Putih,Missing
Sun TV HD @ Rs 19,1_0_19_2F7D_13_AC_4390000_0_0_0.png,suntvhdrs19.png,108.1E,(49) 108.1E KU-band SES 7/9 & Merah Putih,Missing
Super Hungama @ Rs 4,1_0_1_936_10_AC_4390000_0_0_0.png,superhungamars4.png,108.1E,(49) 108.1E KU-band SES 7/9 & Merah Putih,Missing
Superhit Tv @ FREE,1_0_1_3503_11_AC_4390000_0_0_0.png,superhittvfree.png,108.1E,(49) 108.1E KU-band SES 7/9 & Merah Putih,Missing
Surya Bhakti @ FREE,1_0_1_3459_11_AC_4390000_0_0_0.png,suryabhaktifree.png,108.1E,(49) 108.1E KU-band SES 7/9 & Merah Putih,Missing
Surya Cinema @ FREE,1_0_1_3458_11_AC_4390000_0_0_0.png,suryacinemafree.png,108.1E,(49) 108.1E KU-band SES 7/9 & Merah Putih,Missing
Surya Comedy @ Rs 5,1_0_1_34E9_12_AC_4390000_0_0_0.png,suryacomedyrs5.png,108.1E,(49) 108.1E KU-band SES 7/9 & Merah Putih,Missing
Surya HD @ Rs 19,1_0_19_34BB_12_AC_4390000_0_0_0.png,suryahdrs19.png,108.1E,(49) 108.1E KU-band SES 7/9 & Merah Putih,Missing
Surya Samachar @ FREE,1_0_1_3457_11_AC_4390000_0_0_0.png,suryasamacharfree.png,108.1E,(49) 108.1E KU-band SES 7/9 & Merah Putih,Missing
Swaraj Express @ FREE,1_0_1_3479_F_AC_4390000_0_0_0.png,swarajexpressfree.png,108.1E,(49) 108.1E KU-band SES 7/9 & Merah Putih,Missing
Swaraj Express SMBC @ FREE,1_0_1_3262_15_AC_4390000_0_0_0.png,swarajexpresssmbcfree.png,108.1E,(49) 108.1E KU-band SES 7/9 & Merah Putih,Missing
TEST 2( DD Oriya),1_0_1_34B4_12_AC_4390000_0_0_0.png,test2ddoriya.png,108.1E,(49) 108.1E KU-band SES 7/9 & Merah Putih,Missing
TEST 3(Disney),1_0_1_34B1_12_AC_4390000_0_0_0.png,test3disney.png,108.1E,(49) 108.1E KU-band SES 7/9 & Merah Putih,Missing
TEST 4 HD(Fox life HD),1_0_19_34B2_12_AC_4390000_0_0_0.png,test4hdfoxlifehd.png,108.1E,(49) 108.1E KU-band SES 7/9 & Merah Putih,Missing
TEST 5 HD(Colors infinity HD),1_0_19_34B3_12_AC_4390000_0_0_0.png,test5hdcolorsinfinityhd.png,108.1E,(49) 108.1E KU-band SES 7/9 & Merah Putih,Missing
TEST1TS20,1_0_1_35AB_14_AC_4390000_0_0_0.png,test1ts20.png,108.1E,(49) 108.1E KU-band SES 7/9 & Merah Putih,Missing
TEST6TS19,1_0_82_3569_13_AC_4390000_0_0_0.png,test6ts19.png,108.1E,(49) 108.1E KU-band SES 7/9 & Merah Putih,Missing
THANTI ONE @FREE,1_0_1_3693_12_AC_4390000_0_0_0.png,thantionefree.png,108.1E,(49) 108.1E KU-band SES 7/9 & Merah Putih,Missing
THE Q @ FREE,1_0_1_35D8_E_AC_4390000_0_0_0.png,theqfree.png,108.1E,(49) 108.1E KU-band SES 7/9 & Merah Putih,Missing
TICKER1TS13,1_0_82_3545_D_AC_4390000_0_0_0.png,ticker1ts13.png,108.1E,(49) 108.1E KU-band SES 7/9 & Merah Putih,Missing
TICKER1TS14,1_0_82_3407_E_AC_4390000_0_0_0.png,ticker1ts14.png,108.1E,(49) 108.1E KU-band SES 7/9 & Merah Putih,Missing
TICKER1TS15,1_0_82_3477_F_AC_4390000_0_0_0.png,ticker1ts15.png,108.1E,(49) 108.1E KU-band SES 7/9 & Merah Putih,Missing
TICKER1TS16,1_0_82_340C_10_AC_4390000_0_0_0.png,ticker1ts16.png,108.1E,(49) 108.1E KU-band SES 7/9 & Merah Putih,Missing
TICKER1TS17,1_0_82_34BD_11_AC_4390000_0_0_0.png,ticker1ts17.png,108.1E,(49) 108.1E KU-band SES 7/9 & Merah Putih,Missing
TICKER1TS19,1_0_82_35A0_13_AC_4390000_0_0_0.png,ticker1ts19.png,108.1E,(49) 108.1E KU-band SES 7/9 & Merah Putih,Missing
TICKER1TS20,1_0_82_35C3_14_AC_4390000_0_0_0.png,ticker1ts20.png,108.1E,(49) 108.1E KU-band SES 7/9 & Merah Putih,Missing
TICKER1TS21,1_0_82_365A_15_AC_4390000_0_0_0.png,ticker1ts21.png,108.1E,(49) 108.1E KU-band SES 7/9 & Merah Putih,Missing
TICKER2TS13,1_0_82_36A9_D_AC_4390000_0_0_0.png,ticker2ts13.png,108.1E,(49) 108.1E KU-band SES 7/9 & Merah Putih,Missing
TICKER2TS14,1_0_82_34BC_E_AC_4390000_0_0_0.png,ticker2ts14.png,108.1E,(49) 108.1E KU-band SES 7/9 & Merah Putih,Missing
TICKER2TS15,1_0_82_3497_F_AC_4390000_0_0_0.png,ticker2ts15.png,108.1E,(49) 108.1E KU-band SES 7/9 & Merah Putih,Missing
TICKER2TS16,1_0_82_3498_10_AC_4390000_0_0_0.png,ticker2ts16.png,108.1E,(49) 108.1E KU-band SES 7/9 & Merah Putih,Missing
TICKER2TS17,1_0_82_34BF_11_AC_4390000_0_0_0.png,ticker2ts17.png,108.1E,(49) 108.1E KU-band SES 7/9 & Merah Putih,Missing
TICKER2TS18,1_0_82_3544_12_AC_4390000_0_0_0.png,ticker2ts18.png,108.1E,(49) 108.1E KU-band SES 7/9 & Merah Putih,Missing
TICKER2TS19,1_0_82_364E_13_AC_4390000_0_0_0.png,ticker2ts19.png,108.1E,(49) 108.1E KU-band SES 7/9 & Merah Putih,Missing
TICKER2TS20,1_0_82_35CF_14_AC_4390000_0_0_0.png,ticker2ts20.png,108.1E,(49) 108.1E KU-band SES 7/9 & Merah Putih,Missing
TICKER2TS21,1_0_82_365B_15_AC_4390000_0_0_0.png,ticker2ts21.png,108.1E,(49) 108.1E KU-band SES 7/9 & Merah Putih,Missing
TICKER3TS13,1_0_82_36AA_D_AC_4390000_0_0_0.png,ticker3ts13.png,108.1E,(49) 108.1E KU-band SES 7/9 & Merah Putih,Missing
TICKER3TS15,1_0_82_34CD_F_AC_4390000_0_0_0.png,ticker3ts15.png,108.1E,(49) 108.1E KU-band SES 7/9 & Merah Putih,Missing
TICKER3TS18,1_0_82_355C_12_AC_4390000_0_0_0.png,ticker3ts18.png,108.1E,(49) 108.1E KU-band SES 7/9 & Merah Putih,Missing
TICKER3TS19,1_0_82_364F_13_AC_4390000_0_0_0.png,ticker3ts19.png,108.1E,(49) 108.1E KU-band SES 7/9 & Merah Putih,Missing
TICKER3TS20,1_0_82_363C_14_AC_4390000_0_0_0.png,ticker3ts20.png,108.1E,(49) 108.1E KU-band SES 7/9 & Merah Putih,Missing
TICKER3TS21,1_0_82_3676_15_AC_4390000_0_0_0.png,ticker3ts21.png,108.1E,(49) 108.1E KU-band SES 7/9 & Merah Putih,Missing
TICKER4TS14,1_0_82_354C_E_AC_4390000_0_0_0.png,ticker4ts14.png,108.1E,(49) 108.1E KU-band SES 7/9 & Merah Putih,Missing
TICKER4TS16,1_0_82_369A_10_AC_4390000_0_0_0.png,ticker4ts16.png,108.1E,(49) 108.1E KU-band SES 7/9 & Merah Putih,Missing
TICKER4TS17,1_0_82_356E_11_AC_4390000_0_0_0.png,ticker4ts17.png,108.1E,(49) 108.1E KU-band SES 7/9 & Merah Putih,Missing
TICKER4TS19,1_0_82_3651_13_AC_4390000_0_0_0.png,ticker4ts19.png,108.1E,(49) 108.1E KU-band SES 7/9 & Merah Putih,Missing
TICKER4TS20,1_0_82_363D_14_AC_4390000_0_0_0.png,ticker4ts20.png,108.1E,(49) 108.1E KU-band SES 7/9 & Merah Putih,Missing
TICKER4TS21,1_0_82_3678_15_AC_4390000_0_0_0.png,ticker4ts21.png,108.1E,(49) 108.1E KU-band SES 7/9 & Merah Putih,Missing
TICKER5TS14,1_0_82_3649_E_AC_4390000_0_0_0.png,ticker5ts14.png,108.1E,(49) 108.1E KU-band SES 7/9 & Merah Putih,Missing
TICKER5TS17,1_0_82_35F1_11_AC_4390000_0_0_0.png,ticker5ts17.png,108.1E,(49) 108.1E KU-band SES 7/9 & Merah Putih,Missing
TICKER5TS21,1_0_82_3679_15_AC_4390000_0_0_0.png,ticker5ts21.png,108.1E,(49) 108.1E KU-band SES 7/9 & Merah Putih,Missing
TICKER6TS17,1_0_82_364D_11_AC_4390000_0_0_0.png,ticker6ts17.png,108.1E,(49) 108.1E KU-band SES 7/9 & Merah Putih,Missing
TICKER6TS21,1_0_82_367A_15_AC_4390000_0_0_0.png,ticker6ts21.png,108.1E,(49) 108.1E KU-band SES 7/9 & Merah Putih,Missing
TICKER7TS17,1_0_82_3695_11_AC_4390000_0_0_0.png,ticker7ts17.png,108.1E,(49) 108.1E KU-band SES 7/9 & Merah Putih,Missing
TICKER7TS21,1_0_82_36A1_15_AC_4390000_0_0_0.png,ticker7ts21.png,108.1E,(49) 108.1E KU-band SES 7/9 & Merah Putih,Missing
TICKER8TS21,1_0_82_36A2_15_AC_4390000_0_0_0.png,ticker8ts21.png,108.1E,(49) 108.1E KU-band SES 7/9 & Merah Putih,Missing
TICKER9TS17,1_0_82_3697_11_AC_4390000_0_0_0.png,ticker9ts17.png,108.1E,(49) 108.1E KU-band SES 7/9 & Merah Putih,Missing
TLC HD @ Rs 3,1_0_19_3375_E_AC_4390000_0_0_0.png,tlchdrs3.png,108.1E,(49) 108.1E KU-band SES 7/9 & Merah Putih,Missing
TOTAL TV,1_0_1_3390_F_AC_4390000_0_0_0.png,totaltv.png,108.1E,(49) 108.1E KU-band SES 7/9 & Merah Putih,Missing
TS-21 test service,1_0_1_365E_15_AC_4390000_0_0_0.png,ts21testservice.png,108.1E,(49) 108.1E KU-band SES 7/9 & Merah Putih,Missing
TS21TEST DUMMY @ FREE,1_0_1_364A_15_AC_4390000_0_0_0.png,ts21testdummyfree.png,108.1E,(49) 108.1E KU-band SES 7/9 & Merah Putih,Missing
TV 27 NEWS @ FREE,1_0_1_362F_15_AC_4390000_0_0_0.png,tv27newsfree.png,108.1E,(49) 108.1E KU-band SES 7/9 & Merah Putih,Missing
TV24 @ FREE,1_0_1_3408_10_AC_4390000_0_0_0.png,tv24free.png,108.1E,(49) 108.1E KU-band SES 7/9 & Merah Putih,Missing
TV5 Monde Asia @ FREE,1_0_1_2FB8_E_AC_4390000_0_0_0.png,tv5mondeasiafree.png,108.1E,(49) 108.1E KU-band SES 7/9 & Merah Putih,Missing
TV9 Bharatvarsh @ FREE,1_0_1_34C7_12_AC_4390000_0_0_0.png,tv9bharatvarshfree.png,108.1E,(49) 108.1E KU-band SES 7/9 & Merah Putih,Missing
Tarang @ Rs 17,1_0_1_1DB3_15_AC_4390000_0_0_0.png,tarangrs17.png,108.1E,(49) 108.1E KU-band SES 7/9 & Merah Putih,Missing
Tehzeeb TV @ FREE,1_0_1_345C_11_AC_4390000_0_0_0.png,tehzeebtvfree.png,108.1E,(49) 108.1E KU-band SES 7/9 & Merah Putih,Missing
Telugu Talkies,1_0_1_34FA_10_AC_4390000_0_0_0.png,telugutalkies.png,108.1E,(49) 108.1E KU-band SES 7/9 & Merah Putih,Missing
Test Service_2026,1_0_1_36BF_14_AC_4390000_0_0_0.png,testservice2026.png,108.1E,(49) 108.1E KU-band SES 7/9 & Merah Putih,Missing
The Q India @ FREE,1_0_1_347F_F_AC_4390000_0_0_0.png,theqindiafree.png,108.1E,(49) 108.1E KU-band SES 7/9 & Merah Putih,Missing
Times Now Navbharat @ FREE,1_0_1_35DC_E_AC_4390000_0_0_0.png,timesnownavbharatfree.png,108.1E,(49) 108.1E KU-band SES 7/9 & Merah Putih,Missing
Times Now World HD @ Rs 3,1_0_19_33C1_D_AC_4390000_0_0_0.png,timesnowworldhdrs3.png,108.1E,(49) 108.1E KU-band SES 7/9 & Merah Putih,Missing
Tiranga TV @ FREE,1_0_1_3491_11_AC_4390000_0_0_0.png,tirangatvfree.png,108.1E,(49) 108.1E KU-band SES 7/9 & Merah Putih,Missing
True Sports,1_0_1_33D2_E_AC_4390000_0_0_0.png,truesports.png,108.1E,(49) 108.1E KU-band SES 7/9 & Merah Putih,Missing
UDAYA MOVIES @ Rs 19,1_0_1_1D8A_11_AC_4390000_0_0_0.png,udayamoviesrs19.png,108.1E,(49) 108.1E KU-band SES 7/9 & Merah Putih,Missing
UDAYA TV @ Rs 19,1_0_1_1D88_F_AC_4390000_0_0_0.png,udayatvrs19.png,108.1E,(49) 108.1E KU-band SES 7/9 & Merah Putih,Missing
Udaya HD @ Rs 19,1_0_19_34BA_12_AC_4390000_0_0_0.png,udayahdrs19.png,108.1E,(49) 108.1E KU-band SES 7/9 & Merah Putih,Missing
V6 NEWS @ FREE,1_0_1_35DE_10_AC_4390000_0_0_0.png,v6newsfree.png,108.1E,(49) 108.1E KU-band SES 7/9 & Merah Putih,Missing
VIJAY SUPER HD @ Rs 19,1_0_19_366C_13_AC_4390000_0_0_0.png,vijaysuperhdrs19.png,108.1E,(49) 108.1E KU-band SES 7/9 & Merah Putih,Missing
VIJAYSUPER @ Rs 10,1_0_1_3355_13_AC_4390000_0_0_0.png,vijaysuperrs10.png,108.1E,(49) 108.1E KU-band SES 7/9 & Merah Putih,Missing
Vaa Movies,1_0_1_3396_E_AC_4390000_0_0_0.png,vaamovies.png,108.1E,(49) 108.1E KU-band SES 7/9 & Merah Putih,Missing
Vaanavil TV,1_0_1_33A7_F_AC_4390000_0_0_0.png,vaanaviltv.png,108.1E,(49) 108.1E KU-band SES 7/9 & Merah Putih,Missing
Vanitha @ FREE,1_0_1_35B6_14_AC_4390000_0_0_0.png,vanithafree.png,108.1E,(49) 108.1E KU-band SES 7/9 & Merah Putih,Missing
Vedantu Class (11-12),1_0_1_3589_F_AC_4390000_0_0_0.png,vedantuclass1112.png,108.1E,(49) 108.1E KU-band SES 7/9 & Merah Putih,Missing
Vedantu Class (11-12),1_0_1_3590_F_AC_4390000_0_0_0.png,vedantuclass1112.png,108.1E,(49) 108.1E KU-band SES 7/9 & Merah Putih,Missing
Vedantu Class (11-12),1_0_1_3596_F_AC_4390000_0_0_0.png,vedantuclass1112.png,108.1E,(49) 108.1E KU-band SES 7/9 & Merah Putih,Missing
Vedantu Class (6-10),1_0_1_3588_F_AC_4390000_0_0_0.png,vedantuclass610.png,108.1E,(49) 108.1E KU-band SES 7/9 & Merah Putih,Missing
Vedantu Class (6-10),1_0_1_358F_F_AC_4390000_0_0_0.png,vedantuclass610.png,108.1E,(49) 108.1E KU-band SES 7/9 & Merah Putih,Missing
Vedantu Class (6-10),1_0_1_3595_F_AC_4390000_0_0_0.png,vedantuclass610.png,108.1E,(49) 108.1E KU-band SES 7/9 & Merah Putih,Missing
Vedic @ FREE,1_0_1_3466_10_AC_4390000_0_0_0.png,vedicfree.png,108.1E,(49) 108.1E KU-band SES 7/9 & Merah Putih,Missing
Vidya,1_0_1_3570_13_AC_4390000_0_0_0.png,vidya.png,108.1E,(49) 108.1E KU-band SES 7/9 & Merah Putih,Missing
Vijay HD @ Rs 25,1_0_19_3337_D_AC_4390000_0_0_0.png,vijayhdrs25.png,108.1E,(49) 108.1E KU-band SES 7/9 & Merah Putih,Missing
Vijay Takkar @ Rs 2,1_0_1_35A2_14_AC_4390000_0_0_0.png,vijaytakkarrs2.png,108.1E,(49) 108.1E KU-band SES 7/9 & Merah Putih,Missing
Vissa TV @ FREE,1_0_1_33A0_F_AC_4390000_0_0_0.png,vissatvfree.png,108.1E,(49) 108.1E KU-band SES 7/9 & Merah Putih,Missing
WION @ Rs 1,1_0_1_3351_15_AC_4390000_0_0_0.png,wionrs1.png,108.1E,(49) 108.1E KU-band SES 7/9 & Merah Putih,Missing
WOW Cinema One @ FREE,1_0_1_32CC_10_AC_4390000_0_0_0.png,wowcinemaonefree.png,108.1E,(49) 108.1E KU-band SES 7/9 & Merah Putih,Missing
Win TV,1_0_1_33C9_E_AC_4390000_0_0_0.png,wintv.png,108.1E,(49) 108.1E KU-band SES 7/9 & Merah Putih,Missing
YO TV @ FREE,1_0_1_3528_10_AC_4390000_0_0_0.png,yotvfree.png,108.1E,(49) 108.1E KU-band SES 7/9 & Merah Putih,Missing
ZEE CAFE @ Rs 3,1_0_1_1411_D_AC_4390000_0_0_0.png,zeecafers3.png,108.1E,(49) 108.1E KU-band SES 7/9 & Merah Putih,Missing
ZEE CINEMA @ Rs 19,1_0_1_489_10_AC_4390000_0_0_0.png,zeecinemars19.png,108.1E,(49) 108.1E KU-band SES 7/9 & Merah Putih,Missing
ZEE TAMIZH @ Rs 19,1_0_1_2EE8_10_AC_4390000_0_0_0.png,zeetamizhrs19.png,108.1E,(49) 108.1E KU-band SES 7/9 & Merah Putih,Missing
ZEE THIRAI HD @ Rs 16,1_0_19_363B_14_AC_4390000_0_0_0.png,zeethiraihdrs16.png,108.1E,(49) 108.1E KU-band SES 7/9 & Merah Putih,Missing
ZEE ZEST HD @ RS 10,1_0_19_366D_13_AC_4390000_0_0_0.png,zeezesthdrs10.png,108.1E,(49) 108.1E KU-band SES 7/9 & Merah Putih,Missing
ZEEPLEX HD Screen 1,1_0_19_2F8F_E_AC_4390000_0_0_0.png,zeeplexhdscreen1.png,108.1E,(49) 108.1E KU-band SES 7/9 & Merah Putih,Missing
ZEEPLEX HD Screen 2,1_0_19_1C0D_13_AC_4390000_0_0_0.png,zeeplexhdscreen2.png,108.1E,(49) 108.1E KU-band SES 7/9 & Merah Putih,Missing
ZEEPLEX Screen 1,1_0_1_1C0C_E_AC_4390000_0_0_0.png,zeeplexscreen1.png,108.1E,(49) 108.1E KU-band SES 7/9 & Merah Putih,Missing
ZEEPLEX Screen 2,1_0_1_1C0E_E_AC_4390000_0_0_0.png,zeeplexscreen2.png,108.1E,(49) 108.1E KU-band SES 7/9 & Merah Putih,Missing
Zee 24 Kalak @ Rs FREE,1_0_1_33EC_10_AC_4390000_0_0_0.png,zee24kalakrsfree.png,108.1E,(49) 108.1E KU-band SES 7/9 & Merah Putih,Missing
Zee Bangla @ Rs 19,1_0_1_15A4_15_AC_4390000_0_0_0.png,zeebanglars19.png,108.1E,(49) 108.1E KU-band SES 7/9 & Merah Putih,Missing
Zee Bangla HD @ Rs 19,1_0_19_3371_D_AC_4390000_0_0_0.png,zeebanglahdrs19.png,108.1E,(49) 108.1E KU-band SES 7/9 & Merah Putih,Missing
Zee Bangla Sonar @ Rs 10,1_0_1_2F17_15_AC_4390000_0_0_0.png,zeebanglasonarrs10.png,108.1E,(49) 108.1E KU-band SES 7/9 & Merah Putih,Missing
Zee Bihar Jharkhand @ Rs 0.1,1_0_1_33C0_10_AC_4390000_0_0_0.png,zeebiharjharkhandrs01.png,108.1E,(49) 108.1E KU-band SES 7/9 & Merah Putih,Missing
Zee Biskope @ Rs 0,1_0_1_354F_E_AC_4390000_0_0_0.png,zeebiskopers0.png,108.1E,(49) 108.1E KU-band SES 7/9 & Merah Putih,Missing
Zee Bollywood @ Rs 3,1_0_1_1FE7_14_AC_4390000_0_0_0.png,zeebollywoodrs3.png,108.1E,(49) 108.1E KU-band SES 7/9 & Merah Putih,Missing
Zee Cinemalu @ Rs 15,1_0_1_3358_14_AC_4390000_0_0_0.png,zeecinemalurs15.png,108.1E,(49) 108.1E KU-band SES 7/9 & Merah Putih,Missing
Zee Cinemalu HD @ Rs 19,1_0_19_3455_D_AC_4390000_0_0_0.png,zeecinemaluhdrs19.png,108.1E,(49) 108.1E KU-band SES 7/9 & Merah Putih,Missing
Zee Classic @ Rs 0.1,1_0_1_34D2_F_AC_4390000_0_0_0.png,zeeclassicrs01.png,108.1E,(49) 108.1E KU-band SES 7/9 & Merah Putih,Missing
Zee Delhi NCR Haryana @ Rs 0.1,1_0_1_2F67_14_AC_4390000_0_0_0.png,zeedelhincrharyanars01.png,108.1E,(49) 108.1E KU-band SES 7/9 & Merah Putih,Missing
Zee Kannada @ Rs 19,1_0_1_DEB_14_AC_4390000_0_0_0.png,zeekannadars19.png,108.1E,(49) 108.1E KU-band SES 7/9 & Merah Putih,Missing
Zee Kannada HD @ Rs 19,1_0_19_3471_F_AC_4390000_0_0_0.png,zeekannadahdrs19.png,108.1E,(49) 108.1E KU-band SES 7/9 & Merah Putih,Missing
Zee Keralam @ Rs 10,1_0_1_3478_F_AC_4390000_0_0_0.png,zeekeralamrs10.png,108.1E,(49) 108.1E KU-band SES 7/9 & Merah Putih,Missing
Zee Keralam HD @ Rs 15,1_0_19_34EC_D_AC_4390000_0_0_0.png,zeekeralamhdrs15.png,108.1E,(49) 108.1E KU-band SES 7/9 & Merah Putih,Missing
Zee Madhya Pradesh Chhattisgarh @ Rs 0.1,1_0_1_2FA3_E_AC_4390000_0_0_0.png,zeemadhyapradeshchhattisgarhrs01.png,108.1E,(49) 108.1E KU-band SES 7/9 & Merah Putih,Missing
Zee Marathi @ Rs 19,1_0_1_15AE_D_AC_4390000_0_0_0.png,zeemarathirs19.png,108.1E,(49) 108.1E KU-band SES 7/9 & Merah Putih,Missing
Zee Marathi HD @ Rs 19,1_0_19_3372_D_AC_4390000_0_0_0.png,zeemarathihdrs19.png,108.1E,(49) 108.1E KU-band SES 7/9 & Merah Putih,Missing
Zee News @ Rs 0,1_0_1_1884_F_AC_4390000_0_0_0.png,zeenewsrs0.png,108.1E,(49) 108.1E KU-band SES 7/9 & Merah Putih,Missing
Zee Power @ Rs 15,1_0_1_3540_10_AC_4390000_0_0_0.png,zeepowerrs15.png,108.1E,(49) 108.1E KU-band SES 7/9 & Merah Putih,Missing
Zee Power HD @ Rs 16,1_0_19_3682_13_AC_4390000_0_0_0.png,zeepowerhdrs16.png,108.1E,(49) 108.1E KU-band SES 7/9 & Merah Putih,Missing
Zee Punjab Haryana Himachal @ Rs 0.10,1_0_1_15CE_14_AC_4390000_0_0_0.png,zeepunjabharyanahimachalrs010.png,108.1E,(49) 108.1E KU-band SES 7/9 & Merah Putih,Missing
Zee Punjabi @ Rs 10,1_0_1_3535_10_AC_4390000_0_0_0.png,zeepunjabirs10.png,108.1E,(49) 108.1E KU-band SES 7/9 & Merah Putih,Missing
Zee Rajasthan News @ Rs 0.1,1_0_1_2F6F_10_AC_4390000_0_0_0.png,zeerajasthannewsrs01.png,108.1E,(49) 108.1E KU-band SES 7/9 & Merah Putih,Missing
Zee Sarthak @ Rs 19,1_0_1_2EF5_10_AC_4390000_0_0_0.png,zeesarthakrs19.png,108.1E,(49) 108.1E KU-band SES 7/9 & Merah Putih,Missing
Zee TV @ Rs 19,1_0_1_44E_F_AC_4390000_0_0_0.png,zeetvrs19.png,108.1E,(49) 108.1E KU-band SES 7/9 & Merah Putih,Missing
Zee Talkies @ Rs 9,1_0_1_DE1_D_AC_4390000_0_0_0.png,zeetalkiesrs9.png,108.1E,(49) 108.1E KU-band SES 7/9 & Merah Putih,Missing
Zee Talkies HD @ Rs 19,1_0_19_3373_D_AC_4390000_0_0_0.png,zeetalkieshdrs19.png,108.1E,(49) 108.1E KU-band SES 7/9 & Merah Putih,Missing
Zee Tamil HD @ Rs 19,1_0_19_3453_D_AC_4390000_0_0_0.png,zeetamilhdrs19.png,108.1E,(49) 108.1E KU-band SES 7/9 & Merah Putih,Missing
Zee Telugu @ Rs 19,1_0_1_1D64_E_AC_4390000_0_0_0.png,zeetelugurs19.png,108.1E,(49) 108.1E KU-band SES 7/9 & Merah Putih,Missing
Zee Telugu HD @ Rs 19,1_0_19_3454_13_AC_4390000_0_0_0.png,zeeteluguhdrs19.png,108.1E,(49) 108.1E KU-band SES 7/9 & Merah Putih,Missing
Zee Thirai @ Rs 10,1_0_1_3532_10_AC_4390000_0_0_0.png,zeethirairs10.png,108.1E,(49) 108.1E KU-band SES 7/9 & Merah Putih,Missing
Zee Uttar Pradesh Uttarakhand @ Rs 0.1,1_0_1_3400_E_AC_4390000_0_0_0.png,zeeuttarpradeshuttarakhandrs01.png,108.1E,(49) 108.1E KU-band SES 7/9 & Merah Putih,Missing
Zee Yuva @ Rs 1,1_0_1_3354_14_AC_4390000_0_0_0.png,zeeyuvars1.png,108.1E,(49) 108.1E KU-band SES 7/9 & Merah Putih,Missing
Zing @ Rs 0.1,1_0_1_33DF_E_AC_4390000_0_0_0.png,zingrs01.png,108.1E,(49) 108.1E KU-band SES 7/9 & Merah Putih,Missing
Zingaat,1_0_1_33E7_E_AC_4390000_0_0_0.png,zingaat.png,108.1E,(49) 108.1E KU-band SES 7/9 & Merah Putih,Missing
Zonet @ FREE,1_0_1_347A_12_AC_4390000_0_0_0.png,zonetfree.png,108.1E,(49) 108.1E KU-band SES 7/9 & Merah Putih,Missing
ikidsworld_portal NW,1_0_1_2DB4_15_AC_4390000_0_0_0.png,ikidsworldportalnw.png,108.1E,(49) 108.1E KU-band SES 7/9 & Merah Putih,Missing
AP LDN UPC,1_0_1_1_1_FFFF_46B14C_0_0_0.png,apldnupc.png,Unknown,Unknown,Missing
LPGA - Ford Championship,1_0_0_1_0_0_46ACFF_0_0_0.png,lpgafordchampionship.png,Unknown,Unknown,Missing
